{"name": "fake_champion_test", "final_ahead": 0.31, "final_imm": 0.28, "n_trace_steps": 60, "trace_step": [1, 2, 3, 4, 5, 6, 7, 8, 9, 10, 11, 12, 13, 14, 15, 16, 17, 18, 19, 20, 21, 22, 23, 24, 25, 26, 27, 28, 29, 30, 31, 32, 33, 34, 35, 36, 37, 38, 39, 40, 41, 42, 43, 44, 45, 46, 47, 48, 49, 50, 51, 52, 53, 54, 55, 56, 57, 58, 59, 60], "trace_ahead": [0.4698967456817627, 0.4023308575153351, 0.4983694076538086, 0.627436351776123, 0.5409177660942077, 0.6466674923896789, 0.5816003203392028, 0.5169991374015808, 0.5753909468650817, 0.5409857749938964, 0.459341835975647, 0.5600046634674072, 0.6689055681228637, 0.4883448600769043, 0.45055015087127687, 0.5386434912681579, 0.5793966174125671, 0.5248699903488159, 0.3953747570514679, 0.6441096782684326, 0.5808139562606811, 0.41262001991271974, 0.5531216979026794, 0.6216219782829284, 0.4805243730545044, 0.5646844029426574, 0.3713869273662567, 0.4336413860321045, 0.4644307017326355, 0.7255517363548278, 0.6202011823654174, 0.38156376481056214, 0.41788305044174195, 0.43970365524291993, 0.3521250605583191, 0.40844298601150514, 0.543675673007965, 0.2960819125175476, 0.8155309677124023, 0.407026869058609, 0.3205992102622986, 0.34504975080490113, 0.3756022274494171, 0.3681182682514191, 0.35415748953819276, 0.501599383354187, 0.284939181804657, 0.782142949104309, 0.6485189318656921, 0.31345264315605165, 0.39527781009674073, 0.4123895287513733, 0.30066139698028566, 0.3469478011131287, 0.33181069493293763, 0.37537859082221986, 0.4175939381122589, 0.2111570954322815, 0.330653589963913, 0.3571137607097626], "trace_imm": [1.1363433122634887, 1.136276078224182, 1.0812379837036132, 1.2860990285873413, 1.0243464231491088, 1.246450138092041, 1.1521281719207763, 1.0518292903900146, 1.0914345502853393, 1.161410880088806, 1.2306267738342285, 1.1053270816802978, 1.118459415435791, 1.0293801546096801, 1.0784546852111816, 1.1097675085067749, 1.1718010425567627, 1.2546622276306152, 1.0108412027359008, 1.1344522953033447, 1.0575098514556884, 1.0537616729736328, 1.0786778450012207, 1.081096363067627, 1.055748414993286, 1.1323011636734008, 1.1263389110565185, 0.9372692227363586, 1.1453527927398681, 1.1421011209487915, 1.2499438047409057, 1.1770896434783935, 0.9794533967971801, 1.0564698696136474, 1.1750652313232421, 1.221395206451416, 1.2295020341873169, 0.9443400025367736, 1.2380375385284423, 1.0254448175430297, 1.1777088165283203, 0.9333824634552002, 1.2651589632034301, 0.9839365005493164, 1.2381425619125366, 1.0664523363113403, 0.8682913303375244, 1.213741135597229, 1.0589011430740356, 1.1455338716506958, 0.999920916557312, 1.2703221559524536, 0.7567777752876281, 1.0484753370285034, 1.3322191953659057, 1.0647034168243408, 1.274509024620056, 1.3454750299453735, 1.0562626838684082, 1.4921868562698364]}