{
 "pruned_at_step": 50,
 "paired_steps": 50,
 "p_ahead": 1.0748779921342025e-10,
 "p_imm": 7.687298972140174e-13,
 "alpha": 0.0001,
 "champion": "fake_champion_test",
 "estimated_ahead": 0.36,
 "estimated_imm": 0.33000000000000007,
 "estimate_formula": "champ_final + (cand@s - champ@s), s=last paired step",
 "estimated_ahead_meandiff": 0.36,
 "estimated_imm_meandiff": 0.33000000000000007
}