1 10 32 16 1024
1.411902e-02 -1.338494e-01 6.248426e-01 -2.684227e-02 2.001907e-01 -3.269713e-01 1.088139e-01 1.832038e-01 -6.572187e-03 -1.162924e-01 -4.402543e-01 -2.813049e-01 1.951896e-01 -2.823722e-02 -5.742217e-02 4.838192e-02 9.421848e-02 6.633080e-02 -1.054209e-01 -1.056842e-02 -2.634090e-02 3.534595e-01 -2.625382e-02 4.501913e-01 -5.905815e-02 -9.165493e-02 1.058467e-01 4.025030e-01 3.524069e-01 6.236164e-02 -4.150137e-01 -2.911577e-01
1.003605e-01 5.367778e-01 1.605779e-01 2.673267e-01 1.773346e-01 2.177812e-01 -1.330652e-02 2.004970e-01 -4.436801e-01 4.127906e-03 3.267362e-01 4.445234e-02 -6.132153e-02 1.891447e-01 -1.869440e-02 -1.113500e-01 -1.497286e-02 8.384577e-02 -1.480609e-01 -4.812873e-01 -2.474239e-01 -2.121415e-01 -2.020325e-01 -3.180762e-01 -4.207922e-01 2.463037e-01 1.083029e-01 -1.661023e-01 -1.555453e-01 -2.022519e-01 1.885015e-01 3.361234e-03
4.758910e-01 1.331095e-01 2.270999e-01 1.809284e-01 -3.509579e-01 3.014949e-01 -1.434357e-01 -2.897496e-01 -1.483405e-01 -3.160609e-01 2.851790e-02 1.011347e-01 1.547915e-01 1.803723e-01 2.098107e-01 4.865155e-02 4.479675e-03 2.023410e-01 7.424735e-02 1.287687e-01 6.316811e-01 -4.188167e-01 4.559488e-01 -2.579569e-01 1.896265e-02 8.441549e-03 -7.689878e-02 -1.212630e-02 -1.873021e-02 -2.727705e-02 2.534090e-02 1.000572e-03
-3.355529e-01 -4.525501e-02 -3.066769e-01 -3.140505e-01 5.110906e-01 -7.619030e-02 2.273220e-01 7.847163e-02 -3.051719e-03 3.279281e-01 6.636392e-02 -5.120724e-02 8.055911e-02 -3.295206e-02 -1.515956e-01 1.354019e-01 2.482147e-02 -1.649750e-01 -2.058191e-01 -5.633840e-03 -5.601202e-01 3.122834e-01 -4.991387e-01 9.395620e-02 2.765092e-02 6.615564e-03 1.290900e-01 5.106925e-03 -1.342081e-01 6.660023e-02 4.431518e-02 2.421702e-02
4.731856e-02 -1.520003e-01 6.393939e-01 -6.998404e-02 -2.825073e-01 -2.539006e-02 3.137167e-01 -1.714606e-02 -1.813815e-01 1.452999e-01 3.636198e-02 4.012193e-02 -2.964479e-01 2.608872e-01 2.078407e-01 6.277975e-02 -7.435892e-01 -3.662654e-03 3.889354e-02 -1.195160e-01 3.644478e-01 -2.329581e-01 2.499423e-02 7.847590e-02 -1.575482e-01 2.776515e-01 6.046639e-02 5.927591e-02 -2.135629e-01 1.852792e-04 -1.743161e-01 -4.069654e-02
1.469943e-01 3.797922e-01 1.688678e-01 3.566396e-01 2.902972e-01 -6.359569e-02 1.023496e-01 -3.572225e-01 -3.631273e-03 2.142138e-02 7.263669e-02 1.549378e-01 1.257139e-01 -8.737798e-02 5.121403e-01 -3.546740e-02 -2.438705e-01 7.456412e-02 1.011530e-02 -1.285107e-02 1.196615e-01 3.104565e-01 1.938970e-01 -1.884123e-01 2.855489e-01 7.405046e-02 -8.642003e-02 -3.691134e-01 -2.910193e-01 -8.731544e-02 4.509080e-01 -3.145872e-01
5.146899e-02 1.470759e-01 5.650812e-01 1.301856e-01 1.458074e-01 -5.400192e-03 8.444150e-02 2.824705e-01 -3.568483e-01 -1.190928e-01 -7.578419e-02 -1.183068e-01 -2.864076e-01 -3.452627e-01 2.621364e-01 -1.134293e-01 3.115402e-01 4.919713e-01 -6.097127e-04 2.965588e-01 1.101625e-01 1.928393e-01 8.274513e-02 -1.237172e-01 3.222623e-01 -3.103023e-01 -3.182124e-01 7.216810e-02 -1.247584e-01 -2.065447e-01 1.078275e-01 1.349500e-01
1.414807e-01 4.281578e-01 8.528491e-02 3.420903e-01 1.488531e-01 3.894405e-01 1.014175e-01 2.105432e-02 -3.059489e-01 1.170060e-01 2.598982e-01 1.367313e-01 1.152843e-01 3.337071e-01 -1.739294e-01 2.847192e-01 -5.818133e-02 -8.783352e-02 3.194668e-02 -6.963900e-02 -6.886307e-02 1.551614e-01 -7.063717e-02 4.235592e-02 -4.716207e-01 -1.245864e-01 -2.295210e-01 -1.882464e-01 1.750881e-01 2.430277e-01 -6.287807e-01 -2.884646e-01
-2.139546e-01 2.464862e-01 -1.340615e-01 1.985528e-01 -6.678797e-02 -9.196543e-02 -2.803907e-02 1.602646e-01 -3.684344e-01 -1.448020e-01 -1.530184e-01 -1.305193e-01 5.820294e-01 -4.596218e-03 -9.824520e-02 -3.991707e-01 -1.497518e-01 -5.392404e-02 -3.204979e-01 1.469996e-01 -4.684184e-01 -3.629762e-01 -9.271658e-02 2.974233e-02 1.671485e-01 9.165061e-02 6.712638e-04 -8.590392e-02 1.035111e-01 5.408177e-01 5.521783e-02 -9.923138e-02
1.997603e-01 -1.589210e-01 3.839603e-02 1.752484e-01 7.112509e-01 1.240804e-01 -1.524348e-02 -3.100441e-02 1.859272e-01 1.622040e-01 3.123246e-02 -4.225574e-02 3.552951e-01 4.596308e-02 -8.164746e-02 -5.379507e-02 -5.965340e-02 -5.405931e-01 -2.906898e-01 2.939836e-02 -3.070361e-02 1.340951e-01 -3.292699e-03 1.504179e-01 1.867306e-01 -2.154469e-01 2.703218e-01 -1.538136e-01 -1.122222e-01 -3.003643e-01 -1.352856e-01 -2.723233e-01
-7.175983e-02 8.265345e-02 -1.797179e-01 5.249634e-01 2.975330e-02 3.858294e-01 1.689114e-01 -1.655536e-01 -1.442071e-01 -3.569836e-01 -2.391671e-01 2.240297e-01 -1.494874e-02 1.095611e-01 2.168495e-01 2.233084e-01 3.154506e-01 -2.201692e-01 1.349322e-01 4.402274e-01 2.176219e-02 1.750796e-02 -4.129838e-01 5.417623e-01 -1.127304e-01 -5.315079e-02 6.311291e-02 1.356485e-01 -9.377043e-03 -1.834027e-01 -1.956128e-01 -5.028312e-02
-3.408474e-02 -2.893110e-01 -2.163102e-01 4.015118e-01 -9.961709e-02 2.692320e-01 -1.234577e-01 -4.066847e-02 1.257700e-01 -5.623981e-03 1.059085e-01 1.651774e-01 -3.204221e-01 -2.725597e-02 5.845611e-01 -9.729008e-02 4.710779e-01 -3.285289e-01 -2.036498e-01 1.049843e-01 9.043560e-02 2.393141e-02 -1.176895e-02 -1.218345e-01 2.000948e-01 6.951178e-02 1.515440e-01 1.888634e-01 -5.193791e-01 2.443256e-01 -4.517795e-02 2.685579e-01
-4.702070e-02 -1.610323e-01 -2.378569e-02 -6.865016e-02 -7.883339e-02 -2.470499e-02 -4.205572e-01 -1.273656e-01 -2.187861e-01 1.608663e-01 -6.306502e-02 4.914299e-01 1.216140e-01 2.560523e-01 4.594902e-01 1.087022e-01 8.929482e-02 -1.882095e-01 -4.358605e-01 2.095682e-01 1.067940e-01 3.673646e-01 1.935218e-01 1.302955e-01 6.981300e-02 6.684500e-02 -2.277859e-01 1.518677e-01 -1.148122e-01 -2.657463e-01 1.750218e-01 4.116992e-02
5.382616e-01 -1.541278e-01 2.470922e-02 1.373958e-01 4.096437e-01 2.627025e-02 2.716173e-01 -2.985846e-02 -1.819763e-02 8.656438e-03 7.928996e-02 1.024237e-01 4.746761e-01 1.227182e-01 -2.379807e-01 1.854263e-02 -3.544448e-02 3.947472e-02 7.614633e-02 2.855563e-01 -1.778064e-02 -1.971246e-01 9.057117e-02 2.549065e-01 2.181654e-01 -9.091683e-02 3.357730e-01 -6.551077e-04 -1.169158e-02 -7.031007e-01 -1.893468e-02 3.211204e-02
1.111880e-03 -1.368017e-01 3.260396e-02 7.630669e-02 2.063403e-01 6.716020e-03 4.989653e-01 9.237925e-02 4.143833e-01 8.437834e-02 2.508033e-01 -4.207107e-01 -8.244121e-02 -3.160859e-01 -1.829443e-01 2.428569e-02 -3.419141e-01 3.111184e-01 4.486393e-01 -1.724094e-01 1.515568e-01 -5.083941e-02 -3.902249e-01 -8.777703e-02 -1.754890e-02 6.023821e-02 1.978641e-01 -4.481762e-03 3.740601e-01 2.299646e-01 8.809452e-02 -8.800212e-02
-1.764573e-02 9.529399e-02 6.859015e-01 -3.759087e-01 3.157041e-02 2.297635e-01 1.927411e-01 4.594703e-02 -2.900641e-01 -1.263046e-01 1.667312e-01 -5.591508e-02 8.414093e-02 1.399282e-01 6.378413e-02 1.286251e-01 3.495877e-02 1.143707e-01 -3.059955e-01 1.006327e-01 2.305512e-02 3.386178e-01 -2.441098e-01 7.803426e-02 1.476048e-03 1.109391e-01 6.508690e-02 -2.999223e-01 -3.453672e-01 3.777578e-01 -3.131454e-01 3.458696e-01
5.593242e-01 3.546742e-01 -3.135590e-02 -2.117364e-01 -2.873187e-01 1.901170e-02 -1.722521e-01 -1.708298e-02 -5.939709e-02 -7.197939e-02 -1.122085e-01 -3.132717e-01 -1.220903e-01 -2.599746e-01 2.619305e-01 9.095120e-02 4.928475e-02 -1.817199e-01 -1.212587e-01 3.081975e-01 8.596685e-02 -4.629130e-02 -2.080453e-01 -1.392070e-01 5.944751e-03 1.053356e-02 4.725753e-01 6.462776e-02 3.643070e-02 9.451933e-02 -6.768891e-01 -2.020535e-02
-2.053298e-01 -4.774942e-02 2.310570e-01 3.910577e-01 -8.954420e-02 -1.445812e-01 2.049863e-01 -1.644277e-02 -2.586293e-01 4.549042e-01 -7.642695e-02 -1.566268e-02 2.108955e-02 -1.491004e-01 -1.969252e-01 2.085564e-01 1.485482e-01 -2.162847e-02 -2.033813e-02 1.853754e-02 3.083847e-01 1.728424e-01 4.855387e-02 -7.113297e-03 -1.770661e-01 -1.771457e-03 -2.966439e-01 3.736804e-01 1.239527e-01 1.733911e-01 -8.409646e-02 4.074658e-01
6.002246e-01 3.880865e-01 -1.268012e-01 -1.931765e-02 -2.821906e-01 -1.600583e-01 -1.657566e-01 -1.564309e-01 -6.071787e-02 -2.332150e-01 -5.002345e-02 -7.592594e-02 1.787480e-01 -1.119143e-01 2.885043e-01 2.924774e-02 6.674455e-03 3.570620e-01 8.291959e-02 4.102800e-02 -6.542752e-02 1.620204e-02 1.830198e-03 -7.509751e-01 -1.957884e-01 -1.906412e-01 -3.085523e-02 -2.416522e-01 -4.096242e-02 -3.371800e-02 9.899089e-02 -8.964725e-02
1.378696e-01 1.650979e-01 6.353482e-01 -1.335305e-01 2.045168e-01 -1.282876e-01 3.211277e-01 -4.264515e-02 -1.159000e-01 -1.482615e-01 -2.408452e-01 4.270621e-02 -3.201967e-02 2.266747e-01 2.899176e-01 -7.561048e-02 2.248952e-02 -9.247203e-02 2.399291e-01 -3.347654e-02 1.539727e-01 -7.629666e-02 -8.089218e-02 8.615346e-03 -3.796818e-01 -1.916367e-01 -4.750713e-01 1.404458e-01 -9.844746e-02 -4.223101e-01 2.375856e-01 -3.055965e-01
-1.375236e-01 -1.250944e-01 -4.614308e-02 3.733789e-01 1.190243e-01 4.864621e-02 1.997071e-01 -2.063169e-02 6.154642e-01 2.237707e-02 -1.845885e-01 -1.178345e-02 -2.374884e-01 8.953471e-02 -1.542317e-01 3.488989e-01 -9.416852e-03 9.359849e-02 -4.470414e-02 -2.998421e-01 -2.568430e-01 -3.279615e-02 2.286256e-01 1.849991e-02 1.327788e-01 -9.842188e-02 2.241766e-01 2.004606e-01 1.933225e-01 -3.510163e-01 -3.406291e-01 -5.441809e-01
-1.659232e-01 -2.590965e-01 1.978612e-01 -2.365829e-01 3.767160e-02 3.728215e-03 -2.113546e-01 2.002407e-01 -5.896337e-02 -1.735999e-01 -1.025672e-01 6.905546e-01 1.521475e-01 5.837719e-02 -7.048500e-02 -2.863941e-01 -7.649521e-02 8.514255e-02 -4.423728e-01 -7.719238e-02 1.783635e-01 -1.448406e-02 1.344277e-01 3.152328e-01 -3.857136e-01 -1.520054e-01 -4.171254e-01 2.225364e-01 1.932554e-01 -3.261922e-01 -5.158130e-02 5.544471e-02
-2.026494e-01 -1.299827e-01 1.744550e-01 1.164655e-02 1.357555e-01 8.398554e-02 -1.936406e-01 4.899323e-01 -4.380742e-02 -2.582565e-01 -3.367388e-01 3.028943e-01 3.448892e-01 1.665752e-01 5.967972e-02 -2.866058e-02 -1.603193e-01 1.006371e-01 -9.647357e-02 4.060904e-01 -7.431588e-02 -5.071148e-02 -6.901942e-02 4.078385e-02 2.805867e-01 -5.566580e-01 -2.537131e-01 -2.472897e-01 -1.180774e-03 3.015232e-01 4.175420e-02 1.262864e-01
5.025706e-01 1.909156e-01 -3.580190e-01 -2.428267e-01 3.661946e-02 3.297916e-01 -2.435557e-02 -2.645780e-01 -1.214514e-01 -2.373773e-01 -4.766188e-02 -5.270510e-02 -3.499212e-02 1.079130e-01 -1.388303e-01 3.870626e-01 -3.504815e-01 -8.659421e-02 -4.731855e-01 1.628496e-01 -8.584146e-02 -3.234306e-01 -1.763715e-01 4.289398e-01 -8.583459e-02 -2.426432e-01 -9.901275e-02 -1.909053e-01 -1.267967e-01 1.063724e-01 5.542256e-02 1.094031e-01
-2.359389e-01 -2.100591e-01 -3.093410e-01 2.125745e-01 9.420338e-02 1.642313e-01 -1.232973e-01 -2.122594e-01 3.535927e-01 -3.359318e-02 5.702040e-01 7.509972e-02 5.204381e-02 -8.378382e-02 -5.153479e-02 -1.772279e-01 -2.201371e-01 -2.039350e-02 2.652039e-02 -1.424229e-01 4.758853e-01 1.228694e-01 -3.632409e-01 2.143793e-01 7.861748e-02 1.567492e-01 -5.090708e-02 -2.563608e-01 1.040755e-01 4.318130e-01 -1.444503e-01 -9.572344e-02
8.948892e-02 1.054477e-01 5.236886e-01 -2.649753e-02 1.179010e-01 -2.152520e-02 2.189999e-01 1.612076e-01 -2.390209e-01 1.693441e-01 -3.206451e-01 -1.288826e-01 -2.152421e-01 -2.874353e-01 2.333746e-01 -3.669851e-01 -1.590334e-01 7.696665e-02 -2.824552e-04 8.569004e-02 -3.426726e-01 1.577580e-01 4.470031e-01 -9.608841e-02 -2.794940e-03 -3.014583e-01 -1.808774e-02 6.092725e-01 4.576493e-02 -6.829211e-02 1.678695e-01 2.593427e-01
-1.275846e-01 -3.096371e-01 2.500484e-01 -2.859081e-01 1.986611e-01 7.858674e-02 3.039130e-01 6.641867e-02 -2.069561e-01 2.027203e-01 3.913457e-01 4.339661e-01 -1.276587e-01 -2.012019e-01 1.556109e-01 1.876403e-01 1.867565e-01 1.715387e-01 -1.598478e-01 8.669201e-02 -2.410046e-01 -1.041180e-01 3.176973e-01 -1.655271e-01 -6.028558e-02 6.355234e-02 2.133056e-01 4.021678e-01 4.543300e-01 1.279470e-01 -4.661173e-01 -5.620730e-02
1.901883e-01 5.956372e-02 -1.638969e-01 1.053510e-01 -2.725841e-01 7.262036e-02 2.242265e-01 -1.134785e-01 -6.801613e-02 1.486431e-01 -1.507563e-01 -4.252271e-01 6.134199e-01 -2.950667e-01 -5.489788e-02 -1.543040e-01 -6.215075e-01 -1.186581e-01 -5.738401e-01 1.091462e-01 -2.718627e-01 -1.023511e-01 4.507371e-02 7.790826e-02 -1.141259e-01 4.106940e-02 1.264755e-01 -3.158419e-02 -6.425882e-02 2.255183e-01 1.094389e-01 6.180412e-02
2.311439e-01 -1.818254e-01 2.632281e-02 3.563789e-01 -3.848575e-01 -4.275481e-02 -6.104939e-03 -5.682937e-02 1.875413e-02 -7.098780e-02 3.631153e-01 4.774135e-01 3.778182e-02 -2.652513e-01 -2.469279e-01 1.636657e-01 3.265177e-01 -4.664982e-01 1.058406e-01 -4.634995e-02 3.027949e-02 -3.270329e-02 -1.271712e-02 -4.517917e-01 1.328588e-01 -1.184806e-01 -1.798819e-02 2.184667e-01 -1.674787e-01 1.722812e-01 -4.279025e-01 -4.428109e-02
4.668564e-02 4.117097e-01 -2.616541e-01 4.388215e-01 9.600738e-02 1.330976e-01 2.957779e-01 -8.509278e-02 -3.699325e-01 1.027637e-02 2.040425e-01 -6.059840e-02 -7.294880e-02 3.318098e-01 -3.817569e-02 1.806172e-01 -2.697610e-01 -8.030917e-03 4.550250e-01 -3.106263e-01 5.557843e-03 6.307521e-02 -6.878202e-02 7.108919e-02 4.110008e-03 7.611018e-03 3.587654e-01 -3.160038e-01 2.260293e-01 1.881946e-01 -3.109814e-01 2.514687e-01
2.130185e-01 2.641857e-01 -1.836532e-01 2.188415e-01 -1.761054e-01 -3.896814e-03 -9.730838e-02 9.179053e-02 -3.120095e-01 1.074013e-01 -1.759049e-01 -1.899653e-01 5.897353e-01 3.372152e-01 1.178047e-01 -7.623370e-02 1.324814e-02 2.503689e-02 -3.513709e-01 9.747590e-02 1.125685e-01 -4.051888e-03 5.365231e-01 -3.181443e-02 4.100948e-01 -2.422275e-02 -5.768453e-01 -6.613790e-03 -1.508093e-02 -7.251989e-02 -2.991069e-02 1.099793e-01
7.430737e-02 3.351689e-01 -6.702843e-02 -3.440209e-01 3.025312e-01 1.487357e-01 4.395877e-01 3.050951e-01 4.243250e-01 -2.111286e-01 3.248477e-02 7.833761e-02 -1.534894e-01 -3.702834e-02 -7.331325e-02 1.559203e-01 3.221522e-02 5.063072e-03 -1.512329e-01 -4.182233e-01 2.877084e-01 3.605635e-01 1.910262e-01 -4.340392e-01 -1.605487e-02 -9.519026e-02 8.072093e-02 3.524148e-02 1.272766e-01 8.271122e-02 -4.519929e-01 2.212090e-01
-6.979367e-02 1.123215e-01 4.288974e-01 -2.116577e-01 2.734373e-01 2.459465e-02 3.060971e-01 9.474411e-02 -1.585689e-01 -2.703640e-01 1.523131e-01 2.143451e-01 2.385809e-01 4.531388e-01 -1.326576e-02 1.146665e-01 -9.006163e-02 3.586361e-01 3.830330e-03 -1.498862e-01 5.425318e-01 2.907705e-01 6.408155e-02 -1.618692e-01 -2.480933e-01 -1.022430e-01 -5.019520e-01 -6.234265e-02 -1.315114e-01 2.435938e-02 -1.510386e-01 -1.740710e-02
2.013358e-01 8.634412e-02 -1.416799e-01 1.381034e-01 -3.289066e-03 -1.324678e-01 2.701341e-01 -3.277217e-01 -5.594160e-02 4.081146e-01 3.449003e-01 -3.165717e-01 -1.914368e-01 -2.736846e-01 1.957141e-01 1.339461e-01 1.245340e-01 -1.614950e-02 -5.230356e-02 -3.614939e-01 2.830644e-01 -6.878636e-02 5.847225e-02 1.014918e-02 -2.641649e-01 5.978538e-01 1.972230e-01 3.023604e-01 -1.665292e-01 -2.310377e-01 9.731920e-02 -5.754619e-02
-1.002717e-01 -3.081176e-01 1.969352e-01 -2.109058e-01 -2.521018e-01 -3.041389e-01 -1.398578e-01 8.360191e-02 4.731678e-01 -1.543669e-01 -1.690202e-01 4.057222e-02 -4.739431e-02 -3.975798e-01 -1.031349e-02 1.605928e-01 1.687269e-01 -4.021716e-02 -4.301262e-01 1.513841e-01 -1.070675e-02 -1.571546e-02 1.058818e-01 -7.097734e-02 -8.543254e-02 -3.290113e-03 -3.687654e-01 3.025431e-01 -1.892493e-01 -2.185554e-01 2.483729e-01 -3.785848e-01
3.303106e-01 1.196081e-01 4.745595e-01 4.191307e-01 1.456656e-03 1.976671e-01 -1.361089e-01 -1.026066e-01 -2.032874e-01 -3.073147e-01 1.538934e-01 7.414836e-03 -1.650292e-01 3.491305e-02 1.682436e-01 -2.261931e-01 -6.056225e-02 4.556883e-02 1.889672e-01 5.126615e-01 2.342546e-01 -6.623024e-02 2.613383e-01 5.566957e-04 -1.301009e-01 -3.375373e-01 -9.054044e-02 2.764106e-01 -2.132091e-01 -2.873469e-02 9.043069e-02 -3.583068e-01
4.179519e-01 2.903359e-01 -5.274494e-02 -2.057380e-01 -3.035143e-01 7.528281e-02 -2.714968e-01 -2.400994e-01 -2.828660e-01 1.494598e-01 -1.615294e-01 1.301985e-01 2.538926e-01 1.461213e-01 2.322959e-01 2.131192e-01 6.927437e-02 1.324757e-01 1.734537e-01 4.717419e-02 2.710480e-01 -1.363795e-03 -4.064839e-01 -1.022417e-02 -1.912106e-01 9.151798e-02 -1.129685e-01 -8.366749e-02 -4.433416e-01 3.128065e-01 2.280253e-01 3.570748e-01
-3.830068e-01 -7.427647e-02 -1.401736e-01 4.123425e-01 2.154504e-01 -9.084677e-02 3.888769e-01 4.799590e-02 4.830707e-01 -1.145941e-03 -3.762682e-02 -1.392433e-01 -2.544993e-01 1.539707e-02 1.125085e-02 -1.444579e-02 -1.200432e-02 8.446476e-03 -2.161074e-01 -1.566806e-01 -1.815941e-01 2.192110e-02 3.978945e-01 2.082084e-02 2.623919e-01 -2.920080e-02 2.895768e-01 -8.971044e-02 3.377607e-01 -3.830900e-01 -1.727156e-01 -4.665135e-01
-1.460288e-01 1.006678e-01 5.908236e-01 -2.687936e-01 -1.061045e-01 -2.432480e-02 4.620795e-01 5.302330e-02 -1.671059e-01 -5.141261e-02 -5.919489e-02 1.212578e-01 5.963463e-02 3.365462e-01 2.536139e-01 3.685773e-03 -7.180411e-01 -4.100994e-02 3.369633e-02 -7.748539e-03 4.922103e-01 -7.036394e-02 2.940137e-02 1.106406e-01 -2.216342e-01 1.999367e-01 1.442855e-01 6.969707e-02 -2.437469e-01 1.285127e-02 7.827364e-03 -1.002377e-01
1.807248e-02 -6.221808e-02 -8.215038e-02 5.275912e-01 -2.301472e-01 -1.309929e-01 -3.389269e-01 -7.207755e-02 -4.320903e-01 -1.528738e-01 -2.199197e-01 7.469287e-02 1.636955e-01 6.763092e-02 2.387869e-01 -1.315815e-01 -7.094917e-02 7.891446e-02 1.110106e-01 5.188160e-02 -1.351723e-03 -2.426440e-01 -4.322379e-02 1.802972e-01 2.368492e-01 5.231158e-02 9.834738e-03 -2.299258e-01 -3.332034e-01 -8.925208e-02 7.024090e-01 -3.334637e-02
1.870262e-01 6.856949e-01 1.638587e-01 -1.099297e-01 -2.817236e-02 5.739978e-02 -7.167963e-02 -2.571281e-01 -3.457096e-01 -4.217735e-03 -1.180917e-01 -6.113855e-02 1.038712e-01 -1.938806e-01 2.224494e-01 1.364828e-02 4.147822e-01 3.831591e-01 -1.338686e-01 -1.221034e-01 -1.029476e-02 -3.649681e-01 9.433950e-02 3.032220e-02 -2.354218e-01 -5.620377e-02 -3.053097e-02 5.048897e-01 -1.041337e-01 -7.104602e-02 8.170374e-02 -1.877821e-02
3.295495e-01 2.248660e-03 -1.362047e-01 -1.126989e-01 -1.419104e-01 -1.376868e-01 1.649966e-01 -1.303824e-01 -5.187722e-02 4.699699e-01 -9.261148e-02 -2.968026e-01 3.835583e-01 1.052732e-01 -4.215573e-02 -3.316842e-01 -7.463328e-02 -3.440401e-02 -5.057095e-01 -7.953384e-02 2.500517e-01 7.748325e-02 1.784043e-01 6.235283e-03 1.713960e-02 -1.080286e-01 1.372026e-01 -1.543440e-02 -8.301649e-02 -5.425180e-01 -2.145816e-01 6.044241e-02
-2.209579e-01 -2.965582e-01 2.829224e-03 -2.632872e-01 -1.163534e-01 -3.006199e-01 -1.130146e-01 5.035777e-01 3.750398e-01 3.441753e-01 -4.245325e-02 2.315788e-01 -2.959368e-02 1.230717e-01 -1.117974e-01 4.408377e-03 -4.592988e-01 7.913833e-02 1.160600e-01 -2.022196e-01 -5.654576e-02 2.990250e-01 -3.577544e-01 -2.187844e-02 4.222467e-01 9.211284e-02 5.052640e-02 -4.208116e-01 1.580689e-01 -9.270570e-02 -1.143432e-01 4.477124e-02
5.213528e-01 -9.889775e-02 -2.094776e-01 -4.050398e-02 4.073814e-01 5.340261e-02 8.598436e-03 -2.036202e-01 -7.323574e-02 1.649425e-01 3.630110e-01 2.776051e-01 2.905745e-02 -4.963350e-02 -2.362931e-01 2.890062e-02 3.164546e-01 -2.281155e-01 8.579820e-03 2.725216e-02 -1.449502e-01 9.667184e-02 3.500756e-02 -1.081510e-01 -1.366364e-01 -5.283368e-01 8.071350e-02 -7.107110e-02 1.673963e-01 -5.787595e-02 -7.271652e-02 -4.679839e-01
1.374563e-01 2.503463e-02 -2.071327e-02 4.765171e-01 3.327946e-01 -1.201346e-01 3.587418e-01 -2.166967e-01 2.711103e-01 7.071250e-02 3.736164e-02 2.125973e-03 -4.025759e-02 1.232410e-02 1.904236e-01 -1.329072e-01 3.609542e-01 -6.840816e-02 -8.756396e-02 -1.505291e-01 -1.403481e-01 -5.117464e-02 3.754543e-01 -2.142903e-01 3.001316e-02 6.157428e-02 4.919020e-01 -3.181271e-01 -8.901661e-02 -2.700425e-01 1.589370e-01 2.063809e-02
5.083717e-03 2.417411e-01 -9.223312e-02 1.501472e-01 -1.849783e-01 -1.056343e-01 1.786341e-01 -9.059732e-03 -1.871049e-01 6.912085e-02 -1.762697e-01 -2.896443e-01 6.885466e-01 -2.868888e-01 -3.495333e-02 -2.367812e-01 -5.228609e-01 -8.241696e-02 -5.694212e-01 1.959391e-01 -2.826632e-01 -1.508893e-01 -6.510217e-02 5.381743e-02 -8.807094e-02 4.541422e-02 9.972317e-02 -5.623997e-02 -3.341284e-03 3.007225e-01 2.577148e-01 7.860558e-02
-1.235908e-01 -7.223416e-02 -2.433225e-01 6.111228e-01 -8.137850e-02 3.946613e-01 -7.537521e-03 -8.295383e-02 -1.214885e-01 7.067977e-02 1.647684e-01 1.756615e-01 -2.461598e-01 -5.090073e-02 2.934317e-01 2.693098e-02 4.874030e-01 -1.782991e-01 -3.061198e-01 8.813293e-02 9.371497e-02 1.048608e-01 -2.979887e-02 -2.350185e-01 1.608551e-01 -7.163519e-02 6.003945e-02 2.931826e-01 -4.004308e-01 1.546766e-01 -8.860184e-03 2.702781e-01
1.078371e-02 -1.034907e-01 5.136357e-01 1.832984e-02 -1.117810e-01 -2.414264e-02 -3.345923e-01 -1.603833e-01 4.852194e-03 -1.152199e-01 2.827638e-01 -1.867045e-01 -2.063266e-01 2.915149e-01 4.346756e-01 -4.341757e-02 -2.803324e-01 1.829415e-01 -3.014898e-02 -1.830815e-01 -3.814367e-02 2.867710e-01 3.684903e-01 -1.463427e-01 -3.870232e-01 -1.925426e-01 -1.850262e-01 -1.897562e-02 -2.853976e-01 3.675915e-01 2.842169e-01 9.506017e-02
-1.269475e-01 -7.609325e-02 4.458666e-01 -1.129078e-01 4.835261e-01 2.443988e-01 1.975952e-01 -1.725114e-01 -3.304111e-01 4.598784e-03 1.013897e-01 -4.361381e-02 7.338338e-03 -3.184158e-01 2.189898e-01 1.182765e-01 1.482583e-01 1.272227e-01 -3.211548e-02 8.076349e-02 -1.053899e-01 1.004394e-01 -2.448283e-02 5.839632e-01 -9.545233e-02 3.427138e-01 1.289648e-01 -3.310845e-01 -2.526962e-01 2.716194e-01 -4.400471e-02 2.250236e-01
-1.367141e-01 -9.488132e-02 1.747074e-01 4.110143e-01 3.210556e-02 5.770728e-02 2.930519e-01 1.026907e-01 -2.144388e-02 2.038495e-01 -2.540563e-01 5.787290e-01 -2.168569e-01 -1.372913e-01 -5.906457e-02 1.120417e-01 2.588097e-01 -4.862860e-01 -4.152875e-03 9.358633e-02 3.115442e-02 -2.647392e-01 -8.012697e-02 2.513730e-01 -2.709686e-01 2.204430e-01 -4.557641e-01 -6.257071e-02 1.556732e-01 -2.190636e-01 -7.912081e-02 3.099022e-02
-1.484170e-01 -2.327634e-01 6.731279e-03 -3.714722e-01 -2.141156e-02 -6.257608e-02 5.684317e-01 1.172214e-01 -8.278637e-02 1.181844e-01 -2.335257e-01 1.683823e-01 2.841799e-01 -2.115263e-01 -1.760288e-02 2.028568e-01 -2.470134e-01 -1.476796e-02 1.066866e-01 -5.062323e-02 1.071890e-01 -4.153521e-01 -5.151666e-02 2.558448e-01 1.541097e-01 1.442539e-01 6.239548e-02 -1.713907e-01 -2.346697e-01 -4.240751e-01 2.696985e-01 -4.728892e-02
-1.226274e-01 2.667910e-01 2.426050e-01 -1.096154e-01 -8.267764e-02 1.882726e-01 2.952507e-01 2.760785e-01 5.151514e-02 4.817916e-02 -3.009887e-01 1.144762e-01 -1.102044e-01 1.174216e-01 4.225709e-01 -3.154802e-01 -2.151118e-01 3.254932e-01 -7.437951e-02 2.414593e-01 -2.308972e-01 3.362296e-01 1.080667e-01 -2.091478e-02 -2.955275e-02 -2.094689e-01 -4.071920e-02 3.081021e-01 -1.509337e-01 -1.874431e-01 3.323215e-01 1.508366e-01
2.118881e-01 -1.299080e-01 8.072337e-02 -1.844999e-01 3.295949e-01 4.823365e-01 6.768230e-02 -1.967008e-02 2.649421e-01 -1.713116e-01 1.673938e-01 -8.619288e-02 -8.264908e-02 4.597056e-02 4.830182e-01 -2.323211e-02 1.230872e-01 -9.822796e-02 -5.346801e-01 1.078402e-01 1.796875e-01 2.347418e-01 3.457153e-01 1.043239e-01 -6.465407e-02 -1.655339e-01 -3.456453e-01 -2.009199e-02 -1.347538e-01 -4.680292e-02 -2.448319e-01 -6.665729e-03
3.840454e-02 -1.693974e-02 9.657867e-02 8.376116e-02 -2.555870e-01 3.589954e-01 2.237862e-01 5.455467e-01 -2.591880e-02 1.521363e-01 1.287627e-01 2.811348e-01 -2.478919e-01 -1.083296e-01 -2.329662e-01 -1.136574e-01 4.319114e-02 7.054091e-02 3.599283e-01 -2.067923e-01 -1.769500e-01 4.403060e-02 1.879838e-01 1.721943e-02 4.413836e-01 -1.902550e-01 -8.408417e-02 1.048121e-01 1.900062e-02 -8.398230e-02 3.655360e-01 2.826667e-01
3.635608e-01 -7.410737e-02 2.112926e-01 -5.920686e-03 1.539645e-01 -6.984671e-02 -4.223429e-01 -1.032511e-01 -6.268845e-02 -2.147459e-01 1.903053e-01 -2.014133e-01 2.162856e-01 5.234689e-02 1.434020e-01 5.532830e-01 -1.236004e-01 -2.467967e-01 1.206285e-01 -2.655812e-01 2.500436e-01 -2.686847e-01 -3.739144e-01 -2.711555e-01 -7.718568e-02 3.911582e-01 1.147388e-01 -9.265700e-02 -4.257935e-01 6.749237e-03 8.010097e-02 -7.364135e-03
-2.424798e-01 1.091421e-01 2.940391e-02 -1.671636e-01 -2.327024e-01 -1.782404e-02 2.450603e-01 -2.805970e-01 -1.182222e-01 4.146096e-01 -1.554580e-01 2.237688e-01 -3.009057e-01 -6.589452e-02 -1.020924e-01 3.954466e-01 -2.287746e-02 -3.400465e-02 -2.140805e-03 -1.815991e-02 1.420300e-01 1.637075e-01 2.175630e-01 -1.296013e-01 -2.817191e-02 3.236898e-01 6.728317e-02 -1.387058e-01 2.289770e-01 -3.436179e-01 5.855074e-01 2.383100e-01
-2.448518e-02 1.235426e-01 3.425845e-01 -4.149279e-01 2.692778e-01 -2.882482e-02 -7.797676e-02 -1.842836e-01 1.505112e-01 -4.395781e-02 -5.259183e-02 -1.441407e-02 9.297774e-02 4.957758e-01 -1.259972e-01 -3.658952e-01 -1.073310e-03 9.073824e-02 -4.839551e-03 2.215487e-01 -2.301834e-03 -2.580773e-03 1.384320e-01 -4.889658e-01 -2.322847e-01 -9.241445e-03 3.803406e-01 -4.360655e-01 -4.879390e-03 2.418457e-01 -7.676131e-02 1.878719e-01
8.482089e-02 6.852493e-02 5.904822e-01 1.466164e-01 2.829794e-01 2.556819e-01 1.514859e-01 3.753816e-02 -1.718464e-02 -1.788267e-01 2.964205e-01 6.702559e-03 -1.829323e-01 -4.269902e-02 3.266887e-01 -6.176206e-03 -1.536254e-01 8.627400e-02 -2.325607e-01 -7.413020e-02 -4.842461e-02 1.545131e-01 8.023477e-02 3.860657e-01 6.902351e-02 1.864939e-01 -1.528314e-01 -1.187631e-01 -4.121369e-01 3.463836e-01 1.521531e-01 3.361179e-01
4.286617e-03 2.275810e-01 -2.857093e-01 4.276644e-01 7.304860e-02 5.354894e-01 -4.256146e-02 -1.954719e-01 -1.199195e-01 1.962997e-01 2.208456e-01 1.376119e-01 -1.107044e-01 -1.454784e-01 -9.169695e-02 7.105254e-02 4.816342e-01 -2.474782e-01 -1.231075e-01 1.154372e-01 -5.224363e-02 1.947502e-01 1.215824e-01 -2.599752e-01 1.490621e-01 -1.462008e-02 1.371326e-02 2.222283e-01 -4.165987e-01 5.225651e-02 -1.990927e-01 4.010140e-01
-1.414090e-01 -2.989691e-01 -3.314237e-02 -3.394181e-01 -1.909823e-01 -3.491097e-01 4.775946e-01 3.159454e-02 1.510670e-01 2.394826e-01 -1.792721e-01 -6.957392e-02 1.867711e-01 -2.881535e-01 1.043662e-01 -9.693078e-02 -2.966945e-01 5.650879e-02 3.737853e-01 -3.103989e-01 -1.739369e-01 -2.373053e-01 -1.818145e-01 -7.428718e-02 1.203892e-01 6.217973e-02 2.965305e-01 -1.808042e-01 1.127130e-01 -3.217564e-02 4.458272e-01 -4.743412e-04
-5.158496e-02 -2.232420e-02 -4.079220e-01 4.941474e-02 6.180370e-02 -1.641277e-01 -3.113342e-01 -2.833695e-02 1.223885e-01 -1.013831e-01 4.626284e-01 1.764894e-01 4.936224e-02 1.822924e-01 -3.233091e-01 3.300642e-02 -1.572889e-01 -3.376153e-01 -2.859267e-01 -4.235651e-02 -1.691950e-01 -2.073207e-01 -9.054542e-02 -2.062836e-02 -3.120241e-01 3.192148e-01 1.113296e-01 -1.383901e-02 -3.605863e-02 4.223531e-01 -1.772436e-01 -7.762395e-02
7.969819e-02 3.446139e-01 1.191537e-01 -4.252577e-01 1.000262e-02 -2.441056e-01 4.557796e-02 1.306644e-02 -6.805504e-02 -5.635103e-02 1.014078e-02 -1.574476e-01 4.334068e-01 5.666468e-02 -3.859400e-01 -2.897154e-02 -5.138534e-01 3.927492e-01 1.793155e-01 -6.885257e-02 -2.431719e-01 6.287048e-02 2.646997e-02 -3.040851e-02 -1.316542e-01 -8.948851e-02 -1.465718e-01 -2.372278e-01 2.664257e-01 -2.146940e-01 -4.823946e-02 -1.838092e-01
1.416039e-01 2.381497e-01 1.466894e-01 4.043836e-01 1.931238e-01 3.832923e-01 -3.074663e-01 -1.867480e-02 -6.944933e-02 -3.069556e-01 1.287430e-01 -7.150674e-03 -2.318862e-01 3.394115e-01 -1.025544e-01 2.683938e-01 2.296791e-01 -2.629631e-02 -5.949588e-01 3.352759e-01 1.880611e-01 2.889642e-01 1.143765e-01 9.108626e-02 -3.944678e-02 -1.348516e-01 -2.856320e-01 1.561705e-01 1.161794e-01 -9.770700e-02 -1.905912e-01 1.668039e-01
1.901993e-01 5.717891e-01 4.623864e-02 2.424139e-01 -1.828177e-02 3.923533e-01 -1.721316e-02 1.242239e-01 -2.937446e-01 -1.832635e-02 2.423466e-01 2.793430e-02 1.528191e-01 2.254234e-01 -6.042474e-02 2.193316e-01 3.234839e-02 2.954122e-02 -1.591280e-01 -6.912418e-01 -2.298199e-02 -2.086502e-01 -2.615488e-01 -8.576890e-02 -2.098677e-01 1.280591e-02 -1.820357e-02 1.871695e-01 -3.721068e-01 -1.560068e-01 1.229632e-01 -2.421044e-02
6.222839e-01 1.989362e-01 -4.186994e-01 -4.763300e-02 8.340667e-02 -5.160943e-03 -2.542150e-01 -8.350462e-02 6.353882e-02 1.267515e-01 -1.874770e-02 -1.713934e-02 -1.088687e-01 -1.850452e-01 -2.678615e-01 1.061876e-01 2.065254e-01 -2.862927e-01 -6.977585e-02 4.672887e-02 -1.707378e-01 -2.093930e-01 -3.631615e-01 -4.981224e-02 3.237691e-01 6.864858e-02 1.951951e-01 -3.496987e-01 1.650961e-01 -3.796895e-01 -1.999971e-01 -1.406761e-01
-7.424462e-02 -1.137930e-01 -3.560956e-02 1.115951e-01 -6.239852e-02 -2.836268e-02 -3.702175e-01 -4.004311e-02 -2.083624e-01 -5.952019e-02 -2.289316e-01 6.291333e-01 9.999542e-02 4.411371e-01 8.787556e-02 -7.880788e-02 1.002564e-01 -3.150010e-01 -5.329554e-01 1.645554e-01 -5.735461e-02 1.532426e-01 3.589928e-01 1.381993e-01 -1.568688e-01 -2.313458e-01 -1.427749e-01 4.094009e-02 -2.916728e-01 -3.104587e-01 -9.065206e-02 -1.508502e-01
2.463131e-02 -1.264301e-01 -4.113171e-01 5.032976e-01 -3.364410e-01 4.757313e-02 -4.207451e-02 1.209641e-01 -1.171086e-01 6.180006e-02 9.425013e-02 -1.231301e-02 -7.863982e-02 -3.727950e-01 1.632169e-01 3.207893e-01 -2.428427e-02 -1.214834e-01 3.607357e-03 -1.896098e-01 2.031253e-02 -8.504150e-03 -1.209585e-01 5.220754e-01 3.012277e-01 1.189261e-02 -4.199347e-01 3.424998e-01 -1.555409e-02 -1.197587e-01 9.751622e-02 -2.341039e-01
2.932673e-01 -3.517440e-02 -1.546673e-01 -7.825019e-02 3.522538e-01 2.143382e-02 2.921745e-05 5.347874e-01 -3.348787e-02 1.419816e-02 -1.074467e-01 1.541578e-01 1.183104e-01 1.558942e-02 -2.473190e-01 4.225778e-01 3.452328e-01 -3.320828e-01 3.859157e-02 -2.405825e-02 -1.666863e-01 6.495282e-02 6.955327e-03 1.153878e-01 -1.992575e-01 -3.040029e-01 -2.844914e-02 7.556176e-02 1.782693e-01 1.423644e-02 -8.744933e-02 -4.944185e-01
3.500658e-01 4.166699e-01 -7.402508e-02 1.621051e-01 -2.487298e-01 -2.959720e-01 8.836012e-02 -1.767677e-01 5.356145e-02 -1.068795e-01 -2.066030e-01 -8.885356e-03 2.607446e-01 3.433453e-01 4.229653e-02 2.172482e-01 -9.995586e-02 -5.623653e-02 5.449284e-01 -1.572636e-01 5.472878e-02 5.099809e-02 8.249339e-02 -4.457542e-01 -3.128386e-01 -3.781072e-02 1.219296e-01 -2.497368e-01 1.744591e-01 1.355010e-01 -4.537160e-02 5.032206e-02
3.017274e-01 -4.834102e-02 2.264003e-01 2.048385e-01 4.093682e-01 1.567647e-01 1.493885e-01 -2.605341e-01 2.007800e-01 -4.026462e-03 2.087647e-01 2.915858e-01 3.686931e-01 8.066410e-02 -1.555729e-01 -2.642046e-02 3.024410e-01 4.236403e-01 -1.197308e-01 3.279031e-02 -3.869911e-03 -2.477622e-01 2.115032e-01 -9.128156e-02 -5.072010e-02 -1.192965e-01 5.536001e-01 -1.870629e-01 -2.675854e-01 -3.417458e-02 7.982008e-02 1.103203e-01
4.581352e-01 4.012324e-01 2.219244e-01 7.757918e-02 -5.262132e-02 2.417127e-01 -2.909251e-01 -2.765884e-01 -1.659583e-01 -2.228979e-01 -1.907175e-01 1.453290e-01 8.858934e-02 9.948274e-02 2.555583e-01 -1.367176e-01 -2.473838e-02 7.907994e-02 1.515931e-01 1.149973e-01 7.000036e-01 -1.492417e-01 3.205175e-01 -5.160558e-01 1.106769e-02 -5.868024e-02 -7.394582e-02 -4.452800e-02 4.758304e-03 -1.150488e-01 4.472683e-02 1.030496e-02
-2.060098e-02 -2.635437e-01 3.020756e-02 2.304906e-01 -5.863283e-03 1.140469e-01 5.374491e-03 2.371949e-01 5.529295e-01 2.387548e-01 1.612797e-02 -2.922302e-01 -5.953196e-02 9.191988e-02 -4.521934e-01 -2.035054e-02 9.727043e-02 -8.118849e-02 1.577974e-01 9.473129e-02 -3.493395e-01 3.148096e-01 -1.598932e-01 -7.936931e-02 3.807971e-01 3.777010e-02 6.636727e-02 -1.820290e-01 -9.625825e-02 5.312543e-01 1.486707e-01 -1.309382e-01
-1.220326e-01 2.283712e-01 -2.701122e-01 4.514433e-01 -1.837902e-02 1.352015e-01 8.072834e-02 -1.605794e-01 -1.810699e-02 4.714766e-01 2.018372e-01 1.912259e-01 -1.217056e-01 -2.705466e-01 -2.471695e-01 1.705231e-01 -2.344861e-01 -3.380895e-01 4.119682e-02 -1.126757e-02 1.176624e-01 -9.416923e-02 -9.737901e-02 -9.732878e-02 -1.353449e-01 2.450055e-01 -7.455482e-01 -8.110771e-02 1.254634e-01 2.925759e-02 -3.062950e-02 4.751826e-02
1.739052e-01 2.522626e-01 1.367405e-01 7.768857e-02 4.511591e-01 -2.528496e-01 8.407871e-02 -2.669276e-01 -7.841702e-02 1.812001e-01 -4.971952e-02 2.826562e-01 2.715542e-01 -4.885975e-02 1.271288e-01 3.399033e-02 -1.099334e-01 2.438130e-01 4.192825e-02 -4.809727e-02 -3.772049e-02 1.278950e-01 3.602233e-01 -1.471265e-01 2.951017e-01 2.638337e-01 -2.109471e-01 -2.083068e-01 -1.286890e-01 1.272085e-02 3.801764e-01 -1.254012e-01
-2.431567e-01 1.434096e-01 2.373942e-01 8.842379e-02 -1.535093e-01 1.634511e-01 4.992909e-01 2.283130e-01 -7.424301e-02 3.229986e-02 -3.659066e-01 2.323305e-01 -2.233602e-01 -9.769285e-02 1.426796e-01 -3.609795e-01 9.154551e-02 1.603490e-01 4.999057e-01 -6.787648e-02 -3.268572e-02 4.738079e-01 8.371069e-02 -6.080285e-02 3.932298e-01 -2.309167e-01 -8.701936e-02 1.268093e-01 -2.287308e-02 -2.519902e-01 1.705239e-01 1.228418e-01
2.408073e-01 3.066332e-01 -1.060362e-01 -6.282128e-02 2.171659e-02 -3.631301e-01 -2.922032e-01 1.735883e-01 5.078770e-02 -3.078790e-01 3.170686e-01 -1.464777e-01 3.571807e-01 -6.249999e-02 2.288480e-01 -5.689149e-02 -2.903013e-01 4.461233e-01 2.559028e-01 -5.999692e-03 -2.167142e-01 -2.938505e-03 -9.357098e-02 1.786176e-01 -1.769857e-01 1.381238e-01 -1.286483e-01 -3.458048e-01 3.540823e-01 3.788529e-03 -2.657467e-02 -2.909705e-01
4.798671e-01 4.529121e-01 -1.260374e-01 2.257702e-01 -2.834119e-01 -2.548170e-01 -1.641550e-02 -1.236542e-01 -9.141484e-02 -1.346128e-01 3.365822e-02 2.263904e-02 2.336556e-01 1.591584e-01 2.832738e-01 2.834640e-02 -3.320909e-02 1.428020e-01 1.837765e-01 2.501386e-02 -4.500158e-02 4.580420e-03 -1.060851e-02 -7.667082e-01 -2.869740e-01 -1.599483e-01 1.212712e-01 -2.303175e-01 1.922870e-01 -3.281873e-03 6.891362e-02 -8.123684e-02
-1.858140e-01 -8.607002e-02 4.844067e-02 3.599588e-02 -2.053124e-01 1.076049e-01 7.137564e-02 3.486824e-01 -8.881959e-02 -1.477605e-01 -3.770234e-01 4.776045e-02 -1.115956e-02 -1.076895e-02 6.271837e-01 6.271403e-02 -1.537740e-01 2.215682e-02 1.907690e-01 -1.978863e-02 2.058137e-01 -7.786250e-02 4.650666e-02 -9.661949e-02 2.362543e-01 2.949780e-01 -6.825031e-02 -2.307258e-01 -1.324503e-01 -1.660539e-01 8.299117e-02 5.253707e-01
4.364949e-01 2.365452e-01 -2.079690e-02 -2.851017e-02 -1.917425e-01 -3.287117e-01 3.568813e-01 -8.923212e-02 -4.411112e-02 3.063900e-01 -8.157541e-02 -1.563511e-01 4.555629e-01 -4.125626e-02 -4.554012e-02 -2.042908e-01 -5.142712e-01 6.093979e-02 -1.228115e-01 -1.632628e-01 2.819366e-01 1.793180e-01 1.613498e-01 -6.417539e-02 -1.629962e-01 1.769652e-01 3.440321e-02 1.092436e-01 -4.602232e-03 -4.261802e-01 -3.564990e-01 1.165342e-01
1.530828e-01 1.303243e-01 2.677121e-01 -3.855355e-01 -1.621187e-01 -1.392853e-01 -1.656170e-01 -7.046451e-02 -1.004755e-01 4.296616e-01 7.049032e-02 -2.534083e-01 -1.498704e-01 3.823086e-02 -2.680265e-01 4.429108e-02 -4.471234e-01 1.262013e-01 -3.180537e-01 -4.371416e-01 -2.167672e-02 -4.288032e-02 1.960573e-01 -5.266014e-01 3.851546e-02 2.591899e-02 3.140652e-02 -8.945860e-02 2.617864e-02 1.575496e-01 1.784228e-01 3.982417e-02
-1.955322e-01 -2.233742e-01 1.185656e-01 -2.496390e-01 6.977112e-01 -1.740220e-01 -1.204899e-01 9.882826e-02 1.871397e-01 2.560715e-01 -2.437092e-01 -3.061139e-02 2.989658e-02 9.224017e-02 -1.952996e-02 1.468852e-01 1.636682e-03 -2.627221e-01 2.038201e-01 -4.064468e-02 -4.280001e-01 6.286191e-01 -2.844969e-01 -5.864433e-02 3.556332e-02 3.557477e-02 2.438165e-02 1.204606e-03 -3.510005e-01 5.710783e-02 -6.463566e-02 4.586833e-02
-4.107546e-02 5.095318e-02 -1.582949e-01 1.159517e-01 1.272586e-01 -4.197181e-01 -1.714826e-01 1.382306e-01 -3.190117e-01 -1.608097e-01 6.286991e-01 -2.395208e-01 -1.508234e-01 5.865122e-02 -1.960587e-03 -9.660801e-02 -6.314672e-02 -2.099449e-01 -1.708100e-03 -1.133496e-01 3.677598e-02 -7.337697e-02 1.126325e-01 1.911904e-01 1.949076e-01 -3.309084e-02 -5.581545e-01 2.646673e-01 -8.449866e-02 -6.417651e-02 4.611462e-01 -3.525908e-01
1.541570e-01 3.591829e-01 1.929508e-01 3.774208e-01 1.302449e-01 4.910934e-01 1.313454e-01 8.847921e-02 -3.430662e-01 7.093991e-02 1.964629e-01 1.558339e-01 -1.527073e-02 3.268591e-01 -1.513086e-01 5.414106e-02 -1.065037e-01 -9.726581e-02 7.817015e-03 -1.089137e-01 -1.255270e-01 8.169372e-02 -1.045111e-01 4.047192e-02 -4.701572e-01 -1.208870e-01 -1.953628e-01 -2.305652e-01 2.093332e-01 3.707422e-01 -5.670144e-01 -1.714657e-01
-2.528956e-02 1.138311e-01 -2.866510e-01 2.843828e-01 3.455046e-02 1.977477e-01 -2.595697e-01 2.936261e-01 9.735442e-02 1.705767e-02 3.921484e-01 -3.281516e-01 -6.589922e-02 2.552259e-01 1.812005e-01 5.740353e-03 1.269084e-01 3.371573e-01 -5.921945e-02 -5.775288e-03 4.822029e-01 7.259548e-02 -8.386149e-02 -2.530594e-01 2.732120e-01 -1.754762e-02 4.037308e-01 -1.574659e-02 -1.807066e-01 1.343139e-01 -1.319966e-01 -6.004605e-02
-3.827105e-01 -2.447386e-01 4.195303e-01 -3.222665e-01 1.106060e-01 5.779039e-02 1.550191e-01 2.683969e-01 -1.522451e-01 -4.991871e-02 2.861672e-02 9.994224e-02 -7.894386e-02 -3.312886e-01 -9.447163e-02 -1.354947e-01 6.913111e-02 -5.252812e-02 -4.203147e-01 3.743646e-02 5.315412e-03 -1.060253e-02 5.594214e-03 6.312042e-01 4.442300e-01 6.908315e-02 -3.553570e-02 9.211860e-02 -6.674974e-02 1.062095e-01 1.309216e-01 -2.436374e-02
-2.111475e-02 -2.743075e-01 -2.551793e-02 4.140289e-01 -1.912604e-01 5.696261e-02 -2.347536e-01 -2.786348e-01 -3.951734e-01 -1.120545e-01 -5.071424e-02 1.093538e-02 1.949400e-01 1.208801e-01 4.829264e-01 -1.166748e-01 -1.425062e-01 1.857619e-01 1.151287e-01 1.298170e-01 -1.297632e-01 -4.573056e-01 -1.480331e-01 4.046972e-01 3.935132e-02 1.489100e-01 -2.031141e-01 -3.013405e-02 -2.272194e-01 -1.160901e-01 3.698803e-01 -2.723000e-01
-3.904277e-01 -6.557062e-02 9.277613e-02 -1.831003e-01 -3.711922e-01 2.656800e-02 -2.087585e-01 5.073549e-01 -5.980683e-02 -2.160539e-01 -2.251614e-02 2.498810e-02 -5.363375e-02 1.252659e-02 3.117718e-01 1.763365e-01 -1.423975e-02 1.834596e-01 -1.817995e-01 -9.578452e-02 -3.928374e-02 1.364527e-01 -1.018011e-01 2.287115e-01 -4.239658e-01 2.737094e-01 -3.696424e-01 -3.356173e-02 1.120547e-01 4.111131e-01 -8.567658e-02 -2.116870e-01
-1.120666e-01 4.599717e-01 -4.878640e-05 3.225236e-01 5.045753e-02 -2.072956e-01 6.269076e-02 -1.151713e-02 -1.870306e-01 1.612521e-01 -1.788563e-01 -3.390637e-01 1.831434e-01 3.057107e-03 -2.391358e-01 4.643485e-01 1.024739e-01 -1.880898e-01 6.032420e-02 4.304316e-01 3.111618e-01 4.751598e-02 -2.797329e-01 7.693106e-02 -9.012440e-02 -6.479409e-02 -2.542121e-01 -2.566202e-01 2.662690e-01 -3.716644e-01 -2.064441e-01 -2.750080e-01
2.130660e-01 5.233191e-03 1.132564e-01 1.612659e-01 5.415562e-01 7.758582e-02 3.325330e-02 -3.178536e-01 1.324024e-01 1.795831e-01 1.296476e-01 1.111886e-02 3.172746e-01 4.619065e-02 -3.357706e-01 -3.239248e-01 -2.391487e-01 -1.098379e-01 2.041858e-01 2.700936e-01 -1.556903e-02 -2.277402e-01 5.226662e-02 -7.758681e-02 2.244350e-01 -2.621221e-01 3.591444e-01 -1.293503e-02 -1.293427e-01 -4.384805e-01 -3.091308e-01 1.922369e-01
-4.483894e-02 -2.865715e-01 2.483596e-01 -3.218063e-01 1.830375e-01 1.931969e-02 4.070784e-01 1.616424e-01 -7.918058e-03 3.572634e-01 3.520994e-01 3.068928e-01 -1.507711e-01 -2.186942e-01 -3.954439e-02 1.444095e-01 1.728441e-01 4.725149e-02 -2.557288e-01 -4.168899e-02 -1.342680e-01 3.408123e-02 2.005399e-01 -3.338788e-01 -7.929183e-02 1.002868e-02 1.288834e-01 2.137043e-01 5.380549e-01 8.370349e-03 -5.310025e-01 -1.048802e-02
-1.163673e-01 -1.052700e-01 4.042554e-01 -3.102769e-01 -1.311043e-01 -2.723285e-01 -1.672953e-01 2.907097e-02 9.660935e-02 -2.585436e-01 -3.216149e-01 -1.882466e-01 4.448150e-01 -1.984298e-01 -2.376213e-02 -1.939605e-01 7.920083e-02 -5.898326e-02 -5.927378e-02 1.682333e-01 3.389487e-03 1.731257e-01 2.181855e-01 -8.267488e-02 1.250271e-01 -2.102458e-01 -5.517538e-01 7.512811e-02 1.610085e-01 6.247397e-02 5.970532e-01 -9.550926e-02
7.877987e-02 -2.736734e-01 5.528646e-01 -2.974485e-01 8.603516e-02 -3.265209e-01 1.091462e-01 2.054290e-01 3.953400e-02 -1.277011e-02 -4.358432e-01 -9.489072e-02 6.135061e-03 1.663521e-01 -1.107343e-02 -2.042874e-01 7.310496e-02 2.728573e-01 -3.069827e-02 -1.664450e-03 -2.174987e-01 1.543544e-01 -5.217808e-02 4.568815e-01 -2.521588e-02 1.056739e-01 9.235153e-02 5.029020e-01 3.134123e-01 9.105456e-02 -4.091743e-01 -7.845080e-02
-1.742064e-01 -2.143906e-01 -3.782282e-01 2.506957e-01 -1.981593e-01 1.095937e-01 -8.781284e-03 -1.444941e-01 1.040855e-01 -2.077621e-01 3.774911e-01 3.549295e-01 1.421058e-01 3.215902e-01 -2.254437e-01 2.603813e-01 1.562536e-01 -8.506950e-03 -3.510194e-03 -4.336003e-02 3.274645e-01 -1.258130e-01 -3.914920e-01 1.293254e-01 -4.645884e-03 3.234619e-01 -7.057460e-03 -6.826614e-01 -1.207155e-02 4.242266e-02 -9.743216e-02 -2.221005e-01
1.186850e-01 2.059854e-02 5.714048e-01 -1.903628e-01 3.087790e-01 1.966184e-01 1.039370e-01 -1.578377e-02 -1.778419e-01 -1.974909e-01 2.533094e-01 -9.005722e-02 -4.749828e-02 -2.626475e-01 3.007350e-01 8.827823e-02 4.903070e-02 1.005990e-01 -1.551306e-01 2.744604e-02 -1.221369e-01 2.698823e-01 5.973322e-02 3.455555e-01 2.880019e-02 1.866958e-01 1.580033e-01 -3.212259e-01 -4.238545e-01 3.505727e-01 -7.659633e-02 2.613380e-01
-3.388450e-01 -1.418462e-01 5.182208e-01 -8.070672e-02 -9.723058e-02 5.811561e-02 2.420284e-01 1.355037e-01 -2.238036e-01 -2.294575e-01 4.681481e-02 -8.897965e-02 1.162013e-01 2.380250e-01 3.640698e-01 7.926854e-02 -1.365076e-01 2.408364e-01 1.276055e-02 1.609037e-02 1.774667e-01 2.039059e-01 2.664555e-01 4.091229e-02 -2.228214e-01 -1.187116e-01 -8.920079e-02 4.840225e-01 -8.026963e-02 4.582358e-01 1.943650e-01 2.200085e-01
-6.918666e-02 5.658759e-02 -2.673650e-01 6.089706e-01 -1.558196e-01 1.355526e-01 1.930760e-01 -3.517982e-01 1.945407e-02 -1.953609e-01 -2.773630e-01 6.910484e-02 -2.666448e-02 1.080957e-01 5.593611e-02 -1.399969e-02 6.760368e-01 -2.939875e-01 1.334694e-01 3.866044e-01 -3.339194e-02 7.730372e-02 -2.740967e-01 2.696485e-01 -1.716068e-01 -4.797655e-02 3.027467e-03 8.868612e-02 -1.097682e-02 -1.087422e-01 -5.141709e-02 -3.270215e-02
7.218980e-02 -1.624961e-01 -2.653865e-01 2.614929e-01 1.106975e-01 -2.066839e-01 -4.692198e-02 -1.455567e-01 8.905002e-02 -2.511317e-01 2.008872e-01 3.845479e-01 2.027206e-01 4.124531e-01 -3.459140e-01 -2.003675e-01 -2.212924e-02 -5.732652e-01 -3.008302e-03 -3.488939e-01 -6.786929e-02 -4.630145e-02 -2.005373e-01 2.415311e-02 -1.326922e-01 1.801349e-01 3.743157e-01 -1.855648e-02 -4.186816e-02 4.006973e-01 -2.019708e-01 -1.297055e-01
-1.865264e-01 -2.307280e-01 -3.015956e-02 2.023605e-01 -5.388978e-02 4.070740e-01 2.683562e-01 -1.790880e-01 -5.607570e-02 3.952580e-01 -2.533968e-01 1.501349e-01 -1.934499e-01 8.190426e-02 -2.873093e-01 1.311007e-01 3.829146e-01 -4.890828e-01 -2.796983e-01 2.841034e-03 2.434231e-01 -5.064183e-02 1.699101e-01 -1.174620e-01 1.667797e-01 -1.836253e-01 1.027193e-01 3.076932e-01 -2.809488e-01 -5.699965e-02 4.932400e-03 2.187806e-01
-2.183355e-01 1.134877e-01 7.488720e-02 -9.768534e-02 -4.827573e-02 4.896750e-02 -1.191667e-01 6.292098e-01 -1.642332e-01 -1.086348e-02 -3.151318e-01 2.679909e-01 2.589253e-01 -1.344921e-01 2.105279e-01 2.077462e-01 -1.208436e-01 -5.620463e-02 -1.284831e-01 3.303844e-01 4.238540e-01 -2.184913e-01 -9.273888e-02 1.699600e-01 8.256202e-02 -3.299679e-01 -1.954052e-02 -1.508151e-01 8.349867e-03 5.249154e-01 -1.693333e-02 -8.545288e-02
3.826833e-01 5.575022e-02 6.064802e-01 -2.175130e-03 3.129316e-01 -5.458144e-02 2.684569e-01 -6.240491e-02 5.646246e-02 -2.528190e-02 5.427508e-02 1.480040e-01 -6.317830e-02 1.838697e-01 3.226312e-01 1.156906e-01 2.897190e-02 2.968350e-02 2.168947e-01 -2.083093e-02 3.821383e-01 2.641421e-01 1.280885e-01 -1.092184e-01 -3.022563e-01 -2.190422e-01 -4.534774e-01 8.089810e-02 -1.798349e-01 -4.004412e-01 1.118808e-01 -1.822657e-01
-6.175479e-02 9.093692e-02 5.931978e-01 -3.522745e-01 -8.586801e-02 1.263438e-01 3.682077e-01 7.917465e-02 -1.610700e-01 -1.696879e-01 -2.566895e-03 -7.417785e-02 1.021344e-02 2.700035e-01 3.758935e-01 5.103238e-02 -7.352414e-01 2.837163e-02 4.388985e-02 -3.732540e-02 4.667955e-01 -1.086149e-01 3.107061e-02 6.193968e-02 -2.477242e-01 2.853509e-01 1.242021e-01 9.297403e-02 -1.150905e-01 1.519116e-02 -7.084676e-02 -8.254553e-02
-3.493315e-01 -3.215351e-01 -8.327194e-03 1.207237e-01 1.213407e-01 5.094776e-01 -2.541382e-01 6.400874e-02 -2.325821e-02 -2.600539e-01 5.005761e-02 6.299739e-02 -3.717166e-01 1.731902e-02 -6.966480e-02 2.403584e-01 5.738014e-01 -2.232188e-02 8.254013e-02 1.927647e-01 -1.945893e-01 -1.838374e-01 -7.257364e-02 6.008293e-02 -2.266292e-02 -2.166760e-01 -7.772789e-02 -7.225952e-02 6.585064e-02 4.513907e-01 2.113443e-01 -9.030549e-02
-4.055446e-02 -4.405836e-02 -6.746177e-02 1.434407e-01 -2.066939e-01 2.283657e-01 -2.291819e-01 5.343013e-01 -1.931436e-01 -1.907652e-01 -1.560606e-01 -2.759854e-01 3.053650e-01 -2.456306e-01 -1.444696e-01 7.573497e-02 -4.281099e-01 -2.589140e-02 3.755682e-02 7.283843e-02 3.310216e-01 4.571239e-01 -1.830941e-01 1.451049e-01 8.053604e-02 3.576545e-02 -7.639682e-02 2.224205e-01 2.725298e-01 3.485267e-01 2.049347e-02 -1.154017e-01
2.549391e-02 2.716406e-01 2.695692e-01 4.327670e-01 2.855062e-01 -3.612199e-02 1.551854e-01 -2.248806e-01 8.747838e-02 3.140331e-03 1.357714e-01 1.085380e-01 2.104729e-01 -1.855439e-01 5.210505e-01 -1.023063e-01 -2.086612e-01 1.536205e-01 -7.033735e-02 -1.243222e-01 1.013139e-01 4.177639e-01 2.095852e-02 -1.962861e-01 3.664655e-01 1.728543e-01 -1.397993e-01 -2.951016e-01 -3.198494e-01 -5.290360e-02 3.619000e-01 -2.766334e-01
-1.624932e-01 -4.388425e-01 -6.832792e-02 -2.003565e-01 -1.136622e-01 -3.173564e-01 -1.249332e-01 -1.428665e-01 5.065364e-01 -4.804531e-02 -3.447799e-01 -1.007145e-01 1.344338e-02 -2.779472e-01 8.115184e-02 -8.298482e-02 4.739843e-02 -1.026407e-01 1.096721e-01 6.902496e-01 2.192457e-01 2.606047e-01 1.644629e-01 2.515689e-01 3.213435e-01 -1.551408e-01 3.403323e-02 3.671273e-02 1.729087e-01 6.511497e-02 -7.775855e-02 6.298812e-02
-6.858937e-03 3.595416e-02 8.754934e-02 -2.747799e-01 -2.746832e-02 -1.668773e-01 -1.750346e-01 -6.348393e-02 -3.776752e-01 -1.320653e-01 -5.526061e-02 5.995462e-01 1.600949e-01 -3.305534e-02 3.667715e-01 -2.136939e-01 -4.857802e-02 5.592160e-02 -3.299402e-01 -5.425186e-02 2.207113e-01 -2.951230e-01 2.472005e-01 3.010713e-01 -3.604778e-01 -1.112384e-01 -2.109626e-01 1.627907e-01 5.792056e-02 -5.186219e-01 -1.148747e-01 -5.694986e-02
4.078454e-01 6.242855e-01 2.104646e-01 3.704547e-01 1.944052e-01 -2.798940e-02 1.104760e-01 -8.585500e-02 -9.739307e-02 4.185062e-02 -5.259841e-02 3.634157e-02 2.042464e-01 -1.042447e-01 1.165944e-01 3.536449e-02 -2.629902e-01 2.391443e-01 2.861668e-01 2.785200e-03 -1.220591e-01 2.811473e-01 1.534029e-01 -1.048339e-01 2.868949e-01 -5.505969e-02 -4.875609e-01 -2.134655e-01 -1.400641e-01 -7.349237e-03 4.374573e-02 -3.031546e-01
-3.186626e-01 -3.598033e-01 -2.117191e-01 2.084096e-01 4.681089e-01 1.979010e-01 7.272068e-02 4.197290e-02 2.041398e-01 2.767206e-01 -1.183579e-01 2.082556e-01 1.752410e-01 2.263722e-01 -4.301444e-04 -1.353459e-01 -1.308367e-01 2.819480e-01 -2.169747e-02 -1.691387e-01 -9.155690e-02 3.073342e-02 8.404526e-02 3.148133e-01 1.759995e-02 -4.953749e-03 -3.661177e-01 -1.669024e-01 3.869229e-02 -1.724830e-01 6.862177e-01 1.106765e-02
8.912811e-02 5.029103e-01 7.396867e-02 2.047113e-01 -3.119722e-03 3.485089e-01 -1.251451e-01 4.339211e-01 -4.081411e-02 -9.206563e-02 2.615378e-01 -5.396833e-02 1.206236e-01 3.392019e-01 -1.491169e-01 -8.364886e-02 3.100816e-02 -2.319610e-01 -4.501359e-01 3.700098e-01 4.178011e-02 1.459504e-01 -1.824842e-01 -5.785989e-02 -1.266833e-03 -2.261219e-02 -3.786238e-01 -3.617586e-01 1.532145e-01 -7.936869e-03 -3.962954e-01 -3.812799e-02
-1.446340e-01 8.307952e-02 -2.560570e-01 -4.654427e-02 -1.510143e-01 9.179115e-02 4.175891e-02 -1.561640e-01 5.217950e-01 2.291770e-01 2.964298e-01 2.314785e-01 -3.712738e-02 -2.816193e-01 -1.847744e-02 7.279839e-02 -1.036428e-02 7.542408e-02 -1.050591e-01 -2.247154e-01 1.769067e-01 2.899054e-02 -2.013954e-01 9.348347e-02 -2.445402e-01 2.578641e-01 4.106178e-01 -5.292545e-02 1.789157e-01 4.219158e-01 -1.303411e-01 1.334618e-01
1.580960e-01 4.863559e-01 -3.132389e-01 7.207911e-02 -2.353759e-01 -1.634639e-01 5.945271e-02 -1.999695e-01 1.317874e-02 -1.060352e-01 -6.822141e-02 -2.782048e-01 -2.243425e-01 2.063061e-01 -6.835552e-02 4.338024e-01 2.422623e-01 -1.427054e-01 3.171489e-02 4.227071e-01 2.094269e-01 5.543453e-02 -7.839641e-02 -2.311820e-01 -3.333324e-01 -1.834447e-02 1.853891e-01 -1.738723e-01 2.425970e-01 1.676942e-01 -4.030392e-01 -2.257643e-01
4.934253e-01 -1.118907e-01 -3.126147e-01 6.268442e-03 1.903909e-01 1.360781e-01 3.056640e-02 -1.696709e-01 -1.180907e-01 -8.099115e-02 -2.113691e-01 9.559808e-02 2.786570e-01 3.179541e-01 -2.857158e-01 -6.458725e-02 1.298674e-01 -1.049321e-02 -2.548375e-02 4.054001e-01 -5.650314e-02 -2.520888e-02 -1.930140e-01 -4.806928e-02 5.052004e-01 2.602483e-02 2.551379e-01 -2.326180e-01 1.418986e-01 -3.831541e-01 1.728295e-01 -6.735362e-04
5.049571e-01 -5.792829e-02 1.219775e-01 1.215158e-01 3.396621e-01 -9.109824e-02 2.190932e-01 -2.985396e-01 2.303109e-02 8.990596e-02 3.021046e-01 -5.074115e-02 3.002008e-01 1.732740e-01 -2.190995e-01 1.127453e-01 -1.138726e-01 -1.060619e-01 -8.624236e-02 5.075894e-02 -2.295079e-01 2.851923e-01 -6.764000e-04 -1.800361e-02 -2.119114e-02 -3.778297e-01 2.008198e-01 1.349119e-01 4.298330e-01 -1.683783e-01 -2.386290e-01 -4.028094e-01
8.876552e-02 -4.097849e-03 -2.927175e-01 4.663459e-01 -6.030407e-02 -2.095123e-01 -2.320910e-01 -3.613544e-02 2.883222e-01 2.033360e-01 -1.048455e-01 5.290047e-02 3.324955e-02 -1.292987e-01 -8.663504e-02 -2.478960e-01 -1.446020e-01 -2.939909e-02 1.395764e-01 -3.890955e-02 1.119065e-01 -3.677667e-01 -2.980481e-03 -2.464091e-01 2.007440e-01 -1.112101e-02 -9.806141e-02 3.077374e-01 2.870738e-01 -2.084980e-01 2.357092e-01 -2.376144e-01
1.980106e-01 -1.280713e-01 7.134452e-03 1.316870e-01 -4.208573e-01 5.293535e-01 8.460052e-02 4.658025e-01 4.991715e-02 1.313270e-01 1.417184e-01 2.113642e-01 -1.793437e-01 -1.270436e-01 -2.495282e-01 1.133561e-03 -5.249761e-03 7.895802e-03 -5.897426e-02 2.708381e-01 -3.390046e-01 -9.446439e-02 2.784234e-01 3.069940e-01 6.401926e-02 -3.933904e-01 -2.167878e-01 -4.748079e-02 2.662961e-01 4.892534e-02 2.757359e-02 -4.995027e-01
4.426758e-01 1.584060e-02 3.860441e-01 -6.874875e-02 1.691390e-02 1.371839e-01 -3.573335e-01 5.125380e-02 6.026017e-02 2.733120e-02 -3.333312e-01 -1.092765e-01 1.493720e-01 -7.666614e-03 3.110269e-01 -2.959306e-01 -1.835585e-01 -1.631761e-02 3.121580e-01 1.383399e-01 1.094990e-01 1.104575e-02 -4.460713e-02 8.497314e-02 -7.900740e-02 -3.080250e-01 -6.695217e-01 3.047926e-01 7.789018e-02 -1.444861e-01 2.080468e-01 -1.763352e-01
2.404491e-02 -1.474630e-02 -1.659681e-01 6.553026e-01 -1.451236e-01 3.700439e-03 3.196902e-02 -5.478979e-02 -8.171578e-02 4.140288e-01 -2.139650e-02 2.790480e-01 -2.196261e-01 -2.374311e-01 -1.452642e-02 1.233124e-01 3.310704e-02 -1.801939e-01 -1.214619e-01 6.356870e-02 3.658986e-01 1.100914e-01 -4.364569e-02 2.883138e-02 -3.297720e-02 3.568245e-01 -6.575701e-01 -1.874146e-01 1.534142e-01 1.074035e-01 -1.525166e-01 1.130057e-01
-2.419715e-01 -1.146475e-01 5.919468e-02 -2.275569e-01 -5.682147e-02 8.666467e-03 -3.597958e-01 1.762356e-01 -1.197922e-01 7.239971e-02 -1.102039e-01 6.255183e-01 2.724712e-01 2.745736e-01 -3.133161e-02 -1.708384e-01 -1.575924e-01 4.797604e-02 -2.968007e-01 7.042781e-02 9.220833e-02 -1.708375e-01 1.798076e-01 3.326238e-01 -4.636970e-01 -2.971325e-01 -4.593343e-01 4.243777e-02 5.222706e-02 -3.002474e-01 3.018061e-02 1.597649e-01
2.073255e-01 -3.738699e-01 1.020534e-01 2.566088e-01 1.177348e-01 5.130002e-02 3.756132e-01 3.567746e-02 2.625486e-01 3.094181e-01 3.237725e-01 -2.326065e-01 -2.615505e-01 9.531454e-02 -2.135166e-01 -2.708609e-01 9.396376e-02 -1.462844e-01 1.894616e-01 -2.091148e-01 -1.395801e-01 2.629916e-01 -1.686456e-01 4.656645e-01 1.574638e-01 1.189787e-01 2.736644e-01 -1.098243e-01 3.115855e-02 5.523662e-01 -1.932998e-02 5.972426e-02
3.795719e-01 2.632075e-01 4.566983e-02 3.813528e-01 7.023390e-02 3.383791e-01 1.792262e-01 1.112661e-01 -7.889666e-02 6.293486e-02 4.058894e-01 2.551359e-01 7.674930e-02 2.502137e-01 1.016903e-02 2.509795e-01 1.378619e-02 4.479815e-02 -2.131674e-02 -5.038215e-01 -3.579558e-01 -1.553764e-01 -2.424110e-01 -1.642883e-01 -2.246317e-01 1.700823e-01 -7.392677e-02 -2.950293e-01 8.492961e-02 -1.730121e-02 4.883895e-01 6.574295e-02
-6.226847e-02 -1.626922e-01 -3.419693e-01 2.485097e-01 1.359523e-01 -1.208798e-01 -1.742803e-01 -1.176486e-01 2.402020e-01 4.146161e-01 -3.109810e-01 1.110232e-01 -2.227584e-01 -2.766061e-01 -1.246671e-01 -2.374053e-01 -5.204528e-02 6.710344e-03 -1.192932e-01 -1.268903e-01 -3.221708e-01 -3.824418e-01 -2.924176e-01 9.300146e-02 1.557109e-01 7.399005e-02 4.302202e-01 -3.162583e-01 1.758698e-01 -2.275283e-01 -2.109765e-01 1.129053e-02
-2.148188e-01 -3.011082e-01 -8.069862e-02 5.178483e-01 -1.831849e-01 3.908326e-02 2.922413e-01 -1.233060e-01 9.456422e-02 -2.206058e-01 -3.839378e-02 1.384839e-01 1.764674e-01 4.204473e-02 3.074113e-01 3.526573e-02 7.492639e-01 -1.627282e-01 1.347549e-01 3.225114e-01 -1.355152e-02 4.289743e-02 -1.504152e-01 3.360465e-01 -8.601360e-02 4.742812e-03 -4.060424e-02 7.649817e-02 1.755676e-02 -1.853431e-01 -9.726252e-02 -9.459297e-02
6.384308e-02 3.467586e-01 -4.506141e-02 3.438912e-01 -4.408565e-02 1.698329e-01 -1.682526e-01 1.094452e-01 3.729789e-01 -2.476495e-01 4.391080e-01 -8.767319e-02 7.299183e-02 2.714201e-01 -3.989798e-02 -1.964059e-01 1.116919e-01 -8.039775e-02 -1.651411e-01 1.331941e-01 4.808715e-02 1.026143e-01 -5.251620e-02 -9.508701e-02 -7.203048e-02 -6.293191e-03 -3.022986e-01 -3.136150e-01 -3.556022e-01 1.287753e-01 -5.999289e-01 -1.657116e-01
5.492667e-01 8.451350e-03 3.048392e-01 -4.355220e-02 1.174004e-01 5.946705e-02 -9.841163e-03 1.626540e-01 -3.698426e-01 -2.034840e-01 -1.118842e-01 -2.511225e-01 -2.390247e-01 1.161267e-01 3.907724e-02 -9.950111e-02 1.629198e-01 9.862867e-03 -1.098217e-01 1.205039e-01 -1.400973e-01 4.094829e-02 4.033953e-01 3.323929e-01 -1.302480e-01 -2.347102e-01 -2.950404e-02 2.672080e-01 -3.214349e-01 -1.557619e-01 2.696836e-01 5.655635e-02
-2.001711e-01 4.785803e-01 6.470650e-03 2.622564e-01 -9.896348e-02 4.093453e-02 -1.066152e-01 7.953364e-02 -6.907335e-02 2.634730e-01 2.396584e-01 1.156776e-01 -1.205958e-01 -1.879036e-01 2.641671e-01 4.265093e-02 4.409723e-02 -2.349996e-01 -1.569338e-02 -3.196482e-01 -3.848259e-02 3.542499e-01 1.623259e-01 7.856616e-02 1.581535e-01 2.060664e-01 3.636484e-01 9.897608e-02 1.424463e-01 3.496464e-02 1.882997e-01 -3.505358e-01
-3.203914e-01 -1.696009e-01 -7.280169e-02 3.225474e-01 3.454817e-01 -6.772679e-02 2.992206e-01 2.019988e-01 4.338237e-01 -8.892937e-02 -1.655609e-01 -7.840937e-02 -2.946869e-01 -5.397847e-02 -1.594950e-01 -8.150514e-02 -5.758546e-02 -6.540722e-02 -2.075475e-01 -6.764623e-02 -1.994302e-01 -3.359027e-03 3.983382e-01 6.053893e-03 2.161612e-01 -6.076038e-02 2.157905e-01 -3.516541e-02 3.695966e-01 -3.562598e-01 -2.709642e-01 -4.504747e-01
2.949809e-01 2.643420e-01 -6.409146e-03 3.292355e-01 1.083594e-01 3.853498e-01 5.066380e-02 -3.388914e-01 -3.053735e-01 -3.246508e-01 7.526770e-02 -1.457958e-01 2.930435e-02 -1.668551e-01 4.008622e-02 -6.479377e-02 2.754365e-01 -4.741918e-02 -4.496599e-02 3.100645e-01 9.213422e-02 -1.098390e-01 2.656832e-01 5.652329e-02 -4.881555e-01 -9.442008e-02 -8.166822e-02 3.682744e-01 -2.548234e-01 1.768042e-01 2.066697e-01 -1.299530e-01
4.431544e-01 -1.321432e-01 9.701832e-02 7.237330e-02 4.446851e-01 -2.379490e-01 1.613351e-01 1.584684e-01 3.391651e-02 -1.518719e-01 1.138447e-01 6.323354e-02 4.646490e-01 8.903506e-02 -8.719349e-02 -1.287533e-01 2.719997e-01 7.610916e-02 -1.337863e-02 7.878067e-02 2.505944e-02 8.721794e-02 9.928501e-02 -3.464567e-01 -6.052700e-02 9.096570e-02 4.628120e-01 -9.288876e-02 -3.577586e-01 -3.682440e-01 -1.813423e-02 2.276068e-01
-1.857981e-01 -2.624040e-01 -1.977473e-02 -1.083640e-01 1.571416e-01 7.304130e-02 -4.429425e-02 3.784316e-01 2.159171e-03 -1.517606e-01 6.316543e-03 5.084518e-02 -3.579374e-02 -1.105966e-01 4.293028e-01 -3.558915e-01 -2.461839e-01 9.963276e-02 -1.551125e-02 -1.273827e-01 -4.729660e-01 4.213270e-01 -5.989749e-02 1.231996e-02 1.557101e-01 2.338974e-02 -3.082403e-02 1.763592e-01 4.219996e-02 2.424352e-01 5.851208e-02 4.498405e-02
-5.787492e-02 -3.715640e-02 1.072570e-01 6.763958e-02 -1.519034e-01 -1.438588e-01 -4.331400e-01 1.110710e-02 -2.284924e-01 -3.287292e-03 -1.648052e-01 6.433095e-01 8.159415e-02 3.717580e-01 -3.114000e-02 -5.876764e-02 1.259754e-01 -3.165606e-01 -5.818287e-01 2.963722e-01 -1.229636e-01 2.343467e-01 3.161178e-01 1.421550e-01 2.762919e-02 -2.045133e-01 2.466768e-02 5.200984e-02 -1.849737e-02 -1.553781e-01 -3.398202e-02 -3.096420e-01
1.979740e-01 -2.314790e-02 -8.608390e-02 4.645731e-01 2.745623e-01 5.018127e-01 6.893249e-02 9.953665e-03 -2.083964e-01 -1.249751e-01 2.816974e-01 1.752794e-01 5.652782e-02 1.718694e-01 -2.293742e-01 1.013984e-01 -7.842112e-02 -5.831678e-02 -2.605668e-02 1.129716e-02 -7.561888e-02 1.377090e-01 -9.224362e-03 3.839800e-02 -6.029940e-01 -1.950671e-01 -1.882538e-01 -1.487217e-01 9.835209e-02 2.948270e-01 -5.772345e-01 -3.317764e-02
-1.950702e-01 -3.405095e-01 -3.045494e-01 -2.440183e-01 -2.959275e-01 -6.040495e-03 4.191704e-03 5.496327e-01 -6.872322e-02 -1.652942e-01 -6.832094e-02 1.300491e-02 -1.482555e-01 -8.585209e-02 -2.292473e-01 1.357902e-01 3.361425e-01 -1.077874e-01 -9.131154e-02 2.471096e-01 -5.534749e-02 -3.775184e-01 -2.575830e-01 2.447533e-01 -1.743011e-01 4.761989e-02 4.360442e-02 2.055346e-01 3.519655e-01 1.973571e-02 -2.715751e-01 1.676072e-01
1.710199e-01 -9.516656e-02 3.627126e-02 2.229001e-01 5.560325e-01 -3.148395e-01 2.066706e-01 1.194320e-01 -4.363020e-02 1.499823e-01 3.700399e-03 -8.404299e-02 4.403425e-01 1.368608e-01 -5.159774e-02 -1.635493e-01 1.211191e-01 1.293966e-02 -1.289812e-01 1.377479e-02 -1.642596e-01 1.024631e-01 5.274116e-02 -2.645454e-01 -9.874117e-03 1.316871e-03 5.302122e-01 -1.692625e-01 -4.198824e-01 -4.552077e-01 -5.603137e-02 1.531058e-01
8.693739e-02 -1.056034e-01 -2.968222e-01 -2.820801e-01 1.765085e-02 -1.006557e-02 -2.397421e-01 -1.994114e-01 2.895043e-01 -5.284627e-03 1.565078e-01 -1.468564e-01 3.904694e-01 2.175186e-01 -1.314413e-01 4.551527e-01 1.796303e-01 -1.988556e-01 -8.689804e-02 -1.463834e-01 2.910634e-01 -1.186810e-01 -5.801136e-01 4.346929e-02 -5.307524e-02 3.013898e-01 3.168622e-02 -3.758151e-01 -8.821613e-02 1.761422e-01 -1.538476e-01 -2.449543e-01
-8.370033e-02 2.863192e-02 1.666486e-01 7.907260e-02 -6.636122e-02 -9.300821e-04 -1.317988e-01 6.553206e-01 -2.048019e-01 -1.963727e-01 -3.417472e-01 2.383556e-01 2.410004e-01 -4.794350e-02 1.253692e-01 1.789737e-01 -1.834521e-01 -4.953038e-02 -6.475006e-02 6.637484e-01 1.874888e-01 -2.029930e-01 7.983733e-02 5.594534e-02 1.251484e-01 -3.979319e-01 -8.892024e-02 -7.828481e-02 1.699942e-01 2.941869e-01 1.230738e-01 6.045286e-03
2.181704e-01 9.370477e-02 5.310995e-01 -7.377291e-02 4.863198e-01 -1.265445e-01 2.714210e-01 -8.414488e-02 -8.259480e-02 2.043355e-02 2.322052e-01 3.018318e-01 2.031779e-02 2.113379e-01 2.000680e-01 -4.557341e-02 2.036636e-01 2.147203e-01 -1.348558e-02 8.766502e-04 3.190109e-01 1.731461e-01 6.465454e-02 -2.125670e-02 -2.299006e-01 -1.943089e-01 -5.250853e-01 9.850708e-02 -3.455305e-01 -2.638266e-01 2.687423e-01 -1.892583e-01
4.872987e-01 3.434246e-01 2.559343e-01 -2.125957e-01 -3.684471e-01 -1.141603e-01 -2.153090e-01 -3.513614e-02 -2.539900e-01 -2.382450e-01 -1.299742e-02 -8.365852e-02 -1.302051e-01 -1.344803e-01 -3.760885e-02 1.112065e-01 1.812295e-01 -2.866982e-01 1.354660e-01 1.386084e-01 9.351793e-02 -2.393487e-02 -8.677403e-02 -2.049563e-01 -4.180875e-04 7.572882e-03 3.467829e-01 2.097101e-01 -7.042895e-02 1.104464e-01 -6.745026e-01 -5.659818e-02
1.218682e-01 5.993510e-01 -1.500535e-01 2.210543e-01 7.348312e-02 3.494062e-01 1.154183e-01 -7.056049e-02 -2.535575e-01 1.607249e-01 2.338885e-01 -4.071783e-02 -3.161817e-02 3.137219e-01 1.842971e-01 2.155228e-01 -8.756923e-02 -9.601768e-02 4.135267e-01 -3.841678e-01 -1.121210e-01 1.818303e-01 -6.492117e-02 1.243919e-01 -1.808470e-02 2.610009e-02 2.377192e-01 -2.737994e-01 3.454578e-01 1.703016e-01 -3.742353e-01 2.755416e-01
3.828416e-02 -2.925139e-01 5.005142e-01 -3.297538e-01 -3.730907e-02 -2.962894e-01 1.252342e-01 1.532652e-01 -8.037849e-02 -9.366379e-02 -3.876550e-01 -1.019840e-01 1.194756e-02 2.370088e-01 -6.126220e-02 -1.330006e-01 5.039921e-01 2.368653e-01 1.426313e-01 -1.898030e-01 -2.385887e-01 1.281025e-01 3.476722e-02 5.700975e-03 -9.709147e-02 -3.749252e-02 4.538101e-01 3.449261e-01 1.810446e-01 4.737154e-02 -4.210100e-04 1.033753e-01
-1.060256e-01 -1.253789e-02 -6.639542e-02 5.295470e-01 2.957887e-01 2.997719e-01 -3.405423e-01 -1.668337e-01 9.344425e-03 -4.062547e-01 -1.823413e-02 4.531537e-02 -2.467824e-01 4.494395e-02 -7.702975e-02 -1.010307e-01 5.013909e-01 3.227180e-01 -2.271373e-01 3.318028e-01 2.300263e-02 9.117783e-02 -5.337508e-02 -2.078084e-01 -1.359055e-03 -2.699195e-01 1.229588e-01 4.058221e-01 9.691336e-02 -1.136220e-01 1.444408e-01 1.241184e-01
-3.946488e-01 1.907627e-02 8.868014e-02 3.697303e-02 -3.567978e-01 -4.487041e-03 -2.462140e-02 1.118949e-01 -3.297221e-02 -9.274833e-02 -2.916787e-01 -9.728529e-02 -3.506250e-02 -2.098885e-02 5.894898e-01 -1.180538e-02 -2.640671e-01 2.719760e-01 3.785528e-02 5.385393e-02 1.575971e-01 -1.959859e-01 1.348878e-02 -7.365186e-02 2.196730e-01 3.913710e-01 -6.428689e-02 -2.604756e-02 -2.234086e-01 -6.754291e-02 5.835456e-02 5.050222e-01
3.590425e-01 -2.085163e-01 1.551610e-01 -1.075400e-01 2.799080e-02 1.239126e-01 3.385221e-02 -8.762022e-02 3.148259e-01 1.791923e-01 1.477980e-01 1.458475e-02 -4.603236e-01 -4.190351e-02 1.229111e-01 5.023498e-01 7.794948e-02 -5.024568e-02 2.362966e-01 -1.116008e-01 3.889960e-01 2.397401e-01 2.341318e-01 -4.050780e-02 -1.106928e-01 -8.933222e-02 2.724653e-02 7.859144e-02 -8.035997e-02 -6.735920e-01 -1.507898e-01 2.909273e-02
1.139285e-01 -1.453972e-01 -4.605795e-02 5.738421e-02 2.966198e-01 3.385354e-03 -8.543524e-02 4.983937e-01 9.266511e-02 -3.962987e-01 -5.731470e-03 -3.517177e-01 2.103324e-01 2.183806e-01 2.343155e-03 -3.210667e-01 3.428111e-03 9.572038e-02 -2.069703e-02 1.743215e-02 -3.689189e-01 -2.016290e-01 -1.008474e-01 1.573234e-01 3.186304e-02 -4.107433e-01 -7.677321e-02 2.114594e-01 -2.609405e-02 2.595391e-01 -4.951922e-01 -2.997972e-01
8.036190e-02 1.694156e-01 3.162481e-01 -9.334877e-03 1.935856e-02 -2.132997e-01 1.466844e-01 -1.096179e-01 2.338757e-01 3.818132e-01 -1.054772e-01 -2.000400e-01 4.502233e-01 -5.879390e-02 1.080677e-01 -3.226240e-01 -2.944193e-01 -2.012903e-01 -5.664164e-02 -8.898531e-02 8.795660e-02 2.541960e-01 4.595124e-02 2.967002e-02 -5.533286e-02 -2.896244e-01 9.516878e-03 -8.074751e-02 -3.176171e-01 -5.398151e-01 1.708856e-02 1.060461e-01
-4.557231e-02 -1.626850e-01 -1.575012e-01 -3.598925e-01 -1.223301e-01 -3.763647e-01 5.968327e-01 2.679909e-02 1.259761e-01 -1.225412e-01 -2.977248e-01 -1.412833e-01 -1.161054e-01 -9.539472e-02 4.587299e-02 2.269057e-01 -2.681488e-01 1.248791e-01 1.697928e-01 -3.623819e-01 2.321478e-02 -4.992475e-02 -3.226879e-01 3.451967e-01 2.414189e-03 3.855875e-01 3.502181e-01 -1.890720e-01 -2.037952e-01 2.225620e-02 1.376375e-01 -7.927847e-02
2.708575e-01 -1.256973e-03 6.309709e-02 -3.684764e-02 5.857034e-01 3.606354e-02 -7.090418e-02 2.510929e-02 4.646168e-02 1.986152e-02 3.199499e-02 -2.702885e-02 5.763279e-01 1.653759e-01 -3.260398e-02 1.990947e-01 1.323226e-01 4.492340e-02 -1.394640e-01 -3.544388e-02 -1.309787e-01 -1.356128e-01 2.008163e-01 -3.043595e-01 -7.245231e-02 -2.344344e-01 3.419471e-01 -1.917380e-01 -3.650616e-01 -4.161306e-01 -1.166300e-01 3.697333e-01
-1.868750e-02 -9.488825e-02 4.399396e-01 -3.257426e-01 -3.646158e-03 6.472620e-02 -1.443558e-01 4.041521e-04 -1.891590e-01 2.596433e-01 2.187896e-01 1.211270e-01 -2.523234e-01 3.545223e-01 1.104580e-02 6.045187e-02 -5.475749e-01 1.065958e-01 -3.446446e-01 -3.848737e-01 -1.328372e-02 -1.205103e-01 1.583104e-01 -4.746323e-01 2.152875e-01 6.641804e-02 2.632943e-02 -4.897397e-02 2.103418e-02 1.028906e-01 5.515234e-02 1.724140e-02
-7.043634e-02 5.888462e-03 2.419198e-01 -1.414652e-01 -7.403146e-02 -4.345645e-02 4.122542e-01 -2.967622e-01 -7.764733e-02 1.951195e-01 -3.806019e-01 4.880273e-01 -8.778872e-02 -2.240696e-01 -1.919535e-01 7.260272e-02 -8.114741e-02 -4.229801e-01 2.655012e-02 -2.123113e-02 -3.826392e-01 -1.193772e-01 -3.840739e-02 3.698982e-01 -2.426597e-01 4.363907e-02 -4.481448e-01 7.784534e-02 1.898638e-01 -1.062496e-01 6.948191e-02 1.521135e-01
5.415366e-01 1.144390e-01 2.384559e-01 1.865505e-01 -3.068274e-01 2.494185e-01 -9.412664e-02 -3.063020e-01 -1.925622e-01 -3.518007e-01 1.127557e-01 6.137066e-02 3.619463e-02 -5.907631e-02 2.031377e-01 1.441748e-01 -2.533000e-02 1.472801e-01 -2.340961e-01 2.026850e-01 7.055398e-01 -2.844846e-01 1.714394e-01 -2.631184e-01 8.152582e-03 -1.619481e-02 -5.670128e-02 -1.953052e-02 2.924471e-01 -5.347085e-02 2.030451e-01 1.325237e-02
-1.734781e-01 -1.642978e-01 1.852328e-01 -2.186364e-01 -1.029614e-01 -7.518928e-02 -3.827961e-01 1.665421e-01 -2.646149e-01 -1.596909e-01 -1.488375e-01 5.920044e-01 2.500786e-01 -6.808091e-03 1.121025e-01 -1.304824e-01 -1.290888e-02 8.243877e-02 -4.180153e-01 1.662223e-01 1.177079e-01 -2.178377e-01 2.792591e-01 2.948153e-01 -3.205711e-01 -2.630081e-01 -3.544077e-01 1.645542e-01 6.856255e-03 -3.890420e-01 -9.333964e-03 9.340152e-02
6.279756e-02 4.603867e-01 9.900034e-02 -2.428423e-01 2.311316e-01 -3.890845e-02 -3.476490e-01 -2.746344e-01 -3.566566e-02 5.366841e-02 -1.279809e-01 -1.688986e-01 -1.764862e-01 2.673547e-01 -1.824144e-01 -3.007728e-01 -5.833027e-01 6.076404e-02 -1.501241e-01 -2.204750e-01 -1.510980e-01 1.739206e-02 6.085314e-02 -4.643369e-01 -1.452490e-01 4.187515e-02 5.554690e-02 -4.319369e-02 -7.627107e-03 3.678438e-01 1.709297e-01 4.637801e-02
8.096422e-02 -7.764284e-02 -7.081135e-02 8.867529e-02 2.048436e-01 1.596485e-02 7.109866e-01 -3.549959e-03 3.025388e-01 -7.909966e-02 1.533543e-01 -3.818795e-01 -1.000043e-01 -1.822967e-01 -2.034095e-01 -1.978436e-02 -1.313420e-01 2.552703e-01 4.977751e-01 -8.803221e-02 -5.581772e-02 -6.217928e-02 -3.709459e-01 -1.643410e-01 -1.513097e-01 2.419416e-02 2.347287e-01 -7.965212e-02 2.927323e-01 3.856391e-01 -7.842396e-02 2.506950e-01
-1.201662e-01 -2.284568e-01 4.867644e-01 -2.550160e-01 -8.715700e-02 -9.794310e-02 2.959058e-01 -2.400870e-01 -1.191773e-01 1.878732e-01 -4.079126e-01 1.972634e-01 3.377289e-03 -1.999801e-02 -9.573984e-02 -2.880669e-02 1.398023e-02 9.630592e-02 -1.183324e-02 -2.980384e-02 -9.690197e-04 1.520678e-01 1.518543e-01 1.040665e-01 1.233196e-01 1.854499e-01 8.821784e-02 1.096644e-01 7.590018e-01 -5.042483e-02 1.251450e-01 1.826343e-01
-9.591182e-02 -3.007109e-01 -3.817426e-01 7.042976e-02 -3.855386e-02 1.723648e-01 -8.560631e-02 -1.152716e-01 -5.538449e-02 -4.616357e-03 4.803782e-01 7.033105e-02 -4.690022e-02 4.227760e-01 -3.565893e-03 -1.574053e-01 -5.003684e-02 -1.323069e-01 -2.971040e-02 -3.303817e-01 6.257220e-02 -3.906051e-02 -5.799679e-01 7.222569e-02 1.507986e-01 5.942626e-02 -1.179288e-01 1.177602e-01 4.626794e-01 -1.122070e-01 6.993836e-02 -2.373554e-01
-2.158566e-01 8.581666e-02 -8.068167e-03 7.849911e-02 -1.762005e-01 1.462502e-01 3.864477e-01 4.230035e-01 -8.857096e-03 1.974137e-01 -2.672809e-01 2.859209e-01 -2.512999e-01 -2.427877e-01 -7.413263e-02 -3.382873e-01 1.857143e-01 1.509421e-01 4.562259e-01 -8.846209e-02 -1.055263e-01 4.785213e-01 2.048632e-01 1.055568e-02 2.628384e-01 1.505939e-01 -9.795407e-02 1.823728e-01 4.256862e-02 -1.351124e-01 2.177773e-01 2.114210e-01
1.495349e-01 1.689814e-01 -1.395540e-01 2.129436e-01 -1.866058e-01 3.988076e-03 2.012079e-01 2.720095e-02 -2.219567e-01 4.714421e-02 -2.165280e-01 -3.772883e-01 5.892944e-01 -3.317071e-01 -1.234877e-01 -1.963882e-01 -4.659002e-01 -1.133096e-01 -6.221172e-01 2.133802e-01 -3.117945e-01 -2.322580e-01 5.554245e-03 1.358077e-01 -2.549037e-02 3.929507e-02 1.918874e-01 -2.312742e-02 -2.157686e-02 1.871115e-01 1.595150e-01 6.965543e-02
-2.103633e-01 -3.552954e-01 5.490556e-01 1.874340e-02 -2.035859e-01 5.300947e-03 -2.095140e-01 -5.585003e-02 -2.129108e-01 -4.851744e-02 1.582622e-01 -1.666720e-01 1.808053e-02 2.734285e-01 3.193896e-01 -7.187402e-02 -9.325670e-02 1.476067e-01 -1.303912e-01 -3.724439e-02 -1.729971e-01 3.855151e-01 1.417026e-01 -3.266507e-02 -2.141216e-01 -2.538040e-01 -2.124391e-01 1.954678e-01 -4.098516e-02 5.549682e-01 2.342308e-01 2.863774e-01
1.756781e-01 -2.332231e-01 -7.156882e-02 -1.579836e-01 1.898064e-01 -1.383801e-01 -1.081743e-01 1.843197e-02 1.728080e-01 2.737720e-01 -1.506439e-01 -6.767070e-03 2.297429e-01 3.088597e-01 -1.466217e-01 5.606506e-01 1.505464e-02 -1.728138e-03 1.607959e-01 -1.368512e-01 -2.638090e-01 7.065434e-02 4.813160e-01 2.489907e-01 2.046355e-01 -1.325277e-01 7.181844e-02 2.197377e-01 -1.838396e-02 2.894261e-01 -3.400680e-01 -3.360445e-01
-1.350697e-01 -3.877151e-01 -2.457246e-01 -2.816398e-02 2.580756e-01 4.736002e-01 -2.043855e-01 -5.075121e-04 8.443926e-02 1.443095e-01 2.428418e-01 -4.819409e-02 -3.186548e-01 -3.358017e-01 -1.661208e-03 -1.093892e-01 9.744184e-02 7.210089e-02 -5.963289e-01 7.674330e-02 2.151375e-03 -6.684869e-02 -8.342004e-02 1.546140e-01 -4.737373e-02 3.265164e-02 -1.292621e-01 3.413096e-01 -1.946529e-01 -3.856018e-01 2.130339e-02 -3.102753e-02
-3.395766e-01 -3.770922e-01 8.134373e-03 -1.324923e-01 3.829420e-01 4.088756e-01 -1.354439e-01 -4.463269e-02 1.445031e-01 1.858018e-01 -5.825346e-03 -8.286029e-02 -2.758946e-01 -1.460298e-01 -1.852123e-01 -1.312320e-01 6.118622e-04 -1.256619e-01 -7.960846e-02 -1.214327e-03 5.937782e-02 -1.911095e-02 1.282183e-03 5.545252e-01 2.132206e-01 9.236730e-02 -1.423801e-01 2.877435e-01 -4.465462e-01 -2.214056e-01 -6.080332e-02 1.929215e-02
-3.948265e-01 -3.627666e-01 1.940500e-01 2.090696e-02 8.975852e-02 -3.434888e-02 2.635592e-01 5.087580e-02 -8.958608e-02 1.029337e-01 1.782898e-01 4.238728e-01 3.735309e-01 -1.874437e-01 -3.290154e-01 6.334126e-03 -2.119022e-01 2.742183e-01 7.188678e-02 -4.588733e-01 -5.994036e-02 2.207728e-02 5.818629e-01 7.753959e-02 -3.095064e-02 -1.049678e-01 -2.334963e-01 1.418645e-01 -9.520725e-02 -1.852462e-01 3.104999e-01 2.814921e-02
-7.393113e-02 1.609248e-01 4.976988e-01 1.731040e-02 -7.640950e-02 1.811238e-01 3.069896e-01 2.598960e-01 -2.154743e-01 5.203889e-02 -3.407266e-01 9.183042e-02 -2.657273e-01 -1.437992e-01 2.661649e-01 -2.356277e-01 1.099179e-01 2.584066e-01 4.167675e-01 1.592168e-02 2.303674e-01 3.501906e-01 6.772985e-02 -6.202336e-02 4.228411e-01 -2.013667e-01 -1.054410e-01 2.064329e-01 -7.285757e-02 -2.303094e-01 3.230984e-01 1.470638e-01
5.367596e-01 3.889475e-01 -4.339366e-01 -1.015746e-01 -2.594358e-02 5.658198e-03 8.361067e-02 3.172724e-02 5.239627e-02 -7.176729e-02 -2.056345e-01 -3.356338e-02 1.703134e-01 -2.458988e-01 -2.449722e-01 7.107089e-02 1.612646e-01 -4.612759e-01 -7.250976e-03 1.640024e-01 -2.279664e-02 -2.612002e-01 -3.216692e-01 3.228270e-02 3.605572e-01 2.076271e-01 -1.477009e-01 -1.068334e-01 7.630392e-02 -3.700400e-01 -5.117771e-02 -8.837789e-02
4.333705e-01 -1.744800e-01 -1.479966e-01 1.895882e-01 1.956419e-01 -2.817800e-02 1.413941e-01 5.290758e-01 -1.861766e-01 -1.234969e-01 -9.766096e-02 5.242819e-02 3.065419e-01 2.059793e-01 -2.431794e-01 5.163535e-02 2.946531e-01 1.291344e-01 -7.266808e-02 -1.015598e-01 3.116303e-01 1.669407e-01 -2.774006e-01 -8.480542e-02 -2.799369e-02 1.145662e-01 3.791060e-01 2.116852e-02 -2.299801e-01 -4.824973e-01 1.573133e-01 2.295858e-01
5.843986e-01 3.986306e-01 4.642578e-02 -6.626945e-02 -3.865331e-01 -3.148982e-01 -6.989973e-02 -3.694539e-02 7.702618e-02 -7.224078e-02 -2.153768e-01 -2.264728e-02 1.832874e-01 1.145449e-01 2.549434e-02 -4.077455e-02 -6.638842e-03 4.362318e-01 2.117456e-01 -6.541222e-02 8.696251e-02 -2.059036e-02 9.243874e-02 -3.251491e-01 -1.430840e-01 -4.827512e-02 -2.461084e-01 -6.069655e-01 6.392330e-02 2.648649e-02 2.027862e-02 4.924770e-02
4.571148e-01 -6.713345e-02 -3.733605e-03 -3.940804e-02 3.694610e-01 -1.044005e-02 7.589536e-02 3.286498e-01 -2.925722e-02 -2.542421e-02 5.758277e-02 8.829148e-02 2.382813e-01 8.960661e-02 -3.223027e-01 3.754241e-01 1.701673e-02 -1.450624e-01 1.607016e-02 -5.992312e-03 -2.769244e-01 2.260103e-01 2.556754e-02 6.201768e-02 -1.247788e-01 -2.914575e-01 1.158700e-01 1.075140e-01 4.034336e-01 -1.138019e-01 -1.605786e-01 -5.327786e-01
-1.138532e-01 -8.739027e-02 5.822344e-01 -3.569021e-01 -2.255607e-01 -3.193246e-01 -3.551482e-02 -3.039018e-02 2.796846e-01 -1.165788e-02 -1.012851e-01 -1.666475e-01 -2.198973e-02 -2.283941e-01 1.602845e-01 -2.355051e-01 1.906213e-01 -1.904079e-01 -2.721834e-01 1.992189e-01 2.398304e-03 1.407726e-02 2.739885e-01 1.343221e-02 -2.499631e-01 -2.010241e-02 -5.076699e-01 2.019837e-01 -5.816806e-02 -1.578439e-01 3.504341e-01 -4.011503e-01
3.738849e-02 7.856672e-02 5.292452e-01 2.047834e-01 3.460858e-01 1.959230e-01 2.376382e-01 -5.758484e-02 -3.547952e-03 -3.052508e-01 3.897127e-01 -1.348202e-01 -3.839599e-02 -1.335323e-01 2.712562e-01 6.553432e-02 -1.630978e-01 9.992059e-02 -3.209167e-01 2.231359e-01 -5.445272e-02 2.173159e-01 1.156312e-02 5.333661e-01 1.633408e-01 1.835577e-01 -3.100685e-01 -1.078393e-01 -1.725612e-01 2.891403e-01 1.061279e-01 2.032986e-01
9.723185e-02 -4.711860e-02 3.515151e-01 -1.517441e-01 -2.450068e-01 -4.120835e-02 1.631068e-01 3.560790e-01 -1.542116e-01 7.913382e-02 -3.405457e-01 -1.905180e-01 -8.316135e-02 -3.328319e-01 2.062702e-01 2.172528e-01 3.116089e-01 2.901270e-02 1.658211e-02 1.488531e-01 -2.521423e-01 1.559668e-01 2.629204e-01 -1.946470e-01 -2.072980e-01 -1.279268e-01 2.346539e-01 8.706038e-02 -5.261136e-02 -4.443422e-01 8.910552e-02 1.358241e-01
3.539163e-01 3.715959e-01 -1.029092e-01 2.143859e-01 -9.633613e-02 -2.397220e-01 3.886319e-01 -7.006035e-03 -1.718315e-01 5.232220e-02 -1.615752e-01 -3.854386e-02 5.185360e-01 3.398510e-02 -1.209418e-01 -1.627487e-01 -3.708472e-01 8.897625e-02 -1.237229e-02 -8.815101e-02 1.219888e-01 1.268572e-01 4.609045e-01 -3.493417e-02 4.656722e-02 -3.779072e-02 -3.700147e-01 1.960243e-01 -3.605702e-02 -1.680818e-02 -4.990329e-01 1.106163e-01
-1.401620e-01 -3.174728e-01 7.920472e-02 -3.335523e-01 -2.122690e-01 -3.281809e-01 -6.990163e-02 -1.150905e-01 4.190392e-01 -1.237105e-01 -1.918119e-01 -1.402231e-01 -1.649088e-01 -3.192241e-01 1.559443e-01 -1.073812e-01 7.041577e-02 7.385645e-02 -3.930328e-02 5.980986e-02 3.969896e-02 -1.624885e-01 5.684717e-02 -4.687329e-02 6.410331e-01 9.897963e-02 2.288841e-01 2.131527e-01 -1.732142e-01 -2.125323e-01 4.864776e-01 1.141016e-01
1.012676e-01 5.528056e-01 3.775487e-01 9.411089e-02 2.929818e-01 1.730606e-02 -4.915541e-02 -2.107298e-01 2.431086e-02 6.760993e-02 -6.383293e-03 -1.422129e-01 1.899337e-01 7.443589e-02 4.576468e-01 -1.153208e-01 -3.109252e-01 1.067544e-01 2.681403e-01 -2.570325e-01 1.865927e-02 3.541587e-01 2.024407e-01 -4.455623e-01 2.172561e-01 -1.826401e-01 -2.211697e-01 -1.386550e-01 -1.187856e-01 -1.331604e-01 9.146199e-02 -2.904674e-01
1.542629e-01 3.677318e-01 -3.109469e-01 2.538606e-01 -2.320797e-01 -8.603776e-02 6.798262e-02 -2.043305e-01 5.857400e-02 8.235291e-02 -3.063097e-02 -1.173027e-01 -1.228271e-01 1.734796e-01 -2.035728e-01 5.160191e-01 2.143290e-01 -1.131594e-01 -5.584304e-02 5.272772e-01 2.544300e-01 1.813128e-02 5.590420e-03 -1.009698e-01 -3.794501e-01 -3.726033e-02 -5.841538e-02 -1.690072e-01 1.076332e-01 -7.167407e-02 -2.466773e-01 -3.175695e-01
1.560647e-01 1.913393e-01 -3.194773e-02 7.057340e-02 1.099338e-01 8.601863e-03 6.124446e-01 8.209570e-02 2.800597e-01 -6.892796e-02 1.126485e-01 -3.832951e-01 -9.679572e-02 -1.028058e-01 -4.234364e-01 -8.655131e-02 -1.764093e-01 2.201065e-01 4.213628e-01 -2.717217e-01 -6.375737e-02 -3.250836e-01 -1.374635e-01 -2.670776e-01 -1.956380e-01 1.318941e-01 2.820033e-01 -5.495594e-02 1.029735e-01 3.384562e-01 -1.694308e-01 4.874211e-02
-2.230413e-01 -2.658558e-02 1.811088e-01 -1.708225e-01 -7.912192e-03 1.490481e-01 -2.533183e-01 4.072073e-01 7.060017e-02 -3.423823e-01 -3.058153e-01 3.914417e-01 2.024134e-01 2.594020e-01 -1.718784e-01 -9.385876e-02 -1.502083e-01 2.694625e-02 8.017576e-02 3.507279e-01 -2.695873e-01 -1.025191e-03 -4.187000e-02 -3.023655e-02 2.742902e-01 -5.794544e-01 -2.067528e-01 -3.136598e-01 1.375909e-01 2.442418e-01 -4.454544e-02 1.348425e-01
-8.913486e-02 9.886485e-02 -8.084294e-02 -4.585132e-02 -3.650538e-02 -3.731928e-02 -3.022088e-01 -9.958155e-02 -1.150066e-01 -6.899747e-02 -2.422683e-01 6.771491e-01 9.609376e-02 3.995171e-01 1.096735e-01 -1.319860e-01 2.264430e-01 -2.628786e-01 -5.146484e-01 3.259351e-01 -1.942429e-01 7.703041e-02 2.459542e-01 1.618772e-01 3.362011e-02 -2.608756e-01 -2.292630e-01 1.104274e-02 -4.842537e-03 -3.645661e-01 -1.091421e-01 1.028871e-01
4.158007e-01 5.253393e-01 -2.853301e-02 2.365163e-01 2.557484e-02 1.817549e-01 1.027271e-01 2.261055e-01 -1.923147e-01 1.089225e-01 2.473422e-01 1.744703e-01 1.577122e-01 1.716553e-01 -4.267126e-02 2.083892e-01 -6.617583e-02 8.464935e-02 1.118098e-01 -6.898772e-01 -3.999261e-01 -9.790236e-02 -3.372299e-01 -1.504359e-01 -1.613262e-01 1.146478e-01 -1.003165e-01 -1.307463e-01 -7.312930e-02 -3.997858e-02 1.461537e-01 -3.491401e-02
-3.903339e-02 -3.215507e-03 1.516266e-01 -2.847972e-01 2.440668e-02 9.120092e-03 -3.144333e-01 2.723331e-01 -1.350268e-01 1.476690e-01 -2.949689e-01 5.527022e-01 3.593923e-01 8.129944e-02 1.651296e-01 -6.119730e-02 -1.647432e-01 4.099988e-02 -3.173478e-01 2.759184e-02 1.389925e-01 -2.345281e-01 2.155191e-01 1.970092e-01 -5.036281e-01 -2.884709e-01 -3.358285e-01 6.963428e-02 5.084744e-03 -3.053440e-01 3.316703e-02 -1.897337e-01
-6.578496e-02 -4.003658e-01 -7.679707e-02 3.318071e-01 -1.427752e-01 3.938392e-03 -2.848662e-01 5.393426e-02 -3.877048e-01 1.103824e-02 1.968152e-01 2.604086e-02 2.326216e-01 6.508468e-02 4.688753e-01 -1.483867e-01 -1.447320e-01 3.848781e-03 2.112667e-01 9.354182e-02 -9.309140e-02 -4.387438e-01 -1.636897e-01 3.613084e-01 1.198835e-01 2.878520e-01 -1.001065e-02 -1.753155e-01 -1.451299e-01 -1.507493e-01 5.112163e-01 -2.076657e-01
1.938185e-01 6.119112e-01 5.437754e-02 1.286392e-01 1.508197e-01 2.401212e-01 9.579288e-02 1.508569e-01 -3.476908e-01 -7.500007e-02 3.380348e-01 4.786602e-02 -3.260657e-03 2.372535e-01 -7.716380e-04 6.033898e-02 -3.703826e-02 1.374583e-01 -1.033331e-01 -6.997452e-01 -8.858724e-02 -2.106415e-01 -2.725263e-01 -2.222260e-01 -2.631681e-01 1.384605e-01 1.310596e-02 -6.156736e-02 -2.450006e-01 -8.324112e-02 1.309420e-01 -3.591548e-02
-2.783102e-02 1.441577e-01 -1.776053e-01 2.967806e-01 -7.905319e-02 -2.891282e-01 9.470980e-02 1.037768e-01 1.254953e-02 2.257656e-01 1.478331e-02 -1.242960e-01 -6.432092e-02 8.716875e-02 5.254456e-01 2.856687e-01 2.799074e-01 -5.323943e-01 -3.736440e-02 -1.747582e-01 -2.486151e-01 -5.306526e-02 2.694391e-01 -1.191190e-01 6.192046e-02 1.719708e-01 -1.326854e-01 -1.596838e-01 8.465119e-02 -2.492817e-01 1.380828e-01 -1.950165e-01
1.243264e-01 2.450936e-03 6.061843e-01 1.690673e-01 1.554530e-01 -5.378470e-02 1.773427e-01 1.429398e-01 -2.957769e-01 -1.953438e-02 -1.670911e-01 -9.884980e-02 -1.951102e-01 -3.134516e-01 1.479942e-01 -3.728760e-01 -2.044956e-01 9.288033e-02 2.223446e-02 6.047999e-02 -3.595594e-01 1.645324e-01 4.124138e-01 -1.277423e-01 3.458782e-02 -2.529702e-01 -2.415159e-02 6.254469e-01 4.511584e-02 -1.208109e-01 1.929198e-01 2.008159e-01
4.368660e-01 1.188674e-01 5.656092e-02 -1.870570e-01 -1.807938e-01 1.936789e-02 -3.022204e-01 -5.599032e-02 -3.617274e-01 1.031794e-01 1.930399e-01 2.207674e-01 2.537473e-01 2.973408e-02 2.238074e-01 -2.867914e-01 4.955074e-03 -8.182743e-02 1.401172e-01 1.606319e-01 4.076545e-01 -4.840244e-03 -2.841642e-01 -1.308218e-02 -6.995395e-02 5.292147e-02 -2.360071e-01 -1.030685e-01 -2.470052e-01 2.860878e-01 2.168943e-01 4.940416e-01
3.532412e-01 2.738815e-02 -3.255630e-02 3.043098e-01 4.991749e-01 1.097671e-01 6.389622e-02 -1.362850e-01 5.421994e-02 8.505524e-02 2.194924e-02 2.768313e-02 4.400300e-01 2.031708e-01 -3.044139e-01 -1.768740e-01 3.542749e-03 4.648724e-02 1.291552e-01 3.187332e-01 -2.382030e-03 -3.641154e-01 -1.063652e-01 -5.615144e-02 1.412737e-01 -9.675026e-02 3.263831e-01 -1.095227e-01 -2.684509e-02 -6.625478e-01 -1.101055e-01 5.544609e-02
8.716349e-02 2.269358e-01 -1.919568e-01 2.736897e-01 -2.072716e-01 8.018192e-03 -9.660944e-02 1.858133e-01 -2.871612e-01 2.805357e-02 -1.822021e-01 -3.373559e-01 5.720171e-01 -1.397693e-01 8.887816e-02 -3.100931e-01 -3.970512e-01 -1.174575e-01 -3.199994e-01 1.820598e-01 -2.224923e-01 -4.656781e-01 -2.698020e-03 2.060139e-02 1.290977e-01 1.098384e-01 9.652480e-02 4.785692e-02 5.281331e-02 4.236909e-01 -1.926032e-01 -3.312825e-02
1.600648e-01 -3.091451e-01 -1.613193e-01 -2.744204e-01 -7.226394e-02 -7.504044e-02 -1.717110e-01 -8.934812e-02 5.380310e-01 -6.981893e-02 -9.580104e-02 -1.797333e-02 1.970285e-01 -8.006064e-02 -1.855336e-01 3.325395e-01 4.237465e-02 -5.212398e-02 -1.167593e-02 3.333792e-01 4.324632e-01 2.104459e-01 2.031756e-01 5.233698e-01 2.635767e-01 -2.124850e-01 2.475450e-03 3.014857e-01 -4.535345e-02 3.447007e-02 -1.306203e-01 2.973820e-02
1.311575e-01 -1.377217e-01 -1.362558e-01 2.677648e-01 1.454090e-01 4.365399e-02 3.737223e-01 -1.114428e-01 4.268319e-01 1.995008e-01 2.520539e-01 -3.203586e-01 -2.777687e-01 6.549499e-02 -2.727778e-01 -1.561774e-01 2.403900e-02 -9.993581e-02 2.461261e-01 -2.668831e-01 -1.978217e-01 3.656252e-01 -2.741542e-01 2.992949e-02 3.593885e-01 1.394767e-01 1.810281e-01 -2.205373e-01 1.536712e-01 4.549691e-01 -3.740714e-02 -1.029330e-01
4.513253e-01 4.003141e-01 1.913355e-02 8.669225e-02 2.223475e-01 -2.797360e-01 -4.629497e-02 -1.542122e-03 -2.238769e-01 -6.447326e-02 -2.079750e-01 3.257480e-01 1.174640e-01 -5.252603e-02 3.647630e-01 -9.051417e-03 -2.027318e-01 4.307984e-01 5.384081e-02 -8.410733e-03 9.404723e-02 2.021727e-01 1.322973e-01 -5.544246e-02 4.421424e-01 -4.098272e-02 -3.917077e-01 -2.424427e-01 -1.025996e-01 -4.577469e-02 2.128670e-01 -3.548640e-01
-1.495376e-02 -2.027460e-01 -1.710156e-01 -2.662711e-01 3.828419e-01 2.130376e-01 -1.721376e-01 1.373979e-01 2.661246e-01 2.263028e-01 -3.056989e-01 -2.040568e-01 -1.578701e-01 1.581852e-01 3.318196e-01 -2.563328e-01 -6.144497e-01 3.638619e-01 -5.479231e-03 1.087227e-01 -7.428333e-02 3.455443e-02 -4.034294e-02 2.368674e-01 4.908126e-02 2.799719e-01 -2.906092e-02 -1.291500e-01 -3.193319e-01 -1.556531e-01 1.652309e-02 2.028582e-02
-7.459168e-02 -1.502127e-01 -3.817273e-01 2.903225e-01 -5.270060e-02 -9.890818e-02 -8.613242e-02 -1.999050e-01 1.029844e-01 -2.959045e-01 2.741536e-01 4.607822e-01 1.262561e-01 2.982610e-01 -3.367241e-01 -5.308899e-02 -9.648570e-02 -5.649976e-01 -2.456918e-02 -1.322633e-01 -2.034493e-01 -1.216382e-01 -9.810631e-02 7.717111e-02 -2.498460e-01 3.679158e-01 1.870073e-01 3.064982e-02 1.077522e-01 4.172713e-01 -2.768890e-01 -9.270343e-02
-1.122863e-01 2.007609e-02 4.226199e-01 -1.254056e-01 -2.213949e-01 -1.465684e-02 2.476151e-01 -3.331600e-01 -1.296025e-01 3.313310e-01 -3.612914e-01 2.906435e-01 -2.888180e-03 -1.189107e-01 -1.433823e-01 9.713974e-02 3.338686e-02 2.218263e-01 1.334290e-02 -2.244895e-02 3.367305e-01 1.838705e-01 -7.286223e-02 -1.115806e-01 -9.830831e-02 4.432264e-01 2.556564e-01 1.681820e-01 2.339474e-01 -7.471897e-02 3.357617e-01 3.160196e-01
8.112676e-02 5.942652e-02 6.257042e-01 1.315382e-01 2.491373e-01 2.225079e-01 1.399070e-01 3.781106e-02 2.796719e-02 -1.892600e-01 3.990229e-01 -2.573751e-01 -1.205458e-01 -1.502666e-02 3.318858e-01 6.510931e-03 -2.434529e-01 -1.415056e-01 -2.340958e-01 -6.062485e-02 -1.539744e-01 1.029062e-01 7.799047e-02 2.763906e-01 1.126190e-01 3.108516e-01 -2.700259e-01 -4.023747e-01 -3.697924e-01 1.648050e-01 -1.427708e-01 3.684457e-01
4.184576e-01 -3.437901e-02 8.169003e-02 1.910833e-01 4.143985e-01 4.122402e-02 1.402905e-01 -2.755027e-01 1.246331e-01 6.802901e-02 1.951796e-01 1.737028e-01 4.214420e-01 5.383865e-02 -3.372868e-01 -2.607210e-01 -1.957061e-01 -4.681588e-02 1.928087e-01 3.077013e-01 -5.518190e-02 -3.153121e-01 1.032057e-01 -5.093831e-02 2.620842e-01 -2.429619e-01 3.062290e-01 -4.527299e-02 -1.134471e-01 -5.373155e-01 -3.046145e-01 1.341687e-01
-1.180110e-01 -1.200834e-01 4.642102e-01 -3.105907e-01 2.084810e-01 -1.124936e-01 1.610287e-01 1.286906e-01 4.859351e-03 -2.229614e-01 -2.521686e-01 -2.555214e-01 1.772803e-01 3.532918e-01 -1.627699e-01 3.341202e-02 1.121857e-01 3.287220e-02 1.440446e-01 4.249273e-02 -2.010184e-01 1.027683e-01 9.678730e-02 -1.904550e-01 2.836006e-02 -4.908516e-01 4.686623e-01 1.585677e-01 -3.209906e-01 5.313127e-02 1.097949e-01 2.062313e-01
1.571250e-01 1.402359e-01 2.698882e-01 -2.788944e-01 -3.542332e-01 -1.539241e-01 6.666201e-02 1.299877e-01 -1.266811e-02 4.900343e-01 9.798461e-02 3.703774e-02 1.977010e-01 -7.737792e-02 2.243185e-02 1.784773e-01 -4.712621e-01 -4.340620e-01 6.115716e-02 -4.027720e-01 -1.326764e-01 -4.001404e-02 -2.390981e-02 6.567043e-02 1.578890e-04 2.207542e-01 -1.535318e-01 -2.901832e-01 -1.044212e-01 1.887315e-01 -8.664632e-02 -8.816087e-02
-1.463313e-01 -2.995338e-01 1.699316e-01 -9.244172e-02 -1.745711e-02 1.401757e-01 -7.470146e-02 -3.282110e-02 3.979298e-01 2.512513e-01 2.146055e-01 -1.462744e-01 -3.978184e-01 -2.145691e-01 6.897808e-02 4.284241e-01 7.850451e-02 4.539282e-03 1.007344e-01 -1.256572e-01 3.509491e-02 2.285110e-02 -3.481064e-01 4.838972e-03 1.249717e-01 3.547338e-02 7.407325e-01 -1.939576e-02 2.256170e-02 2.638349e-02 1.510980e-01 -1.370534e-02
4.965272e-01 1.844014e-01 -2.330552e-01 -7.913928e-02 9.157597e-02 3.916231e-01 6.415811e-02 -3.334553e-01 -1.703334e-01 -3.225407e-01 -6.705627e-02 -1.567498e-01 -4.267726e-02 8.652456e-02 -2.444920e-02 3.059665e-01 -2.083468e-01 -1.723389e-01 -4.021204e-01 2.972653e-01 -2.877540e-02 -5.439883e-01 -6.981805e-02 2.570176e-01 -2.403781e-01 -2.499216e-01 -1.250243e-01 7.732796e-02 -1.679944e-01 3.179635e-02 8.618596e-02 2.172738e-02
-1.252595e-01 8.202528e-02 -1.803492e-01 2.060294e-02 3.077406e-01 6.641433e-02 -1.722202e-01 -3.094220e-01 1.708710e-01 -1.101943e-01 4.540119e-01 5.638688e-02 3.873400e-02 4.505573e-01 -1.763590e-01 -2.822987e-01 -2.642949e-01 -1.539320e-01 -4.475319e-02 -6.704177e-02 1.195574e-01 -1.496693e-01 -5.778787e-01 1.394553e-01 3.568574e-01 -9.914236e-02 -2.878624e-01 -1.159638e-01 8.054540e-02 1.858852e-01 -9.673344e-02 -8.283788e-02
-1.604433e-01 1.452245e-02 -1.183789e-01 2.251018e-01 2.900768e-02 6.476204e-02 3.165047e-01 -2.110327e-01 -2.969250e-01 -2.793913e-01 2.535158e-01 -5.253942e-02 -1.420507e-01 5.075936e-01 -4.075579e-02 1.884360e-01 6.194805e-02 1.334952e-01 1.780591e-01 -3.085729e-01 -2.714476e-02 -1.860338e-02 -1.959389e-01 7.269899e-02 1.730008e-01 7.078779e-02 4.476170e-01 -3.866714e-01 1.394964e-02 1.091193e-01 -2.548929e-01 2.367485e-01
2.735149e-01 5.414024e-02 -1.195327e-01 -2.497330e-01 -2.044893e-01 1.067792e-01 -2.671389e-01 1.460633e-01 -1.939531e-01 2.404295e-01 -4.932590e-02 1.919267e-01 4.774515e-01 2.698812e-01 5.552688e-02 2.190339e-01 -1.852778e-01 -2.162941e-01 -5.767348e-02 2.997613e-01 -8.811635e-02 -2.225961e-02 3.916181e-02 2.684323e-01 -1.621578e-02 4.050667e-02 -4.369445e-01 2.743648e-01 -9.018426e-02 3.946123e-01 -2.174267e-01 1.354887e-01
1.177322e-01 8.924638e-02 5.750569e-01 2.636835e-02 3.940971e-01 -4.237939e-03 1.817555e-01 1.443792e-02 3.048278e-02 2.557236e-02 -1.837058e-02 4.802484e-01 -1.482490e-01 1.998361e-01 2.916868e-01 1.503107e-01 4.338023e-02 5.140492e-02 1.027360e-01 -3.114486e-03 5.771165e-01 -8.221811e-02 2.953309e-01 2.144096e-02 -3.088878e-03 -1.363573e-01 -3.164344e-01 4.946597e-02 1.670148e-03 -3.713870e-01 1.697459e-01 -4.481532e-01
4.857464e-02 5.278561e-01 -1.410109e-01 -3.814065e-01 2.831646e-01 1.545660e-01 1.296896e-01 8.188106e-02 4.560172e-01 4.456895e-02 -1.712157e-01 -6.360972e-02 -1.290824e-02 -1.937993e-01 -1.939704e-01 1.698270e-01 1.097444e-01 -5.031447e-02 3.237814e-02 1.513857e-02 5.546783e-01 3.967355e-01 -1.420835e-01 -2.336528e-02 -2.055587e-01 -3.048802e-01 -1.372595e-02 1.460820e-01 1.625212e-01 -3.862604e-04 -4.018910e-01 1.086916e-01
-3.265839e-01 -1.378801e-01 -1.641607e-01 -2.169636e-01 -1.230481e-02 -8.594350e-02 3.228651e-02 2.290850e-01 -3.118815e-02 5.090253e-01 -2.456744e-01 1.794376e-01 4.663931e-02 -1.314906e-01 -1.302499e-01 3.757098e-01 3.639738e-01 5.754669e-02 7.731546e-02 -4.646781e-01 -9.356952e-03 2.302469e-01 -3.341205e-01 2.308057e-03 3.010930e-01 3.163057e-01 6.695512e-02 -5.524413e-02 1.483191e-01 -8.288637e-02 -6.778470e-02 1.709048e-01
1.970164e-01 5.696355e-01 6.836736e-02 1.729024e-01 4.225109e-03 3.676879e-01 1.231045e-01 1.773683e-01 -3.881188e-01 1.135189e-03 1.617390e-01 1.298085e-01 1.207919e-01 2.021010e-01 -6.930084e-02 2.066365e-01 -4.777714e-02 6.370481e-02 -6.083844e-02 -7.245517e-01 -2.457681e-01 -2.202466e-01 -2.061044e-01 -1.492176e-01 -2.992264e-01 2.311008e-02 -8.979160e-04 1.052139e-01 -2.465544e-01 -1.172802e-01 9.290288e-02 -1.135564e-01
8.872999e-02 4.845107e-01 2.876590e-02 -3.264425e-01 1.379775e-01 2.130261e-02 3.126954e-01 -2.581492e-02 3.693328e-01 -1.324067e-01 -2.133768e-01 4.120545e-02 -1.581565e-01 -5.276367e-02 -3.954391e-01 1.098112e-01 1.359461e-01 8.220860e-03 -2.028728e-01 -1.105243e-01 1.220881e-01 4.636987e-01 1.842424e-01 -3.486816e-01 -1.054706e-01 -2.958525e-01 4.475920e-02 1.628914e-01 1.125299e-01 1.762000e-01 -4.705386e-01 2.228442e-01
3.430220e-01 2.475075e-03 -2.423806e-01 6.430829e-02 -4.255004e-02 -9.371193e-02 -1.228076e-02 -2.831373e-01 2.368873e-02 -1.079132e-01 2.161901e-01 -2.906265e-01 -3.149669e-01 6.252091e-02 -2.316135e-01 2.450730e-01 -4.438426e-02 -1.416805e-02 1.083286e-01 -1.796369e-01 -2.334670e-01 1.642359e-01 1.565695e-01 -1.979067e-01 -3.356634e-02 3.382671e-01 1.556890e-01 -1.015112e-01 1.193358e-01 -4.928478e-01 -3.492635e-02 2.037581e-01
-7.019633e-02 1.129795e-01 -9.703673e-03 -8.411586e-03 -1.907622e-01 1.450292e-01 1.149892e-01 -1.950769e-01 6.217767e-01 2.130890e-01 -9.358701e-02 2.271601e-01 2.164192e-01 -8.077405e-02 2.606887e-01 2.442440e-01 -1.557682e-01 1.531881e-01 1.461725e-02 9.882309e-02 -6.629977e-02 9.027810e-02 -9.665702e-02 -3.369237e-01 1.158668e-01 2.660895e-01 3.190554e-01 -1.617917e-01 1.455923e-01 -2.424448e-02 -4.793001e-01 3.268752e-01
-1.621069e-01 4.293105e-01 -1.024572e-01 -2.358275e-01 -5.556062e-02 -4.723302e-02 -3.174054e-01 -2.586892e-02 -3.084975e-01 -2.475934e-01 -3.422665e-01 1.935361e-01 2.409971e-01 -2.670585e-02 2.507901e-01 3.041018e-01 -1.329843e-01 1.226150e-01 -1.280070e-01 2.848731e-01 1.375012e-01 -2.786504e-01 1.279843e-01 -4.113756e-01 -1.889392e-01 -1.129728e-01 -2.820290e-01 6.075351e-02 -6.388634e-02 -4.918106e-01 -1.933351e-04 -1.669314e-01
2.213089e-01 6.822294e-01 1.568645e-01 -1.042329e-01 4.030186e-02 2.182330e-01 -1.013583e-01 -3.140259e-01 -4.149734e-01 -1.804158e-02 -3.028769e-02 3.943056e-03 1.106043e-01 -1.189514e-01 1.855275e-01 -3.068524e-02 4.590962e-01 9.856388e-02 -1.429395e-01 -9.082744e-02 -1.112603e-01 -4.866856e-01 1.080009e-01 3.051366e-02 -4.002453e-01 1.957752e-02 -2.141523e-02 4.369241e-01 -1.121603e-01 -2.340882e-02 5.656880e-02 -1.804570e-01
4.917839e-02 5.041678e-02 6.304119e-01 1.104826e-01 -1.046697e-01 9.885455e-02 2.368207e-01 1.077905e-01 4.407976e-02 3.505136e-02 1.517345e-01 -4.800493e-02 -3.690387e-01 1.415559e-01 4.127873e-01 -1.163732e-01 -5.372345e-01 7.043137e-02 -1.056127e-02 -1.655304e-01 5.493456e-01 -1.653157e-01 -3.985120e-04 2.477957e-02 -1.025728e-01 3.159633e-01 1.297855e-01 -7.557434e-03 -1.558878e-01 1.313481e-02 -2.985995e-01 -1.538449e-01
3.269171e-01 3.255796e-01 -1.390342e-01 1.893599e-01 -1.069431e-01 -1.172463e-01 2.807063e-01 3.830462e-02 -2.152869e-01 8.535977e-02 -2.924992e-01 -5.985853e-02 5.632849e-01 1.833434e-01 -7.074513e-02 -2.218527e-01 3.214815e-02 3.492062e-03 -4.341746e-01 -8.674284e-02 1.185825e-01 4.638961e-02 5.170151e-01 8.569279e-03 3.289791e-02 -3.840329e-02 -4.981095e-01 1.290346e-01 -1.869058e-02 -1.655187e-02 -3.718857e-01 7.293361e-02
5.428394e-01 -1.207045e-01 -6.907724e-03 2.663937e-01 2.262238e-01 1.328176e-01 7.985054e-02 -8.094221e-02 -5.879268e-02 9.014475e-02 1.603896e-02 7.866882e-02 5.484971e-01 1.740735e-01 -1.898252e-01 -4.835657e-03 1.925250e-01 -8.540512e-02 3.409490e-02 2.895998e-01 1.231665e-01 4.547259e-03 -2.546330e-01 -6.743298e-03 2.734470e-01 3.431001e-02 2.901848e-01 -8.780501e-02 1.479008e-02 -6.512164e-01 7.695574e-02 -5.434524e-02
1.168147e-03 1.316943e-01 -1.884250e-01 -1.738117e-02 -4.224751e-02 7.126562e-02 -1.908992e-01 1.061653e-02 1.076060e-01 -1.525962e-01 6.604651e-01 -4.280319e-01 -6.320243e-02 1.886586e-01 7.337769e-02 8.155393e-02 3.714204e-02 2.907786e-01 -2.231562e-01 4.906326e-02 3.608836e-01 1.330808e-01 -2.552916e-02 -2.679820e-01 1.368808e-01 -2.862661e-01 4.534949e-01 1.195567e-01 -1.186907e-01 3.270551e-01 -5.082323e-02 1.445264e-01
-1.148781e-02 -2.130066e-01 1.654296e-01 -3.836563e-01 4.412997e-01 -4.049241e-02 2.761812e-01 3.288260e-01 3.206437e-01 1.872357e-01 3.077427e-01 -6.621859e-02 -1.907347e-01 -1.687648e-01 -4.218163e-02 1.957124e-01 1.004167e-01 6.685751e-03 -3.343363e-01 5.530730e-02 -1.388438e-01 1.425455e-01 2.761702e-01 -2.067536e-01 -7.694584e-02 -2.364980e-03 7.790916e-02 2.510927e-01 6.135350e-01 6.603317e-02 -4.098477e-01 -5.218802e-02
-1.792078e-02 2.470471e-02 4.752241e-01 -3.063301e-01 1.635172e-01 2.474166e-01 3.081332e-01 4.041082e-03 -1.114181e-01 -3.043332e-01 3.805151e-01 -3.639662e-02 8.168329e-03 8.515866e-02 1.181272e-01 2.102670e-01 -1.607437e-01 1.927425e-01 -2.728351e-01 2.935112e-01 -1.615725e-01 3.601993e-01 -4.159065e-02 5.242393e-01 -9.132046e-02 6.343384e-02 -1.122203e-03 -2.007321e-01 -1.434711e-01 1.806851e-01 -1.283088e-01 1.443576e-01
-1.442203e-01 6.219138e-02 1.325354e-01 9.677897e-02 -1.413148e-03 1.403348e-01 -3.165213e-01 5.801808e-01 -1.377636e-01 -2.817063e-02 -2.221208e-01 4.040807e-01 3.097395e-01 -9.468019e-03 9.837292e-02 -6.887650e-02 -1.878767e-01 -1.293481e-02 8.066224e-02 3.625107e-01 -3.034770e-02 -1.640330e-01 -1.661387e-02 -2.575759e-02 2.875472e-01 -6.219060e-01 -2.013541e-01 -2.498059e-01 1.382846e-01 2.667113e-01 -1.801063e-02 1.356690e-01
2.444835e-01 1.269924e-01 6.258993e-01 -1.695454e-01 3.415233e-01 -9.411339e-02 3.053050e-01 -2.851188e-02 -8.768786e-02 -1.293745e-01 -6.492679e-02 1.634527e-01 3.295811e-02 2.572488e-01 2.543348e-01 -7.726588e-03 7.502124e-02 1.250320e-01 8.499415e-02 -7.831277e-04 2.315218e-01 5.013525e-02 -6.738745e-02 -3.964706e-02 -3.762535e-01 -2.402328e-01 -5.127660e-01 1.683412e-01 -2.474069e-01 -3.985603e-01 2.676330e-01 -1.666198e-01
1.740118e-01 -7.982182e-02 6.412409e-02 -7.010215e-02 2.922026e-01 -2.751262e-01 -1.960726e-01 -3.953187e-01 -2.891529e-02 -2.514160e-01 1.810247e-01 -2.510396e-01 3.276954e-01 9.804435e-02 1.695735e-01 4.470631e-01 -1.765795e-02 -1.796282e-02 -6.089534e-01 2.091284e-02 -9.497160e-02 -3.258549e-01 -6.398764e-02 -7.595983e-03 -2.313944e-01 -1.397504e-01 3.607497e-02 -3.314495e-01 3.898899e-02 9.672816e-02 -3.589135e-01 -2.854683e-01
7.908316e-02 2.221085e-01 -3.313303e-01 8.355856e-02 -2.398993e-02 2.754904e-01 2.147652e-02 -2.404702e-01 -1.212576e-01 1.753879e-01 8.056840e-02 4.822511e-01 -2.158162e-01 -1.505431e-01 -2.199674e-02 -5.746974e-02 -5.203357e-02 1.229614e-01 5.243543e-02 -1.250448e-02 1.124588e-01 -1.478643e-01 -8.805775e-02 -6.401546e-02 1.319761e-01 3.097495e-01 -4.337620e-02 -3.301601e-01 -3.356498e-01 -1.059001e-01 3.971390e-01 2.588268e-01
2.402031e-01 5.057553e-01 5.124748e-02 3.801000e-01 7.452445e-02 1.385329e-01 5.695739e-02 1.162820e-02 -1.309579e-01 -1.255294e-01 2.069006e-01 -1.198852e-01 2.337928e-02 3.398366e-01 -1.557976e-01 6.837697e-02 -4.508032e-02 -6.856077e-02 -6.271292e-02 -5.239371e-02 -4.657784e-02 8.830668e-02 -4.056228e-02 1.220991e-02 -7.356935e-01 -1.952201e-02 -8.986051e-02 -9.663698e-02 2.948455e-01 1.713785e-01 -4.143481e-01 -8.906460e-02
2.283444e-01 6.954203e-02 1.351651e-01 3.316793e-01 3.149776e-01 2.057836e-01 -1.071208e-01 2.563540e-01 2.059405e-01 3.619714e-01 -2.852870e-01 9.811141e-02 -1.052084e-01 -2.231764e-01 -1.985616e-02 -1.473796e-01 3.060382e-01 -1.099595e-01 -8.408186e-02 2.950015e-02 -3.874194e-02 -3.335732e-01 -2.700587e-01 5.853277e-02 -1.026636e-01 1.879748e-01 2.757927e-01 -3.870085e-01 1.510179e-01 -2.918379e-01 -1.608215e-01 -2.203535e-01
-1.976413e-01 -1.710271e-01 -1.248678e-01 3.169055e-01 6.509158e-02 5.964580e-01 1.965932e-01 -2.990451e-02 -1.515668e-01 2.964725e-01 -1.624716e-01 1.889546e-01 -1.707882e-01 -6.299027e-02 -3.252620e-01 7.764342e-02 4.417640e-01 -5.405290e-01 -2.432550e-01 2.237475e-02 2.238901e-02 9.467578e-03 8.716939e-02 -3.754725e-01 1.231563e-01 -9.077670e-02 8.323541e-02 2.181431e-01 -1.534019e-01 5.140018e-02 -1.573083e-01 2.734186e-01
4.979593e-01 1.538882e-02 -1.904578e-01 3.280583e-01 -6.376866e-02 7.477973e-02 -2.960459e-01 -1.372631e-01 8.290442e-02 -2.164990e-01 1.452461e-01 1.070118e-01 1.140819e-01 2.997888e-01 7.998206e-02 -1.326142e-01 -1.509039e-01 1.004289e-01 2.305728e-01 -1.358688e-02 -2.349472e-02 2.426467e-02 -6.345204e-03 -4.255375e-01 -3.055410e-01 -3.039520e-01 -1.076831e-02 -5.332248e-02 -7.373947e-02 -3.422798e-01 -2.271552e-02 -3.950315e-01
-1.486453e-02 8.084200e-02 6.021708e-01 -2.144779e-02 -4.740167e-03 1.894021e-01 1.947541e-01 3.088636e-01 -2.831760e-01 5.097157e-02 -2.387554e-01 -1.119584e-01 -1.306707e-01 -2.526710e-01 3.154359e-01 -9.058047e-02 1.871304e-01 3.504292e-01 1.552747e-01 9.092934e-02 2.258846e-01 3.349535e-01 7.200850e-02 -6.318445e-02 3.825633e-01 -3.402810e-01 -1.977796e-01 1.099127e-01 -1.809806e-01 -3.038771e-01 2.722690e-01 1.346283e-01
3.877450e-01 7.156092e-02 -2.145790e-01 -2.663688e-01 -4.342787e-03 4.922296e-01 -3.497312e-01 -1.628803e-01 -1.338148e-01 4.536845e-02 -1.097580e-01 1.905563e-01 1.538392e-01 1.397187e-01 -1.682951e-02 1.601347e-01 3.350741e-02 -5.180630e-02 2.196253e-01 1.249334e-01 3.586567e-01 -4.354209e-02 -3.258367e-01 -2.782258e-02 -4.101848e-02 5.831265e-02 -1.125614e-01 -6.845544e-02 -3.748274e-01 3.124844e-01 3.558638e-01 3.780352e-01
-2.033674e-01 -3.178135e-01 -1.384405e-01 2.131979e-01 4.470121e-02 -1.631193e-01 2.680848e-01 3.281310e-01 -1.603656e-02 -6.276710e-03 3.179995e-01 1.600191e-01 1.837653e-01 -3.078030e-01 1.780669e-01 -2.312023e-02 5.572755e-01 -7.910244e-02 2.905493e-01 3.582869e-01 -1.105523e-01 9.975635e-02 -1.967864e-02 5.303558e-01 4.369731e-02 -2.127622e-02 -1.611999e-01 -2.810868e-03 4.134609e-02 -1.421192e-01 -2.360619e-02 -3.659946e-02
-1.179730e-01 -1.368991e-01 6.646656e-02 -3.397192e-01 -9.870718e-02 -3.787793e-01 -1.205349e-01 1.680506e-01 1.891731e-02 -1.553470e-01 7.486573e-02 -1.602425e-01 5.001253e-01 3.647490e-02 1.060917e-01 -1.499330e-01 -3.542034e-01 2.661391e-01 2.074134e-01 4.331597e-02 -7.156174e-02 -1.640425e-01 -1.244538e-01 2.787227e-01 -1.673986e-01 7.077987e-02 -4.232055e-02 -3.302877e-01 3.630445e-01 -1.601464e-01 1.233704e-02 -4.087014e-01
-3.088762e-01 -2.130257e-01 -5.735299e-02 -2.636143e-01 3.298934e-01 -1.888866e-01 -9.001070e-02 4.505350e-01 3.051786e-01 3.137854e-01 -9.234621e-02 1.136312e-01 -7.610789e-02 8.218002e-02 -3.082449e-01 -7.477944e-02 1.690796e-02 -1.545753e-01 2.976608e-01 -2.359107e-01 -3.384110e-01 4.782251e-01 -2.565340e-01 2.668188e-01 1.739649e-02 5.326357e-02 7.845415e-03 4.443812e-02 -2.681078e-01 2.426918e-01 -3.126287e-01 -2.862447e-02
-4.236407e-02 5.484875e-02 -3.480027e-01 1.949496e-01 8.820749e-02 -1.088788e-01 -2.117646e-01 -2.610660e-01 5.158571e-01 3.057887e-01 -5.472537e-02 7.333076e-02 3.860366e-02 -8.059821e-02 -1.049583e-01 -3.501571e-01 2.074959e-01 -2.170376e-01 6.872563e-02 -2.222754e-02 -1.024543e-01 -2.170894e-01 -2.173750e-01 -5.878050e-02 1.296926e-02 3.147281e-01 8.398118e-02 -4.279955e-01 -5.917171e-02 -2.734317e-01 -3.824792e-01 -9.327894e-02
-3.796026e-01 -1.114878e-01 1.499567e-01 2.939456e-01 2.299781e-01 -1.554035e-01 3.442241e-01 1.411431e-01 4.735321e-01 -1.318364e-01 2.652740e-01 -1.668063e-01 -2.168216e-01 -1.445010e-01 -1.862834e-02 -1.496897e-01 -7.866992e-03 -1.127273e-01 -2.233057e-01 -2.689102e-01 -2.185795e-01 3.029186e-02 4.407784e-01 1.499042e-02 2.413488e-01 -1.335664e-01 -9.849726e-02 8.786532e-02 4.234298e-01 -3.851711e-01 -2.045943e-01 -1.955895e-01
-1.142147e-01 1.544252e-01 2.489316e-01 -3.098279e-01 3.069283e-02 2.087975e-02 -2.662713e-01 1.458346e-01 -3.396542e-01 -1.780583e-01 4.535396e-01 6.657995e-02 2.642967e-01 -1.258678e-01 1.927372e-01 -1.901588e-01 -2.137005e-02 -7.510675e-02 8.002321e-02 2.860643e-01 2.693278e-01 -5.092464e-02 -2.486945e-01 4.742071e-04 -1.237216e-01 2.268718e-01 -3.833910e-01 -1.539257e-01 -5.530648e-02 2.871488e-01 1.680441e-01 5.243604e-01
2.653472e-01 -1.046621e-01 -1.771849e-01 -1.908237e-01 2.221803e-01 5.349123e-02 -1.025756e-01 2.910837e-01 9.475099e-02 9.542478e-03 -9.197852e-02 -4.503912e-02 1.305650e-01 -1.520160e-01 -1.949884e-01 6.439098e-01 4.906157e-02 -2.590923e-01 -3.622444e-01 7.765544e-02 -4.938960e-02 1.228168e-01 1.970470e-02 1.707309e-01 -1.600541e-01 -3.594603e-01 3.841749e-02 -3.136627e-02 5.106976e-02 2.678508e-02 -1.984137e-01 -5.702258e-01
2.577167e-02 2.645496e-01 4.848328e-01 -2.586730e-01 -2.084460e-01 1.731659e-02 2.282316e-01 3.988302e-02 -2.218552e-01 -2.839804e-01 2.770435e-01 -8.756401e-03 2.709316e-01 2.618788e-01 1.158015e-01 1.874674e-01 -5.153990e-02 1.693260e-02 1.018660e-01 1.268594e-01 4.071356e-01 3.543866e-01 3.902341e-01 -1.114462e-01 -2.329511e-01 5.213947e-02 -4.216698e-01 2.266197e-01 -1.653657e-01 1.600365e-01 1.117696e-01 -8.974521e-02
1.332699e-01 -2.022497e-01 -3.421023e-02 2.390413e-01 4.613769e-02 1.683775e-01 3.976903e-01 -1.135150e-01 2.924527e-01 2.283944e-01 -2.817701e-01 2.998737e-01 -2.538188e-01 3.830690e-03 2.943129e-02 -1.200063e-01 3.887239e-01 -4.400284e-01 -1.852493e-01 1.976267e-02 1.720877e-01 -1.042630e-01 -1.748584e-02 -2.000555e-01 4.342755e-02 6.259205e-02 6.709900e-02 1.089879e-01 -3.526868e-01 2.915351e-01 -1.822544e-01 3.251695e-01
1.182599e-01 6.754245e-02 6.776041e-01 -2.205209e-01 -1.255607e-01 1.615804e-01 1.615467e-01 2.520037e-02 -1.072789e-01 -1.261594e-01 3.198136e-02 -1.548479e-01 -1.230442e-01 1.964213e-01 4.031796e-01 9.849294e-02 -6.845374e-01 2.364945e-02 3.486852e-02 -4.753423e-02 4.433406e-01 -1.491207e-01 4.486468e-02 1.097225e-01 -1.982018e-01 3.356124e-01 9.374282e-02 6.119725e-02 -9.530824e-02 7.777845e-03 -2.083156e-01 -6.919228e-02
1.757123e-01 2.387093e-01 4.485108e-01 -2.182198e-01 2.110233e-01 -5.949426e-02 9.511437e-03 2.197458e-01 -1.576479e-01 1.994010e-01 -2.741060e-01 -3.118320e-01 -2.321715e-01 -3.163413e-01 3.063274e-01 -7.334185e-02 9.601212e-02 5.547228e-01 1.124566e-01 8.521184e-02 2.445849e-01 7.732833e-02 9.972432e-02 -1.358850e-01 3.379724e-01 -3.601427e-01 -1.763860e-01 -6.267387e-02 -6.539945e-02 -3.698473e-01 2.561408e-01 7.249588e-02
6.747308e-02 4.051289e-01 4.682592e-02 1.962105e-01 2.376857e-01 3.679813e-01 1.512363e-01 -1.082235e-01 -3.037791e-01 6.244883e-02 2.859733e-01 -1.839520e-01 -6.589699e-02 3.445044e-01 -1.451049e-02 -2.103588e-01 -8.747655e-02 1.852643e-01 4.402630e-01 -3.041506e-01 -2.769613e-03 -4.884332e-03 -1.337214e-01 5.936833e-02 3.906886e-02 1.697579e-02 4.191005e-01 -1.206587e-01 1.572005e-01 5.895537e-02 -2.650720e-01 3.963118e-01
6.270249e-01 3.481667e-01 -1.510215e-01 1.375820e-01 -2.801128e-01 -1.157014e-01 -2.366308e-01 -2.624895e-01 4.626683e-02 -4.485997e-03 -1.172518e-01 -7.462780e-02 6.469889e-02 1.879418e-01 1.396721e-01 -2.729056e-03 1.805487e-02 4.072001e-01 2.131146e-01 -5.966284e-02 5.037158e-02 -1.855702e-02 3.946742e-02 -6.196110e-01 -2.906634e-01 -8.200237e-02 -3.286590e-02 -3.959956e-01 4.006363e-03 -8.383794e-02 -1.120521e-01 -6.359725e-03
-3.208253e-01 -1.780680e-01 1.680612e-01 1.144400e-01 6.823514e-01 -2.281973e-01 -6.754529e-02 2.119530e-01 5.718145e-02 9.320617e-02 -2.746702e-01 -6.172678e-02 -5.156911e-02 -4.121348e-02 2.984641e-02 -2.456667e-01 -4.459266e-03 -3.948632e-01 -2.262592e-02 -4.431836e-03 -6.793662e-01 2.670038e-01 -3.763745e-01 2.730855e-02 -1.791864e-02 1.654066e-03 6.056669e-02 -1.540125e-02 -2.700452e-01 3.559440e-03 -3.815663e-02 1.578985e-03
4.171669e-01 2.812006e-01 1.721081e-01 1.373375e-01 2.227952e-02 4.186724e-01 -3.679214e-02 -3.606152e-01 -2.948026e-01 -2.784046e-01 -1.573459e-01 -1.248526e-01 1.448522e-02 -8.726895e-02 2.846835e-01 3.863162e-02 3.623249e-02 -8.365182e-02 3.188662e-02 2.214330e-02 7.852881e-02 -3.867510e-01 1.015973e-02 1.952293e-01 -3.422770e-01 -3.398449e-01 -2.649261e-01 5.286778e-01 -1.481811e-01 -3.500475e-03 1.700557e-01 -1.086370e-01
3.504101e-01 2.922286e-02 -2.947885e-01 -1.452494e-01 3.007461e-01 1.847062e-02 -6.441377e-03 -1.990678e-01 8.619209e-02 1.285075e-01 5.382372e-01 1.230956e-01 -8.130416e-02 -2.683628e-02 -2.281935e-01 9.008084e-03 -1.093573e-01 -2.025942e-01 -3.542561e-01 1.058764e-01 -7.239906e-02 1.319963e-01 4.488609e-03 9.777271e-02 5.304109e-02 -3.972147e-01 3.148551e-01 2.968472e-02 1.365637e-02 -1.651332e-01 -2.137538e-01 -3.387396e-01
4.538791e-01 -3.555141e-01 -9.677723e-02 -1.316594e-01 8.061726e-02 2.314468e-02 9.968074e-02 3.834681e-03 9.438290e-02 -3.146901e-01 -3.839372e-01 -1.139097e-03 3.001363e-01 4.133087e-02 -2.571991e-01 4.237647e-02 -8.631519e-02 1.564901e-01 -2.158818e-02 1.566826e-01 -4.038783e-02 -2.732237e-01 -1.325231e-01 -1.586843e-01 -2.634882e-01 -7.268420e-02 -4.758609e-01 -3.596847e-02 -4.297205e-02 -4.740732e-02 -1.260956e-01 5.879431e-01
-2.354721e-01 -2.971821e-02 -2.551047e-01 5.361472e-01 1.066356e-02 5.611856e-01 3.099473e-02 -1.523161e-01 -1.600296e-01 1.903250e-01 6.851727e-02 1.378486e-01 -1.195550e-01 -7.102530e-02 -1.546529e-01 9.042699e-02 6.636645e-01 -2.649774e-01 -1.646386e-01 8.892810e-02 -6.981482e-02 -9.290773e-03 -8.085826e-04 -1.790047e-01 1.297370e-01 -1.241255e-01 -1.384909e-01 2.736305e-01 -2.749327e-01 3.078591e-02 -1.798207e-01 2.420328e-01
-3.105282e-01 -2.438231e-01 -1.525874e-01 -2.855552e-01 6.505194e-01 -1.965575e-01 7.807713e-03 1.085807e-01 2.744434e-01 1.528019e-01 -2.317888e-01 -6.155266e-02 -4.384204e-02 1.481134e-02 -7.126775e-02 1.699720e-01 3.289344e-02 -2.016367e-01 1.839019e-01 -1.440717e-01 -5.945559e-01 4.944848e-01 -3.107168e-01 -5.953690e-02 5.283673e-02 3.630727e-02 5.212470e-02 2.132135e-02 -3.254428e-01 6.025688e-02 -2.710193e-02 1.070884e-01
2.862286e-01 3.841822e-01 -3.876853e-01 -4.031533e-02 1.800916e-01 3.184395e-02 1.996768e-01 1.023703e-01 2.156759e-01 2.255616e-02 -1.952835e-01 5.037545e-02 4.366850e-02 -2.854998e-01 -2.524665e-01 5.157518e-03 1.280417e-01 -2.253978e-01 1.112910e-01 7.308942e-02 1.290976e-01 -3.973573e-01 -1.969794e-01 4.472282e-02 1.252978e-01 2.417805e-01 4.591282e-02 -1.449451e-01 2.000600e-02 -5.008256e-01 -2.671565e-01 -2.013580e-01
1.881211e-01 4.107849e-01 -1.412626e-01 1.448534e-01 -7.850700e-02 -5.043552e-02 9.908631e-02 -5.544808e-02 1.906414e-01 4.155671e-01 2.545676e-01 -2.183474e-01 -1.744001e-01 -1.810062e-01 3.740094e-01 2.862671e-01 1.734708e-01 -4.762756e-03 1.487914e-02 -3.045594e-01 2.026594e-01 -1.038432e-01 4.043408e-02 1.781692e-02 -2.505544e-01 3.536463e-01 2.255087e-01 1.286936e-01 -3.683029e-01 -3.888546e-01 1.317235e-01 1.740368e-01
-6.996813e-02 -2.892405e-01 -5.635040e-02 5.231203e-01 2.649462e-01 9.753627e-02 2.528525e-01 -1.430140e-01 4.927907e-01 1.671013e-01 -9.316897e-02 8.454306e-02 -1.889877e-01 6.258222e-02 -3.856275e-02 -7.689729e-02 4.510900e-02 1.929617e-02 -1.199445e-01 -1.391540e-01 -2.187359e-01 -2.801077e-02 3.662200e-01 3.320444e-05 1.939312e-01 -9.993675e-02 4.715570e-01 1.373737e-01 2.655588e-01 -1.990352e-01 -4.689993e-01 -3.031794e-01
-9.108432e-02 -9.999439e-03 2.637756e-01 -1.036164e-01 -1.064621e-01 9.316012e-02 -2.410816e-01 5.614676e-01 1.308493e-01 -1.956966e-01 -3.054679e-01 3.261578e-01 2.603096e-01 2.309271e-01 3.820758e-02 -1.708750e-02 -1.664184e-01 5.836402e-02 2.788260e-01 3.078341e-01 -3.685955e-01 -8.155650e-02 -1.938608e-02 -9.624362e-02 2.036131e-01 -4.681651e-01 -1.894536e-01 -3.448332e-01 1.705980e-01 2.427947e-01 -1.479638e-02 1.892591e-01
-1.552260e-01 9.110978e-02 -1.886149e-01 4.987948e-01 -1.796577e-01 4.160508e-01 -9.596226e-02 -2.814535e-01 1.085384e-02 -1.344461e-01 -2.745255e-01 1.148359e-01 -1.418006e-01 2.638449e-01 1.771816e-01 5.300990e-02 4.947667e-01 -3.293428e-01 1.265815e-01 2.917897e-01 -2.840085e-02 7.387659e-02 -5.014494e-01 2.886564e-01 -8.157308e-02 -1.176372e-01 1.313932e-02 1.442755e-01 -1.658138e-02 -1.741282e-01 -1.256188e-01 -8.911736e-02
2.914918e-01 4.926796e-01 2.173547e-01 7.932677e-02 -1.939233e-01 1.954750e-01 -1.307992e-01 -3.281831e-01 -2.962815e-01 -6.934747e-02 1.199839e-02 -2.869869e-03 1.041532e-01 -1.472749e-02 4.704140e-01 5.812003e-02 -1.156115e-01 1.140803e-01 -5.012086e-02 2.639508e-01 4.482501e-01 -3.622053e-01 3.749231e-01 -4.892590e-01 3.728975e-02 4.289533e-02 -4.498030e-02 -7.134477e-02 1.119433e-01 -1.365242e-01 1.942527e-01 2.327504e-02
-4.336553e-02 6.357184e-02 2.485269e-01 -2.747523e-01 -1.147670e-01 2.729044e-01 4.490921e-02 1.762624e-01 -8.865313e-02 2.661478e-01 -1.856398e-01 -3.437677e-01 -1.209620e-01 -3.865837e-01 4.202075e-01 1.797937e-01 2.346805e-02 5.970606e-01 -2.631069e-02 3.691555e-01 4.703439e-02 3.762017e-02 1.734051e-01 -1.768055e-02 1.382431e-01 -1.691209e-01 -3.714580e-01 -3.840280e-03 3.703090e-02 -3.575236e-01 1.683065e-01 1.105232e-01
2.655395e-02 -1.287711e-01 1.080188e-01 2.366069e-01 3.010811e-01 4.199983e-01 8.649092e-03 -4.029335e-02 4.527970e-01 -1.583259e-01 5.190299e-01 1.495199e-02 -1.044374e-01 -1.097962e-03 1.848161e-01 -3.989790e-02 1.303074e-01 -3.037716e-02 -3.590271e-01 1.364877e-01 9.367680e-02 1.187254e-01 2.043990e-01 6.511779e-02 -1.971810e-02 -9.649597e-02 -3.284009e-01 -3.055739e-01 -3.927717e-01 -8.345781e-02 -3.623007e-01 -2.751930e-01
3.507617e-01 4.299221e-01 5.227273e-02 1.787367e-01 -2.797273e-01 -3.238030e-01 1.644056e-01 9.620270e-02 -9.040020e-02 -3.671036e-02 -1.131673e-01 2.590737e-02 3.343694e-01 2.317821e-01 1.250607e-01 1.234649e-01 -1.495298e-02 7.789356e-02 4.097045e-01 -4.818816e-03 -1.143528e-01 6.388336e-03 -2.332889e-02 -2.295425e-01 2.246429e-01 -6.724542e-02 2.675748e-01 -2.888499e-01 3.186110e-01 9.490089e-02 4.819555e-02 -2.605477e-03
-9.401692e-02 -2.386055e-01 3.451181e-01 -2.266372e-01 -9.124216e-02 8.608154e-02 3.260185e-01 -2.009455e-01 -2.969697e-01 2.141397e-01 3.517287e-01 4.821172e-01 -1.349863e-01 -1.202421e-01 4.992578e-02 5.530177e-02 2.609186e-01 1.345372e-01 -1.696039e-01 -8.812382e-02 -2.498603e-01 -7.463800e-02 1.371929e-01 -4.087642e-01 1.058083e-02 7.666225e-02 1.296380e-01 2.565029e-01 3.387175e-01 4.457217e-02 -5.548537e-01 2.619728e-02
-1.909354e-01 4.901432e-01 1.604154e-01 1.337614e-01 3.673371e-01 6.160493e-02 1.575870e-01 1.524765e-01 -2.022896e-01 -2.706109e-02 2.153836e-01 1.100615e-01 -2.478193e-01 -1.516521e-01 2.126514e-01 -3.029031e-01 -6.599853e-02 4.498480e-02 -1.127609e-01 5.484566e-02 1.433592e-02 -1.036791e-01 -3.100159e-01 -3.240874e-01 -3.375529e-01 1.903707e-01 -1.181786e-01 -2.062183e-01 1.649356e-02 -4.966977e-01 3.022170e-01 2.710880e-01
1.642188e-01 -1.163859e-01 -3.927702e-01 3.660057e-02 3.360715e-01 4.940514e-03 -1.354699e-01 5.405652e-01 4.577243e-02 -2.166542e-01 2.003028e-01 -2.606799e-01 -4.355849e-02 8.776772e-02 1.453273e-01 -2.014584e-01 -6.535733e-02 -9.436589e-02 -4.210288e-02 1.486202e-02 -4.748898e-01 -2.659790e-01 -1.252831e-01 1.959242e-01 1.473537e-01 -3.824678e-01 -1.956810e-01 -8.626632e-02 -2.624884e-01 5.920405e-02 -3.174483e-01 -2.806125e-01
-1.303571e-01 -1.772704e-01 -1.036389e-02 1.694921e-01 1.412776e-01 -1.928449e-01 2.972643e-01 2.151454e-01 1.910680e-01 -1.961860e-01 -8.689199e-02 -1.683670e-01 -5.221158e-03 -2.115047e-01 2.622164e-02 1.420654e-02 3.375885e-01 -6.469191e-02 -1.163840e-02 -2.261610e-01 -3.096970e-02 1.156210e-01 1.830313e-02 -2.155066e-01 -9.565835e-02 1.365998e-01 1.216339e-01 -2.289066e-01 1.677560e-02 -3.766500e-01 2.908481e-01 -5.832971e-03
3.386700e-01 1.732737e-03 6.990322e-02 4.142585e-01 -3.319529e-01 3.329312e-02 -5.006853e-02 -1.353175e-01 -1.814755e-01 -1.120584e-01 3.753462e-01 2.387063e-01 1.650013e-01 -1.539429e-01 -2.467205e-01 5.731544e-02 6.597198e-01 -2.829765e-01 -4.199959e-02 -1.052247e-01 1.686298e-01 -3.904849e-02 1.768331e-02 -3.979176e-01 -1.694277e-02 -1.757806e-01 -3.048021e-02 1.370526e-01 1.414669e-01 1.251368e-01 -4.461165e-02 1.067981e-02
5.214217e-01 -6.103811e-02 2.748653e-02 2.293288e-01 3.712578e-01 -2.407774e-02 2.443635e-01 -3.098479e-01 8.486657e-02 -5.985886e-03 1.770775e-01 1.211421e-01 3.058385e-01 3.446910e-02 -3.527795e-01 -2.068227e-01 -1.572283e-01 -8.961614e-02 2.084563e-01 2.324290e-01 4.766591e-03 -2.259289e-01 2.308577e-01 5.820829e-02 3.686105e-01 -2.524118e-01 4.439455e-01 -2.391704e-02 -7.884352e-02 -5.001648e-01 -6.713305e-02 1.761729e-01
9.143889e-02 3.355556e-01 -2.484393e-01 3.514114e-01 -2.684491e-01 -4.966442e-02 -3.298996e-01 -1.922379e-01 5.282812e-02 -2.601575e-01 -3.445123e-01 -2.684769e-01 1.939354e-01 2.001910e-01 1.204296e-02 -1.941911e-01 -1.334480e-01 -8.264099e-02 2.949273e-01 -1.738892e-02 2.196416e-01 1.388318e-02 -3.552111e-01 2.557570e-01 5.561883e-02 -3.303047e-02 -1.358558e-01 -3.193838e-01 -4.879991e-01 -1.208437e-01 3.950010e-01 3.668361e-02
2.482816e-01 -2.349461e-01 4.042159e-02 1.969856e-01 6.462976e-01 1.067968e-01 -9.203018e-02 -1.693845e-02 3.238376e-02 7.624726e-03 1.904993e-02 -4.581626e-02 3.473492e-01 -1.287302e-02 -2.718330e-01 1.489869e-01 4.800928e-02 -3.879972e-01 -2.605371e-01 5.047110e-02 -7.745556e-02 1.250899e-01 6.290469e-03 1.640942e-01 1.212504e-01 -3.711934e-01 2.206064e-01 -1.952092e-01 -1.949323e-02 -1.790418e-01 -2.118840e-01 -4.216045e-01
1.234531e-02 8.436281e-02 6.833716e-01 -6.167968e-02 -1.584526e-01 -8.333679e-02 3.357829e-01 -1.197935e-01 2.692012e-02 -1.714066e-02 8.827406e-02 2.048635e-01 -4.066028e-03 1.937581e-01 3.637172e-01 8.620573e-02 -6.238524e-01 -3.083511e-02 5.085021e-04 -5.242235e-02 5.959488e-01 -1.795210e-01 4.968260e-02 4.484581e-02 -1.950697e-01 2.361133e-01 1.440955e-01 2.676097e-02 -1.496635e-01 2.019767e-02 -1.122231e-01 -1.074913e-01
3.447519e-01 7.932499e-02 6.183371e-01 -1.621873e-01 1.493639e-01 6.766535e-03 2.544709e-01 -4.886169e-02 -4.594681e-02 -1.762288e-01 -1.690528e-01 1.129454e-03 3.629744e-02 2.635653e-01 3.095331e-01 1.864528e-01 -2.047494e-02 2.784777e-02 3.122652e-01 -4.519409e-02 3.001530e-01 1.351587e-01 -1.695137e-01 -2.064366e-01 -3.025612e-01 -2.054664e-01 -5.096438e-01 1.399896e-01 -2.409522e-01 -2.694734e-01 1.371915e-01 -7.998174e-02
-3.083759e-01 -1.380882e-01 6.055920e-01 1.642650e-02 -2.437216e-02 2.370568e-02 1.501669e-01 1.003253e-01 -8.097714e-02 -1.644893e-01 3.259290e-01 5.303417e-02 6.493211e-02 2.636020e-01 1.735595e-01 7.712980e-02 -1.245716e-01 3.278969e-01 2.400400e-01 -6.216307e-02 9.930055e-02 1.997052e-01 3.428792e-01 -4.431843e-02 -4.246711e-01 -2.428352e-02 -1.482689e-01 2.999357e-01 -1.380039e-01 2.253163e-01 1.094928e-01 2.041186e-01
-8.386599e-02 -5.540783e-02 -2.485708e-01 3.997281e-01 -1.645968e-01 1.111171e-01 -2.688464e-01 -1.117693e-01 -3.233003e-01 -2.323652e-01 -5.208449e-02 7.765523e-02 3.584163e-01 1.716737e-01 4.604937e-01 -1.525545e-01 -1.884763e-01 2.480591e-02 2.830651e-01 1.638970e-01 -1.720211e-02 -2.723219e-01 -2.014019e-01 5.782635e-01 9.817220e-02 1.613140e-01 -1.461074e-02 -1.521410e-01 -2.403243e-01 -1.132130e-01 4.324156e-01 -1.575805e-01
2.492608e-01 3.790492e-01 -5.409940e-02 3.791578e-01 4.582061e-02 4.090578e-01 8.136252e-02 6.809868e-02 -2.829728e-01 -1.165124e-01 2.751004e-01 4.346133e-02 -7.952569e-02 2.447010e-01 -2.148852e-01 8.932883e-02 -7.124384e-02 -1.191135e-01 2.835754e-03 -6.785665e-02 -1.334862e-01 2.259312e-01 -1.225973e-01 -2.888747e-03 -4.755419e-01 -7.989159e-02 -1.472141e-01 -1.157587e-01 2.268946e-01 2.549377e-01 -6.322726e-01 -1.177472e-01
6.331610e-02 2.227888e-01 -1.022298e-01 -5.001752e-02 -1.731727e-01 -2.314896e-01 2.052414e-01 -5.372430e-02 3.633319e-01 4.474728e-01 9.022838e-03 -2.038526e-01 2.347857e-01 -5.791131e-02 2.364532e-01 -1.196539e-01 -2.813280e-01 -1.420035e-01 -1.210273e-01 -4.689892e-02 1.021755e-01 1.576411e-01 -6.062020e-02 4.766891e-02 6.591473e-04 2.484652e-02 -8.769536e-03 -1.239979e-02 -5.504860e-01 -5.724736e-01 -3.684807e-02 -8.449759e-04
1.690770e-01 2.539479e-01 -4.615062e-02 3.256654e-01 1.995166e-01 2.802155e-01 -3.556329e-01 -9.056775e-02 -1.666500e-01 -3.109580e-01 1.161949e-01 3.842107e-02 -1.963021e-01 4.158152e-01 -1.454293e-01 1.851016e-01 2.538120e-01 -2.746299e-02 -3.254462e-01 3.080842e-01 3.724795e-02 3.373160e-01 1.025690e-01 2.247939e-01 -2.586196e-01 -3.475368e-02 -1.882746e-01 1.960181e-01 -2.195075e-01 8.767685e-02 -3.640644e-01 5.784038e-02
1.273921e-02 2.667136e-01 -1.085069e-01 3.321007e-01 -2.419009e-01 2.581783e-02 2.726142e-01 -3.912583e-01 9.813387e-02 1.197742e-01 6.831814e-02 -5.480659e-02 6.717116e-03 4.730216e-02 -3.696925e-01 4.669390e-01 7.779898e-02 -1.036265e-01 9.118855e-03 4.060475e-01 4.656633e-01 -3.151403e-01 -3.803995e-03 -8.179592e-02 -5.146639e-01 -7.490088e-02 1.939478e-01 -3.304117e-02 3.140117e-02 -8.077595e-02 1.387469e-02 -2.015927e-01
4.905306e-01 -3.879080e-02 -7.562585e-03 1.726616e-01 3.913668e-01 -7.840046e-02 1.809758e-01 -3.640132e-01 -4.144515e-02 1.819417e-01 2.911316e-01 9.846106e-02 1.907923e-01 -2.670695e-02 -2.583159e-01 6.145786e-02 2.356053e-01 -3.243601e-01 -4.532509e-02 -7.243957e-02 -2.578611e-01 -4.334394e-04 6.219968e-02 4.159061e-02 -2.332447e-01 -3.091854e-01 1.305744e-03 5.661989e-02 3.192864e-01 -2.508145e-01 -4.407948e-02 -4.722853e-01
1.259783e-01 2.273424e-01 -1.054242e-01 4.987893e-01 1.180579e-01 4.732754e-01 6.420460e-02 -1.501728e-01 -2.624991e-02 1.177937e-01 5.157493e-02 1.512755e-01 -3.733849e-01 -1.097793e-01 -1.240534e-01 1.788490e-01 3.047712e-01 -2.695052e-01 -2.481798e-01 -2.197020e-02 4.378145e-02 2.294030e-01 1.546209e-01 -2.750782e-01 1.480545e-01 1.076400e-02 5.104102e-02 3.382610e-01 -3.687485e-01 1.470714e-01 -3.286717e-02 4.788566e-01
4.295922e-01 8.454630e-02 2.814358e-01 4.167733e-01 5.246795e-02 3.606510e-01 -1.773678e-01 -3.042839e-01 -2.159118e-01 -2.323046e-01 -2.818929e-02 -1.035644e-01 -1.559741e-01 -7.465128e-02 9.087476e-02 -9.360974e-02 -1.706385e-01 -1.175641e-01 2.584771e-01 1.393913e-01 6.544340e-02 1.111302e-01 1.484263e-01 1.743893e-01 -3.451570e-01 -1.741319e-01 -3.566458e-01 5.047737e-01 -1.437209e-01 9.473300e-02 2.066784e-01 -2.119175e-01
-2.673910e-01 -1.280236e-01 -1.847342e-01 -1.949553e-01 -1.236491e-01 -3.068338e-01 4.983803e-02 1.888867e-01 7.673156e-02 4.331638e-01 1.882715e-01 3.757050e-01 2.721274e-01 1.365047e-01 -2.286633e-01 1.039940e-02 1.664071e-01 6.304591e-02 1.244654e-01 -4.615945e-01 -3.962673e-02 3.593758e-01 -1.873579e-01 -6.654932e-03 2.932613e-01 2.942238e-01 1.261699e-01 -3.457530e-01 2.427224e-01 -4.171212e-03 -1.280787e-01 1.383799e-01
3.373773e-01 -1.341091e-01 -1.265223e-02 4.438075e-02 5.447995e-01 2.395639e-01 1.738383e-01 -1.929777e-02 -8.874854e-02 1.788243e-01 -6.063421e-02 -7.690188e-02 4.719277e-01 1.631461e-01 -1.411025e-01 -1.137380e-01 -4.893822e-02 -1.242482e-02 -3.688447e-02 2.571863e-01 -2.988403e-02 -1.300748e-01 9.982296e-02 2.657171e-01 1.094106e-01 -4.951954e-02 2.207252e-01 8.673603e-03 -2.251614e-02 -7.681559e-01 -2.444724e-01 -1.764432e-02
-1.821204e-01 -2.289501e-01 -4.255254e-01 5.610479e-02 -7.567279e-03 1.859405e-01 -1.079082e-01 -1.057434e-01 1.489440e-01 4.705302e-02 6.542035e-01 5.626777e-02 7.340333e-02 1.348061e-01 -1.071405e-01 -1.781049e-01 -1.305773e-01 -1.999195e-01 -6.969477e-02 -1.988281e-01 4.837180e-02 -2.585670e-02 -6.527107e-01 2.056807e-02 3.238862e-01 4.070952e-02 -3.318725e-02 -8.273604e-02 3.964938e-01 5.615785e-02 -1.137700e-01 -8.530396e-02
1.092670e-01 -4.166003e-02 4.225063e-02 1.034936e-01 -3.057323e-01 5.129310e-01 1.723522e-01 3.996038e-01 -2.846640e-02 1.286991e-01 1.580240e-01 3.158292e-01 -2.580465e-01 -9.223543e-02 -2.577002e-01 -1.784655e-01 1.566018e-02 2.924440e-02 6.063339e-01 -1.325814e-01 4.125488e-02 -8.785454e-02 1.706213e-01 7.826681e-02 2.578919e-01 2.624262e-01 -8.648132e-02 2.860709e-01 -5.508911e-03 -7.990013e-02 2.667504e-01 2.193828e-01
2.974509e-01 -3.863131e-02 1.931556e-03 -1.104577e-01 2.450170e-01 -1.337119e-01 -3.761474e-01 -1.869844e-01 3.657069e-02 -1.933124e-01 9.189452e-02 -2.936103e-01 1.806477e-01 1.764254e-01 1.167151e-01 5.108298e-01 3.101668e-02 -2.550303e-01 4.610341e-02 -4.114988e-01 1.734443e-01 -1.876719e-01 -4.942662e-01 -9.081137e-02 -4.379594e-02 3.067815e-01 3.004185e-01 -1.427138e-01 -3.192146e-01 1.088395e-01 -7.507227e-02 -1.784232e-02
5.273478e-01 3.693119e-01 2.791987e-02 -1.793429e-01 -3.199482e-01 -2.549185e-01 -1.201330e-01 -6.502304e-02 -1.009889e-01 -1.455451e-01 -2.899033e-01 -3.589543e-03 2.626101e-01 -1.402138e-01 1.244339e-01 6.766324e-02 2.500178e-02 6.339775e-01 1.170206e-01 1.545792e-03 -1.913677e-01 5.340907e-02 4.562257e-02 -3.328536e-01 7.367990e-02 -2.316325e-01 -8.342790e-02 -3.605747e-01 -2.787806e-02 -4.033620e-02 2.366569e-01 -3.942258e-02
2.538722e-01 4.620264e-01 3.820652e-01 1.931681e-01 2.103649e-01 1.325830e-01 7.697396e-03 -2.815565e-01 -1.422027e-02 9.908610e-02 -8.263033e-03 2.570523e-03 4.047715e-01 -2.337962e-01 2.073372e-01 -3.740275e-02 -2.426214e-01 1.368901e-01 6.350916e-03 4.424757e-02 -2.178979e-01 3.409860e-01 2.489869e-01 -1.089830e-01 3.667140e-01 -5.014996e-02 -3.531229e-01 -1.229566e-01 -1.649907e-01 3.574152e-03 3.672274e-01 -3.264456e-01
-3.986411e-01 1.137597e-02 -3.152849e-01 7.231084e-02 -7.508647e-02 5.914462e-02 3.277022e-03 -1.096939e-01 4.013581e-01 1.963108e-01 4.754268e-01 2.001546e-01 -1.166785e-01 -1.674693e-01 1.517366e-01 1.878171e-01 -2.207394e-01 -1.763202e-02 1.664099e-01 -1.104205e-01 4.151951e-01 -3.322490e-02 -2.045204e-01 2.083368e-01 6.118982e-02 5.109942e-01 -5.448766e-02 -1.060163e-01 1.426201e-01 3.310950e-01 -1.997524e-01 4.773160e-03
6.490897e-02 8.308046e-03 2.457781e-01 -5.933391e-02 -1.212573e-01 4.619490e-03 -8.232924e-02 2.584954e-02 9.935722e-04 -2.050737e-01 5.160980e-01 -3.164628e-01 1.833590e-01 2.661885e-01 3.523392e-01 8.527909e-02 -1.024071e-01 -3.899593e-03 -4.503609e-02 5.711698e-03 -1.281850e-01 2.788991e-01 4.495807e-01 -1.108029e-01 -2.593833e-01 -1.242912e-01 -4.377840e-01 1.296716e-01 -2.163797e-01 1.795447e-01 3.328213e-01 3.330665e-02
-2.270017e-01 -6.807411e-02 -8.907430e-02 -1.093875e-01 -3.205896e-01 -3.425685e-01 2.112368e-01 3.075464e-01 -2.310323e-01 -8.249163e-02 1.058110e-01 1.859548e-01 1.572235e-01 5.865351e-02 8.512643e-02 6.055121e-01 6.639639e-02 3.946899e-01 2.140133e-01 -1.196329e-01 5.468238e-02 -3.156886e-01 2.944498e-01 -1.393463e-01 -2.042021e-01 2.119495e-01 5.073507e-01 1.191294e-01 -1.531069e-01 1.780927e-01 1.226586e-01 -2.067559e-01
1.496372e-01 2.621502e-03 4.750081e-01 3.404985e-01 1.420401e-02 1.909452e-01 -2.334574e-01 -2.284272e-02 2.795891e-02 -3.086008e-01 -2.251665e-01 -1.957139e-01 -2.694216e-01 -2.392353e-01 3.258771e-01 -1.714158e-01 -3.101480e-01 4.796295e-02 1.382328e-01 3.823991e-01 6.488883e-02 1.051167e-02 1.865386e-01 -5.499879e-02 -1.382972e-01 -4.177490e-01 -9.617257e-02 3.872810e-01 -1.920543e-01 9.611902e-02 1.867229e-01 -2.949160e-01
8.017868e-02 3.838088e-01 -4.104501e-02 2.198535e-01 -4.470286e-02 2.103031e-01 -2.791588e-01 1.827436e-01 4.755891e-01 -1.761656e-01 3.806818e-01 -1.312495e-01 1.430029e-02 2.430602e-01 1.843334e-02 -2.146136e-01 1.086578e-01 -6.670809e-02 -3.383161e-01 1.394023e-01 1.966325e-01 2.254661e-01 5.085402e-02 -1.774417e-01 -7.667074e-02 -1.109509e-02 -3.789200e-01 -1.005854e-01 -2.720360e-01 2.113440e-01 -5.225563e-01 -1.515008e-01
8.437261e-03 5.797712e-01 1.647715e-02 3.368512e-01 1.930627e-01 2.218846e-01 1.025709e-01 2.115879e-02 -1.565394e-01 -8.084384e-02 3.006360e-01 1.671174e-01 5.204942e-03 1.431934e-01 -8.339278e-03 1.355525e-01 -3.957713e-02 7.481512e-02 1.011134e-01 -6.194521e-01 -2.511828e-01 -8.903912e-02 -4.263385e-01 -1.763733e-01 -7.608015e-02 1.770734e-01 2.380486e-02 -7.281574e-02 -1.418463e-01 -2.439522e-01 2.142987e-01 5.113219e-02
-2.752540e-01 -2.810011e-01 5.088655e-01 1.432658e-01 -1.982675e-01 -8.798585e-02 -3.379500e-01 -1.157994e-01 -1.464183e-01 1.980758e-01 1.576623e-01 2.744013e-03 -9.577779e-02 2.251753e-01 2.048569e-01 -5.556736e-02 -1.473803e-01 2.465723e-01 -1.945903e-01 -1.033267e-01 -8.227494e-02 4.583623e-01 1.635623e-01 -4.258735e-02 -1.345912e-01 -2.284698e-01 1.102603e-01 1.741300e-01 1.284913e-02 5.222587e-01 2.207210e-01 1.780404e-01
-3.328943e-01 -6.601460e-02 -6.136551e-03 2.314990e-01 8.613249e-02 -2.581831e-02 4.090241e-01 -1.498858e-02 4.482962e-01 -2.237964e-02 -2.088134e-01 -2.192554e-01 -1.978418e-01 -2.748233e-02 -1.931820e-01 3.796732e-01 3.410148e-03 9.982160e-02 -1.503677e-01 -2.229187e-01 -4.756110e-01 -1.039744e-02 2.324408e-01 -6.803391e-03 5.903238e-02 -5.042469e-02 2.913914e-01 1.643919e-01 2.079106e-01 -2.894365e-01 -1.258855e-01 -5.438058e-01
1.051719e-02 4.568001e-01 -2.661765e-01 3.216410e-01 -3.311699e-01 -3.914994e-02 -2.228843e-01 1.226488e-01 1.376217e-01 4.218508e-02 -1.754570e-01 2.423918e-01 2.464170e-01 -1.614242e-02 4.158584e-02 6.162180e-02 -2.907745e-01 -4.735656e-01 1.852585e-01 -1.864187e-02 2.723638e-02 -1.871959e-01 1.224239e-01 -3.029391e-01 6.257259e-02 -1.456572e-01 -2.545846e-01 2.741482e-01 1.144855e-01 1.192433e-01 1.301277e-01 -3.310632e-01
-2.018867e-01 3.298260e-01 4.822486e-02 1.805756e-01 -6.472705e-02 -5.816952e-02 1.105961e-02 2.156650e-01 -3.478684e-01 -1.243314e-01 -1.369356e-01 -2.677990e-01 6.277696e-01 -5.516861e-02 -9.105280e-02 -1.677253e-01 -2.244571e-01 -1.482646e-01 -3.384577e-01 3.156129e-01 -5.332360e-01 -3.845463e-01 -3.775701e-02 4.940625e-02 7.485606e-02 5.758364e-02 -2.779203e-02 -1.242314e-01 -3.029824e-02 2.684125e-01 4.830931e-02 -2.686084e-01
3.294974e-01 -1.998426e-02 6.030034e-01 -8.769698e-02 1.413479e-01 -2.930817e-01 3.189146e-01 -6.237303e-02 -2.370950e-02 -7.906394e-02 -1.990105e-01 3.017892e-02 -5.438136e-02 2.956153e-01 2.202079e-01 -5.213792e-02 6.423536e-02 -1.987951e-02 1.585534e-01 3.765292e-02 1.912844e-02 2.824480e-02 9.474964e-02 2.127771e-02 -2.129141e-01 -2.421030e-01 -4.330286e-01 1.834525e-01 -3.249605e-01 -5.999227e-01 2.480557e-01 -9.553836e-02
1.720711e-01 -1.186822e-01 -2.291530e-03 2.238622e-01 1.173961e-01 5.696796e-01 2.292624e-01 -1.165926e-01 -2.500345e-01 -1.166575e-01 3.068074e-01 1.490733e-01 -3.538705e-01 7.732462e-02 3.608522e-02 2.020019e-01 2.941777e-02 4.411032e-02 3.068424e-02 -1.533898e-01 -6.687041e-02 -4.256628e-01 -1.845783e-01 1.836306e-01 9.792282e-02 3.728316e-02 3.140318e-01 -3.925340e-01 -1.411855e-01 9.607908e-02 -5.547742e-01 1.346871e-01
4.310284e-01 1.713012e-01 3.544229e-02 -2.586699e-02 2.890269e-01 -1.097718e-01 1.533967e-01 3.048955e-02 1.480177e-01 2.349671e-01 5.732560e-02 4.698398e-02 2.906499e-01 1.358863e-01 -2.057767e-01 1.466192e-01 -9.743430e-02 -1.930067e-01 -2.901823e-01 8.722269e-02 -3.092925e-02 3.730664e-01 6.802151e-03 2.736598e-02 8.179967e-02 -4.184728e-01 1.376327e-01 4.391419e-01 3.586148e-02 -2.461352e-01 -7.576601e-02 -2.108834e-01
1.316237e-01 4.161106e-01 7.348878e-02 2.533264e-01 6.087343e-02 3.572510e-01 -2.159330e-01 3.117065e-01 -1.879452e-01 -1.269054e-01 2.338617e-01 3.700425e-02 -1.300696e-02 4.486963e-01 -1.491874e-01 3.050465e-02 9.105390e-02 -1.570141e-01 -2.754076e-01 4.446708e-01 -6.429823e-02 2.451539e-01 -3.565470e-02 1.058958e-01 -8.030657e-02 -4.372725e-02 -4.247717e-01 -9.704309e-02 -8.623634e-03 1.219628e-02 -5.412856e-01 4.865830e-02
-1.494335e-01 -2.123489e-01 1.763050e-01 3.969284e-01 3.915821e-01 -2.673082e-01 1.197922e-01 2.054818e-01 -8.393897e-02 8.859708e-02 -2.267018e-01 1.596902e-01 -1.448053e-01 -3.366531e-02 1.895878e-01 -3.122130e-02 2.974762e-01 -2.079996e-01 -2.263938e-01 2.506465e-02 2.006685e-01 4.892654e-03 3.810729e-03 -1.386126e-01 6.074024e-02 -3.687194e-02 1.512791e-01 2.873935e-01 -6.188311e-01 1.398765e-01 2.463861e-02 2.727149e-01
2.533561e-01 -2.801486e-01 6.161270e-02 -2.558615e-01 3.246419e-01 -1.100182e-01 3.037818e-01 -2.425295e-01 1.211400e-01 -1.024193e-01 -3.231600e-02 9.129823e-02 1.714668e-01 3.854527e-01 -1.500217e-01 -1.594838e-01 2.017605e-01 2.370991e-01 -5.446161e-02 1.394510e-01 -2.258208e-02 -5.187640e-01 5.966840e-02 -1.564415e-01 -1.864261e-01 -5.546610e-02 7.060204e-02 -1.718844e-01 -3.458273e-01 -2.351770e-01 -1.671228e-01 2.582017e-01
2.433969e-01 5.577677e-02 5.863412e-01 -1.884945e-01 -5.685361e-02 -1.174371e-01 2.616770e-01 -4.203067e-02 -6.049942e-02 -2.007134e-01 -4.029761e-01 -2.085327e-01 -6.795090e-02 2.480705e-01 2.679019e-01 -2.859651e-02 3.222423e-03 -1.364977e-01 3.236072e-01 1.442131e-02 -1.046472e-01 -1.334468e-01 -5.455741e-02 4.268134e-02 -3.118347e-01 -2.209587e-01 -4.255457e-01 1.444350e-01 -1.065007e-01 -5.623806e-01 2.784637e-01 -1.166087e-01
-3.602584e-02 -2.039846e-01 2.359001e-01 4.782051e-02 1.253768e-01 -9.936676e-02 2.188800e-01 4.150240e-02 -1.158101e-01 1.363858e-01 -4.320610e-01 5.911970e-01 -1.274826e-01 -4.948936e-02 -8.249944e-02 -4.551028e-02 2.580730e-01 -3.579501e-01 7.344037e-02 3.956433e-02 -2.817202e-01 -1.427801e-01 -2.051990e-02 4.546390e-01 -3.112502e-01 1.405063e-01 -1.548069e-01 -4.636639e-02 1.487635e-01 -2.032244e-01 -5.227363e-02 1.063853e-01
1.145884e-01 5.823967e-02 -2.698201e-01 4.079894e-01 1.569992e-01 3.800860e-01 5.754576e-02 5.866745e-04 -1.316354e-01 2.721347e-01 2.909083e-01 1.280882e-01 -2.280367e-01 1.831865e-01 -1.404508e-01 1.676963e-01 -1.400184e-01 7.220548e-02 9.873792e-02 -3.228467e-01 -9.722305e-03 -9.074295e-02 -1.630978e-01 3.522694e-02 -1.765084e-02 2.285033e-01 4.611687e-01 2.819959e-03 -4.197460e-02 -2.176211e-01 -4.974668e-01 1.222015e-01
1.530679e-01 3.469712e-01 -2.248570e-01 -3.250858e-01 -3.405785e-01 3.033680e-01 -1.661782e-01 -1.015243e-03 5.355617e-02 -1.223056e-01 2.361212e-01 -1.617152e-01 1.589566e-01 -2.746577e-02 -2.130639e-01 3.120305e-02 -2.234820e-01 3.585463e-01 2.046776e-01 -5.056925e-02 -4.957080e-01 3.115351e-02 -1.215118e-02 1.500998e-01 7.512011e-03 1.357158e-01 -3.733895e-01 -2.352035e-01 2.207643e-01 -6.643825e-02 1.039325e-01 -2.443267e-01
1.425331e-01 4.140491e-01 3.351654e-02 2.190365e-01 -2.116092e-01 8.821608e-02 2.505427e-01 -7.801281e-02 2.491771e-01 2.584191e-01 -1.612317e-02 2.208492e-01 3.100282e-02 2.683169e-01 5.271120e-02 8.342159e-02 3.173443e-01 -2.336954e-01 -6.151846e-02 -2.329762e-01 -1.753861e-02 1.556928e-01 3.063315e-01 5.407502e-02 1.189531e-01 3.689980e-01 2.506897e-01 1.617455e-01 1.161167e-01 1.303048e-01 1.801505e-01 -2.571687e-01
1.926512e-01 1.054291e-01 -2.355324e-01 1.587247e-01 -2.817346e-01 2.072744e-01 1.981368e-01 -5.228597e-02 -1.083179e-01 1.313040e-01 -8.289042e-02 -3.244734e-01 5.242517e-01 3.191918e-01 -9.448689e-02 -2.190067e-01 -4.692338e-02 -4.435264e-03 -2.003565e-01 8.526311e-02 2.783149e-01 -2.686337e-02 6.499122e-01 8.443845e-03 1.897319e-02 -6.095392e-02 -5.128792e-01 -2.313391e-02 -9.657314e-02 -1.809870e-01 -1.626696e-01 4.824203e-02
1.645803e-01 -3.476027e-02 -3.397213e-01 5.128450e-01 -1.944945e-01 -1.100249e-01 -9.009737e-02 -5.517790e-02 -8.392236e-02 3.367893e-01 1.330333e-01 3.434516e-01 -1.473004e-01 -3.193359e-01 6.938739e-02 2.142597e-02 -1.323289e-01 -1.231724e-01 -1.559643e-01 1.089854e-01 3.584274e-01 -2.234825e-02 -7.838988e-02 8.535111e-02 -7.493637e-02 3.284291e-01 -5.924129e-01 -3.626401e-01 9.957752e-02 1.099946e-01 -1.467661e-01 -2.125255e-02
1.208726e-02 -9.999243e-02 9.155196e-02 -1.218448e-01 3.037280e-01 8.266196e-02 -1.187236e-01 -3.399490e-01 2.361510e-01 -7.060970e-02 3.474301e-01 1.581979e-01 -6.644869e-02 5.127667e-01 -3.224429e-01 6.933520e-02 -1.037683e-02 -1.890140e-01 -1.688418e-02 -2.796170e-01 2.917092e-02 -2.965094e-02 -6.898792e-01 1.343791e-01 1.916187e-02 1.594374e-02 -1.166625e-01 8.126073e-02 3.880066e-01 1.695003e-01 -4.818942e-02 -1.261425e-01
-3.206937e-01 -1.233203e-01 -3.405109e-01 1.703600e-01 -6.244121e-02 1.210110e-01 -6.066400e-02 -1.890792e-01 4.447448e-01 5.353957e-02 5.505737e-01 7.315676e-02 9.127451e-02 8.070731e-02 1.564752e-01 5.356334e-04 -4.351297e-01 -6.271853e-02 -6.022274e-02 -9.876444e-02 2.419223e-01 -8.845001e-02 -4.382269e-01 3.889211e-02 3.051698e-01 9.139800e-02 -1.671045e-01 -1.004695e-01 1.668027e-01 2.621348e-01 -2.283948e-01 -4.209244e-02
4.762665e-01 -7.688224e-03 -1.572913e-01 2.912248e-01 4.782338e-01 7.635716e-02 8.801056e-02 -2.082346e-01 6.737235e-02 -4.533958e-02 1.087316e-02 7.259126e-02 2.415012e-01 1.821352e-01 -3.383206e-01 -2.223722e-01 -1.415772e-03 -3.187387e-02 1.560490e-01 2.972656e-01 6.200570e-02 -3.295640e-01 -9.882353e-02 -1.218368e-01 3.576417e-01 -1.612073e-01 4.713460e-01 -9.270880e-02 -3.593238e-02 -4.472627e-01 -2.474334e-03 1.578404e-01
-3.505301e-02 2.244503e-01 1.411451e-02 2.653711e-01 -2.184328e-01 4.982546e-02 4.488786e-02 3.173186e-02 -1.496653e-01 1.422867e-02 -1.463939e-01 -3.904519e-01 7.115095e-01 -4.277106e-02 -9.330843e-03 -2.111230e-01 -3.634802e-01 -2.047110e-01 -3.535581e-01 2.187803e-01 -3.549818e-01 -3.816370e-01 -1.394360e-02 4.970746e-02 -4.657952e-02 6.494886e-02 2.119576e-02 -3.949962e-02 -1.788972e-01 4.099902e-01 -1.528365e-02 -2.292167e-01
3.823665e-01 8.772728e-02 -1.285064e-01 3.921400e-01 2.750879e-01 -1.545026e-01 2.716470e-01 -2.625320e-01 1.157981e-01 1.661951e-01 -1.819728e-02 -2.501434e-03 6.326982e-02 4.949975e-02 4.588756e-01 1.481824e-01 3.870025e-01 -2.541182e-01 -1.977286e-01 -1.309745e-01 -1.778531e-01 -1.124584e-01 5.034727e-01 -1.891832e-01 1.191066e-01 2.097462e-01 3.306734e-01 -2.487220e-01 -8.081274e-02 -1.976372e-01 9.427954e-02 1.231728e-01
5.093075e-02 -4.358697e-02 3.970031e-01 -1.923301e-01 1.870259e-01 2.905378e-01 3.631335e-01 -4.738952e-02 2.167921e-01 -2.795393e-02 3.829807e-01 -3.439452e-02 3.647390e-02 1.677096e-01 3.340926e-01 -9.947690e-02 -4.825581e-03 2.605669e-01 -4.952751e-01 3.226635e-01 -1.251385e-01 2.710714e-01 -4.272404e-02 4.613612e-01 2.813303e-01 9.923518e-03 -1.303123e-01 -1.181812e-02 -2.148035e-01 1.250879e-01 -3.647190e-02 8.825393e-02
-3.084275e-01 -2.792505e-01 1.951919e-01 -2.268168e-01 -2.677010e-01 -1.873040e-01 3.327909e-01 1.810550e-01 -1.554612e-01 -3.658174e-02 1.315003e-01 2.731589e-01 1.765435e-01 -6.348865e-02 -4.403996e-02 4.458046e-01 -4.780468e-01 4.729568e-01 3.961943e-02 -2.142294e-01 -1.684405e-01 -1.760979e-01 3.700125e-01 1.537241e-01 3.627095e-02 4.180539e-02 1.694687e-01 1.925247e-01 -9.936815e-02 -8.338465e-02 1.340722e-01 1.149516e-01
-3.744760e-01 -2.334734e-01 4.631858e-01 2.860343e-01 -2.072048e-02 -2.366658e-01 2.217657e-02 2.307278e-01 1.408787e-01 1.899626e-01 4.956522e-02 1.527681e-01 1.491374e-01 -5.682486e-02 2.117097e-01 -3.416599e-01 3.204020e-01 -2.095155e-02 5.009114e-01 -1.644417e-01 7.257286e-02 3.317123e-01 1.030510e-01 -3.936653e-01 6.680052e-02 1.475384e-01 6.483203e-02 1.909986e-01 1.100874e-01 -9.361728e-02 4.186172e-02 -7.277548e-02
-8.824696e-02 -3.551289e-03 -1.094190e-01 6.947029e-03 -3.822687e-01 2.983630e-01 1.953526e-01 4.314878e-01 6.664692e-02 2.663855e-01 -2.596462e-02 2.094422e-01 -2.951569e-01 -1.620131e-01 -2.597274e-01 -3.514673e-01 5.502553e-02 7.950682e-02 -9.733249e-02 4.152421e-01 -3.188008e-01 5.501883e-02 3.659187e-01 2.105961e-01 -4.110664e-02 -3.435004e-01 -2.308382e-01 1.094811e-01 3.993996e-01 -1.346213e-02 -6.224988e-02 -2.658256e-01
-1.298472e-01 5.545083e-02 -2.881933e-01 -8.373598e-02 -2.362655e-01 2.139486e-02 4.673213e-01 2.513947e-01 1.304429e-02 -1.437938e-01 -3.072664e-02 -2.609486e-02 7.179853e-02 -4.155628e-02 3.529415e-01 -1.195279e-02 -1.612538e-01 4.004723e-01 3.739672e-01 -5.972255e-02 1.523547e-01 1.256485e-01 -7.510176e-02 -6.028465e-02 1.609360e-01 1.827237e-01 6.216635e-02 7.111231e-03 -4.992131e-02 1.359301e-01 -4.956681e-03 1.031760e-01
8.404774e-02 3.994261e-01 -2.542830e-01 2.026193e-01 1.847636e-01 3.396834e-01 1.587629e-01 -8.787486e-02 -2.921102e-01 2.275963e-01 2.911924e-01 -1.011678e-01 3.140937e-02 4.323183e-01 -1.103812e-01 -4.344266e-04 -2.046217e-01 -9.330315e-02 3.925432e-01 -3.009202e-01 -8.847272e-02 1.302423e-01 -7.578795e-02 -5.944671e-02 1.124485e-01 4.918319e-02 4.100704e-01 -8.991028e-02 3.992448e-01 2.949400e-01 -2.332574e-01 2.386049e-01
-6.223582e-02 9.690587e-02 -1.228062e-02 4.678169e-01 -1.461592e-01 1.324885e-02 2.288443e-01 -1.513888e-01 1.163445e-04 4.569324e-01 -1.745371e-02 3.334204e-01 -1.783452e-01 -3.119333e-01 -2.087167e-01 2.508329e-01 -5.659293e-02 -3.143671e-01 2.162049e-01 -7.291700e-02 1.487351e-02 -2.637052e-01 -1.638636e-01 -5.507719e-02 -3.129895e-01 2.351655e-01 -6.779687e-01 -6.260820e-03 1.172453e-01 2.389029e-02 -3.829261e-02 3.233084e-02
-2.529505e-01 -2.183225e-01 7.482088e-02 -2.607672e-01 4.736726e-01 -2.579391e-01 -1.100011e-01 3.515914e-01 3.307644e-01 3.174077e-01 -1.480481e-01 2.811497e-02 -5.950560e-02 4.998753e-02 -2.197885e-01 1.833415e-02 -5.849276e-03 -2.210705e-01 2.180162e-01 -2.120253e-01 -4.045754e-01 6.257769e-01 -2.800679e-01 1.463243e-01 1.315284e-02 4.712843e-02 1.495912e-02 3.255485e-03 -2.710455e-01 1.208863e-01 -1.919532e-01 -1.581048e-02
-1.169558e-01 -2.691767e-01 -4.631856e-02 5.706065e-01 1.113310e-02 3.185018e-01 -7.514458e-03 9.658433e-03 2.546313e-02 8.657668e-02 -2.134622e-02 2.006300e-01 -3.279209e-01 -1.572231e-01 3.417349e-01 3.343803e-02 5.137350e-01 -4.248250e-01 -1.554607e-01 6.480788e-02 2.881535e-01 -6.074984e-02 -4.875631e-02 -2.526226e-02 1.168473e-01 1.756086e-01 2.700066e-01 2.438790e-01 -1.183427e-01 1.272014e-01 5.231887e-02 2.610062e-01
-7.055445e-02 9.487301e-03 -4.424384e-02 -7.114127e-03 -2.001831e-01 -1.732575e-02 -3.271502e-01 -1.243951e-01 -2.932036e-01 -3.094721e-02 -2.414167e-01 5.850242e-01 7.906578e-02 4.312779e-01 1.753719e-01 7.622262e-03 3.169574e-01 -3.662220e-01 -3.126413e-01 1.749777e-01 -5.257329e-02 5.022787e-02 3.427114e-01 7.828724e-02 -1.868467e-01 -1.198409e-01 -1.707221e-01 1.283268e-01 -3.908626e-01 -3.705330e-01 1.223439e-02 -1.021121e-01
5.597140e-01 1.078999e-01 -2.553384e-01 -3.764701e-01 -6.247817e-02 9.638980e-03 -1.665468e-01 -1.142560e-01 5.829269e-02 -1.459865e-01 6.013584e-02 3.542950e-02 1.378129e-01 1.215901e-02 -3.466587e-01 1.336262e-01 1.198166e-01 -2.056241e-01 -8.091199e-02 3.239657e-01 -6.146329e-02 -5.161204e-02 -2.308157e-01 1.098792e-01 1.527706e-01 1.611105e-01 -3.702613e-01 -2.247334e-01 2.622139e-02 -3.302062e-01 -3.196518e-01 -7.398666e-02
2.609512e-02 2.543961e-01 -1.248852e-01 1.532454e-01 5.874004e-02 -1.523029e-01 -8.697699e-02 1.182148e-01 -3.198884e-01 -2.719456e-01 -6.459323e-02 -4.885236e-03 4.599200e-01 4.387709e-01 1.989926e-02 -2.474057e-01 1.649926e-02 4.311085e-02 -2.932804e-02 1.838291e-01 1.744862e-01 -1.895004e-02 6.288041e-01 -1.229358e-02 3.834265e-01 -1.619228e-02 -5.142143e-01 -8.191157e-03 1.227697e-04 -3.004761e-02 -6.688679e-02 8.265424e-02
-3.585062e-01 2.908089e-01 3.252434e-01 -5.623244e-03 -2.515710e-01 -7.413774e-02 1.428472e-01 2.123913e-01 1.486859e-01 1.150717e-01 3.026221e-01 9.918708e-02 -1.695373e-01 -3.395536e-01 1.811844e-01 -6.062235e-02 -2.063601e-01 1.360698e-01 2.674129e-02 -3.160459e-01 -1.054150e-01 -1.688660e-01 3.328947e-01 -1.114818e-01 -5.318484e-01 -1.351946e-01 -2.059969e-01 3.281922e-02 -1.107242e-01 2.107211e-01 -2.563646e-01 -7.507043e-02
-2.832426e-01 -7.034495e-03 1.214030e-01 -1.862650e-02 -1.142925e-01 1.278388e-01 7.328910e-02 -2.880387e-01 3.876587e-01 1.915677e-01 -2.817571e-01 1.687338e-01 5.286490e-01 -9.901693e-02 1.230318e-01 1.146498e-01 1.923870e-02 7.893949e-02 6.710924e-05 2.262704e-02 5.740435e-03 -7.345615e-02 -1.882225e-02 -4.278001e-01 5.877931e-03 2.096043e-02 3.079175e-01 -2.659324e-01 -5.712369e-02 2.989376e-02 -6.345793e-01 9.323242e-02
3.950174e-01 4.638613e-01 -4.600279e-02 -2.558778e-01 -3.503477e-01 -1.496024e-01 -6.487411e-03 -1.865993e-02 -8.807927e-02 -8.718996e-02 -5.141284e-02 -3.162915e-01 -1.030975e-01 -3.433445e-01 1.701604e-01 2.066973e-01 6.369371e-02 -1.598314e-01 -1.011687e-01 3.558542e-01 5.494262e-02 -3.498615e-02 -8.669125e-02 -8.217461e-02 -4.030354e-04 6.243780e-03 3.825076e-01 9.543815e-02 -6.666952e-02 9.296323e-02 -7.629066e-01 -9.303570e-03
-1.269264e-01 -8.677418e-02 -1.420377e-01 -3.191203e-01 -1.429077e-01 -2.558637e-01 5.556597e-01 2.952949e-01 1.072202e-01 1.652654e-01 -3.573539e-01 -2.269600e-01 1.669346e-01 -4.863755e-02 -6.867074e-02 2.365786e-01 -5.594158e-01 -5.993642e-02 8.884134e-02 -5.766657e-02 -2.728298e-02 -4.082344e-01 -2.399588e-01 1.043811e-01 2.874545e-02 4.676901e-01 4.257271e-02 -8.107520e-02 -1.898488e-01 -2.838216e-02 2.892786e-01 6.465736e-02
-4.270754e-02 3.618292e-02 5.692344e-01 -3.702489e-01 1.456791e-02 1.014110e-01 2.729772e-01 1.459586e-01 -2.065354e-01 -2.192140e-01 7.884776e-03 -5.761153e-02 4.972418e-02 4.467127e-01 1.832985e-01 1.783162e-01 -7.771281e-01 -3.666811e-02 4.852463e-02 -2.510125e-02 4.446138e-01 -1.889360e-02 5.616339e-02 -1.294616e-02 -2.027109e-01 2.832231e-01 1.202879e-01 7.799495e-02 -7.790763e-02 -2.211350e-02 -5.946991e-02 -1.269561e-01
5.169991e-02 -7.341100e-02 5.807417e-01 -1.818560e-02 3.101426e-01 -3.350318e-01 2.798344e-01 -1.444558e-01 -7.234722e-02 1.018070e-01 -1.131825e-02 1.598434e-01 -2.022393e-01 2.459327e-01 2.210626e-01 -3.322492e-02 4.335798e-02 -1.301796e-01 1.869973e-01 2.495116e-02 1.010457e-01 -6.620472e-02 1.935327e-02 -3.604143e-02 -2.088989e-01 -2.120691e-01 -5.407823e-01 -4.962562e-02 -1.868034e-01 -5.350458e-01 2.287692e-01 -1.413725e-01
-1.145070e-01 -2.423588e-02 2.836765e-01 -1.588076e-01 -1.535879e-01 -2.357856e-01 3.795470e-01 -9.755909e-02 -1.670395e-01 2.802165e-01 -2.767493e-01 3.981044e-01 -2.844548e-01 -2.324137e-02 -5.424431e-02 2.447927e-01 7.870225e-03 1.133800e-01 -8.420365e-03 -2.895372e-02 2.056195e-01 1.870232e-01 -1.743596e-02 1.285712e-02 9.636880e-02 6.007987e-01 -1.951201e-02 1.644204e-01 3.488793e-01 -2.168631e-01 3.461961e-01 1.581502e-01
-3.918633e-01 -3.691213e-02 -3.468531e-01 -3.215255e-01 5.830510e-01 -1.583864e-01 5.164212e-02 9.745450e-02 8.953883e-02 9.697598e-02 -2.885647e-01 -9.520168e-02 6.877238e-02 3.177997e-02 -1.662198e-01 1.140521e-01 4.347511e-02 -2.208844e-01 1.477965e-01 -1.461341e-01 -6.901519e-01 3.424207e-01 -1.840550e-01 -2.121652e-02 6.634712e-03 1.055784e-02 3.632194e-02 2.302397e-02 -4.136052e-01 9.539397e-03 -8.580042e-02 7.412242e-03
3.024328e-01 4.207450e-01 5.023296e-02 -7.329278e-03 3.006873e-01 -1.931872e-01 1.048962e-02 -9.193956e-02 -6.410437e-02 1.553545e-01 -1.394076e-01 -4.166035e-02 5.871896e-02 1.503420e-01 5.834296e-01 -2.348639e-02 -1.888530e-01 2.418857e-01 1.687626e-01 -2.314757e-01 7.541443e-02 2.077254e-01 3.191968e-01 -4.797568e-01 1.973446e-01 -3.076387e-01 -7.758896e-02 -2.650656e-01 -3.848474e-02 -1.335183e-01 1.530385e-01 -3.002203e-01
-1.083237e-01 -3.070299e-01 -2.249215e-01 4.040709e-01 -5.460271e-02 -2.912584e-02 2.122124e-01 7.281065e-02 -5.227519e-02 -2.903287e-01 1.020404e-01 2.048295e-01 1.361674e-01 -1.701095e-01 4.011680e-01 2.541654e-01 5.949519e-01 -1.022316e-01 1.435969e-01 3.553666e-01 7.390605e-02 3.050059e-02 -1.381769e-01 5.542258e-01 6.838402e-02 -1.616574e-02 -2.080851e-02 8.667640e-02 3.884630e-03 -1.411147e-01 -1.909912e-01 -4.995001e-02
9.119216e-02 2.119079e-01 -5.446725e-03 3.391063e-01 1.548132e-01 3.205341e-01 -1.863115e-01 2.174065e-01 -1.627517e-01 -3.216392e-02 5.040523e-01 -5.450470e-03 2.312780e-02 2.576620e-01 -1.312581e-01 2.675884e-01 3.725262e-02 4.765069e-02 6.930408e-02 -4.464529e-01 -3.541215e-02 -1.186601e-01 -4.240555e-01 -4.608066e-02 -3.056564e-01 1.328883e-01 -6.569457e-02 -2.131119e-01 3.046235e-02 -5.713922e-02 4.210496e-01 2.337102e-01
1.095111e-01 2.523560e-01 -3.407605e-01 2.734540e-01 1.124162e-01 5.619123e-02 -2.889843e-01 3.239957e-01 1.432489e-01 -2.158119e-01 3.791041e-01 -2.504894e-01 -2.766161e-02 3.023911e-02 1.214314e-01 -5.255267e-02 -3.961975e-03 -1.110515e-01 2.320509e-03 3.557476e-02 -3.316834e-02 -1.402245e-01 -1.534869e-01 -1.028562e-01 -1.865135e-01 -2.615099e-01 -9.614047e-02 -4.723185e-02 -7.267060e-01 1.479419e-01 -2.390146e-01 -1.875715e-01
-1.838735e-02 9.801315e-02 -8.921185e-02 4.966921e-02 -1.807260e-01 -9.543655e-02 1.067737e-01 5.578761e-01 -1.656415e-01 3.104907e-02 -3.325949e-01 -2.920409e-02 1.335591e-02 -4.043661e-01 2.770285e-01 -4.122297e-02 1.714241e-02 1.768827e-01 4.907932e-03 2.642777e-01 -4.597670e-02 4.420735e-02 7.051727e-01 -9.923650e-02 -7.243018e-02 -1.312628e-02 1.635198e-01 -4.514574e-02 -3.455921e-01 -1.775705e-01 7.444222e-02 1.458732e-01
-3.899139e-01 -3.725936e-02 1.751517e-01 -1.086421e-01 3.084242e-04 8.366168e-02 -3.170793e-01 6.453339e-02 -2.061720e-01 -3.131075e-01 -5.873432e-02 5.376890e-01 2.376887e-01 -2.267783e-01 1.653046e-01 5.184548e-02 1.978716e-02 1.090371e-01 -3.842130e-01 3.946827e-01 1.416345e-01 -5.366587e-02 1.728268e-01 -3.731556e-02 -4.003296e-01 -3.888146e-01 -3.247145e-01 -3.017728e-02 1.100510e-01 -2.081910e-01 -1.608151e-01 -7.223828e-02
9.525104e-02 -1.302660e-01 2.069905e-02 1.789087e-01 3.002778e-01 -3.426529e-01 -2.605357e-01 4.679700e-01 2.018329e-01 -6.728627e-02 2.402999e-02 -3.617910e-01 3.158056e-02 1.908096e-01 2.215823e-01 3.864427e-02 -2.844189e-01 -6.885239e-02 1.022069e-01 1.100725e-01 -1.197351e-01 -2.439228e-01 -1.651527e-02 3.714321e-01 1.289952e-02 -2.173225e-02 6.053869e-02 -1.863548e-01 1.767491e-01 -8.330335e-02 6.075270e-01 -1.311583e-01
-1.137787e-01 6.039284e-02 -1.705753e-01 -2.367225e-01 -3.204507e-01 -6.412347e-02 -2.474791e-01 3.726673e-01 -2.653651e-01 1.912054e-02 -1.931938e-01 -2.255782e-01 -1.437370e-02 -6.696899e-02 1.992300e-01 1.211636e-01 -2.884504e-01 -4.314887e-01 5.426938e-02 1.547237e-02 2.555793e-02 2.383862e-01 -1.557577e-01 7.995301e-02 5.003031e-02 9.167983e-02 -5.559922e-01 2.114724e-01 1.647109e-01 1.002925e-01 -9.620942e-02 -8.497465e-02
3.644335e-01 1.199966e-01 3.303107e-01 4.625537e-01 -5.041137e-02 3.083905e-01 -1.876993e-01 -8.502606e-02 -2.467057e-01 -3.203033e-01 1.354996e-02 -7.700175e-02 2.849545e-02 -2.201063e-01 -2.574548e-02 -2.300522e-01 4.738035e-02 8.465935e-03 2.084810e-01 3.386699e-01 2.052774e-01 1.198191e-01 2.630694e-01 1.557928e-01 -2.692181e-01 -2.121719e-01 -1.269489e-01 3.387490e-01 -9.669680e-02 3.321295e-01 3.678147e-01 -2.811037e-01
1.620949e-01 5.336901e-01 -2.266798e-01 2.445220e-01 1.557977e-01 2.913774e-01 6.643474e-02 -3.018154e-02 -2.848357e-01 1.450411e-01 1.742240e-01 2.006648e-02 -4.051645e-02 3.210115e-01 3.115876e-01 1.896139e-01 -1.696801e-01 -3.483944e-02 4.733475e-01 -2.387047e-01 -9.612599e-04 4.894976e-02 -1.379949e-01 8.687489e-02 -3.032762e-02 2.638217e-03 3.175104e-01 -3.041458e-01 2.373662e-01 1.797286e-01 -2.769931e-01 4.331427e-01
-2.692241e-01 1.727086e-01 -3.268994e-01 -3.630008e-01 1.153552e-01 3.166052e-02 8.986435e-02 2.991958e-01 3.020432e-01 4.772026e-01 -1.353619e-01 1.559834e-01 -1.022986e-01 -1.577193e-01 -1.510395e-01 1.127030e-01 6.627319e-02 2.587571e-02 -1.183978e-01 -1.359293e-01 -2.648364e-01 3.389390e-01 -5.903928e-01 1.568485e-01 2.652650e-01 1.952641e-01 -4.734668e-02 -1.450883e-01 6.967609e-02 -2.937912e-02 -2.378212e-01 2.237937e-02
4.404283e-01 3.565460e-02 4.335753e-01 3.249902e-01 -3.523530e-01 1.163108e-01 -1.785683e-01 -1.111370e-01 6.381396e-03 -3.066091e-01 3.441617e-02 5.183021e-02 -1.109402e-01 1.771880e-02 2.083355e-01 -9.983096e-02 -3.178758e-02 1.259526e-01 -1.262591e-02 6.001113e-02 6.981403e-01 -3.017933e-01 3.180065e-01 -2.091787e-01 -6.476963e-03 -1.543162e-02 -2.001998e-01 -2.362896e-02 2.314472e-01 -3.980313e-02 9.459442e-02 -4.459837e-03
3.371472e-01 -8.465532e-02 1.080187e-01 2.003173e-01 -8.486687e-02 1.142534e-01 1.868767e-01 -4.765642e-02 -3.778036e-02 2.945417e-01 3.357433e-01 -2.934097e-01 -1.605360e-01 -1.277638e-01 2.894825e-01 1.318703e-01 1.720877e-01 1.655671e-01 1.210067e-01 -1.226494e-01 -3.537855e-02 1.309200e-01 6.799603e-02 -1.014806e-02 -3.603442e-01 6.288144e-01 1.607478e-01 2.440920e-01 -1.623166e-01 -1.316859e-01 9.502597e-02 -3.950013e-02
5.801560e-01 -1.730511e-01 -1.805911e-01 1.337127e-01 2.938156e-01 2.407140e-02 1.713758e-01 3.982935e-02 -2.325088e-01 4.021217e-02 -1.189014e-01 8.210452e-02 4.431998e-01 2.594409e-01 -1.701168e-01 6.264805e-03 3.385438e-03 -1.258274e-01 -1.320671e-01 2.789491e-01 -2.655100e-02 4.065990e-03 1.770084e-01 2.808982e-01 3.401290e-02 1.028728e-03 2.421868e-01 -3.292070e-02 2.232657e-02 -7.283522e-01 2.159501e-01 -1.306485e-01
-3.162585e-01 -2.166363e-01 1.188761e-01 3.020640e-01 2.878743e-01 -1.899183e-01 4.318026e-01 2.027139e-01 2.879913e-01 -1.032496e-01 1.123832e-01 -2.271096e-01 -2.025420e-01 -1.533380e-01 -1.284516e-01 -1.075565e-01 -1.087522e-01 -2.013113e-01 -3.678701e-02 -7.392416e-03 -1.451312e-01 2.555824e-02 4.468873e-01 1.855940e-02 1.917334e-01 -1.631798e-01 -4.313762e-02 1.399374e-01 4.618531e-01 -3.723831e-01 -2.533450e-01 -3.075254e-01
-1.256328e-01 -3.432637e-01 5.157478e-01 -2.223418e-01 -7.551522e-02 -2.724352e-01 -1.044046e-01 2.806594e-03 2.719966e-01 -2.023368e-01 -2.345565e-01 -2.174901e-03 -8.635999e-02 -3.355561e-01 4.061201e-02 -2.018641e-01 2.418910e-01 1.584671e-01 -2.300156e-01 1.995117e-01 1.528355e-01 -1.922430e-01 1.601112e-01 4.566861e-02 -1.389077e-01 -1.303073e-01 -3.523754e-01 2.616976e-01 -3.065201e-01 -3.783407e-01 3.106101e-01 -2.160467e-01
5.994870e-01 3.170466e-01 1.849085e-01 -2.335578e-01 -3.597834e-01 -1.922217e-01 -7.422829e-02 2.852501e-02 5.238898e-02 -9.781089e-02 -2.044538e-01 -5.312786e-02 1.058063e-01 -8.786979e-02 1.092734e-01 -9.812701e-03 1.673891e-02 2.385212e-01 -4.233924e-02 -2.811582e-02 2.854887e-01 3.770849e-02 -1.625525e-03 -2.932326e-01 1.999161e-01 -2.061708e-01 -4.571249e-01 -3.616264e-01 9.233166e-02 -1.453010e-03 1.853275e-01 -3.235822e-02
2.373220e-01 2.742349e-01 3.622133e-01 2.200182e-01 2.981409e-01 -4.827949e-02 6.013849e-02 -2.740816e-01 2.507949e-02 5.946799e-03 5.057820e-02 1.048987e-01 2.318615e-01 -8.243877e-02 5.721197e-01 -1.075611e-01 -1.536657e-01 2.713862e-01 -8.111566e-02 -1.709668e-01 1.565801e-01 4.125779e-01 3.894584e-03 -3.855397e-01 4.848206e-01 7.165699e-02 -6.852508e-02 -1.028489e-01 -2.845888e-01 -5.779374e-02 2.231332e-01 -5.930534e-02
-2.761687e-02 2.259087e-01 1.803402e-01 -3.056430e-01 9.712341e-02 1.554159e-01 -2.099549e-01 -1.688347e-01 -2.276595e-01 4.600246e-02 9.688311e-04 2.942173e-01 3.525006e-02 2.466340e-01 -1.277687e-01 4.095816e-01 -6.770731e-01 -3.495655e-02 -3.867618e-01 -2.326021e-01 8.128186e-02 -3.165956e-01 -6.871583e-02 -2.466864e-01 1.026095e-01 3.700916e-02 4.057897e-02 6.556754e-03 -5.781797e-02 9.945250e-02 -3.223375e-02 -1.825431e-03
-1.970595e-01 -1.476459e-01 5.331888e-01 -1.117667e-01 9.437983e-02 -2.762770e-01 2.344226e-01 8.919321e-02 -1.547968e-01 3.652382e-02 -2.744522e-01 -2.203915e-01 6.709170e-02 2.024485e-01 -3.321143e-01 1.323228e-01 1.995499e-01 1.074221e-01 1.771288e-01 -9.410218e-02 -1.538337e-01 1.926482e-01 1.216132e-01 -1.272432e-01 -4.366263e-02 -3.208401e-01 3.459399e-01 4.716151e-01 -8.434146e-02 5.542705e-02 7.953644e-02 3.100896e-01
-7.883723e-02 1.805394e-01 1.426897e-02 1.186911e-01 1.855622e-02 8.593330e-02 -2.515314e-01 6.688888e-01 -1.887735e-01 -1.245364e-01 -2.462839e-01 1.513398e-01 1.650124e-01 9.050507e-02 2.025727e-01 3.858369e-01 -9.952630e-02 -5.062794e-02 -1.758761e-02 6.697828e-01 6.201298e-02 1.442506e-01 -5.501524e-02 -5.842494e-04 2.721108e-01 -4.913261e-01 -8.180422e-02 -1.931012e-01 -8.110812e-02 2.967346e-01 4.742238e-02 5.599904e-02
1.022830e-01 1.663389e-01 4.026774e-01 -1.892053e-01 2.899535e-01 1.551621e-01 -1.076120e-01 -6.266218e-02 5.077575e-01 1.557479e-01 3.517574e-01 -9.644223e-03 3.393637e-02 -6.337226e-02 4.830296e-02 2.366055e-01 -3.178807e-01 -2.900894e-01 -3.034602e-01 -2.800056e-01 5.251580e-02 1.187617e-02 4.817427e-01 -6.469851e-02 -6.320830e-04 1.250469e-01 -4.537994e-01 -1.568248e-01 -1.635546e-01 -2.634214e-03 -4.040473e-02 -1.564111e-01
1.753373e-01 -1.000083e-01 -1.389454e-01 -2.180003e-01 2.745811e-03 2.686458e-02 2.055891e-02 -3.864254e-01 2.411603e-01 -3.338394e-02 5.337135e-01 -1.231124e-01 -1.712282e-01 -1.430967e-02 -2.317618e-01 -1.915575e-01 1.010303e-01 6.497460e-02 5.073256e-02 -6.349829e-01 -2.609836e-01 4.467891e-03 3.059080e-02 -1.087578e-01 -1.484553e-01 3.629383e-01 5.280370e-02 1.064814e-02 -5.216032e-02 -2.462184e-01 -2.466338e-02 8.237410e-02
-3.119808e-01 -3.730329e-01 1.837041e-02 2.540410e-03 2.719236e-01 5.196508e-01 -1.797702e-02 1.252012e-01 8.472185e-02 3.129659e-01 3.843425e-02 -9.293683e-02 -3.493784e-01 -1.470256e-01 -5.412024e-02 -4.712486e-03 -7.938096e-03 -2.959929e-01 -4.623287e-01 1.427662e-02 8.910924e-03 -3.344150e-03 -7.312735e-02 4.765154e-01 3.600124e-01 4.023077e-02 2.793728e-02 3.068503e-01 -1.417705e-01 -1.040482e-01 -8.687348e-02 -4.538871e-02
7.007799e-02 -1.133698e-01 4.398599e-01 -2.065234e-01 1.029674e-01 -2.607430e-01 -7.760110e-02 2.582212e-01 4.033673e-02 -2.576913e-01 -2.874773e-01 -3.263377e-01 3.004930e-01 1.380118e-01 1.641719e-02 -2.647240e-01 7.562596e-02 5.303225e-02 -2.715734e-02 2.944330e-02 -3.702329e-01 1.590795e-01 -4.104692e-02 2.863495e-01 -3.961252e-02 -1.384950e-01 6.144126e-02 5.000914e-01 2.660198e-01 1.777092e-01 -3.921719e-01 -2.303751e-01
-1.359443e-02 -1.108383e-01 1.938855e-01 1.583977e-02 -2.920151e-03 -1.032324e-02 -2.046115e-01 6.010433e-01 -7.135387e-02 -1.683859e-01 -3.907030e-01 2.204858e-01 3.379836e-01 4.077294e-02 4.327703e-02 -1.335462e-01 -2.264893e-01 -4.265225e-02 2.377358e-01 4.250943e-01 1.909656e-01 -2.107067e-01 -4.590764e-02 1.313642e-01 1.203921e-01 -3.385531e-01 -5.900931e-02 -1.915452e-01 3.166016e-01 4.055028e-01 4.589796e-02 -3.521805e-02
5.162758e-01 -7.389409e-02 -1.587752e-01 -5.240636e-02 4.204822e-01 1.072860e-01 2.288046e-01 2.021221e-01 -2.259358e-02 1.048977e-02 2.190524e-01 -2.988171e-02 6.673547e-02 -2.480736e-02 -2.601624e-01 2.721857e-01 1.239887e-01 -6.137206e-02 4.271808e-02 1.719031e-02 -1.599379e-01 2.149801e-01 -9.562229e-03 9.578490e-02 -2.390341e-02 -3.246163e-01 2.281697e-01 -8.218431e-02 3.516590e-01 -4.133337e-02 -4.456376e-01 -5.086537e-01
3.273878e-01 2.146669e-01 -7.086214e-02 6.762057e-02 -1.768948e-01 -4.243599e-02 2.713883e-01 -4.153011e-02 -9.273194e-02 1.686488e-01 -2.036706e-01 -1.281731e-01 5.999744e-01 2.256317e-01 -7.486635e-02 -3.144620e-01 -2.071359e-01 -2.514144e-01 -9.379192e-02 5.579004e-02 2.098032e-01 1.092072e-01 5.533553e-01 -1.287354e-02 -2.062928e-01 3.099554e-02 -3.711950e-01 1.173066e-01 -5.462630e-02 -2.132486e-01 -2.676130e-01 2.945495e-02
8.655874e-02 1.743656e-01 3.862821e-03 2.904226e-01 1.327236e-01 2.887326e-01 -3.933737e-01 -2.783812e-01 -1.382031e-01 -2.734129e-01 1.320460e-01 8.352420e-02 -1.569349e-01 4.951380e-01 -1.250391e-01 -4.904103e-02 4.066975e-01 9.768640e-02 -1.121874e-01 6.549897e-01 6.333846e-02 2.961341e-01 5.501118e-02 6.718056e-02 -1.533043e-02 -8.220907e-02 -9.656837e-02 6.582531e-02 -1.983536e-01 -6.150985e-02 -2.349283e-02 1.037073e-01
3.957315e-01 3.297829e-01 2.827522e-02 8.878765e-02 -1.451808e-01 1.068509e-01 -2.122004e-01 1.087125e-01 2.377653e-01 -1.968903e-02 5.861679e-02 2.364657e-01 3.985094e-01 2.104992e-01 4.631525e-02 -6.882238e-02 -1.226953e-01 -1.249533e-01 5.000509e-02 3.749599e-01 1.235655e-01 4.399510e-02 2.396640e-01 2.557943e-01 2.995305e-01 1.602538e-01 1.989103e-01 1.859688e-01 9.767926e-03 1.707146e-01 -1.973849e-01 -3.572498e-04
-3.311787e-01 1.519327e-01 -4.706134e-02 -1.098399e-02 -2.113122e-01 2.576903e-01 -1.760763e-01 -3.173666e-01 3.689473e-02 3.938740e-01 6.275876e-03 -9.293441e-02 -3.148727e-01 -9.198892e-02 1.890670e-01 9.348962e-02 -2.755897e-01 -1.337147e-01 5.325735e-02 -1.708015e-01 1.852992e-02 -2.181049e-01 1.748511e-01 1.821216e-01 -3.525002e-02 -2.368464e-01 -2.702587e-01 4.618368e-02 1.532921e-01 3.894290e-01 1.409221e-02 -3.090411e-01
3.520907e-01 -1.928895e-01 -2.605268e-01 1.326059e-01 3.441091e-01 1.522205e-01 -2.405745e-01 -2.538398e-01 -1.658089e-01 -1.072050e-01 -2.527021e-01 -7.335603e-02 2.685699e-01 3.299738e-01 -2.483159e-01 1.729046e-02 2.027908e-01 -2.022310e-01 1.025925e-02 3.076818e-01 1.318772e-01 1.866015e-01 -4.157283e-01 1.589947e-01 5.057822e-01 1.011300e-01 2.655650e-01 -2.157277e-02 9.039149e-02 -1.717050e-01 2.365976e-01 3.731001e-02
2.837384e-01 2.425345e-01 1.609643e-01 -6.260220e-02 -2.163207e-01 -3.097321e-01 1.966794e-01 1.315656e-02 -1.078323e-02 1.889849e-01 9.313811e-02 -6.078050e-02 5.841491e-01 -4.147504e-03 9.995288e-02 -3.707567e-01 -5.509169e-01 -1.972265e-01 7.727812e-02 -2.348882e-01 1.939333e-01 1.671426e-01 1.215823e-01 -2.363403e-02 -4.979152e-02 2.431123e-01 1.229893e-01 3.117284e-03 -3.472940e-02 -4.339576e-01 -2.512557e-01 6.189782e-02
1.413111e-01 -1.064500e-01 4.580459e-02 2.669329e-01 -3.968696e-02 3.354480e-02 4.532200e-01 2.199581e-01 3.598444e-01 3.963867e-01 9.470189e-02 -3.551162e-01 -1.030573e-01 -2.900698e-02 9.819289e-02 8.375385e-02 -6.148968e-03 -6.658597e-02 2.639411e-01 -1.672887e-01 -2.088579e-01 1.350835e-01 -7.441486e-02 -3.088194e-01 2.519029e-01 1.049244e-01 2.898980e-01 -1.426176e-01 9.758283e-03 4.740722e-01 4.307411e-02 1.132749e-01
-1.203874e-01 3.136624e-02 -3.545616e-01 1.679679e-01 2.894570e-01 5.733226e-02 -1.179465e-01 -2.437291e-01 2.022332e-01 -7.886332e-02 4.564320e-01 2.917670e-01 7.951024e-02 3.506632e-01 -1.788039e-01 -8.198922e-02 -3.055724e-01 -1.164185e-02 -2.019972e-03 -7.680026e-02 2.843949e-01 -1.275771e-01 -1.540876e-01 2.003928e-01 2.488026e-01 9.597272e-02 -3.390185e-01 -1.429489e-01 1.060160e-02 5.779973e-01 -5.544025e-02 -9.711178e-02
-7.342711e-02 1.871153e-01 3.194770e-01 -6.900444e-02 -1.366667e-01 3.961701e-02 -1.816518e-01 5.237667e-01 -4.123886e-02 -9.601377e-02 -2.702482e-01 -1.177419e-02 2.079688e-01 1.656311e-01 2.182628e-02 2.435604e-01 -3.572678e-02 -2.171029e-01 8.640767e-02 -5.095553e-02 2.813529e-01 -5.140898e-01 7.525545e-02 1.682039e-02 1.948350e-01 -2.246640e-01 1.117537e-01 -1.239992e-01 6.128291e-02 -1.738406e-01 -4.773054e-02 8.854941e-02
3.717091e-01 2.430205e-01 -1.060556e-01 -6.766774e-03 -1.594841e-01 -1.420814e-01 2.217716e-01 -3.115124e-02 -4.506756e-02 2.989574e-01 -1.626006e-01 -2.018621e-01 5.257581e-01 1.954616e-01 -4.272239e-02 -2.777393e-01 -6.499132e-02 -7.462385e-02 -5.784481e-01 -1.719223e-01 1.833948e-01 1.342699e-01 3.377074e-01 3.240660e-02 2.335646e-02 1.006793e-01 -2.633489e-01 7.462043e-02 -1.196433e-01 -2.430577e-01 -2.712801e-01 6.308667e-02
-7.029514e-02 1.176993e-01 -4.885820e-01 2.245571e-01 -1.686749e-01 2.343379e-01 -9.638642e-02 -2.682340e-01 2.287782e-02 7.509009e-02 5.220476e-01 1.395278e-01 -6.216890e-02 -9.768523e-02 1.097214e-02 1.212649e-01 -8.022831e-02 -1.889021e-01 4.358256e-02 9.013070e-04 1.956912e-01 -1.792776e-01 -9.353105e-04 -4.429722e-01 4.477613e-02 -4.840481e-02 -9.820887e-02 -4.258595e-01 -3.066871e-01 -8.987162e-02 3.467069e-01 1.528368e-01
-1.563470e-01 -8.560709e-02 -1.846150e-01 3.981880e-01 -2.393977e-02 6.139975e-01 1.165065e-01 -1.806622e-01 -1.194362e-01 2.419135e-01 2.139321e-02 1.555877e-01 -1.893619e-01 -7.617042e-02 -3.569308e-01 1.223786e-01 4.404702e-01 -3.973330e-01 -2.265960e-01 2.987977e-02 3.869076e-02 1.018026e-01 7.341956e-02 -3.320039e-01 2.108838e-01 -1.204689e-01 1.629747e-02 3.594927e-01 -2.483534e-01 5.657921e-02 -1.180249e-01 3.506705e-01
-2.914605e-01 -8.671557e-02 3.272468e-01 -1.164825e-01 -2.971250e-01 -1.143895e-01 -1.244054e-01 8.931657e-02 3.125288e-01 4.832785e-01 -4.045377e-02 -2.123558e-01 -1.291013e-01 9.522200e-02 3.274186e-01 1.157608e-01 5.161046e-01 -1.315730e-01 1.967502e-01 7.282632e-02 -6.930974e-02 -1.528569e-01 -2.110726e-01 2.341663e-01 -8.778512e-02 -5.776781e-01 5.117480e-02 6.672733e-02 -2.005265e-03 3.182869e-02 -4.849017e-02 -1.279190e-01
2.327919e-03 -6.139546e-02 -2.817929e-01 4.243757e-01 3.135186e-03 4.484836e-02 4.235436e-01 -1.415463e-02 -1.292169e-02 -2.683137e-01 -1.893485e-01 1.460846e-01 2.931804e-01 -1.953117e-01 1.500785e-01 4.256492e-02 4.431120e-01 -1.636326e-01 2.259181e-01 3.884337e-01 1.389941e-02 4.109564e-02 -1.837627e-01 6.035849e-01 -1.465453e-01 -3.443786e-02 -1.241798e-03 9.068106e-02 -3.691144e-03 -1.772500e-01 -1.627929e-01 -2.452489e-02
-1.470421e-01 2.699482e-02 4.339185e-01 -2.239672e-01 -9.538508e-02 1.237120e-01 2.989956e-01 3.658550e-01 -2.872933e-01 -2.916879e-01 7.998185e-02 2.343795e-02 4.689898e-02 4.697712e-02 3.389247e-02 3.877789e-01 -2.260595e-01 2.328324e-01 2.417013e-02 -2.028227e-03 1.456152e-01 2.508270e-01 1.635536e-01 6.158536e-02 -2.546435e-02 -2.332368e-01 -2.033319e-01 4.738134e-01 7.394456e-03 3.311609e-01 2.944243e-01 1.875960e-01
2.670180e-02 -3.226608e-03 6.384909e-02 -3.403711e-01 3.016882e-01 -1.617216e-01 3.204175e-01 2.799449e-01 3.268602e-01 2.722563e-01 2.402709e-01 -9.018914e-02 -2.759369e-02 -2.167086e-01 -2.466014e-01 1.508590e-01 1.823759e-01 -1.084762e-01 -2.681155e-01 -8.621011e-02 -2.857536e-02 3.785522e-01 2.188458e-01 -3.537116e-01 -2.819079e-02 -8.367593e-02 2.198242e-01 7.381138e-02 4.055322e-01 5.970873e-02 -4.358268e-01 5.368124e-02
-4.510707e-02 3.804354e-02 -1.940176e-01 3.377560e-01 2.855871e-01 -6.222548e-02 3.157505e-01 1.238354e-01 3.298836e-01 -3.284420e-01 -1.543966e-01 -9.509835e-02 2.451605e-01 -2.156037e-01 1.418189e-01 -2.509855e-02 4.811034e-01 -2.364225e-02 3.689062e-01 3.724523e-01 5.622651e-02 1.766829e-01 -1.503559e-01 4.914626e-01 -2.300633e-01 -4.151153e-02 -5.419346e-02 4.720679e-02 -2.569078e-02 -1.324074e-01 -1.068773e-01 -1.367848e-02
1.989473e-01 3.222604e-01 1.355039e-01 3.782772e-01 2.781881e-01 -2.956466e-02 6.951243e-02 -3.666162e-01 7.978982e-02 4.941789e-02 9.307666e-02 1.017164e-01 2.328976e-01 -7.649490e-02 5.468088e-01 -7.888286e-02 -3.670514e-01 7.543273e-02 -8.287069e-02 -1.637373e-01 8.851945e-02 4.106346e-01 7.117077e-02 -2.435277e-01 3.031023e-01 3.501521e-02 5.122026e-03 -3.557858e-01 -3.313730e-01 -5.068539e-02 3.067380e-01 -2.067956e-01
8.264464e-02 -9.387679e-03 -1.955897e-01 1.407258e-02 2.154253e-01 4.189382e-01 -1.111135e-01 5.161591e-01 1.685670e-01 -1.116802e-01 7.490422e-02 -2.901665e-01 1.681842e-01 2.698275e-01 6.448631e-02 -1.986876e-01 2.650399e-01 1.455312e-01 -5.075831e-01 1.519682e-01 3.450978e-01 2.883753e-01 3.037475e-03 8.851027e-02 4.698013e-02 -1.517409e-01 3.918720e-01 1.141038e-01 -1.385012e-01 -7.538720e-02 -1.386692e-02 -8.847393e-02
3.011543e-01 4.323217e-02 -1.709636e-01 2.433682e-01 -1.659732e-01 -5.256891e-02 2.618014e-01 -5.688926e-02 -1.034077e-01 9.335596e-02 -7.147025e-02 -4.206652e-01 5.412601e-01 -3.427602e-01 -1.898969e-01 -1.478454e-01 -6.267167e-01 -2.192445e-03 -5.115726e-01 1.612281e-01 -3.429106e-01 -9.270106e-02 4.528979e-03 7.904620e-02 -6.125935e-02 2.862640e-02 3.035478e-01 1.564245e-02 -2.385389e-02 1.652993e-01 1.211861e-01 8.210638e-02
4.055923e-01 2.130417e-01 -1.635693e-01 1.230542e-01 -1.334317e-01 -1.903944e-01 -1.651051e-01 3.082725e-02 7.270595e-02 -1.021822e-01 3.951937e-01 -2.299808e-01 2.474722e-02 7.147950e-02 1.837412e-01 1.096020e-01 -1.403031e-02 3.099781e-02 2.319500e-03 2.601915e-01 -1.010952e-01 -7.577314e-02 2.637577e-01 4.348459e-01 2.060285e-01 -5.289381e-03 -1.132919e-01 1.262265e-01 -9.386192e-02 -3.019652e-01 3.828682e-01 -9.598078e-02
-3.048426e-01 -8.840672e-02 1.772913e-01 7.246594e-02 -1.735585e-01 4.995012e-01 3.981242e-02 9.502207e-02 1.720402e-01 -7.195898e-02 3.600791e-01 -2.902963e-01 6.593065e-02 -1.271303e-01 -8.651042e-02 8.340778e-02 2.311332e-01 -4.533501e-01 -5.087445e-02 5.311887e-02 -5.431908e-02 -2.053672e-01 -3.344827e-01 5.257206e-02 -2.706735e-01 5.700815e-02 1.657842e-01 3.197644e-01 4.697496e-02 3.052038e-02 -2.319449e-01 3.180838e-01
-3.748138e-01 -2.159539e-01 -1.155329e-01 -1.024288e-01 5.318170e-01 -3.213274e-01 6.033817e-02 2.960260e-01 1.901023e-01 1.879488e-01 -1.029182e-01 -6.328985e-02 -1.749205e-01 -1.509902e-01 -2.143559e-01 -5.493160e-02 5.237723e-03 -2.866105e-01 1.586217e-02 -1.146197e-01 -5.857612e-01 4.891265e-01 -4.302683e-01 1.580371e-01 -3.762782e-02 -7.767562e-03 3.571132e-02 1.551562e-02 -2.476684e-02 2.353728e-02 -8.140117e-02 -6.535745e-03
-3.134768e-01 2.724373e-02 1.314450e-01 -8.454368e-03 -3.128667e-01 -1.147262e-01 -1.345815e-01 -2.694431e-01 -1.423802e-01 1.852799e-02 2.678405e-01 -1.590750e-01 1.320956e-01 1.694068e-01 4.587398e-01 -1.953565e-01 -3.632489e-01 1.482693e-01 -3.380962e-02 -2.123459e-01 -8.762558e-02 1.769717e-01 3.223524e-01 -2.091403e-02 1.767966e-02 9.498124e-02 1.261348e-01 2.591895e-01 -3.615301e-01 2.342849e-01 2.748997e-01 2.615288e-01
8.469553e-02 5.010965e-01 2.416853e-01 5.855337e-01 1.688293e-01 6.818461e-02 1.459347e-01 -3.620422e-02 -5.977861e-02 5.273917e-02 -1.092606e-02 6.420258e-02 2.752936e-01 -1.066665e-01 2.532415e-01 7.279802e-03 -2.143725e-01 1.399112e-01 2.096303e-01 8.616593e-02 -2.098709e-01 2.341625e-01 2.202564e-01 -4.058018e-02 2.400139e-01 -3.795365e-03 -4.683230e-01 -2.046759e-01 -1.166038e-01 2.232400e-02 3.563864e-01 -3.721690e-01
-2.476759e-02 1.300309e-01 -3.442349e-01 5.475298e-01 -6.565271e-02 -1.966845e-01 -1.062929e-01 1.066454e-01 1.607573e-01 2.844589e-01 -1.159287e-01 3.703959e-02 1.054756e-01 -2.499878e-02 -7.594415e-02 -8.688720e-02 -1.372798e-01 -3.618290e-01 1.186626e-01 -9.063604e-02 1.380314e-01 -3.017083e-01 1.290322e-01 -2.560892e-01 2.903945e-01 2.862078e-02 -3.216349e-01 2.667887e-01 2.334860e-01 9.644825e-03 1.796260e-01 -2.634741e-01
4.515263e-01 1.032120e-01 -1.137442e-01 1.193001e-01 5.656532e-01 7.272483e-02 1.055552e-01 1.898182e-01 3.427913e-01 -7.556804e-03 -3.725937e-02 6.505444e-02 3.806807e-01 7.090293e-02 -8.615241e-02 -1.500789e-01 -1.498060e-01 -3.352318e-01 -1.797224e-01 -1.857891e-01 -1.042005e-01 1.936824e-01 -3.908359e-02 1.247146e-01 1.993119e-01 -3.778259e-01 3.171567e-01 -1.033657e-01 2.598441e-01 -1.928557e-01 -2.117201e-01 -4.634624e-01
-4.044218e-02 -5.184025e-02 6.054829e-01 -6.483082e-02 2.257248e-01 -2.779340e-01 7.251444e-02 1.735663e-01 4.838677e-02 -2.211800e-01 -4.452410e-01 -3.502498e-01 1.448466e-01 2.883218e-02 -2.155705e-02 2.990690e-02 1.004095e-01 4.614551e-02 -1.196009e-01 -1.947266e-02 -1.496984e-01 2.661036e-01 1.509110e-02 4.281418e-01 -1.036340e-01 -2.392403e-01 9.960026e-02 4.044077e-01 3.748454e-01 9.177893e-02 -3.822117e-01 -2.954537e-01
-3.766236e-01 -4.111440e-01 3.397102e-02 2.219532e-01 3.153422e-01 1.408254e-01 -2.763319e-02 1.703159e-02 7.860062e-02 1.058337e-01 1.888943e-02 3.033300e-01 4.945844e-02 4.489911e-01 -1.853061e-01 -1.687209e-01 -2.621336e-02 1.768185e-01 1.274516e-01 -2.983595e-01 -6.389711e-02 3.800076e-02 7.553665e-02 1.159559e-01 1.371003e-02 5.284928e-03 -4.441052e-01 -1.000651e-01 2.803185e-02 -1.112808e-01 7.404602e-01 -5.980815e-03
4.027769e-01 -1.647081e-01 6.233557e-02 -2.266339e-01 3.834950e-01 8.350477e-02 -6.698056e-02 -6.317592e-03 -6.447814e-02 -7.980007e-02 -2.090319e-02 -1.255460e-02 5.480665e-01 2.199920e-01 -1.396452e-01 1.085898e-01 1.760742e-01 1.716998e-01 -2.118309e-01 1.970504e-02 -6.958219e-02 -4.153687e-01 1.182990e-01 -2.947872e-01 -5.440855e-03 -1.072665e-01 1.722509e-02 -2.390908e-01 -2.429518e-01 -1.416124e-01 -9.622385e-02 4.987679e-01
2.175849e-01 1.452832e-01 5.715693e-02 1.396838e-01 1.205060e-01 -2.502444e-01 -2.609795e-01 1.328708e-01 4.579200e-01 -3.617331e-01 6.210999e-02 -1.669800e-01 3.882042e-02 2.301291e-01 3.932489e-01 2.421691e-02 1.047941e-03 -3.080804e-02 -4.004630e-01 3.332096e-02 -3.459712e-02 4.369560e-01 -2.221310e-03 -3.893347e-01 -1.479173e-02 -4.592749e-02 4.146123e-03 -2.632109e-01 1.575297e-02 3.676097e-01 -1.042981e-01 -1.440001e-01
-1.160407e-01 9.786195e-02 -1.491370e-01 2.702816e-01 -3.302961e-02 -9.234873e-02 1.730698e-01 -2.209798e-01 -3.367143e-02 4.874262e-01 6.056927e-02 3.590899e-01 -1.558955e-01 -3.087452e-01 -2.800557e-01 1.925130e-01 -2.591857e-01 -4.462922e-01 -6.861955e-02 2.615560e-02 8.050391e-02 -1.303216e-01 -9.486005e-02 4.972558e-02 -9.396292e-02 6.723622e-02 -6.896812e-01 -1.310226e-01 1.252443e-01 -8.063853e-03 -9.878716e-03 -1.962228e-02
5.330082e-01 1.173423e-01 -1.833735e-01 1.439562e-01 -3.055813e-01 -1.866532e-01 -9.101813e-02 -9.396371e-02 1.028871e-01 -2.802590e-01 2.399971e-02 2.235265e-01 2.802372e-01 5.198826e-02 1.655563e-01 1.171269e-01 -1.075637e-02 1.203656e-01 3.476043e-01 -2.020679e-02 -8.545526e-03 5.887309e-02 3.941016e-02 -5.369096e-01 -4.039955e-01 -1.756061e-01 4.014165e-02 -7.410244e-02 1.875869e-01 -1.866927e-01 1.494211e-01 -8.017910e-02
-2.429926e-01 -2.649659e-01 3.238347e-01 -2.911044e-01 1.646861e-01 -1.249880e-01 -1.139635e-01 4.616669e-01 -1.917712e-01 -3.343194e-02 -4.424089e-02 1.849470e-01 1.468848e-01 -2.366424e-01 1.124164e-01 -2.692483e-01 -1.949648e-01 1.602226e-01 9.996783e-03 -5.460972e-01 -3.598706e-01 1.778433e-01 1.395800e-01 1.210739e-01 4.420375e-01 7.874414e-02 -2.898654e-01 5.236003e-02 -3.657674e-02 -6.072862e-02 3.753321e-02 1.293147e-01
-7.730937e-02 3.433089e-02 1.006224e-01 3.337201e-01 -3.260741e-01 -1.812272e-01 2.660178e-01 -1.189430e-01 -1.303885e-01 -1.259894e-01 3.966834e-01 2.557127e-01 2.670981e-01 -2.035772e-01 -2.923329e-01 2.250142e-01 4.758711e-01 -3.116192e-01 -2.599953e-01 -1.261738e-01 5.416144e-02 -5.224063e-02 6.965286e-02 -2.656143e-01 -5.781421e-02 -2.929367e-01 -6.713275e-02 7.099833e-03 4.077586e-01 1.539900e-01 1.902299e-01 1.867673e-02
4.550892e-01 1.958074e-01 -1.547549e-01 7.949328e-02 3.773499e-01 4.616342e-04 1.139079e-01 1.884404e-01 4.533865e-01 2.525156e-01 -1.102665e-01 6.888069e-02 3.059165e-01 -4.094186e-02 -1.317754e-01 -1.648562e-02 -6.575627e-02 -3.374475e-01 -2.232176e-01 -1.240985e-01 -5.812391e-02 2.869985e-01 -7.562601e-03 1.798398e-01 9.086279e-02 -4.456950e-01 1.864690e-01 9.725745e-02 1.842331e-01 -2.841968e-01 -1.622672e-01 -4.381941e-01
2.525495e-01 3.327959e-01 -6.733036e-02 1.694328e-01 -4.836276e-02 -1.810372e-01 1.287341e-01 8.502482e-02 -2.799210e-01 -2.455213e-02 -2.086639e-01 -7.276051e-02 5.236074e-01 2.777180e-01 -8.917351e-02 -3.554392e-01 3.325831e-02 4.168008e-02 -2.748749e-01 -6.307442e-02 5.766934e-02 7.206740e-03 5.734196e-01 -1.273440e-03 2.533084e-01 -4.348677e-02 -5.901703e-01 5.448701e-02 -2.027445e-02 -2.540786e-02 -2.270264e-01 6.766205e-02
-1.947140e-01 -1.459679e-01 1.481648e-01 4.827579e-01 1.337794e-01 -1.450188e-01 3.477524e-01 2.810669e-01 1.517574e-01 -8.123679e-02 -1.158899e-01 -1.744351e-01 -3.166286e-01 -2.022216e-01 -1.536888e-01 -1.507624e-01 -2.486183e-01 -1.778739e-01 1.271819e-01 7.166658e-04 -2.669488e-01 -8.904840e-02 1.409647e-01 8.356170e-02 1.494216e-01 -1.036940e-01 1.246575e-01 2.112326e-02 4.092240e-01 -3.255113e-01 -2.505554e-01 -4.872180e-01
-6.449756e-02 -1.110782e-01 -3.398842e-01 -3.981141e-01 -3.151324e-02 -1.134756e-01 1.696972e-01 -7.346885e-02 8.336630e-02 4.080004e-01 8.849962e-02 3.300752e-01 2.041687e-01 3.328124e-01 -1.125634e-01 1.795462e-01 -1.977652e-02 -8.314945e-02 -2.106426e-02 -4.333365e-01 -1.122231e-01 -4.409589e-04 -3.682938e-01 1.035090e-01 2.219705e-01 3.391395e-01 -3.120361e-02 -3.043319e-01 1.745618e-01 -3.005856e-01 -1.898812e-01 2.049533e-01
-1.077863e-01 -1.511672e-01 7.373582e-02 1.378559e-01 -8.597229e-02 -3.259480e-02 -3.310482e-01 1.753281e-02 -2.227831e-01 -1.018086e-01 -3.152042e-01 5.723532e-01 5.759102e-02 4.620485e-01 -1.428210e-01 -1.031022e-01 1.464023e-01 -3.677264e-01 -5.253584e-01 1.421981e-01 -1.247196e-01 1.113720e-01 4.101212e-01 1.319141e-01 -1.220573e-01 -4.946471e-02 -4.040236e-02 8.036342e-02 -2.559086e-01 -1.638351e-01 -7.689855e-02 -2.625403e-01
-2.124197e-01 -1.295551e-01 1.344155e-01 2.429522e-02 1.305751e-01 6.477220e-02 -1.736414e-01 5.414579e-01 -1.321151e-01 -2.254988e-01 -2.412555e-01 3.354998e-01 3.559917e-01 -5.913980e-02 6.970952e-02 -1.099778e-01 -9.109897e-02 3.129291e-03 -4.567206e-02 2.835923e-01 2.107702e-01 -2.604705e-01 -4.879547e-02 1.521848e-01 2.269330e-01 -4.211286e-01 -1.494403e-01 -1.779227e-01 1.604221e-02 5.131069e-01 1.181711e-03 -8.860533e-02
-1.905328e-01 -1.327832e-02 2.048499e-01 -1.291305e-03 -2.639625e-02 1.180840e-01 -2.561184e-01 6.267862e-01 -6.068440e-02 -1.224749e-01 -2.605919e-01 2.625950e-01 3.032779e-01 9.673783e-02 5.509938e-02 3.797885e-02 -1.402779e-01 -1.337933e-01 1.119335e-01 7.512156e-02 1.252926e-01 -4.459004e-01 -1.397276e-02 -2.361257e-02 2.605733e-01 -5.981991e-01 -1.076811e-01 -1.952801e-01 1.225287e-01 2.448141e-01 -3.294893e-02 1.373112e-01
1.306376e-02 -1.811633e-01 -2.519737e-01 4.787092e-01 -4.243135e-02 -1.126691e-01 1.988120e-01 1.832468e-01 2.202825e-01 -1.708115e-01 -1.840364e-02 -1.622843e-01 4.107414e-02 -2.238875e-01 2.247173e-01 -2.305997e-01 7.183185e-01 -1.636494e-02 3.972334e-01 2.395915e-01 -5.850733e-02 1.615263e-01 -7.443703e-03 3.602123e-01 -8.906432e-02 -4.208760e-02 -2.313009e-02 2.466575e-03 4.273390e-02 -7.003110e-02 5.462389e-03 -9.167994e-03
1.023302e-01 -2.194312e-01 -3.245490e-01 3.653543e-01 1.967311e-01 -2.654758e-01 -1.954913e-01 -3.049463e-02 5.124834e-01 7.362155e-02 -8.727190e-02 1.742017e-01 -5.028231e-02 -1.560932e-01 -4.138877e-02 -2.519252e-02 -3.021533e-01 -2.929256e-01 2.661564e-01 -7.163815e-03 -9.106506e-02 -2.529686e-01 5.147490e-02 -1.130083e-01 -8.533791e-03 -1.496403e-01 -9.675104e-02 3.230768e-01 3.650197e-01 -3.110071e-01 9.716202e-02 -3.596124e-01
2.753597e-01 -1.610630e-01 -1.882107e-01 -2.108049e-02 2.595011e-02 -1.952322e-01 -4.055670e-01 -1.573441e-01 1.486005e-01 -1.160175e-01 3.993833e-01 -2.823427e-01 2.565157e-01 6.774334e-02 -1.084949e-01 3.324355e-01 -9.531629e-02 -1.356734e-01 -4.994430e-01 -5.530719e-02 -2.048013e-01 -4.508750e-01 -9.031153e-02 5.518369e-02 -2.978423e-01 -9.941801e-02 8.708646e-02 -2.379447e-01 5.954829e-02 2.371982e-01 -1.219924e-01 -1.588603e-01
4.229909e-01 2.131006e-01 2.023554e-01 -2.373174e-01 2.272838e-01 6.062266e-02 1.993970e-01 -1.474081e-01 2.505680e-01 2.428335e-01 -2.785150e-01 1.141693e-01 -3.107717e-02 3.368420e-02 -1.261447e-01 1.379939e-01 2.329749e-01 -4.710365e-01 -2.993413e-01 7.248167e-03 1.164625e-01 8.666505e-02 1.731613e-01 -2.207337e-01 3.149252e-03 -1.446702e-01 3.757252e-02 3.565650e-01 -1.629025e-01 1.353201e-01 6.852101e-02 2.699784e-01
8.383663e-02 2.347549e-01 -3.028787e-01 4.734570e-01 2.417923e-01 3.414969e-01 4.610148e-02 -3.384380e-04 -2.887830e-01 -1.391057e-01 1.195914e-01 1.325301e-01 -2.520750e-01 2.212596e-01 -2.909141e-02 1.898230e-01 5.825831e-02 2.789606e-01 2.834305e-01 -2.639593e-01 -2.704814e-02 -2.273161e-02 -3.133121e-01 3.050959e-02 1.724478e-01 1.479363e-02 4.396636e-01 -1.470225e-01 8.226699e-02 3.300154e-02 -3.663605e-01 3.869601e-01
4.995663e-01 4.617091e-02 1.245958e-01 1.855809e-01 -3.997242e-01 8.297801e-02 -1.409250e-01 -1.077645e-01 -7.281230e-02 -7.072517e-02 3.569656e-01 2.836680e-01 1.554859e-02 -2.260033e-01 -1.385837e-01 1.206326e-01 4.442530e-01 -3.794695e-01 1.071918e-01 -6.656080e-03 1.148235e-01 -3.778298e-02 3.821018e-02 -3.914631e-01 1.346970e-01 -8.718026e-02 2.997683e-02 2.628432e-01 -9.315032e-02 7.011954e-02 -3.911020e-01 -2.077480e-02
4.112519e-01 2.099240e-01 1.778312e-03 -3.084889e-02 -2.380388e-01 -4.419843e-01 1.059283e-01 -1.346965e-02 -1.707281e-01 1.084989e-01 4.827741e-02 -1.767701e-01 5.337304e-01 1.105566e-01 7.182892e-02 -1.419913e-01 -5.719457e-01 9.516553e-02 5.507748e-01 -1.369797e-01 8.370062e-03 1.099839e-01 1.004196e-01 -1.370758e-01 3.228315e-02 2.150511e-02 2.955645e-05 7.481139e-02 -2.586231e-02 -2.168352e-01 -2.134734e-01 7.206732e-02
1.461110e-01 -1.820096e-02 -1.923935e-01 6.380572e-02 3.778540e-01 -1.645383e-01 3.672023e-01 2.029782e-01 -4.707229e-02 1.044599e-01 3.392187e-02 3.475632e-02 1.711208e-01 3.422489e-02 -3.114749e-02 5.643853e-01 6.867679e-03 -5.032496e-01 7.237556e-02 1.843789e-03 -2.604488e-01 4.956147e-01 1.281155e-01 5.385966e-02 -2.061668e-01 3.036355e-01 9.643921e-02 -1.096860e-01 5.975113e-02 -1.804510e-01 -1.318882e-01 -6.681972e-03
-6.288394e-02 3.033658e-01 -2.793129e-01 4.654181e-01 -8.632361e-02 3.821410e-01 -2.060979e-01 -2.236120e-01 8.239085e-02 -2.179009e-01 -3.263017e-01 8.581805e-02 -2.612121e-02 1.160463e-01 1.892415e-02 9.788205e-02 1.577187e-01 -3.411960e-01 7.815396e-02 2.956731e-01 -1.439161e-02 9.633943e-02 -6.459571e-01 3.479113e-01 -1.110867e-01 -1.787902e-01 8.272013e-03 1.256492e-01 -2.532042e-02 -1.438425e-01 -1.179010e-01 -7.730055e-02
-1.804620e-01 -1.381576e-01 -4.801588e-02 8.037966e-02 -2.181795e-02 3.905899e-01 -7.565208e-02 4.922521e-02 -5.347743e-02 -2.782087e-01 5.168518e-02 1.495193e-01 -2.926810e-01 -1.477098e-01 -1.670193e-01 3.289989e-01 2.031843e-01 6.030134e-02 2.349539e-01 9.196261e-02 -1.241330e-01 -7.478498e-02 -7.518207e-02 4.348118e-02 -1.116040e-01 1.277303e-01 -6.442028e-02 -8.117417e-03 2.564145e-01 5.529849e-01 4.164441e-02 -9.402135e-02
5.048766e-01 3.389766e-01 -1.680488e-01 3.918473e-01 -2.450513e-01 -9.980284e-02 1.681950e-03 -6.318362e-02 -3.532419e-02 5.387716e-02 4.801531e-04 3.103372e-02 2.070220e-01 3.142040e-01 1.886670e-01 1.141834e-01 -1.955857e-02 8.580271e-02 1.374020e-01 7.279429e-03 -1.391576e-02 -4.015509e-04 -2.817580e-02 -5.025372e-01 -3.810936e-01 -7.388848e-02 1.010413e-01 -2.561751e-01 4.884194e-01 5.211515e-02 -4.188161e-02 -1.050615e-01
2.337315e-02 1.252905e-01 -3.072215e-01 -8.273251e-02 3.547140e-01 -2.105843e-01 -4.730900e-02 3.863698e-02 -2.971432e-01 -2.876271e-01 -1.346878e-01 2.385959e-01 -2.309464e-01 1.799279e-01 3.167463e-01 -2.096202e-01 -5.068972e-01 2.213632e-02 -8.063948e-02 5.036975e-01 2.944174e-01 3.876828e-02 2.100014e-01 -2.157378e-02 3.402736e-01 -4.019408e-03 -1.267021e-01 4.609723e-03 -5.710908e-02 2.414364e-02 -2.443731e-03 -4.299198e-02
1.863448e-02 8.673802e-02 5.600794e-01 -6.113734e-02 3.596395e-01 2.139957e-01 2.279348e-01 -5.077018e-02 -4.067523e-02 -2.554353e-01 3.038188e-01 -1.557472e-01 4.828778e-02 -1.568423e-01 2.801720e-01 1.223972e-01 -1.979235e-01 9.959945e-02 -2.738631e-01 3.215084e-01 -1.710724e-01 3.293643e-01 -6.379227e-02 5.396247e-01 4.223441e-02 1.112299e-01 -1.410045e-01 -1.608954e-01 -1.745112e-01 2.576643e-01 -2.148518e-02 1.541571e-01
1.467526e-01 2.615027e-02 2.454620e-01 3.935080e-01 2.160012e-01 5.863557e-01 8.228286e-02 3.499471e-02 -7.706452e-02 -1.568405e-01 3.068302e-01 1.724635e-01 -1.549440e-01 4.820439e-02 -1.922175e-01 1.017416e-01 -8.146433e-02 -4.964714e-02 -1.617387e-02 -3.469288e-02 -1.128629e-01 1.007099e-01 -5.784457e-02 4.620595e-02 -5.488945e-01 -1.365595e-01 -1.335668e-01 -1.329107e-01 6.519984e-02 2.909722e-01 -6.464345e-01 -1.643870e-01
2.493880e-01 -1.915485e-01 -1.833178e-01 3.252338e-02 5.568174e-02 -1.085910e-01 -4.868031e-01 -2.153609e-01 1.355832e-02 7.900738e-02 2.914749e-01 -1.877598e-01 1.972555e-01 -2.809596e-02 -1.397195e-01 5.512052e-01 1.159688e-02 -1.514666e-01 7.697054e-02 -3.026128e-01 2.749503e-01 -2.893080e-01 -5.028027e-01 -6.480398e-02 -1.577214e-01 3.658704e-01 1.732694e-01 -1.995827e-01 -3.120381e-01 8.124104e-02 -1.367794e-01 -1.989160e-01
-3.331625e-01 1.636177e-01 3.073285e-01 1.144816e-01 -2.428647e-03 6.684612e-02 3.319076e-01 2.464569e-01 -2.300404e-01 2.915587e-02 -8.301127e-02 3.854984e-01 -2.492208e-01 -1.363578e-01 2.452202e-01 -1.076432e-01 2.006083e-01 1.945925e-01 2.553801e-01 1.664735e-01 2.145178e-01 4.577599e-01 8.491398e-02 -9.200401e-02 2.602912e-01 1.344227e-01 -3.521196e-01 2.416729e-01 -1.076451e-01 -1.227624e-01 1.607961e-01 2.097710e-01
-2.669261e-01 3.184634e-01 1.903227e-01 9.003124e-02 -1.375225e-01 -1.273924e-01 -1.969650e-03 5.009771e-01 2.239352e-02 1.860678e-01 -1.696674e-01 -2.011351e-01 -3.821994e-02 1.607315e-01 2.122171e-01 3.483048e-01 -9.493551e-02 -2.444668e-01 -7.155664e-02 -6.122518e-02 4.001942e-01 -2.365893e-01 5.417129e-02 1.583096e-01 -1.203023e-01 -1.654686e-01 2.311917e-01 1.273108e-01 1.612464e-01 -5.485506e-01 -4.073293e-02 -6.556587e-02
-4.427842e-01 -1.280566e-01 -1.193271e-01 -2.007538e-01 1.050444e-02 -2.578157e-01 9.123851e-02 4.938279e-01 3.381147e-01 2.979422e-01 5.400015e-02 1.673043e-01 -2.143683e-01 3.030450e-02 -2.463124e-02 -9.403510e-02 -1.963418e-01 4.327595e-02 -1.383522e-01 3.124998e-02 -1.414356e-01 1.537966e-01 -4.420817e-02 -1.984609e-01 2.611181e-01 2.239669e-01 3.506915e-02 -6.924382e-01 2.738471e-02 -8.835843e-02 -3.649772e-01 1.696688e-02
1.846788e-01 4.779751e-01 2.202518e-02 -4.432344e-01 2.029168e-01 6.584661e-02 -3.094301e-01 8.905902e-02 -6.490935e-02 8.304635e-02 -5.331828e-02 -8.583065e-02 -1.597149e-01 -6.534920e-02 -2.892821e-01 -1.040014e-01 -7.741142e-01 1.052188e-01 -1.217487e-01 -3.383152e-01 3.066020e-02 -2.420616e-02 9.304434e-02 -2.676448e-01 6.421069e-02 -1.353775e-02 6.423758e-02 -9.657876e-02 -1.070128e-02 2.333091e-01 9.501894e-02 8.440252e-02
2.496392e-01 8.277868e-02 3.690357e-01 3.533480e-01 1.326637e-01 2.027542e-01 -7.154302e-02 3.133492e-01 1.827723e-01 1.646933e-01 -2.291427e-01 -1.184753e-01 5.561479e-02 -1.492258e-01 2.258814e-01 -2.898425e-01 2.186189e-01 -1.536439e-01 -9.385674e-02 1.483699e-01 -5.963630e-03 -2.059722e-01 4.607406e-02 -1.353469e-01 -3.488887e-01 2.823619e-01 9.598196e-02 -3.449838e-01 2.517201e-02 -1.843280e-01 -1.151921e-01 -3.226557e-01
1.193701e-01 5.801032e-01 2.195918e-01 3.577738e-01 2.577532e-01 1.320106e-02 1.166831e-01 -3.296095e-01 3.346031e-02 1.245378e-01 4.194231e-02 1.511773e-02 1.546267e-01 -2.695825e-02 3.651622e-01 -9.841595e-02 -2.725711e-01 -7.039002e-02 1.444843e-01 3.270001e-02 2.018617e-02 2.956023e-01 2.749995e-01 -1.995336e-01 2.101686e-01 -8.720525e-02 -1.946996e-01 -2.596807e-01 -2.333866e-01 -6.115749e-02 4.737841e-01 -3.896507e-01
8.945794e-02 2.508236e-01 -3.603863e-01 3.258443e-01 1.833808e-01 -1.836660e-01 -1.811072e-01 -1.848363e-01 2.570328e-01 -7.130565e-03 4.707651e-02 7.768711e-02 2.056358e-01 -2.233521e-01 -1.747389e-01 -2.196692e-02 7.840859e-01 7.809298e-02 -2.230229e-02 7.917420e-02 -3.075194e-01 8.931832e-02 1.618598e-03 -5.447341e-02 1.000250e-01 -2.540641e-01 -7.129370e-02 -7.544930e-02 1.331900e-01 1.770198e-02 1.591974e-01 1.000412e-01
4.895968e-01 -1.010498e-01 -3.055948e-01 6.819914e-02 5.419927e-01 9.320648e-02 1.025542e-01 -1.419385e-01 -4.107494e-02 7.109936e-02 -1.958015e-01 -2.844985e-01 1.946677e-01 1.328036e-01 -1.564980e-02 -2.109481e-01 3.716537e-02 -6.396178e-02 -3.200141e-02 1.497006e-01 2.664958e-02 -2.769157e-01 1.047111e-01 2.345690e-01 2.591817e-01 -6.488683e-02 2.638846e-01 1.409067e-01 -4.706979e-02 -7.322829e-01 -6.744000e-02 1.581716e-01
-2.220377e-01 -2.165814e-02 -1.540358e-01 -1.843285e-01 -3.249660e-01 -2.420948e-01 3.725980e-01 2.184050e-01 -6.846846e-02 9.703133e-03 -2.007773e-02 -6.114199e-02 6.687535e-02 -1.208323e-01 -7.775111e-02 5.852886e-01 3.829440e-01 -1.846462e-02 -1.097194e-01 -2.776861e-02 -7.413505e-04 3.729053e-04 8.036813e-03 -1.663194e-02 2.238704e-02 4.204537e-01 6.993869e-03 7.819039e-03 3.099305e-01 8.638008e-02 2.940697e-02 5.588166e-01
6.189457e-01 1.296196e-01 1.365505e-01 -6.500773e-03 1.120558e-02 4.181062e-01 -1.213263e-01 -3.266254e-01 -2.133863e-01 -1.887509e-01 -1.674394e-01 -7.759380e-02 1.253642e-01 3.913142e-02 1.816928e-01 7.646462e-02 -1.909023e-01 -1.102817e-01 7.618710e-02 8.727621e-02 1.068229e-01 -1.479270e-01 -1.248965e-01 3.621386e-01 -1.883481e-01 -3.814254e-01 -3.657386e-01 4.644382e-01 -4.670196e-02 5.691248e-02 2.832641e-01 -1.199001e-01
5.734056e-01 -1.624733e-01 -3.060397e-01 -1.272115e-02 3.136534e-02 1.447569e-01 -1.279278e-01 9.160198e-02 2.264383e-01 6.233491e-03 -1.096796e-01 -4.683674e-02 -1.113604e-01 -2.387350e-01 -2.427290e-01 7.423269e-02 4.056928e-01 -1.208489e-01 -5.740310e-02 3.389792e-02 -7.706691e-02 -1.199835e-02 -3.661989e-01 -6.021685e-02 4.273123e-02 -1.834569e-01 -1.231274e-01 -2.481991e-01 3.969392e-01 -2.387402e-01 -1.123034e-01 -2.396710e-01
3.747115e-02 -4.868647e-02 3.150133e-01 -1.594288e-01 3.714391e-02 3.518934e-01 3.881548e-03 2.585714e-01 6.609297e-02 -2.919004e-01 -2.649209e-01 -3.024776e-01 1.948482e-01 2.423252e-01 1.376773e-01 -1.166473e-01 3.708625e-01 2.865089e-01 6.235109e-02 -6.406637e-02 -1.405437e-01 1.400022e-01 5.176560e-02 -6.480982e-03 -4.594771e-02 -5.725515e-02 5.659390e-01 3.084525e-01 -3.601144e-02 9.721223e-03 1.026406e-02 1.461180e-01
-1.145635e-01 -5.543119e-02 7.259186e-02 -2.736067e-01 4.803907e-02 2.377542e-02 -2.973879e-01 1.606819e-01 -6.619614e-02 1.059430e-01 -1.727566e-01 6.771950e-01 2.367905e-01 2.635610e-01 -7.134689e-02 -2.531481e-01 -1.543514e-01 4.823775e-02 -2.765815e-01 -8.518741e-02 1.505398e-01 -1.180897e-01 1.120366e-01 3.472635e-01 -5.573946e-01 -2.161581e-01 -4.134309e-01 3.593467e-03 1.285383e-01 -3.459173e-01 3.468970e-02 -2.377042e-02
-2.714824e-01 2.341636e-01 1.361558e-01 -3.552216e-02 -8.068237e-02 1.646177e-01 5.338356e-01 1.954665e-01 5.210823e-02 -8.306501e-03 -2.898850e-01 2.233668e-01 -2.037894e-01 6.203413e-03 1.147181e-01 -4.446931e-01 -3.694721e-02 1.355326e-01 -1.191026e-01 3.647542e-01 -2.177693e-01 2.426484e-01 5.026184e-01 8.377282e-02 9.755220e-02 -3.831688e-01 -1.742264e-01 1.988585e-01 2.690071e-01 -1.037375e-01 1.464475e-01 1.752485e-01
-1.791439e-02 1.982108e-03 1.068955e-01 -2.762431e-01 -9.786125e-02 -3.504726e-01 -1.651903e-01 1.350358e-01 2.201888e-01 2.877577e-01 -2.659232e-01 -1.538857e-01 4.139568e-01 -2.867114e-01 -5.419315e-02 -2.357039e-01 -4.552703e-02 -6.702099e-02 -8.447641e-02 2.209257e-01 8.148997e-02 2.428291e-01 2.022197e-01 -1.204707e-01 -1.677455e-01 -4.198477e-02 -3.450201e-01 4.880254e-01 8.336716e-02 -1.940134e-01 3.832716e-01 -1.896064e-01
-6.414610e-02 4.760661e-01 6.617731e-02 -3.098647e-01 2.530313e-01 1.156927e-01 1.980357e-01 1.003900e-01 3.657258e-01 -7.724930e-02 -2.906214e-01 6.801855e-02 -2.781612e-01 -2.056552e-02 -3.427674e-01 2.193334e-01 5.459428e-02 -9.593125e-03 -1.315831e-01 -7.388680e-02 2.183570e-01 4.108448e-01 1.304211e-01 -4.505603e-01 -9.282846e-02 -6.956136e-02 1.461825e-01 1.839457e-01 1.800661e-01 1.260076e-01 -4.315565e-01 3.723290e-01
-6.129541e-02 1.787568e-01 5.339301e-02 -1.079321e-01 1.321869e-01 -1.714878e-01 -1.910429e-01 -1.888981e-01 -3.186873e-01 -6.828203e-02 2.854062e-01 2.276048e-01 1.443029e-01 6.674794e-02 4.500095e-01 -1.187369e-01 -5.688228e-03 -4.758837e-02 -2.844299e-02 4.350386e-01 3.790925e-01 -4.418753e-05 -2.418175e-01 1.596897e-02 1.810426e-02 1.134615e-01 -3.117936e-01 -1.367465e-01 4.761207e-02 -5.936338e-02 3.171157e-01 4.955180e-01
-3.878742e-01 6.760634e-03 -3.331967e-02 -1.952869e-01 -4.070671e-01 -2.011763e-02 -1.039700e-01 3.421396e-01 -8.430350e-02 -6.834789e-02 -1.006045e-01 -7.714038e-02 -2.419372e-01 -9.009849e-02 4.384515e-01 2.511104e-01 1.191323e-01 9.631781e-02 -1.830264e-01 -2.695311e-01 1.798446e-02 3.018380e-01 -8.612145e-02 1.214120e-01 -3.259578e-01 2.129090e-01 -3.830570e-01 3.760585e-02 8.087900e-02 4.528489e-01 1.807493e-01 -1.626019e-01
3.045342e-01 8.493056e-02 3.052182e-01 5.428494e-01 -2.829693e-03 2.901455e-01 -8.194357e-02 -1.475532e-01 -7.807103e-02 -2.613187e-01 -2.279080e-02 -2.648318e-01 -2.870651e-01 -1.392019e-01 6.947210e-02 -1.967232e-01 -1.622749e-01 -3.651919e-02 7.899038e-02 5.378996e-01 5.549541e-02 -5.457615e-02 2.445002e-01 -5.032471e-02 -2.971489e-01 -1.758763e-01 -2.545728e-01 3.412245e-01 -2.405373e-01 1.456055e-01 1.537534e-01 -2.127272e-01
4.918082e-01 -1.734387e-01 -3.066182e-01 1.713539e-01 4.534182e-02 -2.933899e-02 -2.202419e-01 -2.965421e-01 2.501880e-01 1.951623e-01 1.040710e-02 -1.531007e-01 -1.425011e-02 -9.171574e-02 1.588629e-01 -2.729922e-01 3.203436e-01 -1.514287e-01 6.695784e-02 1.069196e-01 -6.992118e-02 -5.559994e-02 -1.625991e-01 -2.207985e-01 -7.583546e-02 3.934921e-01 9.464354e-02 -3.762764e-01 2.262257e-01 -2.606843e-01 -2.807901e-01 -1.636387e-01
8.487506e-02 1.130399e-01 5.111430e-01 -3.197868e-01 1.928493e-01 9.082764e-03 8.185834e-02 6.877657e-02 4.696245e-02 -1.505134e-01 -3.849975e-01 -1.213622e-01 4.103993e-02 -6.691432e-02 -9.382899e-02 -1.360775e-01 1.032477e-01 1.406411e-01 4.624088e-02 3.371800e-01 -1.444107e-01 3.604142e-02 1.581041e-01 -2.984800e-01 -3.800676e-01 -5.443213e-02 3.968870e-01 4.328725e-02 -1.041072e-01 -1.452553e-01 2.478177e-02 3.227880e-01
1.159375e-01 -1.585956e-01 -1.491708e-01 -8.919664e-03 -1.485452e-01 5.932772e-01 2.462198e-01 2.988963e-01 -1.448372e-01 2.624376e-01 1.168759e-01 2.503322e-01 -3.016055e-02 8.139026e-02 -1.269707e-01 3.088009e-02 -2.405144e-03 -5.078828e-03 3.863613e-01 6.794400e-02 2.020226e-01 -4.533500e-01 6.849601e-02 1.676097e-01 2.822697e-01 2.102540e-01 -1.853782e-02 3.278056e-01 -1.436740e-02 -1.736019e-01 -2.264037e-01 2.077693e-01
-1.630035e-02 -2.660206e-01 4.903916e-01 7.322590e-02 -6.591676e-02 1.250431e-01 -1.023009e-01 -5.290537e-02 -6.572771e-02 -1.535092e-01 4.700928e-01 1.266560e-01 1.134833e-01 1.504954e-01 3.010500e-01 1.232694e-01 -2.284508e-02 6.738936e-02 -6.765889e-02 -5.159868e-02 -1.225977e-01 3.595302e-01 3.139097e-01 -9.235635e-02 -2.989541e-01 -2.577483e-01 -3.931703e-01 1.127107e-02 -1.765771e-01 1.254153e-01 4.100220e-01 -3.638348e-02
1.368856e-01 4.632366e-02 -3.090685e-01 5.828645e-01 -2.650242e-01 -1.847016e-02 -2.679156e-02 -1.271683e-01 -1.020835e-02 3.179914e-01 1.296367e-01 2.829985e-01 -1.783133e-01 -3.179942e-01 3.641262e-02 -1.009785e-02 -6.712507e-02 -9.996178e-02 -8.440284e-02 -6.898133e-02 2.897819e-01 -5.630862e-02 -6.188383e-02 1.609996e-01 -9.945170e-02 5.023185e-01 -5.219979e-01 -6.792996e-02 3.744995e-01 -3.236071e-02 -1.328704e-01 -9.821814e-02
5.908413e-02 -1.113631e-01 3.866075e-01 -1.845157e-01 2.542004e-01 -2.171908e-01 3.672931e-01 -2.091659e-01 8.649646e-02 -1.704224e-01 -2.515041e-02 2.987874e-01 -5.196408e-02 3.710617e-02 -4.883276e-02 -1.598598e-01 3.618132e-01 2.981514e-01 -7.328740e-02 -2.353865e-02 -1.098896e-01 -3.939131e-01 1.443271e-02 -2.772575e-01 -3.152846e-02 2.353875e-02 1.142874e-01 -1.216775e-01 -2.159373e-01 -4.139374e-01 -6.124921e-02 2.185654e-01
1.583303e-02 -5.537942e-04 -3.587680e-02 5.921401e-02 1.743157e-01 -8.973595e-03 6.295093e-01 6.692345e-02 3.881637e-01 -1.113326e-01 1.224720e-01 -3.911656e-01 -1.245976e-01 -2.331275e-01 -3.165120e-01 -1.713855e-02 -1.050769e-01 2.382127e-01 5.255184e-01 -1.691072e-01 -1.200384e-01 -2.764741e-01 -3.754928e-01 -1.208750e-01 -1.573138e-01 9.255594e-02 2.811305e-01 4.127103e-02 2.610740e-01 3.067999e-01 -1.711112e-02 -2.298031e-03
1.096362e-01 -2.038206e-01 1.130467e-01 -2.206829e-01 -4.204868e-02 -1.495408e-01 -2.461369e-01 1.894308e-01 4.255048e-01 2.286682e-01 -2.713835e-01 2.434171e-01 1.704609e-01 -2.533736e-01 5.057374e-02 -1.513667e-01 -1.864344e-01 -2.356057e-01 -4.620017e-01 1.604822e-01 -6.040406e-03 2.094838e-02 2.739853e-01 -4.785879e-02 -1.463099e-01 -6.099049e-03 -3.217557e-01 1.335714e-01 -1.063205e-01 -2.253686e-01 2.118407e-01 -3.628175e-01
-3.910162e-02 -1.561707e-01 9.327564e-02 1.707055e-01 2.737625e-02 -2.602590e-01 1.149512e-01 8.372665e-02 -7.891486e-02 2.794656e-01 -1.751436e-01 5.825579e-01 -1.330151e-01 -2.905310e-01 -6.777249e-03 -2.227340e-02 3.712161e-02 -4.134257e-01 -3.259573e-03 1.223584e-01 -9.106485e-02 -1.583742e-01 -1.952071e-02 1.707353e-01 -1.659110e-01 1.636571e-01 -5.163624e-01 -3.447511e-01 8.693897e-02 -2.266275e-01 -5.387920e-02 -1.337408e-01
7.859914e-02 7.532426e-02 -4.009638e-01 2.363147e-01 -3.490221e-01 -1.712649e-01 -1.295054e-01 1.189363e-01 3.110643e-01 1.172273e-01 -8.934698e-02 1.193377e-01 5.774906e-02 4.204097e-01 -1.928746e-01 -1.407863e-01 -2.200252e-01 -5.667296e-02 3.605651e-02 -4.012901e-02 1.162952e-01 -2.169045e-01 1.231923e-03 -4.149713e-01 1.300406e-01 -1.820707e-01 -1.178628e-01 3.574758e-01 2.974486e-01 -2.248360e-01 1.638239e-01 -2.851231e-01
-1.463113e-01 1.604826e-01 4.686040e-01 -3.494948e-01 -1.657187e-01 -3.318609e-01 -1.341691e-02 1.786637e-02 1.638671e-01 -1.416251e-01 -2.102512e-01 -1.626002e-01 1.577471e-01 -2.291355e-01 -1.882764e-01 -2.250492e-01 7.194173e-02 -4.048900e-02 -2.046733e-01 4.009248e-01 1.516374e-02 9.610873e-02 2.033714e-01 -5.873566e-03 2.066181e-02 -1.489051e-01 -4.737191e-01 2.582858e-01 5.367806e-02 -1.688480e-01 4.390503e-01 -2.130512e-01
3.035128e-01 1.667853e-01 1.059425e-01 4.479985e-01 -6.655089e-02 -1.953156e-01 -1.019319e-01 -4.052289e-01 1.186473e-02 -7.114609e-02 -1.111204e-01 -2.120031e-01 5.562022e-02 3.074237e-01 -2.175848e-01 2.554294e-01 4.293241e-01 -2.069819e-01 3.259019e-02 -4.208337e-02 5.742863e-01 -1.141805e-03 -3.834513e-01 -4.707239e-02 -8.758444e-02 2.405830e-02 9.985725e-02 -3.302507e-02 3.699045e-02 -5.011743e-02 7.135943e-04 -9.495954e-03
1.132664e-01 2.585022e-01 4.082450e-02 9.933002e-02 6.052298e-02 1.763055e-02 5.454521e-01 1.198380e-01 3.351203e-01 -1.679537e-01 9.586142e-02 -4.157779e-01 -9.840915e-02 -2.227477e-01 -4.145568e-01 -1.036600e-01 -1.084252e-01 1.706599e-01 4.036734e-01 -2.722099e-01 -1.666105e-01 -3.853996e-01 -4.642802e-01 -1.881227e-01 -1.281464e-01 1.139660e-01 3.295979e-01 -9.509201e-02 1.822630e-01 2.105118e-01 -2.447440e-02 -1.040950e-01
-5.463676e-02 -3.330201e-03 -1.952087e-01 4.431916e-02 -1.627629e-01 3.134455e-02 1.338901e-01 -1.972206e-01 -1.299687e-01 3.525209e-01 5.468839e-02 5.413945e-01 -2.240430e-01 -2.561987e-01 -6.471904e-02 2.891118e-01 -5.135551e-02 -4.252334e-03 1.158373e-03 -2.775144e-02 3.601098e-01 5.508486e-02 5.345381e-02 -3.312799e-02 1.384991e-01 4.240426e-01 -1.578347e-02 -3.015434e-01 -6.964799e-03 -3.330172e-01 3.822686e-01 2.056549e-01
2.668536e-01 -2.661551e-01 -6.748247e-02 -2.760210e-01 -3.856629e-02 -1.619704e-01 7.298519e-02 2.391770e-01 8.711287e-02 2.214414e-01 -3.537271e-01 6.519210e-02 5.004536e-02 -1.887213e-01 -7.600664e-02 -1.585484e-01 -8.579379e-02 -8.321118e-02 -1.243626e-01 3.524986e-01 2.177798e-01 1.090294e-01 5.639712e-01 -1.582840e-02 1.085500e-01 -7.520848e-02 -1.542886e-01 1.031160e-01 -2.018061e-02 1.815644e-01 -2.866896e-01 -2.247459e-01
2.744415e-02 1.694171e-01 -2.544736e-02 1.259032e-01 -1.303547e-02 -7.809167e-02 -2.832873e-02 6.596853e-01 -1.811106e-01 -7.160042e-02 -3.941750e-01 2.217040e-01 1.949380e-01 6.098609e-03 2.187655e-01 1.874875e-01 -1.596270e-01 -5.414489e-02 3.754742e-02 4.533029e-01 5.598432e-01 -1.911215e-01 -1.098329e-01 1.337450e-01 1.264479e-01 -2.524478e-01 1.756955e-02 -1.280553e-01 4.367995e-02 3.602106e-01 2.434761e-02 -6.930441e-02
4.263345e-01 1.924302e-01 1.815389e-01 6.433457e-02 -3.828558e-01 3.901592e-01 -8.757739e-02 -3.287305e-01 -3.273546e-01 -1.571452e-01 4.494994e-02 8.436799e-02 9.526338e-02 -4.757608e-02 4.702619e-02 1.253966e-01 -6.190029e-02 -1.109448e-01 -1.194659e-02 3.675399e-01 5.435575e-01 -3.890862e-01 2.594016e-01 -1.529945e-01 4.017849e-02 -4.345047e-02 1.527963e-02 1.890893e-03 3.080697e-01 -4.896935e-02 2.495535e-01 -1.039361e-02
-1.636499e-01 -6.668539e-02 1.891531e-01 -1.008124e-01 1.442284e-02 6.153250e-01 1.423537e-01 -7.184189e-02 9.605256e-02 1.008608e-01 -4.423610e-01 8.296536e-02 6.864865e-02 -2.294373e-02 -7.756150e-02 2.191810e-02 4.922844e-02 9.984840e-02 1.170014e-02 2.545693e-02 1.732296e-02 6.886204e-02 -1.388084e-01 -1.996266e-01 -1.943721e-01 1.495312e-02 4.664793e-01 -1.771141e-01 -5.075296e-03 2.530327e-01 -3.314310e-01 3.276330e-01
1.599996e-01 1.165238e-01 2.183486e-01 4.289503e-01 2.155626e-01 3.821875e-01 2.101151e-01 -3.668079e-02 -1.255774e-01 8.229303e-02 4.316344e-01 2.449578e-01 8.681594e-02 2.345849e-01 2.058491e-02 2.205165e-01 -7.533126e-02 -2.035640e-02 -5.733416e-02 -3.535486e-02 -1.307238e-02 1.054370e-01 -3.077355e-02 5.897759e-02 -6.675396e-01 -1.504751e-01 -6.194957e-02 -1.302999e-01 9.531934e-02 1.467879e-01 -5.889338e-01 -2.625298e-01
4.716776e-02 4.727225e-01 -1.503889e-01 3.251067e-01 -1.157883e-01 -3.474752e-01 -3.019510e-02 9.139666e-03 -6.532937e-02 9.747858e-02 -1.316913e-01 -3.256121e-01 -1.327491e-01 8.787508e-02 -1.185115e-01 5.042474e-01 2.501359e-01 -2.100156e-01 2.846064e-02 4.457867e-01 4.422306e-01 1.410221e-01 -2.480680e-01 -1.648711e-02 -1.352316e-01 -4.116662e-02 -1.350394e-02 -3.116556e-01 2.023172e-01 -1.771955e-01 -2.091745e-01 -3.122737e-01
1.045506e-01 -9.654454e-02 5.549921e-01 -1.918750e-01 8.002438e-02 -3.874620e-01 5.042386e-02 2.014204e-01 -3.574051e-02 -1.745831e-01 -3.551453e-01 -1.255136e-01 1.409234e-01 1.596820e-01 5.594501e-02 -3.171086e-01 4.802753e-02 6.862728e-02 -1.231809e-02 2.618417e-02 -1.659704e-01 1.874826e-01 -1.963960e-01 2.740870e-01 -9.082299e-03 2.094446e-01 2.924517e-02 6.432610e-01 2.435281e-01 1.595711e-01 -3.987057e-01 -1.068192e-01
4.381268e-01 -1.196590e-01 2.008383e-01 2.559508e-01 -2.786170e-01 -3.136037e-02 3.602841e-01 -2.103975e-01 -5.830529e-02 -2.070177e-01 -9.855793e-02 1.507472e-02 1.724795e-03 3.333415e-01 -2.886278e-01 -1.307106e-01 1.986466e-01 9.424421e-02 -2.560344e-01 -1.555523e-01 -3.499970e-02 2.673849e-01 2.149052e-01 -2.434882e-01 1.601365e-02 -4.792222e-01 1.606758e-02 1.967123e-01 8.760457e-02 1.035543e-01 -4.769399e-01 1.229159e-01
-3.001563e-02 4.369336e-02 5.365602e-01 -2.011406e-01 -7.850154e-02 -3.057154e-01 2.720837e-01 1.703729e-01 -1.256956e-01 -9.607166e-02 -1.482409e-01 -1.779689e-01 1.424698e-01 -5.743133e-02 -4.201797e-01 1.464305e-01 -5.622751e-01 2.202423e-01 1.317420e-01 -1.546316e-01 4.958430e-02 -1.158269e-02 6.918261e-03 1.825899e-01 -1.273808e-01 4.984409e-03 8.558533e-02 -9.965332e-03 5.802574e-01 -1.676589e-01 2.169084e-01 -1.562815e-01
-2.019923e-01 5.931588e-01 -2.320520e-01 -1.859511e-01 4.699193e-02 2.282089e-01 -2.741293e-01 -9.577717e-02 1.528515e-01 -5.859984e-02 -2.394430e-01 1.234940e-02 9.540474e-02 -2.689943e-01 1.386166e-01 6.988965e-02 -2.168976e-01 -6.680161e-02 4.423815e-01 -7.896138e-02 2.189724e-01 -1.159863e-02 -3.582239e-01 2.326845e-01 -2.855895e-02 5.309758e-02 -7.764726e-02 -1.280461e-01 -4.139681e-01 -5.420456e-02 2.079418e-01 1.296648e-01
-2.496162e-01 6.998737e-02 2.899126e-01 -1.778718e-01 1.803552e-01 -6.571426e-02 -1.603866e-01 2.215096e-02 9.558866e-02 -1.325888e-01 1.623669e-01 4.706235e-01 -4.387106e-01 3.253129e-01 1.338914e-01 1.376390e-01 5.273823e-01 7.726827e-02 4.352473e-01 -9.770387e-02 3.908439e-01 9.012029e-02 -7.695426e-02 -1.618727e-01 1.694704e-02 -5.179667e-02 -2.301664e-01 -1.114458e-02 7.348856e-02 -1.666346e-01 1.507390e-01 1.262343e-02
3.375953e-01 5.666879e-01 -4.243000e-02 -3.581919e-03 5.390128e-02 2.512508e-01 1.259856e-04 -3.018300e-01 -1.482886e-01 -3.363383e-01 1.143447e-01 -2.428558e-01 2.819582e-02 2.543113e-02 -4.034193e-02 -2.209193e-01 4.360598e-02 5.296989e-03 -2.872558e-01 4.580945e-01 -2.304008e-01 -4.134602e-01 1.697796e-01 2.191656e-02 -3.640181e-01 -1.506512e-01 -4.417627e-02 2.564596e-01 -1.870468e-01 6.911562e-02 8.283919e-02 -2.455292e-01
3.544583e-01 -1.612559e-01 -1.027764e-01 6.376201e-02 5.594489e-02 -2.690436e-02 3.375550e-01 -4.317174e-02 3.061925e-01 3.129185e-01 1.113638e-01 -3.781273e-01 -2.878615e-01 1.747141e-01 -1.836337e-01 -1.919487e-01 6.693451e-03 -8.972851e-02 2.486758e-01 -4.427686e-01 -1.160402e-01 1.751619e-01 -1.894765e-01 1.501230e-01 3.679626e-01 2.969667e-01 2.931225e-01 1.538646e-02 -5.939875e-02 2.465773e-01 3.901729e-02 9.533112e-02
7.614280e-02 -1.792979e-01 6.300228e-01 3.423701e-02 -3.714643e-02 -3.330449e-01 1.571633e-01 -1.172818e-01 -5.483709e-02 1.189118e-01 -1.379367e-01 1.281002e-01 -2.959433e-01 2.457205e-01 2.128642e-01 -2.088458e-02 4.144172e-02 -1.460682e-01 2.174611e-01 2.903866e-02 -7.847992e-02 -1.485951e-01 2.631915e-02 4.791366e-02 -9.106992e-02 -2.964690e-01 -3.182985e-01 1.507303e-01 -1.429259e-01 -5.971068e-01 3.757233e-01 -9.665501e-02
-3.817528e-01 -9.446964e-02 2.309529e-01 2.284934e-01 1.406478e-01 -2.438213e-01 4.153612e-01 8.559951e-02 3.583299e-01 -1.768221e-01 2.501100e-01 -2.404694e-01 -1.778034e-01 -1.105165e-01 -1.914048e-02 -1.641859e-01 -1.044753e-02 -4.921218e-03 -3.154402e-01 -1.678084e-01 -4.202888e-01 1.262035e-04 3.830915e-01 4.781853e-03 1.254539e-01 -6.709692e-02 9.123984e-02 4.462695e-02 4.174190e-01 -3.060489e-01 -2.175915e-01 -3.131430e-01
5.003818e-01 -1.146270e-01 -3.851615e-03 1.291183e-01 5.210980e-01 1.084125e-01 1.975082e-01 -7.922328e-02 1.528213e-02 3.643453e-02 8.310547e-02 1.177989e-01 4.599553e-01 9.244853e-02 -2.449360e-01 -1.188429e-01 -7.103015e-02 2.548695e-02 8.453562e-02 3.055168e-01 -5.302851e-02 -2.119432e-01 1.044541e-01 2.163625e-01 2.527653e-01 -1.642362e-01 3.416842e-01 9.023981e-03 -8.095665e-02 -6.510977e-01 -2.233136e-01 7.033554e-02
-2.666821e-01 9.174266e-02 6.269996e-02 -3.734419e-02 -1.396667e-01 3.235894e-01 3.864361e-01 2.033325e-01 -1.456499e-01 2.922847e-01 -2.432469e-01 2.939318e-01 -2.611739e-01 -2.358484e-01 -1.314974e-01 -2.866031e-01 8.835814e-02 3.328001e-02 5.188776e-01 2.761054e-03 8.557187e-02 3.074526e-01 1.103500e-01 3.021904e-04 1.663979e-01 2.142422e-01 -3.795130e-02 4.732638e-01 -8.701123e-03 -1.676175e-01 1.478202e-01 2.043762e-01
4.606147e-01 -2.447161e-01 -2.395901e-01 -1.312794e-01 2.318625e-01 8.286797e-03 -2.293331e-01 -2.194027e-01 3.014574e-01 7.050247e-02 -1.752187e-02 -3.107122e-01 1.332788e-01 1.270166e-01 -2.856480e-01 -6.505177e-03 -2.575743e-01 -2.587766e-01 -1.371982e-01 -2.356676e-01 -6.465612e-02 -2.478560e-01 -2.223089e-01 1.718718e-02 -2.078174e-01 -7.413539e-02 4.926928e-01 -1.728611e-01 -4.755480e-02 1.440565e-01 -1.894288e-01 -3.876125e-01
6.849749e-02 4.862137e-02 7.360405e-01 -1.071139e-01 -2.032458e-01 1.869841e-02 2.734635e-01 -8.446601e-02 -1.221948e-01 6.864931e-02 -6.564058e-03 9.780966e-02 -6.389908e-02 2.786855e-01 2.681182e-01 9.456515e-02 -6.634620e-01 -2.591323e-02 3.000472e-02 -2.249099e-02 4.188368e-01 -1.790164e-01 5.676800e-02 1.787209e-01 -1.888942e-01 2.970871e-01 1.016966e-01 4.866606e-02 -2.576769e-01 9.589763e-03 -1.668360e-01 -7.971077e-02
-4.172236e-02 2.391396e-02 4.779274e-01 2.377695e-01 2.336857e-02 -1.063340e-02 2.128198e-01 2.936650e-01 -3.275672e-01 -1.354573e-01 -1.168152e-01 6.010122e-02 -2.939173e-01 -2.401617e-01 1.357170e-01 -4.032367e-01 -1.897030e-01 1.786492e-01 5.122899e-02 1.071734e-01 -3.551561e-01 1.073808e-01 5.600416e-01 -6.077319e-02 4.846035e-02 -3.048164e-01 -4.735890e-02 4.509591e-01 7.231871e-02 -1.681432e-01 1.122231e-01 2.259607e-01
-2.540798e-01 4.685007e-02 1.146300e-01 -2.766652e-01 2.063574e-01 3.506428e-02 -1.337675e-01 2.316021e-01 1.393395e-02 6.391231e-02 3.957169e-02 5.202355e-01 2.068526e-01 2.893819e-01 9.312466e-02 -5.250067e-02 -3.180848e-01 5.490271e-02 -2.435830e-01 -1.987603e-02 6.241702e-02 5.659573e-02 1.026817e-01 3.645516e-01 -3.030896e-01 -2.870112e-01 -4.613253e-01 1.014673e-01 -5.646492e-02 4.572196e-02 -4.939203e-02 -8.081976e-02
-2.596082e-01 -2.004033e-01 -3.434942e-01 2.297941e-01 -7.052588e-02 2.218074e-01 -2.656709e-02 -2.059981e-01 4.346646e-01 4.328911e-02 5.374330e-01 1.160203e-02 -1.070070e-02 1.445093e-01 7.941039e-03 -1.139852e-01 -4.040525e-01 -4.778615e-02 -7.082701e-02 -1.361715e-01 2.340321e-01 6.409673e-02 -5.132645e-01 2.012551e-01 1.801762e-01 -2.849530e-03 9.506834e-02 -1.797259e-01 3.140693e-01 2.092247e-01 -2.400579e-01 -7.098885e-02
-3.400055e-01 -3.274733e-01 4.585770e-01 -1.519171e-01 9.120581e-02 -5.709644e-02 1.234670e-01 2.212080e-01 -1.757015e-01 6.186735e-02 9.774356e-02 2.692561e-01 2.731625e-01 -2.993979e-01 -6.984392e-02 -2.318929e-01 -2.972615e-01 1.579189e-01 1.018953e-01 -5.515082e-01 -6.990445e-02 -1.012679e-01 1.606310e-01 1.983758e-01 2.952178e-01 -7.388745e-03 -1.077100e-01 1.868025e-01 -1.927967e-01 -1.395245e-01 2.952164e-01 1.772216e-01
2.661580e-01 1.779415e-02 5.143587e-01 2.761752e-02 -4.908808e-01 9.396892e-02 9.966625e-02 -1.447068e-01 1.825572e-01 2.035360e-01 -8.847660e-02 -4.515003e-02 -8.813156e-02 -9.465903e-02 2.028422e-01 3.190540e-01 4.020055e-02 -2.366074e-01 -1.752765e-01 -2.040024e-01 3.165919e-01 2.472359e-01 2.661897e-01 3.912193e-01 -4.450874e-02 -6.874491e-03 -1.770778e-02 1.336673e-01 -9.509033e-02 -5.376657e-01 -6.200610e-02 1.135486e-01
5.433072e-02 4.937240e-01 2.460059e-02 -3.063571e-01 3.066347e-01 2.197137e-01 1.751795e-01 3.369494e-01 2.931505e-01 -1.768357e-01 -1.090165e-01 3.395732e-02 -1.777211e-01 1.429573e-01 -1.929236e-01 2.932702e-01 7.802529e-02 -1.060855e-01 -3.449045e-03 -3.068090e-01 3.780911e-01 2.661039e-01 1.516091e-01 -4.273196e-01 6.666381e-03 -2.505290e-02 2.716493e-01 6.603264e-02 1.542637e-01 -3.365250e-02 -3.487729e-01 3.574626e-01
1.382512e-01 5.470297e-01 9.710732e-02 -3.639382e-01 7.078782e-02 4.930238e-02 -4.114062e-02 -2.374484e-01 6.166676e-02 1.481751e-01 -3.065764e-01 -1.180036e-01 -1.440449e-01 1.341872e-01 -3.270827e-01 -1.440282e-01 -6.674033e-01 5.103678e-02 -1.323786e-01 -2.602500e-01 8.005275e-02 -3.211569e-02 5.186675e-02 -5.359772e-01 -8.242361e-02 -1.476838e-02 1.399966e-01 -6.720779e-02 -2.782215e-02 1.952476e-01 9.881648e-02 9.774271e-02
2.856301e-01 -1.069897e-01 4.677765e-02 2.983707e-01 4.506460e-01 2.069356e-01 -6.153133e-02 -7.186469e-02 -4.497629e-02 9.203408e-02 -6.345746e-02 4.521480e-03 5.625599e-01 2.243327e-01 -2.214717e-01 1.475779e-02 1.608534e-01 -1.850697e-01 8.478183e-02 2.975653e-01 1.556354e-01 7.904510e-02 -3.510752e-01 2.686473e-01 1.907647e-01 6.053922e-02 3.310106e-01 -3.136407e-02 2.982382e-02 -5.586642e-01 -8.665448e-02 -1.372392e-02
-2.938664e-02 8.487052e-02 6.288692e-03 4.182876e-01 3.790647e-01 3.715711e-01 -3.285243e-01 -1.042430e-01 1.681218e-02 -3.467546e-01 1.097264e-01 3.948644e-03 -3.080215e-01 2.181714e-01 -3.457374e-02 4.764028e-02 3.524983e-01 1.589732e-01 -4.037602e-01 5.399116e-01 1.909230e-01 1.266143e-01 1.405237e-01 -5.174751e-02 -3.311090e-03 -1.423406e-01 -1.175748e-01 3.007928e-01 1.200870e-01 -1.188926e-01 1.781785e-02 1.346163e-01
1.137898e-01 2.747828e-01 1.938322e-01 4.058116e-01 1.178568e-01 4.070429e-01 -3.273225e-01 5.456509e-02 -1.435443e-01 -2.987323e-02 2.655413e-01 8.223108e-02 9.730066e-02 3.277662e-01 -8.366071e-02 -9.825294e-02 1.736986e-01 -1.298909e-01 -2.914958e-01 5.106270e-01 -8.844463e-02 2.635179e-01 -2.349467e-02 -5.782011e-02 -2.928304e-02 -1.566231e-01 -3.683282e-01 5.263151e-02 2.535685e-01 -2.515345e-02 -2.706293e-01 1.151920e-01
2.889674e-01 -1.168051e-01 9.190322e-02 1.543244e-01 5.779471e-01 4.459019e-02 -9.894568e-03 -1.690343e-01 -2.629116e-01 1.447291e-01 1.915493e-02 3.669094e-02 3.031300e-01 -9.551334e-02 -1.489490e-01 2.733683e-01 3.591133e-01 -3.997398e-01 -1.548434e-01 4.843609e-02 -9.726631e-02 -1.001655e-01 -1.314131e-02 1.073275e-01 -1.151691e-01 -2.650796e-01 -3.823235e-02 1.360063e-02 -3.459421e-02 -2.273715e-01 -4.641189e-02 -5.014490e-01
-7.245465e-02 5.266654e-02 5.926973e-01 -2.016906e-01 3.156700e-01 1.456423e-01 1.780521e-01 -2.187261e-02 -1.461101e-01 -3.081787e-01 1.184723e-01 -1.503728e-01 1.367997e-01 -2.994472e-01 8.819547e-02 1.896532e-01 1.156790e-01 -4.553252e-03 3.845638e-02 1.965637e-01 -2.024054e-01 3.195134e-01 1.491391e-01 5.945524e-01 -5.516057e-02 1.807331e-01 1.659984e-02 -2.512502e-01 -1.802561e-01 3.430072e-01 -1.849107e-01 6.989078e-02
2.586421e-01 -5.360908e-02 -2.468529e-01 -3.128424e-01 2.351893e-01 1.457771e-02 -4.694162e-02 5.279260e-01 2.940108e-02 2.909178e-01 -8.789980e-02 1.578653e-01 -2.608014e-02 8.827516e-02 -1.539779e-01 3.325651e-01 -7.472445e-02 -2.985419e-01 -2.393858e-01 5.244743e-02 -8.541122e-02 1.584195e-01 3.725434e-03 1.455093e-01 6.078832e-02 -4.245233e-01 2.376011e-01 -9.019744e-02 8.844326e-03 -1.092487e-01 -2.861770e-01 -3.678698e-01
1.179858e-01 1.393355e-01 5.558947e-01 -9.739577e-02 1.344579e-01 7.916525e-02 1.665013e-01 2.538610e-01 -2.798516e-01 1.382744e-01 -2.757351e-01 -1.001528e-01 -2.445118e-01 -2.695109e-01 3.100390e-01 -2.119415e-01 1.473190e-01 4.370883e-01 2.491346e-01 6.864890e-02 3.398577e-01 2.527739e-01 5.672962e-02 -1.598247e-01 4.201666e-01 -2.909388e-01 -1.339306e-01 3.135420e-02 -1.122961e-01 -3.013586e-01 2.252993e-01 8.362933e-02
2.043794e-01 1.639433e-01 5.559193e-01 -2.229785e-01 1.586162e-01 1.208772e-01 3.926431e-01 -5.072397e-03 -1.099621e-01 -2.009539e-01 7.991312e-02 1.998067e-01 1.575027e-01 3.582262e-01 1.801063e-01 2.600872e-03 9.010172e-03 9.198897e-02 2.686088e-01 -1.296667e-01 5.194930e-01 1.872795e-01 1.024635e-01 3.429144e-03 -3.339216e-01 -1.145308e-01 -5.468111e-01 6.574075e-02 1.975792e-02 -1.681729e-01 -2.556428e-02 -1.480598e-01
-1.737861e-01 -2.366388e-01 1.018903e-01 -6.685805e-02 1.277768e-01 6.338218e-02 -2.772822e-01 2.971275e-01 -8.211660e-02 -1.838519e-01 -2.220443e-01 4.809116e-01 3.140267e-01 7.840855e-02 -1.465631e-01 -2.500117e-01 -1.728728e-01 2.607685e-04 1.066076e-01 2.982809e-01 -9.827265e-02 -3.767956e-02 -3.259562e-02 -3.333402e-02 2.326004e-01 -5.591736e-01 -2.382043e-01 -2.644396e-01 2.040040e-01 3.796933e-01 -6.560522e-02 8.968547e-02
4.175780e-01 4.538796e-01 -1.056159e-02 -7.044239e-02 -2.983160e-01 -3.503362e-01 -3.266223e-04 -6.459116e-02 -1.010992e-01 -3.307317e-01 -5.980065e-02 -5.930641e-02 2.789691e-01 -1.037150e-01 2.426396e-01 6.242657e-02 -2.422020e-03 3.609054e-01 1.276057e-01 3.632442e-02 -1.612958e-01 2.750767e-02 1.506194e-02 -7.502564e-01 -1.054206e-01 -1.868438e-01 4.740138e-02 -2.069523e-01 4.894731e-02 3.161599e-02 1.761122e-01 -4.944421e-02
2.385590e-01 7.759777e-02 9.565049e-02 1.454945e-01 -2.748883e-01 1.236149e-01 -2.868153e-01 4.124832e-01 -9.236720e-02 -2.083804e-01 2.509915e-02 6.378658e-02 4.474299e-01 -2.386468e-01 -2.085820e-01 1.154532e-02 -3.671832e-01 1.008449e-01 4.133000e-02 3.197599e-01 2.704913e-01 3.720556e-01 -1.073990e-01 1.772377e-01 2.433632e-01 1.063688e-01 -7.186021e-02 2.172531e-01 1.495677e-01 2.886909e-01 -7.050262e-02 4.867191e-02
5.286843e-02 9.332991e-02 4.451543e-01 -1.480074e-01 3.373986e-01 -1.662121e-02 3.164449e-01 7.218027e-02 -1.063089e-01 -1.292080e-01 3.062872e-01 3.769132e-01 1.731745e-01 4.019289e-01 -3.143022e-02 3.965322e-02 1.545464e-02 2.869675e-01 -1.426842e-03 -2.233704e-01 5.044870e-01 1.717848e-01 2.312379e-01 -7.260127e-02 -3.102144e-01 -9.245934e-02 -4.841450e-01 5.245002e-02 -1.676375e-01 -1.024700e-01 4.824180e-03 -1.003299e-01
-2.369773e-01 2.718322e-03 1.762044e-01 -2.336278e-01 1.098947e-01 6.323336e-02 -3.586899e-02 1.966148e-01 -7.074068e-02 4.845589e-02 -1.036994e-01 6.789644e-01 1.278176e-02 1.533293e-01 -1.398898e-02 -2.885269e-01 -1.863992e-01 4.171187e-02 -3.057998e-01 -1.437961e-01 1.510743e-01 -4.400051e-02 4.887545e-02 2.329439e-01 -6.026314e-01 -1.815228e-01 -3.791848e-01 8.594260e-02 1.826104e-01 -1.156771e-01 -4.947777e-02 -1.854136e-01
-3.586808e-01 -2.677733e-01 -1.234412e-03 1.178774e-01 1.357737e-01 5.752821e-01 -7.548523e-02 6.401855e-04 1.523673e-01 -5.283214e-02 -9.675021e-02 7.674658e-02 -3.910288e-01 -7.297178e-02 -1.299922e-01 2.294218e-01 6.656692e-01 -8.352233e-02 -4.255616e-01 2.054819e-01 -3.012324e-02 -1.079151e-01 -5.131650e-02 1.064362e-01 -7.554840e-02 -2.699755e-02 -2.570165e-02 -7.011756e-02 1.523623e-02 2.712925e-01 2.074129e-01 -6.290728e-02
-9.370609e-02 -3.257634e-01 -1.602602e-01 -3.836209e-01 -1.662560e-01 -3.574627e-01 5.485495e-01 -6.273212e-04 1.173802e-01 3.655620e-03 -2.337163e-01 -2.434514e-02 5.532558e-02 -1.469772e-01 1.182768e-01 8.004267e-02 -2.441110e-01 4.658856e-02 2.877742e-01 -3.557117e-01 -1.874964e-01 -1.129339e-01 -2.555313e-01 2.744803e-01 1.559965e-02 1.107588e-01 4.564133e-01 -2.014209e-01 -1.320673e-01 -1.510279e-02 2.949912e-01 2.656579e-03
-5.458292e-02 2.768323e-01 1.961595e-02 -2.389145e-01 7.864030e-02 -6.993515e-02 4.885833e-02 -1.821638e-01 -4.686090e-01 -1.894705e-01 -3.531457e-02 3.713217e-01 7.967488e-02 -8.289191e-02 5.237675e-01 4.257227e-02 -1.328411e-01 8.842417e-02 -1.756417e-01 -1.143092e-01 3.922316e-01 -2.501276e-01 6.847243e-02 -2.193602e-02 -3.914297e-01 -4.395954e-02 -9.714840e-02 1.634709e-01 1.105155e-01 -4.932336e-01 -1.796511e-01 2.033478e-01
4.319903e-01 6.612609e-02 1.840960e-02 1.265586e-01 3.337188e-01 -2.051269e-01 3.102585e-01 -2.806511e-01 9.472696e-02 1.307913e-01 2.595400e-01 -2.439606e-01 1.882996e-01 5.097084e-02 -2.338404e-01 5.712221e-03 -7.752872e-02 -7.544085e-02 -6.067384e-02 3.140937e-02 -1.323931e-01 1.015414e-01 -4.226219e-02 1.342557e-01 1.604457e-02 -4.733141e-01 6.760037e-02 9.267970e-02 2.163590e-01 -5.723593e-02 -3.411584e-01 -5.461055e-01
1.745464e-01 -3.329927e-01 6.949044e-02 7.871828e-02 -8.788412e-02 7.177810e-02 2.125524e-02 1.218161e-02 -1.686057e-01 -2.467912e-01 2.828760e-02 -4.101050e-02 -3.889868e-02 1.412235e-01 2.461270e-01 5.119887e-01 -1.037417e-01 1.556333e-01 1.222498e-01 9.361681e-02 1.292587e-02 3.814936e-01 3.465067e-01 -3.470310e-01 1.141431e-02 -1.933306e-01 2.219797e-01 1.085333e-01 -2.017372e-02 1.923215e-01 2.487221e-01 3.598999e-02
1.363301e-01 -2.234481e-02 2.852039e-01 -1.119448e-01 -5.745803e-02 -1.398079e-01 3.216129e-01 4.889752e-01 -1.659078e-01 1.149385e-01 -2.449122e-01 -5.150497e-02 -1.304613e-01 -2.516480e-01 2.809507e-01 3.333997e-01 2.836911e-01 1.863681e-02 8.577748e-02 -1.007432e-03 -2.071342e-01 -2.070794e-01 3.442502e-01 -3.139547e-01 -2.029067e-01 -7.088202e-02 1.172924e-01 1.581278e-01 3.494482e-03 -5.791965e-01 1.132500e-01 6.349331e-02
-3.270995e-01 1.819746e-01 -1.308838e-01 8.513827e-02 -1.725659e-01 -1.260554e-01 -2.538698e-02 2.107834e-02 -2.307142e-01 -4.149767e-02 -1.767950e-01 -1.085775e-01 5.978074e-01 1.458627e-02 1.907090e-02 -5.097820e-01 -1.736121e-01 9.147246e-02 -1.762453e-01 9.264296e-02 -2.861859e-01 -1.606251e-01 -3.083720e-01 3.280394e-02 6.033994e-03 5.156247e-02 -4.101685e-02 -6.702131e-02 3.731638e-02 7.848154e-01 1.144400e-01 6.447630e-03
1.392902e-02 1.203475e-01 4.389219e-03 -7.446384e-02 4.775525e-01 -3.306644e-01 -2.499282e-01 -3.833353e-01 -1.138037e-01 -9.841609e-02 -8.911499e-02 -2.205576e-01 9.789417e-02 3.059471e-01 2.733861e-01 7.065540e-02 1.054939e-01 -3.279135e-02 8.487704e-02 -3.330302e-01 1.985310e-01 -1.196520e-01 -3.498989e-01 -3.659554e-01 -1.497151e-01 4.375382e-01 3.048009e-01 -3.153382e-03 -2.018245e-01 -1.549403e-02 1.035631e-02 2.120184e-01
4.497178e-01 -2.669206e-01 1.005154e-01 1.732928e-01 4.741037e-01 5.228380e-02 9.053066e-02 -1.694653e-01 -1.985983e-01 7.244695e-02 1.262046e-01 1.346139e-01 3.767197e-01 2.001416e-02 -1.395118e-01 1.791718e-01 1.522017e-01 -3.110598e-01 2.723575e-02 3.038692e-02 -1.511894e-01 2.022506e-01 -8.954980e-03 -1.052471e-02 -9.988894e-02 -3.946257e-01 8.475650e-02 -1.256216e-01 3.319719e-01 -1.935713e-01 -8.611715e-02 -5.144247e-01
-6.576613e-02 1.609878e-01 5.497398e-01 -2.405376e-01 1.773807e-01 2.318557e-02 3.274620e-01 1.010740e-01 -1.453867e-01 -2.667774e-01 1.198096e-01 1.733540e-01 1.889219e-01 4.526842e-01 1.585950e-02 2.214234e-02 -2.929544e-02 2.050848e-01 5.944224e-02 -2.271545e-01 4.303032e-01 1.997358e-01 2.103771e-03 -1.037665e-01 -4.160339e-01 -1.322168e-01 -6.159368e-01 5.566396e-02 -4.400528e-02 -7.277346e-02 -1.423858e-02 -8.603239e-02
-2.036144e-01 3.340866e-01 1.380286e-02 1.559640e-01 -1.490374e-01 -1.656356e-01 1.028277e-01 4.367768e-02 -2.874396e-01 -9.152558e-02 -1.055585e-01 -1.560588e-01 6.143792e-01 -1.487993e-01 -1.127883e-01 -3.581304e-01 -3.004628e-01 -3.453198e-02 -4.897197e-01 1.832399e-01 -4.766417e-01 -2.586836e-01 -1.005262e-01 7.041313e-02 -2.064650e-02 5.927741e-02 2.881653e-02 -6.787971e-02 3.199218e-02 3.893858e-01 2.844673e-01 2.342024e-02
-9.807457e-02 -2.665332e-02 4.699051e-02 4.372103e-01 4.826180e-02 -8.532376e-02 1.199813e-01 1.324652e-02 -6.763903e-02 3.558710e-01 -3.940824e-02 4.778110e-01 -2.556484e-01 -2.735292e-01 -2.885052e-02 1.473635e-01 4.463983e-02 -4.604743e-01 -8.360829e-02 8.124264e-02 1.700081e-01 -1.602588e-01 -4.832427e-02 1.097957e-01 -9.692514e-02 1.789440e-01 -5.703279e-01 -2.867440e-01 1.467539e-01 -8.872652e-02 -5.851941e-02 -1.325910e-01
-4.252984e-02 2.080342e-01 -2.946545e-01 5.378140e-01 -5.853441e-02 2.020998e-01 1.308482e-01 -2.930332e-01 -8.405282e-02 -2.857845e-01 -3.429785e-01 1.838399e-01 -7.390803e-02 1.153246e-01 7.008485e-02 8.583405e-02 3.149261e-01 -3.576869e-01 6.736378e-02 4.381052e-01 -1.901207e-02 4.823258e-02 -4.507917e-01 3.665978e-01 -1.660579e-01 -7.133918e-02 2.007906e-02 2.079961e-01 -3.154556e-02 -2.522989e-01 -1.279420e-01 -3.993980e-02
3.599837e-01 2.531591e-01 5.466111e-02 -7.795418e-02 -1.528175e-01 -3.035905e-01 2.235843e-01 -2.964512e-02 -7.620670e-03 2.761821e-01 -8.850414e-02 -1.352561e-01 5.472473e-01 7.858503e-02 3.659263e-02 -3.556932e-01 -2.837193e-01 -4.870909e-02 -4.550122e-01 -3.033663e-01 2.682583e-01 1.233837e-01 2.091220e-01 1.249516e-02 -1.818451e-02 1.734537e-01 7.559636e-02 4.205942e-02 -2.565720e-02 -4.200708e-01 -2.918250e-01 1.063597e-01
1.129775e-02 -8.658297e-03 2.558288e-02 -4.070311e-01 -3.539683e-01 -2.821194e-01 4.385617e-01 1.592941e-01 2.750291e-02 3.815143e-01 -1.090143e-01 -2.691283e-02 2.221168e-01 -1.618241e-01 1.171549e-01 -3.202961e-02 -4.386396e-01 -1.447207e-01 3.234521e-01 -5.298069e-01 -1.404896e-01 -9.119532e-02 -1.261568e-01 9.786811e-02 7.783305e-04 1.985988e-01 -2.837698e-02 -3.226355e-01 -1.332751e-01 1.240759e-01 -8.042124e-02 -8.488864e-02
-2.991333e-02 -1.284655e-01 -6.489663e-02 7.388736e-02 2.347607e-01 1.026607e-02 5.843022e-01 6.018997e-02 3.564200e-01 -6.183608e-02 1.397331e-01 -4.605025e-01 -1.258441e-01 -2.765797e-01 -2.234645e-01 1.837344e-02 -1.265592e-01 2.846670e-01 5.552152e-01 -1.808068e-01 -2.906763e-02 -2.132703e-01 -3.802270e-01 -9.907023e-02 1.836156e-02 1.805213e-01 1.629727e-01 -1.745003e-03 3.209765e-01 2.801650e-01 3.630031e-02 1.281097e-01
-4.002422e-01 -1.719895e-01 -6.720768e-02 3.413530e-01 2.790862e-01 -4.633689e-02 3.086762e-01 -2.757916e-02 5.250080e-01 4.101741e-02 5.382009e-02 -1.066299e-02 -2.373641e-01 1.435374e-01 1.464222e-02 4.901794e-02 -7.419122e-03 5.316881e-02 -1.487088e-01 -1.216901e-01 -1.343693e-01 1.436227e-02 3.530137e-01 4.459008e-03 2.438525e-01 -1.368374e-02 2.664729e-01 -9.859309e-02 2.544469e-01 -4.178076e-01 -4.289736e-01 -4.076388e-01
2.011781e-01 2.995082e-01 3.341799e-02 -3.090691e-02 -6.588315e-02 -1.590025e-01 -3.062389e-01 4.758336e-02 7.184598e-02 -2.798600e-01 4.836737e-01 -1.150545e-01 -2.870968e-02 -1.849940e-01 2.378206e-01 -1.897308e-02 -3.017193e-01 5.393962e-01 2.780731e-01 -2.504903e-02 -3.511277e-01 4.635252e-02 -1.475647e-01 1.201324e-01 -1.147488e-02 9.295616e-02 -2.528391e-01 -2.293967e-01 1.619678e-01 4.297899e-02 -3.757313e-03 -1.970383e-01
3.815714e-02 -1.959171e-01 5.952599e-01 -2.227935e-01 -1.916130e-02 -2.965125e-01 2.854815e-01 4.902911e-02 -8.735152e-02 1.156618e-01 -4.175926e-01 2.757332e-02 -8.596016e-02 7.712913e-02 4.299874e-02 -1.162990e-01 4.235476e-02 1.208530e-01 -1.609955e-02 1.895111e-04 2.912631e-02 2.423011e-01 4.176709e-02 2.482944e-01 4.720294e-02 2.408394e-01 1.295723e-01 6.020761e-01 4.286648e-01 7.528323e-02 -1.529819e-01 2.335907e-02
-3.460377e-03 5.979858e-03 -4.364163e-03 6.168739e-02 5.786026e-02 1.287063e-01 6.098530e-01 1.450815e-01 3.664776e-01 -7.650200e-02 1.764260e-01 -4.676999e-01 -8.887279e-02 -1.520428e-01 -2.226688e-01 -6.977470e-02 -3.060380e-01 3.842412e-01 3.792098e-01 -1.083244e-01 5.174890e-02 -1.703247e-01 -2.988441e-01 -2.241612e-01 -2.663952e-01 -8.269688e-02 4.680512e-02 -1.089316e-01 2.031624e-01 3.004447e-01 1.583949e-02 1.828190e-01
-2.029314e-01 4.344836e-02 4.026877e-01 -3.616299e-01 1.989192e-01 1.528003e-01 1.449001e-01 2.517525e-02 8.354650e-02 -2.428584e-01 -2.467260e-01 -2.985066e-01 1.333757e-01 3.507448e-01 -9.653087e-02 7.998504e-03 1.705604e-01 5.107378e-02 1.562999e-01 -1.326350e-01 -3.325033e-01 7.595930e-02 8.893359e-02 -1.060174e-01 7.125728e-02 -2.617662e-01 5.376574e-01 3.689642e-01 -8.753298e-02 -1.244919e-01 1.151541e-01 1.442623e-01
-1.655099e-02 3.913528e-02 6.616710e-01 -7.788887e-02 1.762720e-01 -1.986875e-01 1.792532e-01 1.463746e-01 -4.072074e-02 -9.007086e-02 -4.947675e-01 -2.354898e-01 1.785007e-02 -7.629456e-02 7.470980e-02 7.545476e-02 9.368332e-02 1.862749e-01 -1.273026e-01 -3.655515e-02 8.074161e-02 3.182469e-01 1.281173e-01 4.598760e-01 1.448565e-02 -1.406822e-01 2.082678e-01 4.029029e-01 4.303663e-01 3.173049e-02 -1.398303e-01 -2.566850e-01
5.728105e-01 3.295690e-01 -1.502149e-01 -5.711753e-02 -3.088441e-02 4.316268e-01 3.295610e-02 -2.900366e-01 -1.537965e-02 -2.762099e-01 -7.912403e-02 -2.044266e-01 -1.322380e-01 -5.567440e-02 6.452166e-02 2.078389e-01 -4.227228e-01 5.586529e-02 -3.194952e-01 3.886083e-01 -4.829599e-02 -2.711472e-01 -1.416373e-01 1.856132e-01 -1.666322e-01 -4.149811e-01 -1.744702e-01 5.822280e-02 -2.270511e-01 1.980096e-01 1.550416e-01 -1.010698e-02
-1.597002e-01 -3.193886e-02 -3.365571e-01 4.917372e-01 -7.189789e-02 4.947544e-01 -2.641663e-03 -1.671123e-01 -2.514598e-01 1.318388e-01 2.442555e-01 1.122011e-01 -2.377995e-01 -4.972932e-02 8.468768e-02 1.098393e-01 5.061375e-01 -7.056536e-02 -2.612251e-01 7.419511e-02 -6.267000e-02 8.982347e-02 8.624595e-03 -2.919648e-01 1.806874e-01 -2.102139e-01 -4.624275e-02 2.251229e-01 -4.846472e-01 1.566746e-01 -1.772869e-01 2.231975e-01
7.029684e-01 2.471714e-01 -6.916919e-02 -9.562360e-02 -2.464054e-01 3.997116e-02 -3.425432e-01 -1.348204e-01 -1.437797e-02 4.922281e-03 -2.031096e-01 -5.169886e-02 9.408081e-02 -9.023456e-02 1.295028e-01 -3.997399e-02 4.684293e-02 5.741482e-01 5.277776e-02 -3.066176e-02 5.363658e-02 1.389883e-03 -7.507348e-03 -4.169420e-01 -9.760508e-02 -2.359086e-01 -1.073121e-01 -3.432154e-01 -1.599345e-01 -1.829786e-01 -3.142614e-03 -1.161964e-01
-2.349043e-01 -1.995689e-01 -3.429026e-01 2.403618e-01 -1.561619e-02 2.201499e-01 -6.086123e-02 -1.718779e-01 4.236856e-01 -2.182580e-02 5.702377e-01 6.179375e-02 9.624958e-04 4.025378e-02 3.240241e-02 -7.165640e-02 -4.687514e-01 -2.827122e-02 -9.627558e-02 -1.185573e-01 3.308006e-01 -5.081668e-02 -2.621909e-01 3.180093e-01 2.260084e-02 3.278174e-01 9.049594e-02 -1.193915e-01 2.672170e-01 2.625467e-01 -1.872324e-01 -1.134202e-01
-3.573035e-01 3.604016e-01 5.933178e-02 3.009486e-01 1.502999e-01 -8.630414e-02 1.034052e-01 1.765955e-01 4.337185e-02 1.337238e-01 1.378837e-02 -1.673844e-01 6.167725e-02 -6.317426e-02 3.528754e-01 -3.426488e-02 9.124243e-02 -1.155303e-01 7.977329e-03 -2.696942e-01 -1.328801e-01 3.063445e-01 2.687481e-01 1.873953e-02 -1.086095e-02 1.271223e-01 4.776298e-01 -9.143878e-02 2.393128e-02 -1.679503e-01 1.934977e-01 -3.809272e-01
1.387004e-01 5.376837e-01 -7.012138e-02 1.494144e-01 -3.003335e-02 2.665389e-01 -1.020500e-01 5.277649e-02 -2.560791e-01 1.037973e-02 4.598514e-01 6.685989e-02 -9.772487e-02 3.104649e-01 -8.142039e-02 5.274200e-02 7.301269e-02 4.146627e-02 -1.969949e-01 -5.996318e-01 1.859049e-01 -2.297223e-01 -2.342278e-01 -7.247137e-02 -7.741264e-02 -1.326524e-03 -1.305898e-01 6.066501e-02 -3.160269e-01 -9.026632e-02 6.341788e-02 2.140955e-01
-6.146379e-02 -6.141827e-02 1.129121e-01 6.274247e-02 1.273613e-01 -2.002671e-01 1.219643e-01 -1.884314e-01 -6.606344e-03 5.803201e-01 -1.177116e-02 -2.216875e-01 2.764875e-01 7.189947e-02 2.623837e-01 -2.736946e-01 -1.031545e-01 -1.351076e-01 -1.963409e-01 -3.726786e-02 6.955768e-02 4.323678e-02 -5.843639e-02 -4.265894e-02 -3.387621e-03 -3.523527e-01 7.294419e-02 -3.928173e-02 -2.926157e-01 -7.327468e-01 1.115074e-01 1.879904e-01
-7.622010e-02 -1.774030e-01 -4.037968e-01 9.868237e-02 -1.542603e-01 -4.876842e-02 -3.066137e-01 -1.108335e-01 1.089201e-01 -1.978311e-02 4.498154e-01 1.676229e-01 1.118843e-01 1.427683e-01 -3.251665e-01 2.544712e-01 1.877420e-01 -6.606497e-02 2.163016e-02 -1.761459e-01 3.352715e-01 -3.214260e-01 -3.129250e-01 1.720562e-01 -2.591159e-02 2.416061e-01 -6.347483e-02 -4.663608e-01 -7.575436e-02 1.043640e-01 -2.692411e-01 -2.589585e-01
6.376150e-02 6.608258e-01 1.005081e-01 6.892014e-02 1.127536e-01 2.039574e-01 5.927052e-02 -2.669753e-03 -1.758031e-01 -1.834049e-01 1.666367e-01 6.210707e-02 -9.555076e-02 8.248791e-02 1.853907e-01 -1.345931e-01 2.910257e-02 5.993387e-02 -1.852010e-01 -5.919955e-01 2.085899e-01 -1.667266e-01 -3.295664e-01 -9.728653e-02 -1.335443e-01 9.881661e-02 1.554620e-02 1.800457e-02 -2.909766e-01 -1.109323e-01 1.497021e-01 1.242969e-01
1.498479e-01 1.753223e-01 -1.705098e-01 5.224910e-01 2.837144e-01 4.010347e-01 -9.683773e-03 7.288150e-03 -2.486360e-01 -7.683354e-03 1.722310e-01 1.911521e-01 1.587133e-01 2.545075e-01 -2.319163e-01 1.910301e-01 -9.746590e-02 -5.115461e-02 -3.371982e-02 7.652324e-03 -3.481330e-02 1.412829e-01 4.467906e-03 3.292052e-02 -7.292930e-01 -1.945363e-01 -1.922727e-01 -1.476585e-01 8.566539e-02 2.724337e-01 -4.551932e-01 -5.972406e-03
-5.644114e-02 2.880095e-01 -2.443624e-01 3.975166e-01 2.075463e-01 6.846008e-02 2.238048e-01 -1.204623e-01 3.791789e-01 -3.666853e-01 -3.026717e-01 -1.124885e-01 3.016279e-02 5.602757e-02 -3.152609e-03 9.200140e-02 3.070031e-01 -1.014593e-01 2.345897e-01 4.598835e-01 5.179515e-02 1.729131e-01 -4.121665e-01 3.374147e-01 -3.498558e-01 -7.404720e-02 -2.839287e-02 1.442771e-01 -9.187292e-02 -1.784458e-01 -1.030578e-01 -1.966026e-02
2.816367e-01 -9.799641e-02 -2.022993e-01 -1.334647e-01 3.506763e-01 6.439160e-02 5.588651e-02 -9.603193e-02 -7.337894e-02 -2.801804e-01 -2.610428e-01 -1.399104e-01 -6.114414e-02 -2.583840e-02 4.408592e-01 -1.730215e-01 3.896136e-01 7.608206e-02 -2.336730e-01 2.660353e-01 2.110928e-01 1.570862e-01 3.163533e-01 -4.368885e-02 -1.259558e-02 -1.030733e-01 8.196820e-02 3.036213e-01 2.047363e-01 -1.174342e-01 1.929377e-01 1.397546e-01
5.724036e-02 -2.411436e-01 2.596573e-01 -3.590289e-01 -1.963420e-01 -1.294543e-01 -2.417686e-01 8.724946e-02 -2.209769e-01 4.591993e-01 2.747714e-01 5.547159e-02 -1.244227e-01 5.138712e-02 -1.329407e-01 -1.551763e-01 -2.925526e-01 1.231149e-01 -2.311311e-01 -4.790121e-01 -8.606277e-02 -1.589848e-01 3.131970e-01 -4.307239e-01 3.042074e-01 6.258789e-02 2.097322e-03 -1.338826e-01 6.469932e-02 2.049877e-01 1.616120e-01 1.473606e-02
-4.090457e-01 -2.675261e-01 2.605832e-02 -1.950803e-02 6.053101e-01 -2.887867e-01 -8.455609e-02 2.563219e-01 -2.238477e-02 2.597433e-01 -2.233308e-01 -2.242236e-02 5.131023e-02 -2.231398e-01 -4.162628e-02 -1.476643e-01 -3.688676e-03 -3.504302e-01 -2.930233e-02 -7.240631e-03 -6.690834e-01 2.958030e-01 -4.093771e-01 2.348287e-01 -3.060019e-03 5.358014e-03 1.869298e-01 -1.570753e-02 -2.375432e-01 5.863622e-03 -9.530446e-02 1.249934e-03
-2.192413e-01 -1.297573e-01 -9.804644e-02 -3.212681e-01 2.725572e-01 -9.964467e-02 -1.160840e-01 -2.736412e-01 -1.207895e-02 9.166196e-02 4.216962e-01 4.604446e-02 3.509743e-01 2.752417e-01 1.503279e-01 6.461112e-02 -2.464069e-02 2.734245e-01 -5.049575e-01 -6.637452e-02 2.234692e-01 1.268455e-01 8.735207e-02 2.649996e-02 2.038329e-02 1.383155e-01 -1.563275e-01 2.392393e-02 -6.635392e-02 5.616247e-02 -4.242198e-01 2.059373e-01
-1.601712e-01 -2.144873e-04 5.064160e-01 -3.626816e-01 1.157955e-01 4.661751e-02 3.111661e-01 1.816974e-01 -2.707066e-01 -6.940513e-02 -7.338560e-02 -1.039488e-02 6.632763e-02 4.715759e-01 1.613000e-01 1.227720e-01 -7.929978e-01 -1.013595e-01 3.901214e-02 -4.025122e-02 3.731623e-01 9.335857e-03 6.326666e-02 -3.896179e-02 -1.273512e-01 2.737557e-01 1.367405e-01 5.394502e-02 -1.830497e-01 -3.048522e-02 -6.218294e-02 -1.619390e-01
3.004415e-01 3.374748e-03 -2.745935e-01 -3.173703e-01 2.567930e-01 -4.290548e-02 5.255015e-02 5.261888e-01 3.930642e-02 -1.413456e-01 -1.074884e-01 -5.937798e-02 -5.952560e-02 1.279207e-01 -8.444417e-02 3.651499e-01 3.750706e-01 -1.430369e-01 -2.248074e-01 1.327385e-01 -6.811603e-02 -4.096565e-02 -1.024624e-02 6.132738e-02 1.156832e-01 -2.453764e-01 1.326935e-01 -1.370037e-01 5.687791e-02 8.390403e-02 -3.242894e-01 -5.827314e-01
-1.919789e-01 -2.023070e-02 2.645572e-02 -2.627738e-01 8.258887e-02 1.325476e-02 -4.060982e-01 -4.250418e-02 -2.073593e-01 -1.553109e-01 -9.428751e-02 6.309419e-01 1.802692e-01 1.863455e-01 -1.306208e-01 -2.293299e-01 -9.704805e-02 4.846647e-02 -2.851382e-01 3.832528e-02 1.685140e-01 -1.356606e-01 7.136030e-02 4.386526e-01 -4.601271e-01 -1.927932e-01 -3.599170e-01 4.731613e-02 3.893590e-02 -4.088773e-01 -2.245260e-02 -9.005572e-02
5.032629e-01 2.080850e-03 2.916357e-01 -4.900053e-02 7.765780e-02 -2.448245e-01 -4.166785e-02 1.592909e-01 -3.969062e-01 -1.682359e-01 -3.527091e-01 -1.686151e-01 4.839428e-02 1.775862e-01 -1.562565e-01 -2.357204e-01 2.646970e-01 -9.826445e-04 -1.938086e-01 5.592870e-02 -3.456819e-01 -9.924127e-03 1.794535e-01 -2.270311e-01 -6.471799e-02 -5.674970e-01 -8.536428e-02 4.744539e-02 -2.032403e-01 -2.643428e-01 3.235604e-01 -7.149774e-02
1.262223e-01 3.576908e-01 -3.239602e-01 -2.682026e-01 -1.743050e-01 2.531916e-01 -1.992029e-01 -1.010918e-01 1.185352e-01 -1.443402e-01 3.008062e-01 -1.588187e-01 4.613789e-01 8.735321e-04 -1.804098e-01 2.398789e-04 -2.773376e-01 2.311616e-01 2.762956e-01 -1.702871e-02 -2.271039e-01 -1.553412e-02 5.003242e-03 1.817903e-01 -1.051822e-01 6.392075e-02 -1.938506e-01 -3.727603e-01 5.839208e-01 -1.848309e-01 -4.303224e-02 -3.141155e-01
-4.216292e-02 1.182572e-01 5.958939e-01 1.932017e-02 1.177908e-01 1.229414e-02 2.516357e-01 2.524212e-01 -2.762217e-01 -1.734190e-01 -2.626324e-01 2.769625e-02 -2.001645e-01 -2.245310e-01 2.423794e-01 -2.651033e-01 2.411977e-01 3.937884e-01 1.930237e-01 8.696931e-02 1.117689e-01 3.414546e-01 5.153194e-02 -1.028043e-01 4.253814e-01 -3.603458e-01 -2.107117e-01 1.312445e-01 -1.635745e-01 -2.517402e-01 2.000048e-01 1.132228e-01
-3.924095e-01 5.414935e-02 -3.130984e-01 6.380349e-02 -1.032954e-01 1.938356e-01 4.835414e-02 -1.182227e-01 5.329885e-01 1.770501e-01 3.754266e-01 1.793987e-01 -1.001232e-01 -1.033216e-01 9.417497e-02 2.230280e-01 -3.193348e-01 -2.742764e-04 9.266992e-02 -6.437118e-02 3.653350e-01 3.377605e-02 -3.202908e-01 2.627237e-01 9.002282e-02 4.459849e-01 1.757043e-01 -1.287481e-01 1.757002e-01 2.435193e-01 -2.502699e-01 1.054876e-01
2.359985e-01 4.339314e-01 4.051984e-01 1.921612e-01 2.820293e-01 2.992938e-02 4.702286e-02 -3.153604e-01 4.283575e-02 1.060600e-01 2.530807e-02 5.729102e-03 2.928214e-01 -1.444790e-02 3.810810e-01 -1.086391e-01 -1.422889e-01 1.340393e-01 8.541226e-02 -2.462988e-01 -6.224449e-03 4.336175e-01 2.556203e-01 -4.227961e-01 3.205742e-01 -1.904457e-01 -1.394995e-01 -4.110017e-02 -2.643227e-01 -3.175024e-02 2.780457e-01 -1.766521e-01
-2.141538e-01 -1.002183e-01 -5.000293e-02 6.467430e-01 -6.465346e-02 4.092964e-01 6.332132e-02 -2.301857e-01 1.838119e-02 1.948937e-01 -2.511777e-02 1.728816e-01 -2.501851e-01 -1.000595e-01 -4.144767e-02 1.669107e-01 4.261051e-01 -2.455516e-01 -2.541114e-01 -2.306934e-02 2.833088e-02 4.058852e-02 -6.645505e-02 -1.881823e-01 2.348724e-01 -1.225588e-01 -1.032578e-01 4.538841e-01 -3.891703e-01 1.434854e-02 5.211098e-02 3.044714e-01
-1.935034e-01 -2.470793e-01 1.414223e-01 -2.807482e-01 -1.269023e-01 -1.544053e-01 1.005003e-01 1.888315e-01 4.135129e-02 -1.489419e-01 2.612652e-01 4.344704e-01 -7.160182e-02 -1.285080e-01 2.495035e-01 -3.007144e-01 -1.216516e-01 1.720264e-01 1.237316e-02 -4.110000e-01 -2.406177e-01 -4.445015e-03 4.311319e-01 1.165737e-02 2.185661e-02 2.773115e-02 2.795191e-01 2.438980e-01 -2.613250e-01 2.579520e-01 8.178595e-02 1.360755e-01
5.686183e-01 3.707972e-01 3.485411e-03 8.479883e-02 2.789099e-01 -2.963444e-01 -7.674763e-02 -1.440589e-01 -9.413972e-02 -5.658317e-02 -3.078471e-01 1.721813e-01 1.513742e-01 8.354902e-02 1.719558e-01 -1.055312e-02 -2.807293e-01 4.725900e-01 5.472637e-02 -3.161723e-02 1.735283e-03 1.315707e-01 3.219432e-01 -7.780738e-02 2.903000e-01 -1.227560e-01 -1.976388e-01 -3.920414e-01 -7.561567e-02 -3.803474e-02 1.885107e-01 -3.848110e-01
1.149108e-01 -3.146281e-01 -8.065975e-02 -2.486293e-01 -1.355785e-01 -2.684661e-01 -4.231402e-02 -1.548757e-01 3.278895e-01 8.990835e-02 -2.476287e-01 -1.628688e-01 3.966339e-01 -1.187791e-01 -8.505495e-02 2.365920e-01 3.116341e-03 -2.977191e-02 -5.628552e-03 2.191328e-01 5.628070e-02 1.512738e-01 3.385691e-01 3.304764e-01 4.142914e-01 -2.120922e-01 -3.824037e-03 3.678188e-01 -1.366751e-02 2.527603e-01 -2.545292e-01 -2.057353e-01
2.530014e-02 8.417743e-02 6.677130e-01 -4.647306e-02 2.101646e-01 -2.003488e-02 1.614788e-01 -8.246970e-02 -1.459045e-01 -5.162011e-02 1.653713e-02 1.825106e-01 -9.677884e-02 1.704311e-01 2.934881e-01 8.043358e-02 -1.087064e-02 -4.953359e-02 -1.414074e-02 -7.526775e-02 1.497345e-01 -1.428191e-01 -3.488777e-01 -8.631027e-02 -9.892877e-02 -2.138537e-01 -5.907981e-01 6.119360e-02 2.457734e-02 -7.922126e-02 2.222516e-01 -1.462955e-01
-5.254520e-02 8.773102e-02 6.845748e-01 -3.084910e-01 -8.248817e-02 2.065002e-01 2.598839e-01 1.919890e-02 -3.243338e-01 -4.053834e-02 1.390454e-01 -1.642524e-02 1.467140e-01 1.171439e-01 -1.742385e-01 9.810785e-02 2.305739e-01 1.299385e-01 -2.986200e-01 1.466289e-02 -1.276415e-02 2.642815e-01 -1.022774e-01 2.846864e-02 1.829210e-02 1.534387e-01 2.061664e-01 -3.132717e-01 -3.798488e-01 3.943298e-01 -2.716970e-01 3.423750e-01
-2.966680e-01 -2.367795e-04 4.589024e-01 -5.167129e-02 -5.482380e-02 5.524646e-02 4.567719e-01 3.203323e-01 -2.446418e-02 -2.313815e-01 2.026487e-01 2.495142e-02 1.685690e-01 1.488548e-01 -1.134494e-02 1.071609e-01 -4.340763e-02 4.750283e-02 2.688720e-01 -5.473347e-02 1.900458e-01 2.166217e-01 3.758857e-01 -9.131216e-02 -4.090310e-01 -8.062896e-02 -4.174652e-01 2.023332e-01 -2.383115e-01 1.401612e-01 1.606800e-01 1.030744e-01
2.545344e-02 1.590952e-01 8.462907e-02 2.981980e-01 4.022500e-02 -2.188557e-01 -8.733788e-02 -3.585242e-02 -2.577903e-01 1.316687e-01 1.347750e-01 3.179497e-02 -1.249795e-01 5.600713e-01 7.072330e-02 2.462724e-01 -3.051541e-02 -1.778622e-01 1.558173e-03 -1.958666e-01 1.068792e-02 -1.041573e-01 1.718738e-01 5.727755e-02 5.489177e-01 4.628643e-03 -2.248889e-01 6.750084e-02 -3.992835e-02 -5.026826e-01 7.061215e-02 -2.075469e-01
6.013153e-01 2.672907e-01 -2.599389e-01 1.312557e-01 -1.973085e-01 1.687034e-02 -2.744111e-01 -2.477298e-01 2.609300e-02 -1.698560e-01 4.890762e-02 -6.623326e-02 1.825454e-02 -2.747392e-02 3.584453e-01 -5.102033e-02 -5.751476e-03 1.989315e-01 1.011332e-01 6.367043e-02 -3.439754e-02 2.308674e-04 -1.416328e-02 -8.144119e-01 -2.715343e-01 -1.515454e-01 4.551012e-03 -1.128458e-01 -7.542661e-02 -5.771484e-02 -7.392524e-02 -1.471038e-01
9.911037e-02 5.316637e-01 -2.331073e-01 2.379746e-01 1.057882e-01 3.751639e-01 1.337577e-01 -6.686847e-02 -2.840679e-01 1.657639e-01 2.896209e-01 -4.770949e-02 -1.809715e-02 3.391094e-01 -6.147627e-02 1.294657e-01 -1.464754e-01 -7.497515e-02 3.805293e-01 -4.072059e-01 -1.416665e-01 1.628856e-01 -1.263082e-01 -1.746386e-02 -1.935549e-02 4.681864e-02 2.866246e-01 -1.629096e-01 3.488367e-01 2.610990e-01 -3.850698e-01 2.489089e-01
-2.648372e-01 -1.886573e-01 2.933701e-02 2.330445e-01 6.574658e-02 1.376822e-01 2.186038e-01 4.558981e-03 5.809549e-01 -2.908857e-02 -1.378303e-01 -7.426501e-02 -1.756800e-01 -9.995227e-02 -3.151892e-01 3.355253e-01 1.301995e-03 9.954152e-02 -6.416221e-02 -2.737870e-01 -4.118287e-01 -6.196011e-03 2.236204e-01 -9.776596e-03 4.303550e-02 -6.979685e-02 3.658686e-01 1.081508e-01 1.550105e-01 -2.422407e-01 -3.637920e-01 -5.047754e-01
2.196902e-01 5.277041e-01 -2.556501e-01 -1.701044e-02 -2.624856e-01 -8.838774e-02 -6.125377e-02 -6.311705e-02 3.470229e-02 -3.587305e-02 3.141695e-02 -1.837927e-01 -2.995016e-01 1.100872e-01 8.733360e-02 4.323376e-01 2.781172e-01 -6.571504e-02 -1.538574e-01 4.509356e-01 4.325781e-02 -6.171712e-02 -6.367350e-02 2.513083e-02 -1.082216e-01 4.881940e-02 3.576776e-02 -5.815580e-02 -1.145163e-01 6.347325e-02 -6.023539e-01 -1.777856e-01
-9.119928e-02 -2.585529e-01 -8.942269e-03 -3.368363e-01 -1.541648e-01 -2.924695e-01 -4.695440e-02 -1.649542e-01 4.886153e-01 -1.348363e-01 -2.497091e-01 5.476092e-02 2.299052e-01 -2.454608e-01 5.464717e-02 6.873502e-02 9.430061e-02 -3.388466e-02 -2.425388e-02 3.884114e-01 4.770024e-01 2.503906e-01 1.534320e-01 3.706503e-01 2.904134e-01 -1.549644e-01 1.416930e-01 2.217649e-01 -2.154899e-01 3.247070e-02 -4.278109e-02 5.931450e-02
7.489745e-02 1.468070e-01 8.107068e-02 9.749621e-03 -2.921820e-01 -4.669651e-05 -4.097329e-01 -8.634976e-02 -2.668957e-01 6.934348e-02 -2.100565e-01 5.266976e-01 8.517637e-02 4.429623e-01 6.292908e-02 1.050616e-02 2.278903e-01 -3.590969e-01 -5.612800e-01 9.913155e-02 -8.283901e-03 1.401330e-01 3.557435e-01 8.569275e-02 -3.139579e-02 -1.982223e-02 -1.033474e-01 -2.305106e-02 -4.317683e-01 -1.296735e-01 -4.755440e-02 -8.191720e-02
2.678890e-01 1.821133e-01 2.109347e-01 5.103986e-01 4.620129e-02 4.128758e-01 1.299926e-02 -1.524334e-01 -2.184281e-01 -3.276563e-01 8.553199e-02 -1.004441e-01 -1.127142e-01 -1.746433e-01 -1.883207e-02 -2.776380e-01 8.871692e-02 -2.450086e-02 5.370884e-02 5.782796e-01 7.786262e-02 -9.915788e-02 2.910323e-01 -3.064207e-02 -3.580638e-01 -7.791834e-02 -7.232454e-02 2.840357e-01 -2.132746e-01 2.645498e-01 1.833704e-01 -3.119783e-01
-1.740327e-01 1.347034e-01 -1.492790e-01 4.066084e-01 1.403607e-01 2.167710e-01 4.080364e-01 -7.694682e-02 -3.867826e-01 -2.600598e-02 2.503420e-01 -2.066857e-01 -6.705020e-02 3.549041e-01 2.013938e-02 6.060817e-02 -5.801007e-02 2.999135e-01 4.971439e-01 -1.139603e-01 1.644117e-02 -8.003041e-04 -7.603049e-02 1.460153e-01 1.247673e-01 7.446259e-04 4.581446e-01 -2.366014e-01 1.672635e-01 -1.095936e-02 -3.620227e-01 1.952884e-01
-3.224869e-01 1.643334e-01 -1.344224e-01 -1.232963e-01 -2.244727e-01 6.516279e-02 -6.882261e-02 7.327926e-02 2.510151e-01 -4.417261e-02 -1.605327e-01 -1.071266e-01 -3.531851e-01 -1.194333e-01 3.960974e-01 -8.841767e-02 2.867931e-02 2.637087e-01 1.723677e-01 1.245814e-02 1.012632e-01 -3.419831e-01 -5.919850e-03 -3.583088e-02 3.924968e-02 4.618063e-01 -1.171802e-01 -1.074147e-01 -1.134374e-01 2.149117e-01 8.196104e-02 3.282490e-01
1.258850e-01 8.853777e-02 -1.843591e-01 1.529208e-01 2.159485e-01 1.717985e-02 -7.003248e-02 4.845051e-01 -2.070503e-01 -3.152104e-01 2.598430e-01 -1.422869e-01 -2.520429e-01 1.045553e-01 -3.816048e-01 -1.683404e-01 -3.787801e-03 -5.444133e-02 -3.314613e-02 -2.647347e-01 -3.121410e-02 -1.630686e-01 1.486589e-01 3.081669e-01 -5.153947e-02 -8.459376e-02 -5.020097e-01 3.410123e-01 1.925696e-01 -2.621205e-01 2.777066e-01 1.304042e-01
-3.107682e-01 -2.154449e-01 -3.808875e-02 -1.282243e-01 2.479970e-01 -7.198378e-05 -6.638159e-02 4.087374e-01 -8.282612e-02 -1.430896e-01 4.878251e-01 8.839426e-02 -2.011386e-01 -1.279171e-01 -1.787660e-01 -1.969631e-01 1.763629e-01 -6.624075e-02 -6.986339e-02 4.123705e-01 -2.319479e-01 -1.536608e-01 -3.098687e-01 2.231728e-01 -2.447274e-01 8.808923e-02 1.034228e-01 8.885639e-02 -9.739998e-02 -2.280431e-02 1.632738e-02 -3.981184e-02
-1.553890e-01 3.611853e-01 -2.140827e-01 -2.520600e-01 -1.020645e-01 -3.276831e-01 -1.496783e-01 -1.471564e-01 4.738228e-02 3.212837e-02 2.494653e-01 -1.547008e-01 5.143809e-01 9.847616e-02 -9.267247e-02 9.275884e-02 -2.064945e-01 4.525273e-01 2.839608e-01 4.645990e-02 -1.756459e-01 2.276243e-01 2.055156e-02 9.971486e-02 -5.733008e-02 -1.782052e-01 -1.440413e-01 -2.005664e-01 4.144922e-01 -3.366969e-01 1.058976e-01 -3.103129e-01
2.192208e-01 3.944201e-02 -4.482442e-02 4.696551e-01 2.341689e-01 4.233559e-01 1.264581e-01 1.451204e-01 -3.022182e-01 1.021190e-01 2.395588e-01 1.725895e-01 1.627203e-01 3.215002e-01 -6.833895e-02 9.014765e-02 -2.579659e-02 -8.183420e-02 1.377231e-02 -1.390403e-03 -3.685952e-03 2.236609e-01 2.663366e-02 1.062962e-01 -3.559746e-01 -2.074567e-01 -3.225513e-01 -3.289520e-01 2.383107e-01 3.524302e-01 -5.096956e-01 -8.576471e-03
9.833667e-02 4.337274e-01 -2.151654e-01 3.101114e-01 6.058257e-02 2.478284e-01 1.318416e-01 -2.865466e-02 -2.698140e-01 5.157981e-02 3.301637e-01 -2.053763e-01 -1.749924e-01 2.978753e-01 -4.727237e-02 1.404337e-01 1.072580e-02 1.876358e-02 4.785543e-01 -4.669107e-01 -6.151482e-02 8.053359e-02 -9.332211e-02 -5.238745e-02 -1.148062e-01 3.951672e-02 3.446089e-01 4.248568e-02 2.933306e-01 2.755526e-01 -2.029930e-01 2.247191e-01
5.909389e-01 2.927424e-01 -2.686347e-01 3.332477e-01 -1.477802e-01 2.327151e-02 -1.313636e-01 -1.947758e-01 1.279870e-01 -2.259996e-02 4.605580e-02 4.034066e-02 1.247354e-01 2.083827e-01 2.143142e-01 2.476636e-02 -7.462031e-02 5.659570e-02 1.365406e-01 1.891607e-02 -9.040345e-03 6.966392e-03 -1.136453e-02 -7.608156e-01 -4.349692e-01 -1.471261e-01 5.080864e-02 -8.997115e-02 1.414450e-01 -5.645927e-02 -4.271159e-02 -1.039731e-01
6.155375e-01 3.154701e-01 -4.546052e-01 -5.556559e-02 -1.017027e-03 1.128480e-02 -7.535689e-02 4.121265e-02 -1.963028e-02 2.351538e-02 -1.947719e-01 -6.977803e-02 -2.784222e-02 -2.583562e-01 -2.309611e-01 1.076272e-01 1.256955e-01 -2.926244e-01 -1.353110e-01 1.148399e-01 -1.078688e-02 -2.180452e-01 -3.918058e-01 1.132330e-02 4.964194e-01 7.191481e-02 3.077546e-01 -1.362450e-01 1.676591e-01 -3.277167e-01 -1.673217e-01 -4.878847e-02
-3.568876e-01 -3.089031e-01 8.101354e-02 5.547726e-01 5.521658e-02 1.962094e-01 8.038094e-02 -1.354039e-01 5.798156e-02 2.288715e-01 -9.626843e-02 1.459370e-01 3.912604e-02 -7.469214e-02 1.370660e-01 1.550475e-01 4.369842e-01 -2.365004e-01 -2.538907e-01 -1.748939e-02 1.297221e-01 -1.408602e-01 1.796390e-02 -6.229807e-02 1.187495e-01 -6.092377e-02 -1.530661e-01 3.652150e-01 -5.475898e-01 -1.394410e-01 2.891104e-02 1.307548e-01
3.504587e-01 4.021410e-01 -2.681977e-01 2.077850e-01 1.019702e-01 5.649544e-02 -3.021460e-01 -1.188463e-01 1.574130e-01 -6.265000e-03 -1.643558e-01 -3.132372e-01 -2.488585e-01 1.936323e-01 8.444828e-02 -3.443489e-02 4.046498e-01 -3.436915e-01 -4.015458e-02 3.732224e-01 1.694676e-01 1.228173e-01 -4.485115e-01 -4.824683e-02 -5.789641e-02 6.267539e-02 -1.957274e-02 -2.111511e-01 7.356396e-02 8.209519e-02 -2.026947e-01 -1.141596e-01
2.558506e-01 -7.925192e-02 1.744078e-01 2.211474e-02 2.539170e-01 -8.788190e-02 -3.384446e-01 -3.326542e-01 -9.525445e-02 -2.328318e-01 1.642611e-01 -2.294556e-01 2.588236e-01 1.510967e-01 1.948037e-01 5.059043e-01 -1.046257e-01 -1.712869e-01 1.179907e-01 -3.940533e-01 2.435164e-01 -2.217107e-01 -4.423363e-01 -2.098205e-01 -1.612579e-02 4.009733e-01 2.182288e-01 -9.874344e-02 -3.571335e-01 3.120601e-02 7.508898e-02 1.110786e-01
9.384778e-02 1.548207e-01 -1.380285e-01 5.353140e-02 -2.822003e-02 -7.294481e-02 1.963646e-01 -3.880413e-01 4.231201e-02 1.801007e-01 4.394881e-01 -2.256884e-01 -3.128116e-01 -8.364455e-02 1.395193e-02 1.395410e-01 1.878397e-01 7.764936e-02 -9.773143e-02 -2.974967e-01 -2.652935e-02 1.372800e-01 3.655945e-02 -7.365868e-02 -1.935870e-01 5.253252e-01 1.538666e-01 1.579935e-01 -2.028223e-01 -3.349654e-01 -2.982204e-02 -4.254169e-02
2.874913e-02 5.056212e-02 4.700837e-01 -2.204319e-01 -6.024394e-02 1.884416e-01 1.747320e-01 1.844244e-01 -1.196065e-01 2.127809e-01 -3.231373e-01 -3.758450e-01 -7.111819e-02 -2.761918e-01 3.478611e-01 9.477536e-02 1.653732e-01 4.954084e-01 5.497051e-02 7.593889e-02 1.775851e-01 1.276418e-01 1.042371e-01 9.167286e-03 2.480195e-01 -3.853978e-01 -2.181855e-01 1.303034e-02 -6.668528e-02 -4.296499e-01 3.072450e-01 1.128623e-01
-1.516415e-01 -1.205188e-01 -5.622619e-02 1.638967e-01 3.057659e-02 -1.883672e-01 -3.432260e-01 -8.590738e-02 -2.858089e-01 -2.059256e-01 -6.015756e-02 6.235044e-01 1.590278e-02 2.522052e-01 3.963305e-02 8.750205e-02 1.867917e-01 -4.095589e-01 -6.456487e-01 1.437551e-01 -3.072493e-02 8.941644e-02 2.918549e-01 4.453482e-02 6.104802e-02 -5.120506e-02 -7.880664e-02 -3.889894e-02 -3.553169e-01 -2.395817e-02 -1.197189e-01 -5.112596e-02
4.147962e-01 3.332745e-01 -3.291028e-01 3.235699e-01 -1.632455e-01 -1.465188e-01 -1.841030e-02 -2.288783e-01 1.725971e-01 5.308200e-03 -7.495795e-02 -8.287876e-02 1.557750e-01 3.845325e-01 1.052184e-01 1.950258e-01 -8.865196e-02 1.282350e-03 4.203417e-01 -1.012381e-01 2.314159e-02 2.472190e-02 1.713395e-02 -6.657285e-01 -4.594575e-01 -4.450082e-02 5.599595e-02 -1.074757e-01 9.315367e-02 -2.580027e-02 -8.608551e-02 1.143051e-02
-2.665713e-01 1.829384e-01 1.718221e-01 4.102185e-02 -3.828365e-02 2.116625e-01 4.795372e-01 1.141881e-01 -1.875186e-01 6.928386e-02 -3.696116e-01 2.338099e-01 -2.225945e-01 -4.978983e-02 1.908093e-01 -3.669581e-01 1.309451e-01 1.490075e-01 6.096776e-01 5.143299e-02 1.665154e-01 3.138387e-01 1.264883e-01 1.114929e-02 2.956593e-01 3.249957e-02 -6.922405e-02 1.927465e-01 -8.522652e-03 -3.109773e-01 8.613104e-02 1.793507e-01
4.907674e-01 4.119763e-01 1.659306e-01 1.299887e-01 3.931209e-01 -1.363744e-01 8.595772e-04 -1.118191e-01 -8.882914e-02 3.948920e-02 -1.084294e-01 1.827840e-01 1.936289e-01 6.175458e-02 3.935579e-01 -7.034869e-03 -1.767478e-01 3.846243e-01 6.425536e-02 -1.722755e-01 6.115838e-02 1.895599e-01 3.285222e-01 -3.020993e-01 3.159493e-01 -1.826836e-01 -1.835254e-01 -3.264210e-01 -4.910041e-02 -1.073966e-01 2.221429e-01 -2.639411e-01
-1.611672e-01 1.973862e-01 1.029807e-01 -1.992387e-01 -9.249363e-03 -2.799548e-03 -3.874781e-01 1.558259e-01 -2.975873e-01 -1.177575e-01 -2.827331e-01 4.551359e-01 3.853177e-01 -1.019217e-01 1.654422e-01 1.197048e-01 -9.270044e-02 5.406209e-02 -2.571105e-01 2.267499e-01 1.513655e-01 -3.253428e-01 2.183891e-01 -3.820885e-02 -4.684860e-01 -2.229209e-01 -2.854810e-01 1.144892e-01 4.867411e-02 -3.727897e-01 6.091936e-02 -2.330293e-01
3.419905e-01 5.524812e-01 2.197204e-01 -1.103737e-01 5.384311e-02 2.652659e-01 -1.432257e-01 -3.177027e-01 -3.449418e-01 -9.430403e-02 -9.901763e-02 -3.261854e-02 5.180840e-02 -9.907167e-02 2.545923e-01 8.107772e-02 2.395864e-01 6.518748e-02 1.806194e-02 -1.615975e-01 -8.783345e-02 -4.052449e-01 4.134637e-03 1.305551e-01 -3.151187e-01 -1.899006e-01 -7.748028e-02 5.823686e-01 -1.216549e-01 -6.103331e-02 1.302301e-01 -1.746621e-01
-3.622725e-02 -3.290667e-02 -2.621455e-01 5.714324e-01 7.943080e-02 1.123670e-01 1.930455e-02 5.943793e-02 4.628054e-02 -3.823215e-01 -1.952302e-01 1.834598e-01 1.046956e-01 -9.463538e-02 2.870558e-01 -2.061185e-02 5.374453e-01 -1.689549e-01 2.148854e-01 3.890077e-01 -3.621430e-02 5.059060e-02 -3.042276e-01 5.289953e-01 -1.022039e-01 -5.392670e-02 -6.242329e-03 4.647549e-02 2.428703e-02 -1.078271e-01 -1.038389e-01 -2.646399e-02
-1.758168e-01 -2.859260e-02 2.745630e-01 -8.745042e-02 -2.850059e-01 1.061610e-01 5.495532e-01 2.327630e-01 -2.707120e-01 -1.659367e-01 3.534538e-02 -7.664953e-02 1.733278e-01 8.859307e-02 1.475611e-01 -1.145070e-02 -2.841425e-01 1.180458e-01 3.085757e-02 2.003836e-02 2.102799e-01 2.573818e-01 3.722133e-01 1.280715e-02 -8.529294e-02 -1.396233e-01 -3.571816e-01 4.104179e-01 -1.380455e-01 2.534150e-01 2.054519e-01 2.127424e-01
5.195675e-02 -6.067438e-02 1.442973e-02 -6.409225e-02 -2.682752e-01 4.697375e-01 1.878679e-01 5.120603e-01 1.193934e-02 2.424833e-01 8.406448e-02 2.276647e-01 -2.806872e-01 -7.169886e-02 -2.714858e-01 -2.119330e-01 6.786695e-03 1.447970e-02 4.935508e-01 -1.657392e-02 4.964866e-02 3.328879e-01 3.595345e-02 3.343880e-02 2.701825e-01 2.563299e-01 -2.182973e-02 4.620965e-01 -6.927799e-03 -5.267752e-02 2.789800e-01 3.398966e-01
-2.714621e-01 7.396407e-03 1.587628e-01 3.003277e-01 -1.556459e-01 1.332480e-01 3.088156e-01 6.469455e-02 -2.080522e-01 1.576006e-01 5.217050e-03 3.731318e-01 -2.371473e-01 -1.720878e-01 -1.333999e-01 -2.907017e-01 -1.763922e-01 2.183361e-01 9.772607e-02 3.746513e-01 -1.265503e-01 7.013085e-02 5.624607e-01 1.992037e-02 9.293631e-04 -2.265211e-01 -1.769945e-01 1.138034e-01 1.914270e-01 -2.286371e-01 1.534421e-01 1.457216e-01
1.309756e-01 3.710297e-01 -2.073646e-01 2.159689e-01 2.220666e-01 3.480952e-01 1.511744e-01 -4.652790e-02 -3.879820e-01 2.218542e-01 1.509646e-01 3.314520e-02 1.402563e-01 4.472104e-01 -1.256166e-02 -1.561203e-01 -1.689157e-01 -4.985187e-02 4.762457e-01 -7.734267e-02 1.557056e-02 5.342974e-02 -6.380753e-02 1.060815e-01 1.044222e-01 2.890043e-03 3.414036e-01 -4.011666e-01 2.283431e-01 2.504509e-01 -2.127296e-01 3.410188e-01
-2.891634e-01 2.400956e-02 1.005407e-01 2.821821e-01 1.184410e-01 -2.200633e-01 6.082540e-01 3.411835e-02 2.758238e-01 7.609110e-02 -6.119144e-02 -2.230650e-01 -1.004069e-01 3.244664e-02 5.066293e-02 1.073894e-01 -3.302672e-02 2.048101e-02 -1.415050e-01 -4.383363e-02 -2.846498e-01 2.921006e-02 3.342296e-01 9.211959e-03 1.171581e-01 -5.482505e-02 1.774980e-01 3.960630e-02 2.495440e-01 -4.498010e-01 -3.357310e-01 -4.198962e-01
3.249099e-01 4.874453e-01 3.060753e-01 -6.046554e-02 5.218706e-02 1.249378e-01 -3.210048e-01 -1.808513e-01 -2.884941e-01 4.992408e-02 -1.377637e-01 9.635978e-02 1.509921e-01 -1.930912e-02 3.967178e-01 7.640874e-02 -1.170394e-01 7.157637e-02 -9.519681e-02 1.745132e-01 4.054848e-01 -2.161269e-01 3.411447e-01 -6.839689e-01 4.851151e-02 5.964903e-02 -1.290877e-01 -6.100285e-02 6.153671e-02 -1.414477e-01 1.213114e-01 3.305221e-02
1.296699e-01 9.453091e-02 7.925639e-02 1.230535e-01 2.069214e-01 -1.441147e-01 -3.522978e-01 5.243065e-03 2.948073e-01 1.251075e-01 -7.823646e-02 4.233399e-01 -1.270896e-02 -1.713673e-01 -3.021574e-01 -3.220586e-02 -5.432165e-02 1.497378e-02 1.840673e-02 -2.582532e-02 -1.978200e-01 -2.216944e-01 -3.957917e-01 6.271583e-02 1.060105e-01 6.086668e-02 3.237297e-01 -3.050640e-01 1.227695e-01 -2.257368e-01 -3.875633e-01 -7.552840e-03
-3.095134e-01 -8.107289e-02 -4.490155e-02 -1.125396e-01 -2.502618e-01 2.490609e-01 -2.053437e-01 3.855459e-01 -9.547469e-02 -1.053668e-01 -2.808361e-01 3.186572e-01 -1.628806e-01 -1.380302e-02 4.167280e-01 6.550321e-02 7.612874e-02 3.798173e-03 5.189314e-02 2.896996e-02 1.772863e-01 -1.256400e-01 6.748416e-02 -1.642235e-01 6.896539e-02 3.918741e-01 -3.814590e-02 -1.991716e-01 -2.332825e-01 -2.217986e-03 2.487339e-01 5.280247e-01
-1.588536e-01 -2.273259e-01 -2.231337e-01 -2.695104e-01 -1.140271e-01 -9.160813e-02 7.412151e-02 -2.458453e-01 -1.666883e-01 -2.351691e-01 3.045304e-01 1.234755e-01 -5.919142e-02 2.768955e-01 -6.471186e-02 3.104880e-01 -7.541077e-02 9.767002e-02 5.477462e-02 -4.770581e-02 1.322690e-02 3.031510e-01 2.058779e-01 4.211093e-02 1.840342e-01 -2.983113e-01 -1.061691e-01 2.479706e-01 -1.063801e-01 2.881361e-01 2.799117e-01 1.814858e-01
-1.423555e-01 -1.109988e-01 -1.472614e-01 7.217773e-02 -2.012918e-02 5.239439e-02 3.328139e-01 -2.346336e-01 5.156849e-02 2.743014e-01 -3.680743e-01 7.607093e-02 6.596223e-02 3.767893e-01 -2.207689e-01 1.390427e-02 2.969594e-01 -4.879865e-01 -6.718165e-02 9.902525e-03 4.476141e-01 -6.137021e-02 1.657014e-01 4.115761e-02 -5.517278e-03 -9.908779e-02 2.987099e-01 1.224088e-01 -2.357890e-02 -8.241540e-02 1.042868e-01 1.342292e-01
-1.386681e-01 8.631591e-02 9.774761e-02 9.304297e-02 -3.141979e-01 1.219144e-01 2.705925e-01 5.451398e-01 -1.194319e-02 2.104121e-01 4.087233e-02 2.251159e-01 -1.937378e-01 -3.756778e-01 -1.722670e-02 -6.969032e-02 3.667513e-01 2.540244e-01 9.051998e-02 -1.277439e-01 -1.023912e-01 2.969485e-01 3.740811e-01 4.001775e-02 3.540020e-01 5.276968e-02 -1.850271e-01 1.851757e-01 2.144689e-01 -7.097062e-02 7.258305e-02 2.283159e-01
-8.699438e-02 -1.156557e-01 2.451252e-01 2.647017e-01 -1.715032e-01 2.188656e-01 1.229803e-01 6.358156e-02 2.631943e-01 1.943152e-01 3.740911e-01 -2.224495e-01 1.630296e-01 -1.157888e-01 -1.039188e-01 1.429986e-01 2.898736e-01 4.772289e-02 1.953640e-01 -5.196395e-01 -3.934726e-01 2.833398e-02 -9.419850e-02 -8.616526e-03 -3.258507e-01 4.957490e-02 1.285316e-01 1.134285e-03 -2.227173e-02 -6.707336e-03 5.812962e-02 7.377294e-02
-4.392920e-02 3.059967e-01 -1.206805e-01 4.042853e-01 2.209126e-02 1.439992e-01 3.098512e-01 -9.306847e-02 -3.347991e-01 -1.632230e-01 2.802046e-01 -2.113602e-01 -1.553955e-01 3.189635e-01 -3.136682e-02 2.100570e-01 3.256719e-02 1.247542e-01 5.570447e-01 -2.210308e-01 5.444114e-03 2.970620e-03 -1.392002e-01 5.924728e-02 1.502530e-02 9.044647e-03 3.004499e-01 -1.844114e-01 1.831023e-01 2.743457e-01 -1.741485e-01 3.690100e-01
2.053304e-01 6.962407e-02 6.494347e-01 -1.419848e-01 3.861732e-02 1.882547e-01 5.634581e-02 8.838256e-02 -1.805477e-01 -1.354006e-01 -1.543158e-01 9.456389e-02 -1.345212e-01 1.780653e-01 3.795494e-01 3.811288e-02 -6.898124e-02 -1.418239e-01 1.182916e-01 -7.197591e-02 2.490447e-01 -2.562808e-02 -4.404841e-01 -2.104295e-01 9.514055e-02 -1.998259e-01 -3.109152e-01 7.733051e-02 -1.666832e-01 -6.314231e-02 4.315124e-01 -8.218347e-02
9.327730e-02 5.685219e-01 7.314028e-02 2.723787e-01 -5.164139e-02 4.330862e-01 1.338861e-01 1.870878e-02 -2.055915e-01 -4.202789e-02 3.137915e-01 8.986089e-04 -1.232818e-01 3.768951e-01 -1.653179e-01 7.617209e-02 -4.071159e-02 -1.305853e-01 1.407442e-02 -1.027759e-01 -1.275181e-01 1.921290e-01 -9.793860e-02 -1.181340e-02 -5.544913e-01 -3.427247e-02 -7.924795e-02 -1.428312e-01 3.219113e-01 7.928458e-02 -6.274806e-01 -1.492800e-01
-3.894037e-01 -3.534267e-01 5.355499e-01 4.579607e-03 -8.990712e-03 8.375013e-02 -9.101281e-02 -3.772248e-02 -1.154451e-01 -4.162439e-02 3.159806e-01 -4.513226e-02 -4.878917e-02 2.682927e-01 3.127532e-01 -1.218694e-02 -1.127913e-01 3.684504e-01 1.283314e-02 -1.009362e-01 -2.192455e-02 2.585933e-01 3.485371e-01 -4.907894e-02 -4.233985e-01 -2.197501e-01 -6.122798e-02 1.458355e-01 -7.241037e-02 4.211677e-01 1.053784e-01 8.277929e-02
7.158045e-01 3.641251e-01 -1.170161e-02 -3.669941e-02 -3.454465e-01 -1.209870e-01 -1.686303e-01 -1.948335e-02 1.575231e-02 2.017857e-02 -1.392324e-01 4.663276e-03 1.002678e-01 9.340964e-02 1.511076e-01 -1.873524e-02 7.805804e-03 4.397906e-01 9.110317e-03 -2.561087e-02 8.100713e-02 -1.358219e-02 1.062069e-02 -4.491627e-01 -1.847874e-01 -1.424845e-01 -8.592897e-02 -5.781689e-01 7.862391e-02 -1.517956e-01 8.746645e-02 1.057490e-02
1.921017e-01 5.091537e-01 3.552183e-01 5.152350e-01 2.933089e-01 9.121229e-02 8.443093e-02 -7.417654e-02 1.232367e-03 5.670943e-02 3.182721e-02 -3.848653e-04 2.746203e-01 5.885737e-02 2.256628e-01 -7.892245e-02 -1.867978e-01 5.169912e-02 2.450084e-01 -2.140932e-01 -1.744911e-01 3.314000e-01 1.976583e-01 -3.440735e-01 2.371122e-01 -1.417456e-01 -3.142396e-01 -1.706616e-01 -1.716304e-01 -4.231606e-02 2.460494e-01 -3.515556e-01
1.198177e-01 -1.021010e-01 1.026943e-01 5.669962e-01 1.689411e-01 3.312907e-01 1.315639e-01 1.403526e-01 -3.093082e-02 -1.912623e-02 -2.211848e-01 2.080787e-01 -2.552223e-01 -6.838936e-02 3.609288e-02 -9.685174e-02 2.779962e-01 -4.087008e-01 -3.388187e-01 1.760925e-02 1.180950e-01 -1.523374e-01 6.130766e-02 -1.354758e-01 -4.524797e-03 1.158217e-01 6.330822e-02 2.841923e-01 -3.668802e-01 2.853875e-01 -8.207697e-02 3.423069e-01
1.191822e-01 1.504221e-01 1.310859e-01 -2.118608e-01 -3.038996e-01 2.373268e-01 8.320256e-02 -1.042789e-01 -1.233773e-01 -1.535482e-02 1.086084e-01 -1.046440e-01 3.220423e-01 1.140843e-01 6.180725e-01 -7.628713e-02 2.710906e-02 2.860658e-01 -4.646967e-01 8.192107e-02 2.352720e-01 2.256180e-01 -8.777944e-02 2.056565e-01 2.736876e-01 -4.965529e-02 3.059666e-02 2.964454e-02 -4.394935e-01 1.358650e-01 -1.596279e-01 5.100822e-02
4.718121e-01 7.108323e-03 -2.846467e-02 2.209618e-01 4.271456e-01 7.723145e-03 2.027732e-01 -3.934780e-01 1.130614e-01 1.042698e-01 1.394506e-01 6.909405e-02 2.197163e-01 2.137433e-02 -3.337024e-01 -2.464153e-01 -1.422322e-01 -1.566754e-01 2.004847e-01 1.924725e-01 2.584923e-02 -2.282924e-01 1.400138e-01 -1.182331e-01 3.745053e-01 -3.088320e-01 4.181423e-01 -8.557977e-03 -1.219288e-01 -4.787920e-01 -7.300540e-02 2.068750e-01
4.840963e-01 1.424403e-01 -2.045992e-01 -1.998822e-01 -1.773369e-01 1.951863e-01 -2.644046e-01 -1.067662e-01 -3.367044e-01 1.956695e-01 -2.888823e-01 1.914526e-01 2.090103e-01 1.632442e-01 8.880883e-02 2.079994e-01 1.558801e-03 -4.658996e-02 3.650353e-01 2.015867e-01 4.525168e-01 -2.586916e-03 -3.784583e-01 -1.110374e-02 -1.265996e-01 3.680719e-02 -8.945110e-02 -2.796285e-02 -4.304841e-01 2.612445e-01 1.716731e-01 2.594354e-01
-1.062341e-01 2.396322e-01 -3.531978e-01 3.571957e-01 7.243864e-02 3.774170e-01 -9.161218e-02 -7.729013e-02 1.090772e-01 1.711869e-01 2.880018e-01 1.138269e-01 -4.694817e-02 -1.938499e-01 1.099155e-01 1.754589e-01 -3.028583e-01 -2.566904e-01 -1.203001e-01 6.773385e-02 2.666160e-01 -2.231501e-01 -6.275908e-02 -1.226767e-01 -9.387687e-02 1.459214e-01 -5.314689e-01 -2.593460e-01 -7.011335e-02 -5.035691e-02 -2.270831e-02 -2.532479e-01
-2.584592e-01 1.775213e-01 -1.713149e-01 -9.427098e-02 -1.730400e-01 2.660217e-02 -4.168039e-02 1.971235e-01 5.204503e-01 -4.292358e-02 -1.461517e-02 -1.940793e-02 -2.740020e-01 1.401319e-01 3.951289e-01 -2.267895e-01 -2.748485e-01 1.330141e-01 -2.118816e-02 7.315840e-02 1.941850e-01 -2.689277e-02 3.238317e-02 -1.021495e-01 2.028928e-01 3.433654e-01 9.635210e-02 -8.998252e-02 -1.643760e-01 -6.393781e-03 1.714635e-01 4.963946e-01
3.766511e-01 1.724582e-01 1.771041e-01 2.969430e-01 4.182658e-01 -5.356347e-02 1.187294e-01 -2.533564e-01 1.897174e-02 9.183989e-02 5.176067e-02 1.186225e-01 2.528535e-01 1.196744e-01 4.953194e-01 2.468057e-03 -1.968828e-01 1.470327e-01 2.706181e-02 -2.417358e-01 8.593220e-02 2.728553e-01 2.004916e-01 -4.800703e-01 1.987741e-01 2.724194e-02 -2.363608e-02 -4.809131e-01 -1.455148e-01 -6.749831e-02 2.248655e-01 -1.404531e-01
2.678938e-01 4.238274e-01 8.354202e-03 -2.542316e-01 -5.769429e-02 -1.041749e-01 -1.905519e-01 2.079536e-01 -2.670926e-01 -6.046209e-02 -1.622784e-01 -4.152244e-02 1.942481e-01 -2.707121e-02 3.469440e-01 1.833868e-01 -2.040489e-02 -1.178104e-01 5.901479e-02 6.190336e-02 2.184318e-01 6.625395e-03 -2.712276e-01 -1.618038e-02 -8.997780e-02 -9.304943e-03 -5.214810e-01 -5.413790e-02 -2.086562e-01 1.202925e-01 4.862559e-01 3.572780e-01
1.009174e-01 -2.380733e-01 5.748447e-01 -3.195402e-01 3.248081e-03 -3.089492e-01 1.182400e-01 2.384463e-01 8.268556e-02 -6.380039e-02 -4.110202e-01 -1.058654e-01 8.705449e-02 7.156377e-02 2.921420e-02 -1.687492e-01 8.631494e-02 2.181737e-01 -4.139020e-02 -1.460271e-02 -2.191707e-01 2.734446e-01 6.637249e-02 5.206650e-01 2.612016e-02 4.781850e-02 1.584572e-01 5.089573e-01 3.023599e-01 4.554402e-02 -2.655629e-01 -1.098941e-01
-2.818635e-01 -1.051223e-01 3.246107e-01 1.878830e-01 -5.173498e-02 1.065739e-01 2.212163e-01 1.166652e-01 -2.156463e-01 7.819254e-03 6.288203e-03 -2.115405e-01 -8.455358e-02 1.033670e-01 4.882190e-01 1.305079e-01 -6.048074e-02 1.992598e-01 6.985310e-02 -1.339894e-01 4.473045e-02 8.933094e-02 2.954597e-01 -8.566667e-02 -1.860784e-01 -1.456669e-01 2.378962e-01 2.876449e-01 -5.242820e-02 4.109570e-01 2.936346e-01 1.712869e-01
6.751084e-02 -2.452792e-01 -2.389094e-02 1.194316e-02 -1.432027e-01 -1.198359e-01 2.807459e-02 4.078380e-01 9.065595e-02 -3.113987e-01 2.255074e-01 -2.520000e-01 -1.082917e-01 4.473547e-01 -1.437972e-01 6.999306e-02 1.951676e-01 3.699253e-01 5.776913e-02 -4.445709e-02 2.344035e-01 -6.117497e-02 -8.941117e-02 -3.084186e-01 6.336853e-02 -3.021875e-01 1.540779e-01 3.396477e-01 -5.971001e-02 2.199545e-01 5.052159e-02 -2.513043e-01
-3.364447e-01 5.112256e-02 -2.626943e-01 4.714203e-02 -1.530083e-01 1.452222e-01 5.668673e-02 -8.968710e-02 5.557061e-01 2.026007e-01 3.046686e-02 3.296581e-01 -2.313530e-02 -1.382874e-01 9.258337e-02 2.672217e-01 -1.312048e-01 9.723074e-02 1.589574e-01 -6.680608e-02 1.235974e-01 1.161413e-01 -2.017547e-01 -1.788619e-01 5.014551e-02 4.941486e-01 2.223342e-01 -1.994862e-01 2.981948e-01 1.995249e-01 -3.625985e-01 1.499666e-01
-8.598316e-02 -1.761855e-02 -3.280848e-01 4.024520e-01 -5.154084e-02 -2.604454e-01 -2.885458e-01 -2.239523e-04 1.027403e-01 3.076575e-01 -3.316165e-01 7.300461e-02 -9.131283e-04 -1.279924e-01 -2.106794e-01 -1.650551e-01 1.183304e-01 -2.573177e-01 2.738836e-01 -2.886058e-01 1.440344e-01 -3.554519e-01 2.976340e-02 -5.412650e-01 -5.303911e-02 -3.095380e-02 -2.027201e-02 1.225775e-01 1.451366e-01 -1.644016e-01 8.868800e-02 -6.299847e-02
5.816146e-01 -2.204045e-02 -4.889275e-02 1.824925e-01 3.934448e-01 -3.477020e-02 2.978279e-01 -1.879969e-01 9.684370e-02 9.196112e-02 2.671208e-01 -1.250311e-01 8.312454e-02 2.264977e-03 -2.523645e-01 -1.072568e-01 2.059450e-01 -1.832443e-01 5.020321e-02 -8.246247e-02 -1.782985e-01 1.995804e-01 -3.615890e-02 1.088898e-01 -1.033965e-01 -3.061433e-01 3.561466e-02 -8.113356e-02 3.339010e-01 -9.769866e-02 -2.428036e-01 -5.434222e-01
-1.658333e-01 5.357994e-01 -1.702680e-01 -1.667064e-01 1.078172e-01 2.251880e-02 1.754013e-01 -2.174511e-01 9.561714e-02 7.622037e-02 -1.271893e-01 -3.342949e-01 3.433740e-01 -2.849091e-01 -3.184187e-01 1.030715e-01 1.292735e-01 -7.471109e-02 4.663225e-03 -1.911418e-02 1.997822e-01 5.926005e-01 -1.202299e-01 -1.956473e-01 -7.700220e-02 -1.264071e-01 4.303008e-02 1.045853e-01 5.439882e-02 -2.208869e-02 -4.121282e-01 3.370027e-01
1.380368e-01 -2.567056e-02 -3.909473e-01 1.432364e-01 2.193459e-01 6.156611e-02 -2.358337e-01 4.275045e-01 1.007611e-01 -3.639027e-01 3.557998e-01 -2.797880e-01 2.886903e-03 5.619378e-02 1.609842e-01 -5.614576e-02 -6.423807e-02 -3.030899e-01 -2.384767e-02 8.995602e-03 -3.316422e-01 -1.806609e-01 9.375920e-02 1.385629e-01 1.657370e-01 -3.407022e-01 -2.559947e-01 -9.419046e-02 -2.766231e-01 3.485573e-02 -3.302998e-01 -4.088096e-01
-9.899700e-02 -1.669048e-01 -1.716913e-01 4.499991e-01 -8.992981e-02 4.097330e-01 1.473266e-01 -2.628329e-02 -4.958383e-02 -2.619999e-01 -1.449335e-01 2.332566e-01 1.464485e-01 7.691673e-02 3.457498e-01 1.399185e-01 3.872466e-01 -1.505958e-01 2.028078e-01 2.564773e-01 6.798968e-02 -4.536725e-02 -2.993291e-01 5.895376e-01 -3.163056e-02 -6.932506e-02 2.765230e-02 1.039717e-01 4.263986e-04 -2.680578e-01 -2.948364e-01 -6.915588e-02
-7.514806e-02 -3.608677e-01 -3.505247e-02 -9.637526e-02 3.313894e-01 5.511532e-01 -1.657585e-01 1.020816e-01 1.699463e-01 6.498929e-02 1.667952e-01 -2.689531e-02 -2.681719e-01 -2.561457e-01 1.818981e-02 -1.422804e-01 8.458133e-02 1.782441e-02 -8.038574e-01 1.013128e-01 -2.510712e-03 -7.229989e-02 -7.662816e-02 1.964383e-01 8.025650e-02 2.676529e-02 -1.925500e-01 1.420979e-01 -1.486587e-01 -2.257880e-01 -1.434210e-02 -2.551862e-02
-3.374460e-01 -1.123850e-01 -3.341680e-01 -2.142431e-01 3.209842e-01 -1.278859e-01 2.275743e-01 1.916363e-01 3.972322e-01 2.879459e-01 5.876580e-02 3.303946e-02 3.675919e-02 5.502000e-02 -2.876571e-01 -2.834059e-02 2.948978e-02 -6.348853e-02 -1.051342e-02 -2.297226e-01 -7.363042e-01 2.125852e-01 -1.332865e-01 3.267417e-01 5.189861e-02 -1.832050e-02 1.057115e-01 2.661215e-02 -2.073012e-01 4.506987e-02 -9.674053e-02 -3.222616e-03
-8.987176e-02 -5.624025e-02 -1.229590e-01 5.372921e-01 2.331434e-01 4.618636e-02 2.365022e-01 -1.027320e-01 4.616377e-01 1.540421e-01 -1.985137e-01 -2.336430e-02 -2.043675e-01 3.327351e-02 -1.089953e-01 2.694884e-01 8.394068e-03 1.084139e-01 5.776372e-02 -3.412358e-02 -2.383265e-01 2.991934e-02 3.407585e-01 5.035709e-02 1.542366e-01 -6.867120e-02 1.206734e-01 -3.034457e-03 1.963590e-01 -4.520665e-01 -5.444450e-01 -3.714713e-01
2.269129e-01 -3.129979e-01 2.305840e-02 -2.660220e-01 1.673427e-01 1.009071e-01 -3.187243e-01 3.642810e-01 1.341792e-02 -6.034500e-02 4.449164e-03 6.528043e-02 -1.061263e-01 -2.598809e-02 4.956524e-01 -3.882762e-01 -1.150161e-01 1.513688e-01 -1.350155e-01 -2.239322e-01 -4.021436e-01 1.779323e-01 -8.329373e-02 1.540123e-01 6.911201e-01 3.827669e-02 -1.871168e-01 1.163214e-02 1.968542e-03 3.691771e-02 2.149452e-02 1.688735e-01
5.279449e-01 1.643485e-01 1.368703e-01 -3.232937e-01 -2.481394e-01 8.877566e-02 -3.072295e-01 -7.393997e-02 -4.040943e-01 5.166789e-02 1.913636e-02 1.048213e-01 2.590590e-01 -4.699761e-02 5.760996e-02 4.231903e-02 1.045722e-02 -4.478713e-02 2.218377e-01 1.571430e-01 2.209254e-01 -2.731299e-02 -3.545537e-01 -1.457594e-02 -2.336471e-01 -1.369817e-03 -3.095715e-01 9.543441e-02 -3.147868e-01 3.464800e-01 2.620472e-01 4.495174e-01
3.603999e-01 2.519863e-01 -1.289216e-02 -1.611231e-01 -1.799577e-01 -2.990654e-01 3.138347e-01 -1.119417e-01 8.554095e-02 4.444740e-01 -9.982693e-02 -1.518407e-01 3.638035e-01 -7.867988e-02 -1.734101e-02 -1.585669e-01 -4.095475e-01 -9.228137e-02 -1.774532e-01 -1.422990e-01 2.060134e-01 2.830959e-01 2.841709e-02 8.578341e-03 3.521626e-02 2.752860e-01 3.914850e-02 6.798103e-02 -1.978522e-01 -5.004911e-01 -1.433739e-01 6.763439e-02
5.059964e-02 2.166565e-01 -1.581456e-01 4.488782e-01 -3.585278e-01 1.058735e-02 -3.050332e-01 -2.875739e-01 -3.253584e-01 -1.615240e-01 -3.448703e-01 4.193267e-02 1.792744e-01 1.182276e-01 2.458946e-02 -1.949615e-01 -1.052491e-01 3.807477e-02 2.460774e-01 -1.294775e-01 1.182566e-01 -1.678385e-01 -2.248542e-01 2.077670e-01 7.915893e-02 -2.990546e-03 -6.852559e-02 -2.570090e-01 -6.227449e-01 -8.923870e-02 4.666863e-01 4.207681e-02
1.383115e-01 2.226130e-01 -4.105255e-02 -4.293193e-01 9.670738e-03 -3.242060e-01 -7.170823e-02 -9.769666e-02 -1.154900e-02 -5.037097e-03 6.909448e-02 -1.578813e-01 6.317699e-01 9.341624e-02 -1.790427e-01 -5.418060e-02 -4.257999e-01 3.882758e-01 3.310946e-02 1.271757e-02 -4.077759e-01 7.726493e-02 1.457088e-02 -1.662842e-02 -8.975090e-02 -1.799720e-01 -3.734497e-01 -2.386802e-01 6.696180e-02 -2.001302e-01 -4.355888e-02 -1.667532e-01
-2.094577e-01 -3.876198e-01 -2.472060e-02 7.942970e-02 2.407144e-01 4.665388e-01 -6.838583e-02 5.290003e-02 1.962160e-01 3.708285e-01 -1.757225e-02 5.841858e-02 -3.096657e-01 9.614742e-02 -2.045436e-01 -4.998663e-02 -1.198232e-02 -2.486033e-01 -2.637492e-01 -3.148422e-02 1.584327e-01 -3.682978e-02 -1.891479e-02 6.911430e-01 -4.056981e-03 1.831136e-01 -1.270418e-01 1.481792e-01 -8.692625e-02 -7.240154e-02 -2.584896e-01 3.803782e-02
1.169768e-01 3.145563e-01 1.583588e-01 3.608088e-01 1.624727e-01 4.416818e-01 -3.720818e-01 2.506476e-02 4.270750e-02 -1.077680e-01 2.826865e-01 -3.302173e-02 -8.414049e-02 2.149323e-01 -2.527700e-02 -5.323702e-02 2.089588e-01 -8.672388e-02 -3.848290e-01 2.468543e-01 2.370569e-01 1.379464e-01 1.876801e-01 -1.736336e-01 -2.937875e-02 -9.095981e-02 -4.388691e-01 6.151532e-02 6.688918e-02 -1.650129e-03 -4.051998e-01 -6.911363e-02
1.038005e-01 4.689928e-01 3.823832e-01 -1.940473e-01 3.764626e-02 -1.747858e-01 8.553319e-03 1.861826e-01 -5.807848e-02 2.336447e-01 -4.064827e-01 -1.912872e-01 -4.969017e-02 -2.879894e-02 3.739700e-02 2.359061e-01 8.516690e-02 2.291691e-02 2.933690e-02 2.509485e-01 -1.796087e-01 1.027390e-01 8.756522e-02 -3.855474e-02 -7.984727e-02 -4.114597e-01 3.329545e-02 1.614331e-01 -1.981810e-01 -4.134987e-01 7.561031e-02 1.887296e-01
7.484771e-02 1.093531e-01 2.951548e-02 1.461058e-01 1.134881e-01 1.675106e-01 5.849441e-01 1.345186e-01 2.708903e-01 -9.133071e-02 9.482266e-02 -4.769974e-01 -7.368821e-02 -1.302353e-01 -3.458101e-01 3.181035e-03 -2.772385e-01 1.777776e-01 3.716071e-01 -3.448286e-01 -9.651723e-03 -3.079355e-01 -3.355044e-01 -2.220307e-01 -1.911612e-01 1.170891e-01 3.318496e-02 -1.454656e-01 9.109673e-03 2.956687e-01 -7.957573e-02 2.634216e-01
-4.930141e-02 4.478519e-02 4.888045e-01 -7.147744e-03 4.207997e-01 3.157455e-01 2.207549e-01 -1.900721e-01 -2.182383e-01 -7.577080e-02 8.006710e-02 -1.212517e-01 -3.850161e-02 -2.247459e-01 3.488408e-01 5.899522e-02 3.421856e-02 1.147673e-01 -9.735858e-02 1.137051e-01 -2.110222e-01 1.330796e-01 -1.926649e-01 5.578096e-01 -3.684844e-02 3.190746e-01 -7.793000e-02 -3.236169e-01 -1.952436e-01 1.428701e-01 -1.141810e-01 3.269877e-01
8.406549e-02 1.720573e-01 1.943801e-01 4.471867e-01 2.331212e-01 4.674487e-01 -2.657873e-01 -6.542374e-03 1.192801e-02 -3.327635e-01 1.855189e-01 -4.518506e-02 -2.440506e-01 2.263372e-01 -3.961518e-02 1.676373e-01 2.443448e-01 9.230423e-02 -5.811224e-01 3.381314e-01 2.800716e-01 1.283208e-01 9.079004e-02 -3.237005e-02 -1.920369e-03 -2.033718e-01 -1.854628e-01 1.476002e-01 3.182420e-01 -2.136019e-01 -6.231534e-02 1.707602e-01
8.570541e-02 -2.097957e-01 5.804468e-01 -2.634064e-01 -2.767830e-01 1.625461e-01 1.639687e-01 1.379881e-01 -1.561426e-01 1.461165e-02 -2.351648e-02 -1.785146e-01 -2.684022e-01 2.070882e-01 2.559303e-01 5.262509e-02 -7.682089e-01 -2.052931e-02 2.542536e-02 -9.060396e-02 3.151431e-01 -1.986957e-01 3.042284e-03 9.656794e-02 -9.203648e-02 3.241348e-01 7.118194e-02 8.378464e-02 -1.565502e-01 -1.220884e-02 -2.054670e-01 -8.487730e-02
-3.297104e-01 -2.050568e-01 1.155186e-01 -1.709883e-01 -3.730805e-02 1.921505e-03 -3.176135e-01 7.821380e-02 -1.933970e-01 -2.610202e-01 -7.843243e-03 6.283182e-01 1.263838e-01 9.713976e-02 -8.080145e-02 -1.788533e-01 -6.557108e-02 7.893476e-02 -3.919712e-01 1.901744e-01 1.208122e-01 -9.591634e-02 1.666186e-01 3.034832e-01 -3.280203e-01 -2.696399e-01 -4.600033e-01 1.693613e-01 8.461653e-02 -2.548334e-01 -4.576639e-02 1.952211e-01
4.902405e-02 -6.447744e-02 4.224108e-02 -2.367926e-01 -2.585261e-02 -6.279424e-04 -1.384824e-01 1.909228e-01 4.174028e-02 -3.846965e-01 1.169416e-01 -3.503783e-01 1.898975e-01 2.551538e-01 3.805864e-01 -1.907673e-01 1.361742e-01 4.383198e-01 -2.327526e-03 2.620492e-02 -4.944280e-02 1.878820e-01 2.447595e-02 -2.783990e-02 2.278508e-01 -1.432116e-01 5.752527e-01 1.646138e-01 -1.207431e-01 7.267094e-02 -8.690175e-03 2.216491e-02
4.579072e-01 -1.550626e-01 6.390150e-02 4.152953e-01 -1.935657e-01 -3.919763e-02 -1.809481e-01 -2.025149e-01 -1.496216e-01 -2.737637e-01 8.372819e-03 -6.684926e-02 -7.864919e-02 3.000600e-01 -2.450740e-01 8.522666e-02 -3.742891e-01 2.665266e-02 -3.763219e-01 -4.249872e-01 3.632179e-02 -3.207638e-01 5.512130e-02 -8.968263e-02 -2.253182e-02 8.519991e-02 2.845966e-01 1.307668e-01 -1.499041e-01 6.325696e-02 -2.794545e-01 1.444265e-01
1.115417e-02 -8.046094e-02 1.354754e-01 3.627551e-01 2.691361e-01 -5.553441e-02 3.685479e-01 -2.781245e-01 3.237803e-01 -8.217718e-02 1.469955e-01 1.212654e-01 -1.970614e-01 -1.181066e-04 -1.073332e-01 -2.110419e-01 3.692366e-01 3.210221e-01 -3.345834e-02 -1.210675e-01 -1.458269e-02 -1.779046e-01 1.490257e-01 -1.319101e-01 -4.548346e-02 -3.918937e-02 5.459632e-01 -2.462147e-01 -6.274217e-02 -1.748309e-01 1.682182e-01 -1.556338e-02
-2.632595e-01 1.944527e-01 9.825057e-02 -1.587834e-01 -2.077343e-01 3.965779e-02 2.184974e-01 -3.182935e-01 -1.080714e-01 5.235374e-01 -2.271825e-01 2.349769e-01 -2.051934e-01 -9.207828e-02 -1.173426e-01 2.526027e-01 3.484073e-02 2.285666e-01 2.658429e-02 -2.239327e-02 3.668395e-01 -1.679676e-02 4.442097e-02 -1.355352e-01 -3.183892e-01 1.723034e-01 2.284597e-01 -1.784970e-01 6.858850e-02 -1.779308e-01 4.918220e-01 3.482848e-01
-2.203863e-01 -7.084530e-02 -9.084915e-02 1.780696e-01 5.548995e-01 2.755429e-01 1.165498e-01 1.998297e-02 1.013755e-01 -3.426390e-01 -9.674314e-02 -1.548725e-01 -2.227262e-01 2.655018e-02 1.198284e-01 -1.376896e-01 3.456170e-01 2.964779e-01 -1.421890e-01 4.548853e-01 9.644053e-02 6.273708e-02 1.875129e-01 -2.845679e-03 8.477665e-03 -2.929265e-01 -1.623189e-01 2.686528e-01 1.013701e-01 -1.672699e-01 3.195911e-02 1.168058e-01
-6.645037e-02 -4.110041e-02 -4.808277e-03 6.707881e-02 1.052030e-01 -6.887820e-02 6.712610e-02 -3.680685e-03 4.382177e-02 1.754391e-01 -3.835134e-01 5.622929e-01 -7.990859e-02 -2.016434e-01 -3.745793e-01 -1.334847e-02 1.222832e-01 2.689322e-02 1.378640e-02 1.923914e-02 1.966418e-01 -2.613017e-01 -4.420539e-01 1.123392e-01 2.749090e-01 2.022522e-01 3.373395e-01 -9.309698e-02 1.968979e-01 -1.689032e-01 -3.622471e-01 -1.782556e-02
-1.685084e-01 -2.007207e-02 -6.950432e-02 -4.581892e-02 -2.687078e-01 2.658840e-01 -2.219274e-01 4.238400e-01 -2.419892e-01 -7.411282e-02 -9.087627e-02 -2.376014e-01 -5.035469e-02 -1.723510e-01 -2.100988e-01 -7.236446e-02 -3.775009e-01 -4.787242e-02 1.132775e-01 7.514601e-03 2.391844e-01 3.671249e-01 -2.433069e-01 1.531999e-01 2.535922e-02 -1.192379e-02 -2.178868e-01 1.875466e-01 3.159369e-01 2.948525e-01 5.412980e-02 -1.180509e-01
-9.216744e-02 -2.335000e-01 4.786035e-01 -4.108575e-01 -2.043511e-01 -2.546647e-01 -1.750269e-02 -1.071777e-02 2.295991e-01 4.815262e-02 -1.184615e-01 -9.428676e-02 3.236846e-01 -2.062204e-01 -7.599806e-02 -1.790325e-01 -6.107979e-02 -1.907338e-01 -2.882842e-01 2.350313e-01 1.675384e-02 1.386138e-02 3.050421e-01 1.274203e-02 -8.612682e-02 -2.225689e-02 -5.132442e-01 1.375804e-01 -3.564484e-02 -9.192836e-02 3.691492e-01 -3.995019e-01
1.257045e-01 -8.946771e-02 -1.320778e-01 4.321645e-01 1.821077e-01 3.512737e-01 1.082782e-01 -8.823828e-02 -2.834888e-01 -2.177664e-01 2.280154e-01 1.757502e-01 -2.285817e-01 3.494921e-01 4.710548e-02 1.952844e-01 1.629981e-01 1.364432e-01 1.834632e-01 -2.587975e-01 -1.234929e-01 -7.578805e-02 -2.034940e-01 1.232301e-01 3.080231e-01 4.774805e-02 3.553196e-01 -4.697626e-01 1.073637e-01 7.516797e-02 -3.072563e-01 2.907212e-01
-8.623965e-03 1.256693e-01 -2.181171e-01 1.544920e-01 8.442761e-02 -5.008262e-01 -1.568183e-01 1.599087e-01 -3.383704e-02 -1.305999e-01 6.521456e-01 -1.720583e-01 -4.885065e-02 4.961793e-02 9.251466e-02 -1.223387e-02 -1.189629e-02 -1.536335e-01 -1.456030e-05 -1.396664e-01 1.664597e-02 -3.180832e-02 1.257946e-01 1.804557e-01 2.773950e-01 -2.340471e-03 -6.071941e-01 2.495049e-01 3.207402e-02 -1.323474e-01 3.159054e-01 -4.166281e-01
3.157824e-01 6.573312e-01 1.997075e-01 4.433329e-01 1.125221e-01 2.071993e-02 7.991238e-02 -1.049880e-01 -1.103413e-01 1.797092e-02 -4.643587e-02 4.067401e-02 2.193874e-01 -2.335093e-01 2.010210e-01 -7.945334e-03 -2.858993e-01 6.888969e-02 9.643106e-02 1.593422e-01 -1.951480e-01 2.821754e-01 1.097348e-01 -3.550833e-02 3.030012e-01 -6.572464e-02 -6.525849e-01 -1.400185e-01 -2.990549e-02 6.786427e-03 5.270079e-02 -3.595725e-01
-1.410090e-01 -1.273372e-01 -1.811222e-01 -3.437799e-01 -1.542472e-01 -3.269444e-01 4.464612e-01 3.485147e-01 1.110526e-01 8.739340e-02 -3.537903e-01 -1.610155e-01 1.063546e-01 -1.747725e-01 -1.075429e-02 2.364836e-01 -5.791657e-01 -8.174304e-02 8.754543e-02 -1.993789e-01 -4.997143e-02 -3.785679e-01 -1.510840e-01 6.190275e-02 4.885400e-02 3.866337e-01 1.543676e-01 -1.534692e-01 -8.144210e-02 5.483856e-02 2.056252e-01 -1.467699e-01
-2.745604e-01 -3.459349e-02 2.538786e-01 -7.902917e-02 1.326236e-01 2.414806e-02 -1.520119e-01 3.877534e-02 1.740166e-01 -3.113492e-01 4.470516e-02 4.163846e-01 -3.452046e-01 -2.114808e-01 4.852688e-02 4.516771e-02 5.776269e-02 3.667714e-02 3.716920e-01 -8.000366e-02 -1.685356e-01 1.794880e-02 -3.880551e-01 6.976199e-03 -1.427160e-01 7.345198e-02 4.518366e-01 -9.731366e-03 1.373190e-01 2.882423e-01 1.060484e-01 -9.194568e-02
-1.020750e-01 -2.472886e-01 -3.089709e-01 3.608907e-01 2.697473e-01 5.889450e-02 -1.623918e-01 -1.060843e-01 4.515419e-01 2.990537e-01 -1.641205e-01 -2.662584e-02 -7.288420e-02 -1.127734e-01 4.734861e-02 -1.751931e-01 4.575943e-01 -1.709846e-01 -1.739452e-01 -7.596743e-02 -1.050940e-01 -2.260264e-01 -2.133141e-01 9.373628e-02 -6.180288e-03 6.879982e-02 3.122652e-01 -3.424147e-01 5.596334e-02 -2.020244e-01 -9.515567e-02 -2.125812e-01
-2.304693e-01 -1.597466e-01 -1.258144e-01 -3.344629e-01 -2.856871e-02 -1.085239e-01 -9.813650e-02 5.032106e-01 3.636382e-01 3.457167e-01 8.223888e-03 3.123742e-01 -4.403397e-03 9.889504e-02 -2.404989e-01 -7.616548e-02 -3.920116e-01 3.964785e-02 -6.903841e-02 -5.765690e-02 -1.066402e-01 2.829495e-01 -3.867878e-01 -1.959630e-03 3.443395e-01 9.167971e-02 6.577304e-02 -5.682180e-01 1.151170e-01 -4.054299e-02 -7.666646e-02 -3.706997e-02
3.133844e-01 3.333946e-01 -7.982491e-02 2.902586e-01 -1.924118e-01 -2.452995e-01 -2.135403e-02 -1.241375e-01 -1.416857e-01 2.187476e-02 -3.038804e-02 -7.487363e-02 3.955346e-01 3.467438e-01 4.873653e-02 3.010017e-01 3.386403e-02 1.658688e-01 2.696626e-01 -2.056083e-02 4.163211e-02 2.621062e-02 -6.999821e-03 -4.204365e-01 -6.670944e-01 3.351802e-02 4.148437e-02 -1.051121e-01 2.057080e-01 -1.858471e-02 -1.315054e-01 -7.191213e-03
5.192456e-01 1.695310e-01 8.649461e-02 1.413825e-01 -3.881371e-01 2.605092e-01 -2.351273e-03 -3.569902e-01 -2.131087e-01 -2.884702e-01 1.562487e-01 -3.949856e-02 2.318926e-01 -6.513332e-02 -8.102608e-02 6.069881e-02 8.324058e-02 -1.062679e-01 6.969783e-02 1.970898e-01 2.918298e-01 -4.118478e-01 3.440309e-01 1.101220e-02 6.287806e-04 -5.078727e-02 -4.025083e-02 -3.273012e-02 1.787868e-01 -3.064763e-01 4.650947e-01 -1.002466e-02
1.040334e-01 5.423018e-01 -3.594148e-01 1.682836e-01 6.324236e-02 3.281880e-01 1.234992e-01 -5.319459e-02 -2.491465e-01 2.197040e-01 2.193313e-01 1.642174e-02 3.613384e-02 3.244540e-01 5.151545e-02 2.175628e-01 -2.678859e-01 -2.040784e-01 2.430048e-01 -2.159655e-01 -1.345495e-01 2.188009e-01 -1.520460e-01 1.162418e-02 1.143810e-01 7.908304e-02 3.090789e-01 -3.578553e-01 2.714764e-01 3.352399e-01 -3.187493e-01 2.618226e-01
1.824601e-01 -9.304477e-02 -7.595308e-02 3.409526e-01 1.676831e-01 6.409260e-01 -2.255308e-01 -9.840435e-02 1.968746e-01 -8.629980e-02 1.072486e-01 -5.629571e-02 -5.921657e-02 1.190897e-01 2.384632e-01 -1.067594e-01 4.496863e-01 1.342564e-01 -3.639776e-01 1.777105e-01 3.983619e-01 1.090152e-01 3.621464e-01 -8.049720e-02 -7.962997e-02 -4.004538e-02 1.621123e-01 1.983238e-01 6.562497e-02 1.120865e-01 -2.000207e-02 -1.494978e-01
6.601007e-02 1.553443e-01 -3.820383e-01 1.733298e-01 -7.659078e-02 1.088980e-01 -2.787545e-01 -5.100881e-02 1.162510e-01 -1.123464e-01 5.326872e-01 -1.558678e-01 1.709503e-01 -7.783180e-02 1.085545e-01 1.908523e-02 -7.508565e-02 -4.015539e-02 -2.799023e-03 3.695294e-02 8.909151e-02 -1.280495e-01 -3.091637e-02 -1.622103e-01 1.830944e-02 -2.877944e-01 -2.499899e-02 -2.147069e-01 -5.721175e-01 -4.243751e-02 -4.447734e-02 -1.344383e-01
4.520395e-01 2.147703e-01 -1.149373e-01 7.579923e-04 -2.886393e-01 -2.707145e-01 3.643370e-01 -5.044404e-02 -1.282963e-01 2.292007e-01 -2.524748e-02 -1.674134e-01 4.627118e-01 3.147852e-02 -8.623742e-02 -1.226469e-01 -4.927446e-01 5.829108e-02 1.230924e-01 -2.281241e-01 2.074780e-01 1.338380e-01 1.545008e-01 -1.259520e-01 -3.448458e-01 6.446022e-02 -9.252743e-02 1.737568e-01 -7.860721e-03 -1.537146e-01 -4.507082e-01 9.746909e-02
1.186501e-01 4.170283e-01 1.124356e-01 3.577434e-01 1.002904e-01 3.817424e-01 -2.025939e-01 3.632492e-01 -2.107449e-01 -1.052517e-01 1.726337e-01 -1.065166e-02 -8.027308e-03 3.141743e-01 -1.680504e-01 1.356292e-01 1.178811e-01 -2.529714e-01 -4.395166e-01 4.846440e-01 2.139753e-02 1.297840e-01 -1.469830e-01 9.604646e-03 -1.594084e-02 -2.421549e-02 -3.141895e-01 -1.434163e-01 2.872489e-01 2.243405e-02 -3.650571e-01 2.770863e-02
-2.899848e-01 -2.216521e-01 -1.304087e-01 -3.386987e-01 6.083382e-01 -1.864339e-01 9.813573e-03 1.391976e-01 1.755226e-01 2.959219e-01 -1.815766e-01 -9.433273e-02 1.775218e-02 1.693800e-01 2.047153e-02 1.283142e-01 3.327603e-02 -2.388831e-01 -6.011691e-03 -1.076067e-01 -4.369994e-01 5.769807e-01 -3.996708e-01 2.165267e-02 9.200618e-02 4.803199e-02 -1.495311e-02 3.536386e-02 -2.840523e-01 1.107186e-01 1.488440e-03 1.024969e-01
4.977728e-02 -4.047852e-02 -6.444789e-02 1.534331e-01 -1.387762e-01 -2.402404e-01 -3.183790e-01 -1.834053e-01 1.060152e-01 -2.028135e-02 2.300871e-01 -3.452836e-01 -3.098116e-01 1.938961e-01 5.320470e-01 -1.758720e-01 -2.142315e-01 1.460005e-01 -3.298635e-02 -1.040331e-01 -3.019442e-02 3.579860e-01 3.765080e-01 -2.020169e-01 -3.855534e-01 -2.383142e-01 -1.814663e-01 5.497542e-02 -2.648450e-01 4.178554e-01 2.347452e-01 1.216313e-01
-2.602214e-02 -2.147186e-02 4.211077e-01 -1.365502e-01 -1.842751e-01 1.687731e-01 7.756874e-04 -5.435246e-02 -1.246580e-01 -2.142463e-01 3.472985e-01 -1.146324e-01 2.098242e-01 2.717978e-01 3.630492e-01 1.350365e-01 2.079413e-02 5.061277e-02 -2.851830e-02 4.659814e-02 9.094762e-02 2.855151e-01 4.281325e-01 -7.959757e-02 -2.420040e-01 -5.584969e-02 -4.580338e-01 1.993657e-01 -1.847130e-01 2.580825e-01 3.123845e-01 8.747168e-03
-3.046950e-01 -2.843126e-01 -1.994575e-01 -8.232900e-02 4.751222e-01 1.743662e-01 2.107179e-02 1.057761e-01 2.544633e-01 2.813720e-01 -2.799015e-01 -1.600102e-01 7.855316e-02 1.413769e-01 1.132306e-01 -2.004317e-01 -5.391718e-01 2.980381e-01 -8.333629e-02 -2.163152e-02 -6.035394e-02 2.728951e-02 -3.505101e-02 2.513641e-01 1.205111e-02 1.195331e-01 -1.080931e-01 -2.619548e-01 2.939118e-03 -1.424193e-01 4.565889e-01 7.997081e-02
2.907758e-01 4.638852e-01 3.186851e-01 2.252995e-01 1.832213e-01 5.015446e-02 -1.720484e-02 -1.053794e-01 -4.468161e-02 -1.504495e-02 -1.428332e-02 3.838175e-02 2.873534e-01 -2.899930e-01 4.460385e-01 7.822957e-03 -3.473399e-01 3.122536e-01 3.324646e-02 9.411703e-02 -9.793329e-02 3.255336e-01 2.056709e-01 -5.560254e-02 3.863496e-01 -3.560373e-02 -2.050906e-01 -2.983944e-01 -1.453098e-01 -1.764541e-02 2.572578e-01 -3.180407e-01
1.345184e-01 2.770035e-01 -1.097460e-02 4.290360e-01 1.679474e-01 2.960542e-01 -1.912471e-02 1.696969e-01 -2.741970e-01 1.596595e-02 4.389468e-01 2.118104e-02 -8.888698e-02 2.317072e-01 -1.664245e-01 1.162471e-01 -5.908696e-02 7.400374e-03 7.880244e-02 -5.392081e-01 -3.574612e-01 -1.879723e-01 -3.066532e-01 -1.890927e-01 -3.012586e-01 1.170285e-01 -9.433442e-02 -1.815272e-01 1.665599e-01 8.702645e-02 1.143184e-01 -1.349512e-03
5.622061e-02 9.980971e-02 5.167683e-01 -3.911888e-01 4.173102e-01 -3.714640e-02 8.365712e-02 -1.343526e-01 8.636550e-02 -3.854559e-02 -9.995095e-02 3.788360e-02 1.220656e-01 2.810448e-01 -1.594451e-01 -3.052083e-01 2.435360e-02 1.406566e-01 -5.201237e-03 2.401132e-01 -2.189943e-02 8.477878e-03 1.109327e-01 -4.186305e-01 -3.865571e-01 -1.401622e-02 4.866062e-01 -2.807167e-01 9.760170e-03 1.399982e-01 -9.869301e-02 2.648548e-01
-1.622838e-01 -4.224054e-01 -1.367285e-01 1.982230e-01 -1.405526e-01 -1.224096e-01 4.831403e-01 2.235541e-01 8.021809e-02 6.430487e-02 6.370931e-02 6.061593e-02 2.304286e-01 -2.484339e-01 1.613382e-01 2.321617e-01 6.960504e-01 -5.994463e-02 2.391367e-01 2.577219e-01 2.024993e-02 -4.641552e-03 -2.200683e-02 3.604369e-01 3.779178e-02 -1.481944e-02 -1.035680e-01 2.426493e-02 6.578043e-04 -2.723725e-01 -1.374838e-01 -4.214533e-02
1.563958e-01 -2.726397e-01 -2.246195e-01 4.521336e-02 -7.162973e-03 -1.536059e-01 -3.815135e-01 -1.882096e-01 -5.290900e-02 3.914011e-03 3.886835e-01 -1.399887e-01 2.538117e-01 -6.270461e-02 -2.728646e-01 4.149490e-01 2.162104e-01 -2.132560e-01 6.682523e-02 -1.727388e-01 1.787632e-01 -3.754871e-01 -2.272083e-01 4.425207e-02 2.790219e-02 3.835417e-01 6.396817e-02 -3.681126e-01 -4.387818e-02 2.192780e-01 -2.125888e-01 -3.078419e-01
-3.495520e-01 3.874666e-01 1.218185e-01 1.451834e-01 -1.525870e-01 -4.664970e-02 -1.500985e-01 7.209008e-03 1.780742e-02 3.123394e-01 4.654112e-01 1.997074e-02 -2.464734e-01 -1.415907e-02 2.923704e-01 -1.575509e-02 8.660741e-02 -2.206298e-01 1.131265e-02 -1.823947e-01 1.241705e-02 2.392022e-01 1.582638e-01 1.508146e-01 2.867209e-01 8.680760e-02 4.630751e-01 7.587048e-02 2.665960e-02 7.299757e-02 8.998430e-02 -5.899957e-01
-2.956843e-01 4.297419e-01 5.534281e-02 1.029593e-01 2.361973e-01 -1.279638e-02 2.533545e-01 -5.104867e-02 2.157884e-01 2.037017e-01 4.270328e-01 -1.432780e-01 -2.644901e-01 5.620511e-02 2.231585e-01 -4.308015e-02 1.341555e-01 -7.345466e-02 -3.070672e-02 -2.162692e-01 -2.121881e-02 2.133611e-01 1.930519e-01 1.185947e-01 6.739376e-02 1.593413e-01 5.673790e-01 -7.569407e-02 8.935782e-03 -6.051575e-03 9.907424e-02 -6.139013e-01
5.054634e-01 2.446650e-02 1.808399e-01 1.022061e-02 5.029854e-01 -1.573311e-01 1.380971e-01 -1.945090e-01 -3.567741e-02 2.517272e-01 7.193495e-02 1.301818e-01 1.952548e-01 3.328126e-02 -3.065774e-01 -4.032277e-02 -7.466646e-02 -1.948170e-02 1.743968e-01 4.369109e-01 1.243946e-01 5.730177e-02 -1.265570e-02 -2.827239e-02 2.660092e-01 -3.756686e-01 4.575982e-01 5.707664e-02 5.985589e-02 -2.536821e-01 9.763590e-02 1.407429e-02
3.041590e-02 -8.448791e-02 7.467149e-02 1.453091e-01 3.841892e-01 4.071396e-01 1.570717e-02 -5.169699e-02 4.987555e-01 -1.475300e-01 3.781752e-01 -5.164164e-02 -9.312747e-02 -3.929421e-03 3.836858e-01 -2.878757e-02 1.269148e-01 -1.031960e-01 -5.009862e-01 9.879183e-02 2.013657e-01 2.754104e-01 4.368095e-01 -7.673671e-02 -3.111525e-02 -1.850612e-01 -2.799455e-01 1.012944e-02 -1.737053e-01 2.626877e-02 -2.076742e-01 -1.767420e-01
1.508359e-01 -5.735452e-02 1.144353e-02 7.893328e-03 -2.401015e-01 2.230669e-01 -2.142193e-01 3.834695e-01 -2.691199e-01 -9.447390e-02 -9.151447e-02 -4.658899e-02 4.525594e-01 -2.212243e-01 -2.790433e-01 -3.564431e-02 -3.676404e-01 1.698439e-01 -3.243535e-02 1.430185e-01 2.585853e-01 2.179365e-01 -1.823942e-01 1.158033e-01 6.170180e-02 1.526146e-01 -1.746424e-01 1.663825e-01 2.731094e-01 5.590752e-01 -3.373038e-02 3.366288e-02
9.459195e-02 3.557977e-01 -2.966043e-01 3.487079e-01 2.356210e-01 1.604830e-01 1.333293e-02 8.560021e-02 -2.453838e-01 4.908075e-02 9.206139e-02 2.159445e-02 -2.287339e-01 2.317798e-01 2.963721e-01 1.365365e-01 -4.227724e-02 8.770061e-02 3.638989e-01 -1.605385e-01 -1.791212e-03 1.491491e-02 -2.285769e-01 3.935336e-02 6.244838e-03 2.547915e-02 4.729221e-01 -1.842807e-01 1.536605e-01 4.068878e-02 -2.505414e-01 4.635549e-01
4.778786e-01 -8.894268e-02 1.256696e-01 3.280784e-02 5.237482e-01 -2.782035e-02 1.006777e-01 -4.682362e-02 1.091374e-01 -4.952581e-02 2.274642e-01 1.727428e-01 5.241463e-01 7.362238e-02 -1.051413e-01 -8.166303e-02 4.127395e-01 2.386332e-01 -8.331387e-02 -3.525856e-02 1.114372e-01 -1.159218e-01 1.339527e-01 -2.385799e-01 -7.064310e-02 -1.397725e-01 5.586265e-01 -1.378561e-01 -3.571709e-01 -1.206212e-01 -6.357676e-02 1.729455e-01
5.512376e-01 -1.402322e-01 -2.037388e-01 1.987689e-01 3.565485e-01 7.231568e-02 1.499948e-01 -1.677491e-01 -5.970172e-02 -1.792408e-01 -5.182905e-02 1.170397e-01 2.455284e-01 2.293963e-01 -3.241091e-01 -1.058525e-01 1.549083e-01 7.667477e-03 8.796167e-02 3.456130e-01 -5.910791e-03 -3.216515e-01 -8.020890e-02 2.514607e-02 3.868932e-01 -1.065600e-01 5.057372e-01 -1.052500e-01 4.044324e-02 -3.783344e-01 6.207617e-02 1.191589e-01
-3.718038e-02 -2.328725e-01 2.455018e-03 -3.513943e-01 -1.475931e-01 3.294409e-01 4.776454e-01 -2.587326e-01 -2.124212e-01 1.053533e-01 2.791195e-01 3.440629e-01 1.383503e-02 -8.113858e-02 -1.656744e-01 3.782996e-03 2.404045e-01 1.718086e-02 -2.657680e-01 -1.451190e-02 -9.691388e-02 1.339985e-01 3.173681e-01 -2.705564e-01 -1.522836e-02 2.540968e-02 -4.983658e-02 2.613400e-01 1.874815e-01 2.019266e-01 -6.375791e-01 -2.651064e-02
-1.152359e-01 -2.334194e-01 -4.519668e-02 -3.760337e-01 -2.135949e-01 -3.366256e-01 4.220917e-01 1.250615e-02 1.286131e-01 2.980863e-01 -7.406506e-02 -9.604394e-04 2.869338e-01 -2.939547e-01 1.179414e-01 -1.257141e-01 -2.902792e-01 -2.198387e-05 4.287582e-01 -5.218986e-01 -2.081331e-01 -2.436271e-01 -1.041563e-01 -1.210690e-02 1.619875e-02 8.502818e-02 1.707306e-01 -2.085204e-01 -1.402649e-01 1.593338e-02 1.367040e-01 -1.053525e-01
3.953062e-01 1.317205e-01 1.001456e-02 -4.734800e-02 -2.725982e-01 -7.512187e-02 2.910530e-01 -8.566728e-02 -4.024117e-02 2.947460e-01 2.504252e-02 -2.033301e-01 5.560414e-01 5.720990e-02 -5.918747e-02 -3.530155e-01 -2.883211e-01 -3.448236e-01 -8.370436e-02 -1.984169e-01 2.382394e-01 1.474225e-01 2.309900e-01 2.118471e-03 -2.399505e-01 1.793022e-01 2.744199e-01 -4.619759e-02 -3.352371e-02 -3.711962e-01 -3.376431e-01 6.120338e-02
-1.559233e-01 5.942358e-02 1.071157e-01 -1.425918e-01 -2.167197e-01 7.374787e-02 1.114031e-01 -3.020225e-01 3.413923e-01 3.111942e-01 -1.475930e-01 1.721450e-01 2.543251e-01 -8.206870e-02 4.707996e-01 2.383314e-01 2.792958e-02 4.643869e-02 6.281150e-02 1.919033e-01 1.332076e-02 1.756290e-01 -1.856840e-01 -3.405213e-01 1.651580e-01 1.409144e-01 2.527703e-01 -3.343119e-01 -2.347596e-01 2.624498e-01 -4.405180e-01 -8.908930e-02
-6.828353e-02 -2.444145e-01 5.885280e-01 -6.322101e-03 -3.062035e-01 -8.022967e-02 -3.969494e-02 -1.377583e-01 -3.756640e-03 2.678318e-02 -1.384571e-01 -1.651329e-02 -3.324749e-01 1.329114e-01 1.733360e-01 -4.953107e-02 -2.387993e-02 -1.164829e-01 1.257969e-01 1.938881e-02 -5.028009e-02 -3.310592e-01 -1.502418e-02 5.561200e-02 -2.027747e-01 -3.654346e-01 -3.406548e-01 1.325976e-01 -1.536889e-01 -4.005564e-01 3.927993e-01 -4.354364e-02
1.308330e-01 1.623459e-01 2.302250e-01 4.278314e-01 2.123374e-01 4.685446e-01 -3.480172e-01 -2.003468e-01 -1.074630e-01 -1.698341e-01 1.989557e-01 1.088999e-01 5.759451e-02 2.383115e-01 -1.480187e-01 9.251865e-02 3.372598e-01 4.652750e-02 -3.677846e-01 5.588376e-01 -2.962451e-02 2.069254e-01 -8.536042e-03 -1.198396e-01 -5.997662e-04 -2.473905e-01 -1.788080e-01 2.251772e-01 1.589398e-01 -1.485000e-01 -4.020888e-03 1.930407e-01
-1.009616e-01 1.024127e-01 1.292709e-01 2.761290e-01 -1.274482e-01 -8.312138e-02 1.943365e-01 -2.219591e-01 -1.088924e-01 3.905587e-01 -2.116372e-01 3.533797e-01 -1.483123e-01 -3.068669e-01 -1.266028e-01 1.774685e-01 -8.449969e-02 -2.963424e-01 2.908740e-01 -6.269339e-02 -2.879797e-01 -2.010920e-01 -4.470138e-02 1.367625e-01 -2.172554e-01 2.612841e-01 -4.167095e-01 -5.378013e-02 1.591304e-01 -2.430082e-02 -2.446065e-02 2.583740e-01
-3.909743e-02 -2.462570e-01 5.075347e-01 -3.621431e-01 -2.677810e-01 -2.819153e-01 -7.382618e-02 -3.266913e-02 2.712222e-01 -1.381387e-01 -1.714169e-01 -1.343617e-01 1.211921e-01 -2.054275e-01 2.397586e-01 -1.701111e-01 1.561698e-01 -2.306538e-01 -1.974376e-01 2.242981e-01 9.023491e-03 6.156167e-03 2.282043e-01 -1.458910e-02 -6.320226e-02 -1.994533e-02 -5.579857e-01 4.074762e-02 -1.446416e-01 1.043672e-01 4.665373e-01 -3.381868e-01
-8.503921e-02 1.488477e-04 2.805476e-01 -7.276712e-02 -1.836836e-01 2.650718e-01 3.534320e-01 -1.012726e-02 -3.919484e-02 1.389067e-01 -2.990665e-01 -9.011836e-02 1.082486e-01 -3.105294e-01 4.503127e-01 1.499617e-01 2.312962e-01 3.546919e-01 7.554266e-02 2.717446e-01 1.121425e-02 6.119280e-02 2.110974e-01 5.783635e-02 1.929081e-01 -4.392345e-02 -4.232684e-01 7.835843e-02 8.776885e-02 -5.199448e-01 3.276977e-02 4.837403e-03
-5.015013e-02 -3.389557e-01 2.524200e-01 -3.575180e-01 -6.404436e-02 -1.919560e-01 -1.988104e-01 4.883032e-02 3.993813e-01 -1.303076e-02 -2.627989e-01 1.981106e-01 1.146665e-01 -2.938036e-01 6.837374e-02 -1.245684e-01 5.464397e-02 1.841043e-02 -4.438390e-01 4.488049e-01 5.710344e-02 -1.006028e-01 2.101305e-02 5.413247e-04 3.892142e-02 -2.257445e-02 -3.309320e-01 7.340381e-02 -3.084575e-01 -2.755865e-01 2.396859e-01 -2.110143e-01
9.861543e-02 1.173668e-01 2.371309e-01 -1.468848e-01 -1.873434e-01 1.645987e-01 -2.919192e-01 -2.321912e-02 -2.032194e-01 -7.755432e-02 5.173002e-01 -3.351752e-02 2.735102e-01 -1.351116e-01 5.678304e-02 -2.069198e-01 1.138977e-01 7.716673e-02 5.601826e-02 -7.962526e-02 1.443514e-01 -1.055862e-01 -2.416707e-01 9.022570e-03 -1.405596e-01 2.694968e-01 -4.769561e-02 -6.999361e-02 -1.810836e-01 4.618864e-01 4.767505e-01 3.694076e-01
-1.027332e-01 1.547369e-01 -3.446521e-01 4.055246e-01 5.762242e-03 -1.094807e-03 -1.408862e-02 -2.053242e-01 -3.889480e-02 3.807922e-01 2.754978e-01 2.410406e-01 -1.162866e-01 -2.752144e-01 -1.731623e-01 1.760068e-01 -4.089670e-01 -3.656067e-01 -8.454628e-02 5.794747e-02 2.224622e-01 -1.199989e-01 -5.891725e-02 -4.884429e-02 -9.645551e-03 1.078009e-01 -6.396928e-01 -2.287472e-01 2.822122e-02 4.353592e-03 -3.792191e-02 -5.509263e-02
1.911288e-01 2.881574e-01 2.104171e-02 4.254421e-01 2.351996e-01 4.115183e-01 3.740750e-02 1.617829e-03 -2.780079e-01 3.177443e-02 1.805777e-01 1.774214e-01 1.376577e-01 3.023058e-01 -2.070014e-01 3.061286e-01 -2.135270e-01 -5.723706e-02 -4.122023e-03 -1.027878e-01 -4.330945e-02 1.330509e-01 -9.822008e-02 7.406948e-02 -6.687114e-01 -1.120526e-01 -2.171448e-01 -2.172069e-01 7.431473e-02 3.119315e-01 -4.074092e-01 -1.326377e-01
1.256596e-01 3.338913e-02 -1.593802e-01 2.380233e-02 -2.850003e-01 -1.659213e-01 1.660729e-01 -9.444570e-02 6.567863e-02 5.410056e-01 1.384166e-01 -3.515060e-01 2.608038e-01 1.687526e-01 1.841856e-01 -7.875494e-02 -1.028600e-01 -1.349870e-01 -1.723933e-01 9.301960e-03 1.163083e-01 -8.374581e-03 4.366413e-02 -1.228193e-02 3.348567e-02 -9.968447e-02 -6.172889e-02 -1.610554e-02 -4.602422e-01 -7.471123e-01 3.684803e-02 1.102686e-01
3.424080e-02 3.101220e-01 8.943819e-03 2.575237e-01 -1.158342e-01 -1.911918e-01 2.199196e-01 3.529685e-02 -2.209592e-01 -3.569841e-02 -3.095322e-02 -2.650729e-01 6.127217e-01 -2.723090e-01 -1.810184e-01 -2.463675e-01 -4.964254e-01 1.148054e-02 -4.977987e-01 2.344706e-01 -4.122242e-01 -2.065372e-01 -3.553863e-02 6.271135e-02 -5.229706e-02 1.508632e-02 1.994238e-01 5.142007e-04 1.981352e-02 2.033424e-01 3.007159e-01 6.417988e-02
4.325427e-01 3.602158e-01 -1.597473e-01 -3.578436e-01 -1.504705e-01 -3.834883e-02 -1.603592e-01 1.882562e-02 -8.586313e-02 -1.844904e-01 2.047929e-01 -2.380845e-01 2.821164e-01 6.994916e-02 -2.276876e-01 -7.950889e-02 -3.322764e-01 2.888440e-01 3.026569e-01 -2.179378e-02 -1.759559e-01 -1.224919e-02 2.232068e-02 2.118207e-01 -1.010528e-01 -3.055944e-02 -4.174886e-02 -4.113229e-01 5.037408e-01 -1.142070e-01 -4.923420e-02 -3.105970e-01
-2.151646e-02 1.118942e-01 4.192871e-01 -2.078473e-01 -7.591290e-02 1.125138e-01 2.784182e-01 1.711277e-01 -2.122476e-01 -3.468971e-01 3.163681e-01 -1.096866e-01 1.919486e-01 2.496994e-01 1.231632e-01 2.697729e-01 4.624942e-02 5.513341e-02 9.126213e-02 8.710086e-02 2.993777e-01 3.875833e-01 2.631108e-01 -5.402039e-02 -1.613917e-01 -1.466720e-01 -3.460073e-01 4.008113e-01 -1.127662e-01 3.157856e-01 2.356804e-01 6.491417e-02
1.084901e-03 4.143839e-02 -5.524358e-02 3.737472e-04 2.793792e-01 1.074520e-02 -4.910547e-02 -2.370650e-01 7.987063e-02 -1.168662e-01 2.102416e-01 3.573243e-01 1.091882e-01 4.218677e-01 -3.109671e-01 -2.573102e-01 -3.479395e-02 3.373543e-02 1.016737e-01 1.106405e-02 7.540145e-02 -1.206976e-01 -4.100551e-02 -1.146456e-01 -2.649553e-02 1.386026e-01 -1.833914e-01 -2.409999e-01 -2.883544e-02 6.209341e-01 -4.368043e-02 -1.693363e-01
3.859207e-01 3.815948e-02 -7.254988e-02 -3.039120e-01 3.306316e-01 6.011229e-02 -1.216784e-01 -2.032255e-03 3.309290e-01 -4.689160e-02 -8.627385e-02 -6.097456e-02 1.278659e-01 1.802030e-01 -1.507309e-01 4.717526e-01 -1.424171e-02 -4.388401e-02 -5.061595e-03 6.830107e-02 3.144631e-01 1.850281e-01 7.785051e-02 5.876746e-01 1.775956e-01 -2.996697e-01 -8.645702e-02 2.776942e-01 -2.041638e-02 1.343794e-01 -2.485433e-01 -8.316702e-02
-1.493643e-01 3.677081e-02 5.262221e-01 -1.864894e-01 -1.931454e-01 7.797869e-02 3.760749e-01 7.949566e-02 -7.069542e-02 1.209842e-01 1.098171e-01 7.051039e-02 -5.943616e-02 2.609296e-01 4.814949e-01 -2.287835e-01 -6.584846e-01 -3.495478e-02 3.950909e-02 -1.028760e-01 5.972124e-01 -1.397145e-01 4.450015e-02 -1.617954e-02 -2.329048e-01 2.316726e-01 1.475047e-01 -1.555129e-02 -7.975367e-02 2.575146e-02 -1.032293e-01 -9.896688e-02
-1.409693e-01 2.770407e-02 -2.697852e-01 1.153600e-01 4.133313e-01 8.533567e-02 -1.311597e-01 -2.736973e-01 1.868818e-01 -1.007880e-01 4.916189e-01 7.675056e-02 4.742955e-02 2.954391e-01 -1.798762e-01 -2.760806e-01 -4.142820e-01 -5.581689e-02 -1.294245e-01 -9.664127e-02 2.413944e-01 -3.604705e-02 -4.408383e-01 2.077227e-01 3.487743e-01 -1.046334e-01 -1.404587e-01 -1.412921e-01 1.063726e-01 3.365911e-01 -1.095195e-01 -3.847141e-02
-9.453258e-02 -7.874802e-03 3.241203e-02 5.769524e-02 -1.195054e-01 3.242819e-01 4.215922e-01 3.919673e-01 -6.816206e-03 1.971196e-01 -9.882417e-02 3.205470e-01 -2.985620e-01 -1.168996e-01 -9.082368e-02 -3.508380e-01 4.735137e-02 6.139209e-02 3.416588e-01 -1.092111e-01 -1.439873e-01 5.434954e-01 1.041447e-01 -3.878872e-02 4.970973e-01 -2.211088e-01 -2.589261e-02 1.052976e-01 -8.619393e-03 -2.018314e-01 -3.554232e-02 1.533921e-01
1.414673e-01 -7.974245e-02 -1.722494e-01 1.189232e-01 2.409891e-01 2.166694e-01 -3.192260e-01 1.247143e-01 1.894058e-01 -2.763660e-01 2.454480e-01 -2.760773e-01 2.869989e-01 5.976276e-02 4.216226e-02 -2.616574e-01 -4.068134e-03 -3.588432e-02 -5.096918e-03 1.934448e-02 -1.623480e-01 -2.720859e-01 -1.142356e-01 5.495448e-02 -9.378569e-03 -4.899591e-01 -2.088568e-02 -4.516729e-02 -2.391462e-01 3.224622e-01 -5.010308e-01 -1.579857e-01
-1.867061e-01 -3.414660e-01 -3.295741e-01 -2.377125e-01 -1.769030e-01 -5.064475e-02 -4.716731e-02 3.294119e-01 2.929788e-02 -1.120726e-01 -1.837307e-03 -2.934827e-02 -3.338574e-01 3.396702e-01 -1.468894e-01 7.883590e-04 2.442591e-01 -1.969632e-01 3.405023e-02 -7.980380e-02 1.377861e-01 -3.646716e-01 -2.053007e-01 4.835274e-03 -3.455952e-01 -1.348321e-01 3.441648e-01 1.473178e-01 1.238729e-01 8.528132e-03 -3.941037e-01 2.694156e-01
5.763479e-01 4.057947e-01 -1.186243e-01 2.062717e-01 -1.724741e-01 -1.748847e-01 5.491751e-02 3.675683e-03 1.943465e-01 1.863302e-02 -9.387456e-02 8.073441e-02 3.485450e-01 1.981737e-01 1.423076e-01 1.844716e-01 -6.153699e-03 -1.899381e-02 5.101575e-01 8.569868e-03 -6.553811e-02 3.683725e-04 -3.320358e-02 -5.120814e-01 -2.154606e-01 -5.489652e-02 2.789403e-01 -4.312594e-01 2.132649e-01 -2.965403e-02 2.658239e-02 4.499948e-03
-1.160354e-01 -3.024322e-01 2.145805e-01 -3.651848e-01 3.719693e-01 5.020048e-02 2.771083e-01 2.601666e-01 5.399574e-03 1.981506e-01 4.037192e-01 2.091860e-01 -2.348287e-01 -1.521656e-01 4.314442e-02 2.435942e-01 1.140027e-01 9.089150e-02 -2.575599e-01 1.076376e-01 -2.484973e-01 -3.270533e-02 3.530123e-01 -1.738764e-01 -6.366420e-02 3.327481e-02 1.418291e-01 3.596081e-01 5.561568e-01 1.633240e-01 -3.735195e-01 -7.078098e-02
1.886666e-02 4.578638e-01 -2.165879e-01 -3.388560e-01 2.055601e-01 4.241550e-02 1.782836e-01 3.786091e-01 3.656496e-01 -2.431739e-01 7.004216e-02 1.631264e-01 -2.942303e-02 -7.518461e-02 -2.739379e-01 -2.222616e-02 2.557589e-02 -3.436888e-02 -3.672240e-02 -2.376506e-01 2.991935e-01 6.323712e-01 -3.484681e-02 -2.657359e-01 8.124562e-02 -2.779027e-02 2.835398e-01 4.279088e-02 5.099576e-02 2.190070e-01 -2.623472e-01 2.403576e-01
-1.857779e-01 -1.740690e-01 4.957403e-01 -5.551802e-02 -2.324944e-01 4.114492e-02 -4.797429e-05 -3.838307e-02 -2.940600e-01 -2.142087e-01 1.316433e-01 -1.785481e-01 1.005812e-01 2.586797e-01 4.549963e-01 3.659932e-02 -1.912547e-02 1.207299e-01 -1.718150e-01 4.082210e-03 1.661665e-02 3.523788e-01 1.582688e-01 -1.485466e-02 -1.296708e-01 -1.334815e-01 -1.653612e-01 3.958702e-01 1.322622e-02 5.372515e-01 2.681128e-01 3.464670e-01
1.165135e-01 2.996891e-01 -1.721390e-02 -1.382965e-01 2.023086e-01 1.019453e-01 -7.160152e-02 -1.031740e-01 5.865818e-02 1.451858e-01 -7.700372e-02 1.394968e-01 2.927393e-02 6.211058e-01 8.058448e-02 -5.026904e-02 -2.023513e-01 -1.413400e-01 1.449987e-03 2.825874e-01 1.999300e-01 -4.565982e-02 8.715188e-02 3.834589e-01 1.132679e-01 -1.257321e-01 2.534974e-01 1.851258e-01 -9.877010e-02 2.335239e-01 -3.595478e-01 -3.542919e-02
1.559756e-01 -1.151017e-02 1.230853e-01 -1.866587e-01 4.696438e-01 -3.337885e-01 -8.777639e-02 -5.417287e-02 7.200015e-02 -1.104852e-02 5.282102e-02 -9.795247e-02 4.007283e-01 1.277101e-01 1.399216e-01 3.664770e-01 2.039425e-01 -5.433979e-02 -1.435206e-02 5.929140e-02 -1.817863e-01 -2.094504e-01 7.040683e-02 -1.338577e-01 -1.759637e-02 -8.851483e-02 1.792417e-02 -1.569739e-01 -4.533308e-01 -3.130972e-01 -4.510739e-01 1.190935e-01
2.679447e-01 5.490369e-02 -1.686959e-02 -3.486663e-03 3.673354e-01 1.812900e-01 1.810276e-01 3.842982e-01 4.129094e-01 3.167734e-01 -4.630459e-02 9.539295e-03 3.264495e-01 -1.966847e-02 -4.551353e-02 -2.213893e-01 -2.276783e-01 -3.427978e-01 -1.572237e-01 -1.267740e-01 -4.548220e-02 1.908741e-01 -3.366488e-03 1.029405e-01 2.831807e-01 -4.484209e-01 4.010222e-01 7.426065e-02 7.403576e-02 -1.258201e-01 -1.793683e-01 -2.033886e-01
2.908224e-01 3.282890e-01 1.711414e-01 1.715525e-01 -2.760202e-01 1.011481e-01 3.553678e-02 -3.424592e-01 -2.997014e-01 -1.764300e-01 8.119895e-02 -1.686908e-01 2.212294e-02 -1.579790e-01 4.722823e-01 1.239616e-01 -5.463346e-02 1.130284e-01 -2.347368e-01 2.933810e-01 3.970197e-01 -3.805780e-01 1.899552e-01 -3.927740e-01 -8.316817e-03 -3.979485e-02 6.403813e-03 -9.628202e-03 3.191223e-01 -1.773295e-01 3.018495e-01 2.242328e-02
-3.106666e-01 -6.584790e-02 -2.403765e-02 3.181199e-01 2.060494e-01 -4.918787e-02 3.951757e-01 1.294548e-02 5.364053e-01 2.849079e-02 -1.870015e-01 -1.659212e-01 -2.058638e-01 4.425392e-02 -3.628135e-02 2.993807e-01 -5.784770e-03 5.474130e-02 -9.464091e-02 -1.355322e-01 -2.378389e-01 9.900521e-03 3.177051e-01 1.528482e-02 1.718276e-01 -8.516788e-02 1.525325e-01 9.363388e-02 2.800971e-01 -5.480850e-01 -1.363197e-01 -5.102964e-01
9.018053e-02 1.575080e-01 -3.606864e-01 -8.049682e-03 3.076831e-01 -1.592136e-01 1.809004e-01 3.501283e-01 6.396861e-02 7.513434e-02 1.034960e-01 6.686345e-02 2.914594e-01 -1.656624e-02 2.603505e-02 2.378864e-02 5.922919e-03 2.694045e-02 -1.745876e-01 6.204803e-03 -1.886667e-02 5.300388e-01 1.136603e-02 -1.027728e-01 1.290353e-01 3.598848e-01 1.791188e-01 -1.554030e-01 2.412573e-01 1.357117e-01 -2.209204e-01 3.029805e-02
-2.600742e-01 -3.803876e-02 2.293127e-02 -3.319104e-01 2.270250e-02 -1.268599e-01 1.918310e-01 -7.357948e-02 3.343755e-01 8.249442e-02 -5.013029e-02 -7.173686e-02 -1.135460e-01 3.463925e-01 4.588875e-01 1.098884e-01 3.181366e-01 -5.788975e-01 1.497643e-01 -1.522716e-01 -1.770806e-01 -1.376209e-02 1.420541e-01 -3.388684e-02 -3.096833e-02 -7.473014e-02 -2.011266e-02 -2.719639e-01 -1.978953e-01 -2.493202e-01 -1.373948e-01 -1.594188e-01
-1.487132e-01 -1.284649e-01 -1.621342e-01 4.456872e-01 1.743367e-02 1.164793e-01 1.301112e-01 -1.666833e-01 -1.292883e-01 -2.961868e-01 -1.723923e-01 4.209259e-01 -6.152055e-02 2.517576e-01 3.059314e-01 -6.851919e-02 4.391645e-01 -3.128556e-01 1.275724e-01 4.192684e-01 -1.048507e-02 -2.332962e-02 -3.021877e-01 4.900775e-01 7.907983e-03 -6.370302e-03 1.915277e-02 1.501665e-01 -4.436893e-03 -2.042947e-01 -1.520696e-01 -3.670781e-02
-2.963300e-01 -2.089055e-01 -1.379593e-01 -2.861574e-01 -1.091788e-01 -3.535463e-01 5.506193e-02 4.565352e-01 3.773201e-01 3.137811e-01 -1.430171e-02 1.001833e-01 -3.580882e-02 1.595435e-01 -5.162678e-02 -2.176310e-02 -3.468884e-01 1.080533e-01 -8.236222e-02 -3.820419e-02 -8.948872e-02 5.772756e-02 -2.540595e-01 -1.084687e-01 4.055712e-01 1.776891e-01 1.097086e-01 -5.348460e-01 1.240089e-01 -1.538529e-01 -2.348356e-01 1.376089e-01
-1.096221e-02 2.767738e-01 -8.225147e-02 2.189607e-01 -1.595045e-01 -6.385039e-02 1.375156e-01 8.826425e-02 -3.008670e-01 -3.955213e-02 -2.250335e-01 -2.757676e-01 6.114647e-01 -2.635794e-01 -1.229507e-01 -2.872702e-01 -3.504661e-01 -1.114316e-01 -5.757985e-01 2.219479e-01 -3.878515e-01 -3.085240e-01 -4.000028e-02 1.242422e-01 1.655086e-02 5.351310e-02 1.202247e-01 -3.085829e-02 1.281026e-02 2.952389e-01 2.314752e-01 3.646778e-02
4.129682e-01 5.274507e-02 5.032811e-01 2.380528e-01 -2.612893e-01 -9.907829e-02 -3.700764e-01 -1.014690e-01 -5.890764e-04 -1.246069e-01 -5.366057e-03 1.062580e-01 1.695438e-02 -2.978716e-01 -2.172504e-02 3.704513e-02 -2.646680e-02 4.983745e-02 3.975885e-01 1.317631e-01 5.632487e-02 -2.265907e-02 4.153407e-01 1.638936e-02 -3.087274e-01 -6.136227e-02 2.262753e-01 -2.951057e-02 -4.377430e-03 -3.078464e-01 -1.183158e-01 -4.512544e-01
2.945968e-01 5.257965e-02 6.898492e-01 5.539125e-02 2.802905e-01 -2.343493e-02 2.052666e-01 -7.884949e-03 4.920395e-02 -1.660096e-03 1.351733e-03 1.047643e-01 -1.080007e-01 2.748232e-01 3.231856e-01 -1.316052e-02 9.732390e-03 -1.664765e-01 2.075985e-01 8.205252e-03 1.207052e-01 2.979923e-02 -1.809954e-02 -1.042614e-01 -1.166296e-01 -3.781560e-01 -4.892493e-01 1.843226e-01 -1.423957e-01 -3.894413e-01 2.949982e-01 -2.470969e-01
1.486607e-01 3.273667e-01 4.498934e-01 -6.208737e-02 6.301768e-02 -2.004618e-01 9.514202e-02 1.708919e-01 -1.068969e-01 4.883785e-02 -3.846014e-01 -1.175198e-02 -9.232070e-02 -1.489946e-01 -2.151972e-02 1.720531e-01 1.615331e-01 1.446059e-01 4.770566e-03 2.253976e-01 -1.169577e-01 3.642706e-02 5.781012e-01 -8.341129e-02 -7.533203e-02 -6.133698e-02 7.019621e-02 1.949408e-02 -4.806010e-01 -1.140908e-01 5.287470e-02 1.432926e-01
2.618228e-01 -2.550653e-01 1.610768e-01 2.371742e-01 -1.036250e-01 -8.815920e-02 -1.936948e-01 1.539907e-01 -1.647395e-01 -1.816136e-01 -4.572837e-02 3.735298e-01 -1.539956e-01 2.520719e-01 4.523542e-01 -5.282805e-02 -1.301421e-01 1.257611e-01 2.255537e-01 1.090351e-01 -1.135879e-01 -4.132586e-01 2.352121e-02 3.966471e-01 -5.278428e-02 6.660679e-02 -3.878582e-02 -1.252819e-01 -6.935629e-02 5.577134e-03 5.603282e-01 -1.834999e-01
-4.860171e-02 1.053406e-01 -1.728801e-01 4.215336e-01 -2.941346e-01 1.017442e-01 -2.834050e-01 -3.006006e-01 -3.453965e-01 -2.800891e-01 -2.335205e-01 5.913565e-02 2.335264e-01 1.862391e-01 2.639735e-01 -1.606609e-01 -1.736966e-01 6.269212e-02 2.846289e-01 1.037746e-01 2.468317e-02 -2.747377e-01 -2.054004e-01 4.068720e-01 7.258553e-02 7.139815e-02 -9.440542e-02 -1.498047e-01 -4.917092e-01 -4.313503e-02 4.625377e-01 -4.690755e-02
1.473376e-01 -1.565181e-01 -5.313501e-02 -7.732876e-02 1.213655e-02 -5.697913e-02 -3.082830e-01 3.151053e-01 1.831432e-01 -1.996632e-01 1.855368e-01 2.101226e-01 -2.272841e-01 -1.040452e-02 5.493114e-01 -4.173526e-01 -4.320934e-02 9.097625e-02 -2.474982e-01 -3.998812e-01 -2.367082e-01 -3.981812e-02 2.588101e-02 6.975529e-02 2.744355e-01 2.372717e-02 2.497579e-01 1.008831e-01 -3.106263e-01 4.002397e-01 1.138300e-01 3.419088e-01
-1.852355e-02 -1.402073e-01 2.627599e-01 -2.611830e-01 2.548954e-02 -1.051548e-01 1.851489e-01 -2.830317e-01 -4.889531e-02 1.543954e-02 -3.704983e-01 5.175911e-01 3.832142e-02 -1.206980e-01 -2.171427e-01 -2.356850e-03 -9.652630e-02 -3.382942e-01 7.432338e-02 9.348680e-03 -3.477150e-01 -1.182290e-01 6.444532e-02 3.414891e-01 -3.450058e-01 7.960074e-03 -4.082752e-01 -2.219652e-02 1.669357e-01 -1.127340e-01 7.757863e-02 4.464873e-02
2.434849e-01 -7.824405e-02 1.532555e-02 -4.704139e-02 1.635215e-01 -1.142318e-01 -3.761996e-01 -3.498634e-01 2.630934e-02 -1.899744e-01 2.912813e-01 -2.361068e-01 2.515425e-01 3.064438e-01 1.409373e-01 4.409703e-01 -1.554968e-01 -1.079887e-01 -4.675029e-01 9.736796e-02 1.543466e-01 -5.597104e-01 -1.173790e-01 -8.468844e-03 -1.812716e-01 -6.012811e-02 6.939732e-02 -2.507760e-01 -3.162516e-02 1.365483e-01 -1.588974e-01 -2.126437e-01
1.489145e-01 8.037111e-02 9.351184e-02 1.285939e-01 2.169702e-01 6.083690e-01 -1.265471e-01 -2.185311e-02 3.022972e-01 -1.659609e-01 3.754829e-01 -4.041775e-02 -1.114625e-01 1.398820e-01 2.973303e-01 -2.156535e-02 1.963414e-01 -7.387079e-02 -4.784616e-01 1.570482e-01 3.107690e-01 1.437861e-01 3.249391e-01 1.316111e-02 -2.474775e-02 -1.072432e-01 -2.879174e-01 1.645174e-02 -1.113282e-01 -4.717674e-02 -4.323400e-01 -1.076552e-01
-1.546598e-02 8.652240e-03 2.289856e-01 -3.892360e-02 -3.808098e-02 -6.518114e-03 -1.524303e-01 6.558378e-01 -4.211270e-02 -2.182015e-01 -4.231512e-01 1.108982e-01 2.611362e-01 9.452704e-03 7.966570e-02 1.370877e-01 -1.019960e-01 -1.886270e-01 1.210228e-01 2.625323e-01 5.111442e-01 -3.963280e-01 -8.758436e-03 1.864591e-01 8.086872e-02 -2.218797e-01 1.818263e-02 -1.328130e-01 1.582835e-01 3.086451e-01 -1.473137e-02 -1.753817e-02
-1.600550e-01 2.638287e-01 -2.608244e-02 -1.930754e-02 -3.099737e-01 -3.349855e-02 1.406989e-01 -3.267775e-01 -2.069751e-02 3.524188e-01 7.524793e-02 3.642845e-01 -2.876931e-01 -1.822191e-01 5.137410e-02 3.749346e-01 -8.640124e-03 -7.151512e-02 1.520920e-02 -1.328674e-02 3.164147e-01 2.409639e-01 1.513396e-01 -2.737689e-01 -4.459783e-03 3.575784e-01 6.190041e-02 -2.417640e-01 -6.717886e-02 -3.297176e-01 4.955086e-01 2.424535e-01
-1.591531e-01 -2.172600e-01 3.528344e-01 -3.531390e-01 -3.776038e-02 -1.459605e-02 4.091404e-03 7.295058e-02 -7.185063e-02 -1.419459e-01 -2.138914e-01 1.214515e-01 6.029550e-01 -1.279652e-01 -8.673185e-02 3.216872e-02 -1.559767e-01 -1.246430e-01 -2.585383e-01 2.870536e-01 1.717724e-02 1.277526e-02 6.741306e-02 4.316870e-03 2.711641e-01 -3.466767e-01 -5.219824e-01 -1.442467e-01 -3.034740e-02 -8.727750e-02 1.669656e-01 -3.690918e-02
2.045014e-01 3.030118e-01 3.347589e-01 4.864861e-01 3.229243e-01 1.312441e-02 1.086306e-01 -1.387264e-01 5.146081e-02 1.533609e-02 1.099374e-01 9.228753e-02 2.975262e-01 2.780717e-03 4.177957e-01 -8.712231e-02 -2.488053e-01 6.911651e-02 8.995526e-03 -2.748038e-01 -5.435222e-02 4.012441e-01 6.049796e-02 -4.116133e-01 3.157260e-01 7.623616e-02 -2.075331e-01 -3.434545e-01 -2.120195e-01 -5.123772e-02 2.148496e-01 -2.125995e-01
-2.647779e-01 2.327567e-01 5.607383e-01 -1.770402e-01 -1.606662e-01 -8.690736e-02 1.354965e-01 2.785091e-03 -2.875023e-01 -2.242519e-01 1.289040e-01 8.707008e-02 1.516131e-01 2.003567e-01 1.828537e-01 -9.873909e-03 -2.438962e-01 1.068278e-01 6.170438e-02 6.684878e-02 1.799149e-01 2.097398e-01 3.186836e-01 -2.863529e-02 -1.524144e-01 -6.818101e-03 -3.977746e-01 3.189125e-01 -2.942124e-01 3.020990e-01 1.446298e-01 1.428819e-01
2.258316e-01 -2.280444e-02 -1.327329e-01 3.086295e-01 3.472861e-01 -3.620788e-02 -2.754796e-01 6.140817e-02 3.946277e-01 3.711005e-01 -1.572178e-01 8.984344e-02 -1.733564e-01 -1.724820e-01 -1.518639e-01 -1.002631e-01 2.405248e-01 -8.995806e-02 -3.863709e-02 -3.991456e-02 -1.631281e-01 -3.086922e-01 -2.756646e-01 5.559256e-02 -7.154867e-02 1.593034e-01 3.839575e-01 -4.334923e-01 1.630778e-01 -3.145199e-01 -1.728614e-01 -2.285183e-01
3.959990e-01 -1.012383e-01 1.528683e-01 -8.709841e-02 4.912149e-01 -1.910259e-01 6.613293e-02 -1.401904e-01 1.043627e-01 -7.094245e-02 1.531538e-01 1.340949e-01 5.086038e-01 1.345642e-01 -3.511196e-02 -4.752336e-02 2.413426e-01 2.780632e-01 -1.052496e-01 4.848055e-02 -1.847686e-02 -3.680289e-01 1.800760e-01 -2.291752e-01 -4.254751e-02 -9.609719e-02 2.869253e-01 -7.313804e-02 -4.397295e-01 -2.515955e-01 -2.087317e-01 2.619002e-01
2.605467e-01 1.752963e-01 1.964838e-02 5.306607e-01 2.805569e-02 2.963538e-01 8.038187e-02 -1.628048e-01 -2.524482e-01 -3.686221e-01 1.203658e-01 -2.330115e-01 -9.159160e-02 -2.371849e-01 -1.054636e-01 -1.723991e-01 1.605345e-01 -1.012553e-02 1.259985e-02 4.700944e-01 1.221399e-01 -1.486290e-02 3.926632e-01 -3.671172e-02 -4.055071e-01 -8.756325e-02 -4.451399e-02 3.295679e-01 -2.087357e-01 3.209547e-01 1.707356e-01 -1.175464e-01
1.757367e-01 3.335001e-01 -3.221675e-02 -2.432554e-01 5.412911e-02 -1.870905e-01 3.694375e-02 -2.359017e-01 -4.428881e-01 -6.385648e-02 -5.208072e-02 2.391254e-01 8.475626e-02 1.540253e-02 5.313100e-01 -6.138234e-02 -9.724509e-02 8.231916e-03 -1.446428e-01 -1.598593e-01 2.734827e-01 -3.236815e-01 1.498678e-01 1.700392e-01 -3.600411e-01 2.332958e-02 -1.048392e-01 7.759893e-02 7.611478e-02 -5.499798e-01 -1.667341e-01 -1.481223e-01
-8.808917e-02 1.929615e-02 2.731957e-01 3.665959e-01 3.042612e-01 3.179284e-01 2.395199e-01 -1.484288e-01 -6.115881e-02 -4.928872e-02 1.394482e-01 -2.598576e-01 -1.149527e-01 -2.337622e-01 2.723624e-01 -1.683060e-01 2.116917e-01 1.558189e-01 -4.278940e-02 3.597368e-02 1.169230e-02 -6.819536e-02 -6.065781e-02 5.755155e-01 9.422506e-02 1.504615e-01 -2.631896e-01 -1.894696e-01 -1.594070e-02 2.851414e-02 -3.940585e-02 3.744640e-01
1.271044e-01 5.388750e-01 1.499194e-01 1.259761e-01 1.556413e-01 2.118830e-01 1.545145e-01 1.789338e-01 -3.818548e-01 1.099018e-01 1.823263e-01 1.708845e-01 -6.954499e-03 2.327341e-01 8.036042e-02 -9.866177e-03 -8.811878e-02 7.804061e-02 3.280601e-02 -6.946123e-01 -3.803480e-01 -1.389396e-01 -2.069323e-01 -1.808718e-01 -2.638053e-01 1.162195e-01 -1.251182e-01 -7.855280e-02 -1.141755e-01 4.602804e-02 6.898816e-02 -6.536267e-02
1.039795e-01 2.214706e-01 -6.886801e-02 2.573757e-01 -9.056685e-02 4.114181e-02 4.118057e-02 1.771656e-01 -2.684148e-01 4.476421e-02 -1.519776e-01 -4.276596e-01 6.453074e-01 -1.678666e-01 -3.146362e-02 -3.732135e-02 -4.351085e-01 -1.524667e-01 -2.755157e-01 4.259204e-01 -2.950262e-01 -4.473826e-01 1.339000e-02 7.170066e-03 -3.482491e-03 3.719129e-02 8.989070e-02 -4.103858e-02 -8.726985e-02 1.638950e-01 -4.942250e-02 -2.240581e-01
3.947431e-01 4.511473e-01 2.432054e-01 -4.915740e-02 -6.709166e-03 2.442509e-01 -3.033549e-01 -2.642121e-01 -2.935053e-01 -1.285405e-03 -5.552169e-02 9.727807e-02 1.183362e-01 1.441355e-02 3.487812e-01 1.411116e-01 -1.709194e-01 8.425087e-02 -7.472018e-03 2.522322e-01 6.079222e-01 -1.917721e-01 3.009136e-01 -5.306156e-01 5.107588e-02 -3.115507e-03 -1.554339e-01 -4.644498e-02 9.313116e-02 -8.266769e-02 3.741357e-02 2.178212e-02
-1.562266e-01 3.015310e-01 3.757595e-01 1.798942e-01 -2.346673e-01 4.596844e-02 8.865971e-02 8.016067e-02 2.057132e-01 -2.282237e-03 4.730548e-01 2.609281e-01 1.266405e-01 -2.600744e-01 9.409614e-02 2.454865e-01 -4.410141e-01 -3.686327e-03 2.652190e-01 -3.189242e-01 9.422565e-02 2.075595e-01 1.200944e-01 -5.962524e-02 -1.275403e-01 2.337177e-02 -2.694809e-01 -2.309822e-01 -7.734682e-02 2.828472e-01 -9.889924e-02 -1.278865e-01
-4.554231e-02 -6.286129e-03 -1.269355e-01 1.620253e-02 -6.936528e-02 -1.740358e-01 -3.642105e-01 -2.628712e-01 -2.212404e-01 -5.742760e-02 -1.052394e-01 4.788646e-01 4.281398e-03 1.266240e-01 3.197902e-01 1.333794e-02 3.530684e-01 -3.222984e-01 -3.275172e-01 1.337455e-01 -1.323645e-01 1.222860e-01 2.443141e-01 1.627604e-01 1.603037e-01 1.709041e-01 -3.979411e-04 1.926730e-01 -1.891842e-01 -2.535625e-01 6.861010e-02 -2.227226e-01
3.270280e-01 3.024933e-01 -2.106713e-01 -1.164217e-03 -2.770387e-02 -3.103989e-01 1.640040e-01 -7.691982e-02 -5.403828e-02 3.988115e-02 -2.547161e-01 1.255343e-01 5.308792e-01 2.031307e-01 -3.884803e-02 -2.109903e-01 -1.790870e-01 3.736086e-02 -1.083293e-01 -4.759853e-01 2.851751e-01 1.709856e-01 -1.271509e-01 -2.954971e-02 4.091592e-01 1.352106e-01 -3.344374e-01 -3.103897e-03 -6.419422e-02 -1.882988e-01 -5.701366e-02 -3.161334e-02
1.132435e-01 2.104053e-01 -3.185594e-01 -7.663619e-02 2.469945e-01 7.088932e-02 4.424938e-01 1.574261e-01 2.020546e-01 -1.051554e-01 -9.370704e-02 1.786198e-01 1.533629e-01 -1.762896e-01 -2.787013e-01 8.744399e-02 1.742421e-01 -1.732694e-01 1.310798e-01 9.863488e-02 1.815773e-01 -3.730506e-01 -1.421662e-01 6.946355e-02 7.418079e-02 2.077522e-01 -1.711977e-01 -1.563305e-01 -1.149626e-02 -5.061570e-01 -2.288836e-01 -2.356036e-01
-9.928666e-02 -1.437921e-01 3.066359e-01 -2.305929e-01 -2.313179e-01 -1.317123e-01 3.247739e-01 -2.490281e-01 -1.377036e-01 3.101401e-01 -3.056603e-01 4.923209e-01 -2.700393e-02 -1.478991e-01 -5.212756e-02 1.245949e-01 9.468565e-03 3.032882e-01 -1.180533e-03 -2.722599e-02 1.588044e-01 1.797756e-01 1.423368e-01 1.181814e-01 2.140903e-01 4.156746e-01 5.989867e-02 5.553668e-02 5.591331e-01 -3.448417e-01 2.163016e-01 1.847128e-01
1.122456e-01 -8.518502e-03 4.971933e-01 -3.615680e-02 3.931520e-01 -7.198109e-02 1.755727e-01 -1.505520e-02 -1.204133e-01 4.353379e-02 1.020738e-01 4.786780e-01 -1.532128e-01 2.331910e-01 2.337382e-01 -1.330844e-01 8.866464e-02 -6.769837e-02 -1.495484e-01 8.765216e-02 2.102153e-01 3.075366e-02 -1.787946e-02 -2.794601e-02 -1.000393e-01 -2.105232e-01 -6.722719e-01 9.792566e-06 -1.066349e-01 -1.690751e-01 3.521097e-01 -1.899994e-01
1.045576e-01 1.828427e-01 -2.981523e-01 1.923495e-02 7.284236e-02 2.619147e-01 -1.705202e-01 -1.543484e-01 2.525081e-01 -4.583975e-02 6.452833e-02 2.160589e-01 -5.729140e-02 -2.282746e-01 3.457317e-01 -1.494407e-01 -2.417190e-01 -2.379791e-01 -9.547150e-02 1.613210e-01 -9.892370e-02 -1.625647e-01 -2.432374e-02 9.937224e-02 7.366155e-02 1.261614e-01 -1.966472e-01 -5.395128e-01 -4.809403e-02 -9.791294e-02 -3.359471e-03 -2.329648e-01
1.835761e-01 -1.964104e-01 7.560920e-02 5.011258e-01 -2.110519e-01 -5.058025e-02 2.330579e-01 -1.277791e-01 2.090869e-02 -6.025444e-02 -5.185714e-02 -3.172042e-01 -1.171594e-01 -3.287423e-01 4.010990e-02 -4.623223e-02 3.398039e-01 -4.203242e-02 2.292362e-01 2.566747e-02 5.582799e-02 -1.180587e-01 -4.440011e-02 -4.829114e-01 1.907461e-01 2.015806e-01 3.449222e-01 -3.166053e-02 9.006054e-02 -1.331199e-01 6.833388e-02 1.819406e-01
-2.773076e-01 -2.512742e-01 -2.321797e-01 9.853145e-02 6.810087e-02 1.541548e-01 -5.728099e-02 -1.604294e-01 1.685945e-01 6.409958e-04 6.962821e-01 1.156809e-01 -9.617344e-02 1.986926e-01 1.230392e-01 1.303234e-02 -7.672647e-03 -5.782501e-02 1.865172e-02 -3.355186e-01 4.121155e-01 9.668168e-02 -4.292544e-01 2.357820e-02 -3.894269e-04 2.763335e-01 3.729668e-04 1.080278e-01 3.254009e-01 1.693289e-01 -7.610884e-02 -3.536896e-01
-1.757944e-02 1.420496e-01 5.181121e-01 -1.790008e-01 -5.644481e-02 4.106532e-02 2.688619e-01 1.953891e-01 -1.469264e-01 -3.354489e-01 3.708954e-01 -3.583431e-04 2.509415e-01 2.557696e-01 1.304262e-02 1.931498e-01 -2.810229e-02 9.172671e-03 2.905163e-01 3.048530e-02 2.288203e-01 3.083550e-01 3.325316e-01 -5.654918e-02 -4.254317e-01 -9.629951e-02 -4.616875e-01 2.059066e-01 -1.781818e-01 1.431660e-01 5.166532e-02 5.167526e-02
2.654941e-02 7.000139e-02 -2.455773e-01 5.119373e-01 -2.908965e-01 4.992351e-02 -2.706100e-01 -9.028535e-02 -3.819568e-01 -1.191137e-01 -3.587880e-01 1.003864e-01 2.787581e-01 1.023665e-01 1.002439e-01 -1.366218e-01 -1.334572e-01 1.418975e-01 2.172308e-01 -6.719235e-02 1.085175e-01 -3.281871e-01 -1.033080e-01 2.786771e-01 1.047866e-01 1.663445e-03 -5.172034e-02 -1.999600e-01 -4.933122e-01 -6.164853e-02 5.675644e-01 2.473443e-02
-1.766498e-01 4.736386e-01 -1.268261e-01 -2.465196e-01 -3.598048e-01 -9.025905e-02 8.596339e-02 -1.421168e-02 2.642810e-02 -3.494808e-02 -9.087528e-02 1.001714e-01 -3.489082e-01 -2.236727e-01 1.273543e-01 -5.790290e-02 6.283621e-02 3.079781e-01 2.319608e-01 -9.949497e-02 6.359028e-02 -2.106941e-01 -1.536656e-03 -1.372584e-01 -1.948503e-01 4.111256e-01 -2.908144e-01 2.143179e-01 1.624430e-02 1.117879e-01 2.783374e-01 2.648385e-01
-5.663210e-02 2.238815e-01 4.585440e-01 -3.768170e-01 -9.800870e-02 2.639830e-01 1.532889e-01 5.224991e-02 -2.411191e-01 -6.849933e-02 1.126984e-01 -1.773780e-01 6.782078e-02 1.605389e-01 3.787189e-01 2.058197e-02 3.644997e-03 1.523356e-01 -4.047804e-01 7.558330e-02 6.217168e-02 3.369200e-01 -2.750975e-01 6.255253e-02 1.724290e-02 1.067738e-01 1.708467e-02 -2.902605e-01 -2.972824e-01 1.774150e-01 -2.237980e-01 3.754950e-01
-1.046106e-01 -5.832132e-02 9.134455e-02 -3.896150e-01 -2.321156e-01 -2.768557e-01 4.931515e-01 3.539863e-01 1.175712e-01 3.470026e-01 -1.390858e-01 -1.014385e-01 9.689412e-02 -1.655552e-01 1.157561e-01 2.691505e-02 -4.664480e-01 -1.559099e-01 3.589080e-01 -3.691173e-01 -4.274353e-02 -2.400649e-01 -1.141090e-01 6.765714e-02 1.583677e-02 1.468623e-01 -7.902516e-02 -3.098084e-01 1.335476e-01 -1.264141e-02 -2.042016e-01 -4.114487e-02
-1.766585e-01 -2.050421e-01 1.957776e-01 -2.340410e-01 5.876922e-02 5.721407e-02 -2.928322e-01 2.545661e-01 -9.992719e-02 -1.010407e-01 -1.830817e-01 6.638659e-01 2.862030e-01 5.438833e-02 -1.232748e-02 -1.392703e-01 -1.733143e-01 5.001877e-02 -3.320553e-01 4.927622e-02 1.710470e-01 -1.646127e-01 1.769937e-01 2.646773e-01 -4.504356e-01 -3.218690e-01 -3.929994e-01 2.286915e-01 1.587075e-01 -2.727998e-01 -1.882065e-02 -2.350375e-02
-2.169248e-01 9.574512e-02 -1.402711e-01 -9.311775e-02 -1.065538e-01 3.882124e-01 1.696125e-01 4.124158e-01 1.041893e-01 -1.101892e-01 -2.526095e-01 3.973906e-01 1.484155e-02 1.206445e-01 -4.029941e-02 -7.074577e-02 -1.461638e-01 1.116009e-02 1.144039e-01 9.865548e-02 -9.461153e-02 -1.348160e-01 -9.485544e-02 -9.258474e-03 2.665222e-01 -6.919559e-01 -1.717120e-01 -2.236804e-01 1.265566e-01 1.647483e-01 -3.467527e-02 1.520162e-01
9.439676e-02 1.903841e-01 3.084449e-01 3.293774e-01 2.765273e-01 4.289047e-01 1.111639e-01 1.199845e-01 2.595190e-01 -2.247987e-01 -9.033357e-02 3.151087e-01 1.365912e-01 -1.569424e-01 -1.967616e-02 -1.145997e-02 -9.048534e-02 -2.175574e-01 -1.405776e-01 2.670355e-01 8.508027e-02 -3.785642e-01 -4.021403e-01 -3.165644e-02 5.995441e-03 2.121446e-01 -1.231819e-01 -2.068104e-01 -5.302417e-02 -2.634155e-01 -1.753853e-01 -2.384368e-01
-1.584205e-01 1.667090e-01 -9.850484e-02 -1.334549e-01 -3.243796e-01 -7.829192e-02 1.579975e-01 3.586110e-03 4.041975e-01 2.673165e-02 4.618119e-02 9.502011e-02 -2.844502e-01 1.167069e-02 4.973268e-01 -1.997952e-01 -3.556190e-01 3.061239e-01 2.901922e-01 -2.299454e-01 6.692013e-02 -1.891038e-02 1.358041e-02 -1.137308e-01 1.042486e-01 1.883885e-01 1.122763e-01 1.475168e-01 -7.716294e-02 5.876872e-02 4.600833e-02 4.502809e-01
1.651879e-01 2.435800e-01 -1.144000e-01 1.057720e-01 -1.069657e-01 -1.039459e-01 5.896416e-02 5.781606e-02 -2.857910e-01 -2.259442e-01 -3.522493e-01 3.946110e-01 4.490160e-01 2.219176e-01 6.700927e-03 -1.814181e-01 -1.979618e-02 -3.626492e-02 -4.350580e-02 -9.595343e-02 4.499665e-01 1.180169e-02 -2.127030e-01 -3.620996e-03 -3.209531e-01 -2.459487e-03 -4.642386e-01 -3.010009e-01 -7.525735e-03 -4.136541e-02 -3.235424e-02 1.384164e-02
-1.573503e-02 -8.246800e-02 1.879626e-01 4.684466e-01 -1.517642e-02 5.560244e-02 2.630614e-01 4.102231e-01 8.096480e-02 -7.692599e-02 -9.056176e-02 -1.327529e-01 -3.621547e-01 -1.399622e-01 -1.015064e-01 -2.209096e-01 -1.910572e-02 -3.918023e-01 2.750613e-01 9.715685e-02 -3.343635e-01 -9.124121e-02 1.296995e-01 -1.192449e-02 9.742390e-02 -1.355058e-01 1.681837e-01 -1.354894e-02 1.934636e-01 -2.259124e-01 3.491619e-01 -2.457766e-01
-3.451884e-03 1.578619e-02 4.592300e-01 -2.903075e-01 4.001291e-01 2.620108e-01 9.106365e-02 -1.214344e-01 -3.148623e-01 -1.400966e-01 3.053486e-02 -1.306401e-01 -5.674702e-02 -1.059441e-01 2.729598e-01 1.705471e-01 4.455622e-02 1.007245e-01 -8.402129e-02 8.883865e-02 -1.643927e-01 2.264786e-01 -1.260149e-01 4.853326e-01 -2.000364e-01 1.696289e-01 5.972525e-02 -3.874172e-01 -2.414311e-01 2.536274e-01 -1.072336e-01 2.616774e-01
1.713968e-02 -3.201656e-01 4.937632e-01 -3.664072e-01 2.652955e-01 1.199217e-01 1.971943e-02 -7.649056e-02 -1.119044e-01 -3.397096e-01 9.343812e-02 -1.733863e-01 -4.931939e-02 -1.374780e-01 -2.272580e-02 7.679234e-02 5.984106e-02 3.766941e-01 -1.321034e-01 1.157387e-01 -1.155765e-01 3.069077e-01 -1.696554e-01 2.549056e-01 -2.953122e-01 -7.615112e-03 2.945710e-01 -3.008125e-01 -2.390821e-01 -9.964025e-03 -1.237046e-01 2.732511e-01
7.187397e-01 1.851275e-01 4.804472e-02 -1.817563e-01 -3.211139e-01 3.523547e-02 -1.589311e-01 1.718522e-02 1.868180e-01 4.674621e-02 -1.860575e-01 -2.302192e-02 5.062506e-03 8.258898e-03 6.651221e-02 -4.524497e-02 2.947314e-03 1.649634e-01 -1.412044e-01 -8.907007e-02 4.900308e-01 8.223575e-03 -6.295525e-02 -2.779465e-01 1.800785e-02 -1.260768e-01 -3.320921e-01 -4.512629e-01 4.414096e-02 -9.200434e-02 4.077611e-02 -2.091292e-02
-6.152470e-02 -2.532491e-01 -1.111308e-01 2.936328e-01 -4.881557e-03 -2.585895e-03 2.667798e-01 -8.552846e-02 3.380610e-01 -2.777992e-03 4.192282e-01 -2.965861e-01 -2.855169e-01 4.806828e-02 -2.563443e-01 -1.431924e-01 6.271140e-02 -3.511489e-02 1.286421e-01 -1.525229e-01 -1.978870e-01 3.342641e-01 -1.254785e-01 7.335080e-02 5.301234e-01 8.780071e-02 2.199660e-01 -5.475847e-02 2.065166e-02 4.243916e-01 -7.468570e-02 2.626173e-01
2.260605e-01 -3.201538e-01 1.668378e-01 5.243021e-01 -1.775022e-01 8.463348e-02 1.798958e-01 -2.005124e-02 1.086197e-01 -7.326276e-02 -1.548146e-01 -1.118466e-02 -1.525409e-01 -1.395895e-01 -3.056490e-01 -3.072143e-01 5.249670e-01 2.233726e-01 1.889163e-01 5.345525e-02 5.933389e-02 -2.729667e-01 -1.106928e-01 -4.089430e-01 1.936085e-01 1.667555e-01 1.779005e-01 -5.811806e-02 4.190754e-02 -1.641480e-01 7.363844e-02 3.351707e-03
5.788788e-01 1.143358e-01 1.163622e-01 1.408166e-01 2.924967e-02 3.792790e-01 -8.877274e-02 -2.430881e-01 -1.042982e-01 -2.709703e-01 -2.014934e-01 -3.026210e-01 2.443402e-02 -7.168900e-03 2.001719e-01 -6.441290e-02 -1.924199e-01 -1.168888e-01 -7.349330e-02 4.154918e-01 8.144152e-02 -2.994547e-01 8.443651e-02 1.168992e-01 -2.503428e-01 -2.663293e-01 -4.749630e-01 2.571786e-01 -1.721952e-01 9.282193e-02 1.731291e-01 -1.049956e-01
-3.468665e-01 -1.945672e-01 -1.340106e-01 -3.856750e-01 1.165601e-01 2.140375e-01 1.207585e-01 4.284891e-01 1.521121e-02 1.307744e-01 1.230086e-01 1.975181e-01 -8.119474e-02 -3.227251e-01 1.163571e-01 -1.933490e-01 -4.895987e-01 1.752042e-01 -3.691609e-02 5.726492e-02 -5.168291e-01 -4.856104e-03 3.811598e-01 1.449365e-01 7.779054e-02 -1.116346e-02 -1.509952e-01 -1.366868e-02 -4.459216e-02 -1.705336e-02 3.338228e-02 3.600722e-03
-4.501637e-02 -1.441998e-01 -7.714805e-02 -1.825499e-01 -9.544020e-02 -2.295870e-01 -4.164695e-01 -2.130248e-01 -1.798301e-01 1.113449e-01 -4.637066e-02 5.576938e-01 5.409256e-02 1.580925e-01 4.018077e-01 3.780438e-02 3.032055e-01 -2.203179e-01 -3.298652e-01 3.529446e-01 -1.444383e-02 3.050840e-01 2.257724e-01 2.405258e-01 1.606564e-01 -1.130510e-01 2.104549e-02 2.122234e-01 8.892572e-03 -3.287728e-01 7.918894e-02 -2.206777e-01
2.732549e-01 1.788574e-01 1.682266e-01 2.701972e-01 -3.143788e-01 9.582544e-02 -4.029060e-02 -2.737756e-01 -3.379583e-01 -3.028427e-01 7.948463e-02 -2.747613e-02 1.087602e-01 1.149424e-01 4.638602e-01 -3.408803e-02 -3.456638e-02 1.712147e-01 -9.331942e-02 2.472689e-01 4.911390e-01 -4.628826e-01 3.507487e-01 -3.867869e-01 -5.648362e-03 2.391810e-02 -3.476591e-02 -7.720901e-03 3.042337e-02 -1.107467e-01 1.386405e-01 1.110134e-02
1.403760e-01 2.409724e-01 -1.761463e-01 1.485366e-01 -2.927414e-01 -1.421985e-02 8.800377e-02 -1.347162e-02 -1.087784e-02 2.241856e-01 -4.872241e-02 -2.990118e-01 5.522741e-01 3.585429e-01 6.166866e-02 -1.542891e-01 -1.203099e-01 -7.679730e-02 -2.290554e-01 1.146390e-01 2.354405e-01 -2.156325e-02 5.050906e-01 3.290069e-04 2.164972e-01 -4.151323e-02 -3.375822e-01 -1.423208e-03 -2.768037e-01 -4.563649e-01 -5.034357e-02 6.378272e-02
3.635905e-02 1.599299e-01 -3.619006e-01 5.177459e-01 -1.007801e-01 8.275397e-03 2.002896e-01 -5.991632e-02 2.536647e-01 -2.530079e-01 -2.521404e-01 -1.722210e-01 1.558272e-01 -2.297343e-01 -8.065491e-02 -2.058327e-01 5.834424e-01 -1.575391e-01 3.162309e-01 4.107634e-01 -1.161933e-03 1.906835e-01 -2.004308e-01 3.970519e-01 -2.301439e-01 -8.550970e-02 -3.108326e-02 6.827293e-02 -3.142631e-02 -1.180360e-01 -3.770859e-02 -1.219782e-02
1.275851e-01 2.379266e-02 4.739417e-01 6.094530e-02 2.586789e-01 1.128559e-01 1.484133e-01 6.155162e-02 3.813905e-02 1.250458e-02 -2.522686e-02 5.719104e-01 -2.622317e-01 1.123789e-01 3.346257e-01 -3.469365e-02 6.293802e-03 -5.453736e-02 -6.685841e-02 -1.527838e-02 6.196774e-01 -1.487179e-01 1.960066e-01 2.398396e-02 1.040694e-01 -1.332992e-01 -2.992168e-01 8.875686e-02 1.987632e-03 -2.939219e-01 1.364366e-01 -2.947063e-01
-3.036515e-01 -1.099747e-01 -8.584721e-02 3.445788e-01 3.092887e-01 -4.315893e-02 3.378931e-01 9.867064e-02 5.342315e-01 5.734526e-02 -7.904743e-02 -4.396420e-02 -2.260284e-01 9.101945e-02 3.265805e-02 2.184691e-01 -2.951597e-02 -2.543224e-02 2.714577e-02 -2.289782e-02 -3.451178e-02 8.069135e-02 3.781119e-01 2.332881e-02 2.568455e-01 -1.277872e-01 -2.061283e-02 4.742992e-03 2.424917e-01 -5.641398e-01 -3.776710e-01 -3.722385e-01
-9.413823e-03 -2.561267e-02 2.153479e-01 -1.693223e-01 -2.047163e-01 1.701393e-01 -8.995049e-04 6.286896e-01 1.519382e-01 6.378755e-02 -2.795247e-01 3.118847e-01 1.481907e-01 9.644599e-02 1.176900e-01 5.067526e-03 -1.497483e-01 2.476941e-02 4.383451e-01 2.716947e-02 -2.348667e-01 -3.613149e-01 -1.970153e-02 -6.711444e-02 8.641798e-02 -3.597703e-01 -1.167849e-01 -2.707693e-01 1.340216e-01 1.841483e-01 1.484979e-02 2.130256e-01
1.147345e-02 1.019224e-01 6.257105e-01 -2.648551e-01 -1.583127e-01 5.663008e-02 3.956176e-01 -1.892323e-02 -9.482464e-02 -1.583732e-01 6.046778e-02 5.067167e-02 9.114076e-02 3.478977e-01 2.702975e-01 1.623398e-01 -6.838601e-01 -3.274220e-02 2.316136e-02 -3.389589e-02 5.410401e-01 -1.236232e-01 5.435007e-02 8.219784e-02 -2.471403e-01 2.827594e-01 1.340722e-01 7.240029e-02 -9.774339e-02 1.822848e-02 -5.307570e-02 -1.094514e-01
-1.304120e-01 -2.366475e-01 1.560848e-01 -1.082874e-01 -1.282247e-01 1.792371e-01 1.043906e-02 -7.461133e-02 2.966712e-01 2.513389e-01 1.296155e-01 -3.310207e-02 -3.181115e-01 -3.373428e-01 6.031621e-02 4.217955e-01 -4.345988e-02 -6.116587e-02 8.744140e-02 -9.077390e-02 -1.276711e-01 6.153498e-03 -6.214514e-01 8.534638e-03 -3.571171e-01 1.257337e-02 4.801277e-01 -2.658060e-02 -2.050479e-02 -3.180834e-02 1.401375e-01 -5.869642e-02
3.571455e-01 3.914925e-01 3.042113e-01 6.257214e-02 -9.205449e-03 1.465711e-01 -2.864202e-01 -2.191856e-01 -2.241173e-01 -1.637121e-01 -2.416193e-01 1.517461e-01 1.162422e-01 8.232193e-02 3.850529e-01 -1.122905e-01 -2.713567e-02 7.502187e-02 7.259487e-02 1.221011e-01 5.368156e-01 -2.073192e-01 3.471328e-01 -6.338074e-01 6.209660e-03 1.395526e-02 -6.079628e-02 -5.902637e-02 -2.007307e-02 -1.607181e-01 1.250299e-01 1.580371e-02
4.857422e-02 3.953951e-02 5.157182e-01 3.114136e-01 1.595979e-01 1.935667e-01 1.843649e-01 7.758936e-02 5.511034e-02 -2.184701e-01 3.836760e-01 -2.100791e-01 -2.532858e-01 -1.121990e-02 3.331611e-01 -7.670069e-02 -1.004225e-01 -9.495000e-02 -2.428773e-01 2.246410e-02 -2.444702e-02 7.470969e-02 1.624260e-01 2.495490e-01 3.684731e-02 2.998568e-01 -4.272045e-01 -3.212976e-01 -2.971020e-01 1.212151e-01 -5.504072e-02 4.624227e-01
2.032719e-01 4.409480e-02 -1.372737e-01 2.551183e-01 -2.716253e-01 1.781043e-01 1.038296e-01 -3.200993e-02 -5.332676e-02 1.251096e-01 -1.729036e-01 -4.816216e-01 6.141652e-01 -1.300461e-01 -1.958536e-02 -9.685051e-02 -5.274235e-01 -1.960689e-01 -3.864696e-01 1.990548e-01 -1.848342e-01 -3.440463e-01 7.839794e-02 8.452114e-02 -1.040858e-01 4.971300e-02 1.192377e-01 2.144088e-02 -2.290067e-01 2.658173e-01 -9.650000e-02 -1.514204e-01
-8.475059e-02 5.995475e-03 4.201195e-01 -2.402477e-01 2.233805e-01 -1.318462e-03 9.511249e-02 1.106417e-02 -2.235567e-01 -1.330112e-01 -3.784298e-02 -1.336027e-01 -6.799252e-02 -3.036543e-01 1.878537e-01 3.357440e-01 2.403602e-01 -1.137577e-01 8.235442e-02 -3.269428e-02 -1.653203e-01 3.970039e-01 1.085127e-01 2.329634e-01 -1.808499e-01 9.100094e-03 9.403225e-02 -1.916070e-01 -2.377490e-01 3.158312e-01 -2.331186e-01 1.962507e-01
2.699241e-01 2.969960e-01 2.590707e-01 3.740245e-01 4.055603e-01 -8.495308e-02 1.260975e-01 -1.887359e-01 -7.430326e-02 5.337278e-02 4.094726e-02 1.801667e-01 2.398263e-01 2.247635e-02 4.221298e-01 -1.079011e-02 -1.528640e-01 2.872193e-01 6.540113e-02 -1.428815e-01 4.515522e-02 2.768481e-01 2.374807e-01 -2.164149e-01 3.352842e-01 7.113060e-02 -1.832344e-01 -3.495362e-01 -2.180644e-01 -3.734672e-02 4.284518e-01 -2.366135e-01
5.020039e-01 -5.943365e-03 -1.863292e-01 1.431245e-01 4.948923e-01 6.940054e-02 1.807117e-01 -6.679320e-03 2.890437e-02 1.394598e-01 2.463799e-01 -9.523300e-02 1.101259e-02 -5.352411e-02 -2.255639e-01 7.284227e-02 4.248543e-01 -1.521784e-01 -1.095672e-01 -1.572868e-03 -1.041374e-01 -7.341691e-02 -1.986634e-02 5.444301e-02 -5.681914e-02 -4.039426e-01 6.686717e-02 -4.205465e-02 7.531642e-02 -1.809116e-02 -3.592295e-01 -5.235825e-01
4.717051e-01 -5.697639e-02 -1.869980e-01 -1.114565e-01 4.177175e-01 3.367567e-02 9.016250e-02 2.966690e-01 1.108377e-02 2.352837e-01 6.752588e-02 2.033294e-01 8.294971e-02 5.001282e-02 -3.113699e-01 2.372166e-01 2.769662e-01 -2.463915e-01 3.988871e-02 3.171982e-04 -1.818989e-01 1.181361e-01 5.643065e-02 -2.718703e-02 -1.933154e-01 -4.460719e-01 1.050178e-01 1.083214e-01 2.731534e-01 -2.633931e-02 -9.082901e-02 -4.611902e-01
1.281476e-01 4.340216e-01 2.646212e-01 -2.903522e-01 -2.119704e-02 2.836899e-01 -2.625109e-01 -1.155304e-01 7.857818e-02 3.459771e-02 -2.360318e-01 -1.487976e-01 -1.435451e-01 2.668095e-01 -2.382719e-01 -6.490543e-02 -6.327768e-01 7.617617e-02 -1.915816e-01 -3.878175e-01 7.487723e-02 -7.418849e-02 2.930462e-02 -4.841198e-01 -1.012420e-02 1.983285e-02 5.256772e-02 -2.898914e-02 -2.692258e-02 1.254062e-01 6.255633e-02 3.824601e-02
-1.249201e-01 5.382337e-02 -4.526651e-02 6.287836e-01 -9.692294e-02 7.539636e-02 8.485462e-02 -7.160961e-02 8.236066e-03 4.146040e-01 4.382671e-02 3.012218e-01 -2.085525e-01 -2.808341e-01 -7.887512e-02 2.318134e-01 -6.322282e-02 -2.759880e-01 -3.813232e-02 1.208210e-02 2.217104e-01 -1.159832e-01 -2.110871e-01 -9.977935e-02 -2.154559e-01 3.837926e-01 -6.362454e-01 -7.147989e-02 1.307178e-01 -7.485180e-02 -1.549891e-01 -1.336667e-01
-1.659761e-01 2.212777e-02 -1.759515e-02 -7.120080e-03 3.070610e-01 -1.764606e-01 2.276507e-01 -3.580965e-01 2.859112e-01 1.435435e-01 8.142756e-02 9.401982e-02 -2.105649e-01 2.704228e-01 3.322305e-01 5.715077e-02 3.614911e-01 -1.573205e-01 -7.302345e-02 -1.279470e-01 -2.852020e-01 -3.279358e-01 2.463991e-01 -1.369264e-01 -1.046168e-01 -9.116172e-02 1.433357e-01 -1.528979e-01 -2.512146e-01 -3.796551e-01 8.145984e-03 -3.596127e-03
3.144040e-02 -2.277794e-01 4.501680e-01 -3.325326e-01 1.962182e-02 -2.077031e-01 8.182940e-02 1.994840e-01 -1.320286e-02 -2.915007e-01 -3.209713e-01 -2.040626e-01 9.993297e-02 2.999468e-01 3.172528e-02 -8.590645e-02 3.584897e-01 2.643809e-01 8.527532e-02 -8.719871e-02 -1.789446e-01 8.953487e-02 6.022603e-02 2.826313e-02 6.450515e-03 -2.334737e-01 6.369756e-01 2.813359e-01 1.263903e-03 2.420243e-03 6.382421e-02 7.945403e-02
2.306489e-02 1.417910e-01 4.791433e-01 -2.442349e-01 -1.865267e-02 -2.834022e-01 1.794306e-01 1.362249e-01 -5.525569e-02 -1.794856e-01 3.928917e-01 4.120170e-02 1.955875e-01 7.770821e-03 -3.394534e-01 1.271095e-01 -5.168715e-01 3.187429e-01 1.136811e-01 -1.547131e-01 6.580415e-02 6.975929e-02 -4.196331e-02 1.855072e-01 -1.391223e-01 -1.015317e-01 2.726747e-02 2.023420e-04 4.848885e-01 -1.168651e-01 2.455162e-01 -2.039869e-01
-7.582983e-02 9.042230e-02 -6.349772e-02 -4.338714e-02 -1.204120e-01 -4.483871e-02 -3.868454e-01 -1.117859e-01 -2.974752e-01 -8.710743e-02 -2.862368e-01 5.873730e-01 6.719545e-02 3.866045e-01 1.276598e-01 -5.020287e-02 3.233477e-01 -3.219880e-01 -4.902470e-01 2.479234e-01 -2.073879e-01 4.717894e-02 3.423194e-01 1.376502e-01 2.847152e-02 -1.131119e-01 -2.033685e-01 1.020646e-02 -2.433277e-01 -2.596613e-01 -1.052793e-01 8.096848e-02
-1.467556e-01 1.362816e-01 1.545807e-01 -2.063550e-01 -1.132511e-01 -2.971451e-01 -2.236860e-01 2.126656e-01 3.397219e-01 3.111462e-01 -3.127568e-01 -1.123578e-01 1.776952e-01 -2.999205e-01 2.740832e-02 -1.635632e-01 -4.062601e-02 -3.379181e-02 -4.994015e-02 2.274934e-01 1.393176e-01 8.370638e-02 1.485622e-01 -1.530495e-01 -2.559418e-01 -4.659321e-02 -2.752464e-01 6.516860e-01 -6.500333e-02 -1.788292e-01 2.537094e-01 -2.164596e-01
-2.179594e-01 -3.846627e-01 -5.228862e-02 -2.003821e-01 -1.186225e-01 -3.254974e-01 -1.120410e-01 -2.138310e-01 4.631414e-01 -7.204858e-02 -3.069758e-01 -1.063976e-01 -1.562043e-01 -2.711464e-01 1.181459e-01 -1.993152e-01 1.020530e-01 -8.252087e-02 3.791235e-02 6.907826e-01 3.686759e-01 1.926869e-01 1.240820e-01 1.612511e-01 3.357514e-01 -8.246496e-02 1.747444e-01 -6.340852e-02 1.071101e-01 -3.098215e-02 -3.615800e-02 1.038476e-01
-3.143550e-01 3.504912e-01 -1.706886e-02 1.605174e-01 -6.568597e-02 2.963828e-01 1.364441e-01 6.496437e-02 -2.879915e-01 -2.330739e-01 2.282460e-01 9.865388e-02 -1.935170e-01 -2.688878e-01 1.365602e-01 -3.428334e-01 -3.759464e-02 1.659464e-02 -6.097442e-02 2.297915e-02 1.315329e-01 -1.331224e-01 -4.637685e-01 -4.025937e-01 -3.964977e-01 1.632703e-01 -1.214489e-01 -2.231541e-01 -6.183421e-03 -2.822652e-01 2.779222e-01 2.816417e-01
1.795104e-01 -1.461670e-01 -2.907847e-01 1.912535e-01 2.967472e-01 -1.654780e-02 -2.481941e-01 3.465866e-01 1.168379e-01 -3.371672e-01 4.341829e-01 -1.547807e-01 8.849800e-04 -1.141707e-02 2.173354e-01 -1.755752e-01 -4.247638e-02 -1.890044e-01 -3.489300e-02 1.823948e-02 -2.209395e-01 -2.026098e-01 -1.739325e-01 3.314101e-02 2.600800e-01 -3.199327e-01 -3.191718e-01 -1.854708e-02 -1.805977e-01 1.191142e-01 -4.659687e-01 -3.541664e-01
4.462982e-01 3.973541e-01 -1.152138e-01 -1.290672e-01 -2.232183e-01 -2.253056e-02 -2.134545e-01 -3.805346e-02 -1.321770e-02 -1.025566e-01 -1.481282e-01 -3.709629e-01 -3.363340e-01 1.465921e-01 2.851836e-01 1.254612e-01 1.840449e-01 -1.990854e-01 -4.485958e-02 4.344496e-01 8.862606e-02 -5.468040e-02 -4.677896e-01 -7.977588e-02 2.484975e-02 8.447183e-02 3.331042e-01 -7.930054e-02 6.348370e-02 1.841047e-01 -4.448809e-01 -6.231853e-02
-2.091514e-01 1.042465e-02 -1.373444e-01 4.574458e-01 -1.409415e-02 5.711871e-01 1.932729e-01 -1.091509e-01 -9.412333e-02 2.124853e-01 -8.132952e-02 1.769522e-01 -2.766739e-01 7.606186e-03 -2.474522e-01 1.119786e-01 4.537115e-01 -3.486759e-01 -2.236286e-01 -4.789741e-02 -1.241513e-01 -4.350062e-02 1.152562e-01 -2.444721e-01 1.519681e-01 -3.683847e-01 -1.394178e-01 3.108980e-01 -2.260037e-01 8.178374e-02 -8.559814e-02 2.722887e-01
2.644256e-01 2.891431e-01 -1.547552e-02 1.629659e-01 -1.212297e-01 -6.168595e-02 6.628021e-02 1.938958e-01 -2.410083e-01 9.016852e-02 3.670090e-02 -2.788121e-01 5.703441e-01 2.456217e-01 1.386378e-02 7.127246e-02 -8.538241e-02 -1.520759e-02 -2.565876e-03 9.386208e-02 2.357710e-01 -8.831767e-03 5.864785e-01 -1.539597e-02 1.889193e-01 -1.904657e-02 -6.758224e-01 5.017639e-03 -1.894797e-02 -5.975132e-02 -8.578543e-02 7.512310e-02
4.238773e-01 5.019975e-02 -2.632390e-01 7.424501e-02 -1.231626e-01 -3.408604e-02 1.514322e-01 4.510391e-02 -2.166253e-01 1.260204e-01 -1.791433e-01 -2.176705e-01 3.990694e-01 3.488591e-01 -1.234898e-01 -2.881888e-01 1.101061e-01 2.396127e-02 -4.025870e-01 1.086432e-01 1.158697e-01 4.157294e-03 4.938335e-01 -8.667464e-03 1.249816e-01 -3.958524e-02 -6.067004e-01 7.184286e-02 -2.240659e-02 -4.076014e-02 -1.584050e-01 1.664541e-02
4.384302e-02 -5.486057e-02 -2.889399e-01 2.489301e-01 -2.117119e-01 -4.070677e-03 -8.827271e-02 9.437002e-02 -5.640762e-02 1.027989e-01 1.034675e-01 4.480707e-02 -7.616481e-02 -2.879249e-01 2.474300e-01 6.196753e-01 -4.054066e-03 2.129285e-02 -1.488649e-02 -3.228717e-01 3.195608e-02 -9.152910e-02 9.146304e-02 3.377283e-01 2.904294e-01 -2.200196e-02 -4.079039e-01 3.474330e-01 6.575204e-02 -2.949442e-01 5.127145e-02 -9.367374e-02
-3.363220e-02 -2.749023e-01 -3.967039e-01 9.914343e-02 -7.237468e-03 2.115584e-01 5.291273e-02 -1.914171e-01 -3.744652e-02 -1.966870e-03 4.951089e-01 1.575479e-01 -1.908921e-02 -1.906671e-02 -6.647850e-02 -2.256356e-01 -5.954412e-02 -5.168508e-02 -8.707324e-02 -3.841827e-01 2.385107e-01 -1.124443e-01 -1.921754e-01 -1.548390e-02 -6.697674e-02 1.528025e-01 1.012336e-02 3.426166e-02 4.623680e-01 3.607098e-01 -2.260737e-03 -2.109085e-01
8.470248e-02 -6.136736e-02 5.223066e-01 -1.915852e-01 4.001525e-01 1.478979e-01 1.825868e-01 1.627977e-02 -1.294535e-01 -1.951098e-01 3.011209e-01 -2.010216e-01 -2.141342e-01 -1.832079e-01 2.339818e-01 -3.323969e-02 1.427452e-01 2.978801e-01 -2.571313e-01 2.589238e-02 -3.236252e-02 3.420623e-01 1.101849e-01 4.180048e-01 3.287248e-02 1.717646e-01 8.369155e-02 -3.197741e-01 -2.721106e-01 2.419120e-02 1.496507e-02 3.354315e-01
-3.332500e-01 8.162697e-02 -1.091990e-01 7.342876e-02 -1.175142e-01 1.596262e-01 5.016776e-01 5.756339e-02 3.810999e-02 2.071453e-01 -1.821728e-01 2.779492e-01 -2.103271e-01 -3.490090e-02 -1.688419e-01 -4.497425e-01 5.688199e-02 2.287190e-01 -1.218825e-01 3.241570e-01 -2.027073e-01 1.997207e-01 4.287094e-01 2.164145e-01 1.117362e-01 -3.603261e-01 -2.051500e-01 8.059595e-02 3.766583e-01 -3.374571e-02 6.358738e-02 8.029798e-03
1.013742e-01 1.295959e-01 5.668139e-01 -1.493633e-01 1.553099e-01 3.570657e-02 2.518846e-01 9.502760e-02 -1.853930e-01 4.118310e-02 -3.462274e-01 -2.370161e-01 -4.923567e-02 -2.130290e-01 2.930624e-01 -2.005009e-01 -2.358386e-01 6.706497e-02 5.520970e-03 1.311783e-01 -3.028513e-01 2.944377e-01 2.508929e-01 -2.350457e-01 8.210320e-03 -2.352789e-01 4.120890e-03 5.741006e-01 7.391474e-02 -1.328692e-01 2.751707e-01 2.156185e-01
-9.498824e-02 8.510424e-02 5.751400e-01 -2.793568e-01 -4.662324e-02 7.478945e-03 3.660532e-01 1.286588e-01 -1.763439e-01 -1.454402e-01 -1.023253e-02 8.389204e-02 1.428651e-01 4.837718e-01 3.489192e-02 1.725969e-01 -7.145067e-01 -6.418742e-02 4.198419e-02 1.700906e-02 5.117772e-01 -6.791996e-03 5.586900e-02 4.847663e-02 -2.068582e-01 2.534978e-01 1.338169e-01 8.165868e-02 -1.923324e-01 -1.930131e-02 3.850020e-02 -1.406504e-01
5.479901e-02 -9.020903e-02 1.750830e-01 -6.899073e-02 2.731335e-01 -2.167579e-01 3.878857e-01 -2.560425e-01 3.228042e-01 -9.744617e-02 -1.402562e-01 1.381412e-01 -1.101791e-01 3.643392e-01 1.085604e-01 -2.038038e-01 4.184103e-01 7.299893e-02 -1.733313e-02 -3.974694e-02 -1.980779e-01 -2.106580e-01 1.451491e-01 -1.708991e-01 -3.403154e-02 5.582240e-02 2.309077e-01 -1.930684e-01 -3.999426e-01 -4.899586e-01 -1.716297e-02 1.177815e-01
4.757577e-01 2.892087e-01 1.629274e-01 -3.826218e-02 -1.117438e-01 2.070875e-01 -2.694911e-01 -2.363215e-01 -1.889632e-01 -1.759631e-01 1.492129e-01 1.010918e-01 6.548072e-02 9.802268e-02 3.241812e-01 2.516892e-01 -6.579297e-02 2.018828e-01 5.778380e-02 1.445389e-01 7.119511e-01 -1.186844e-02 2.537350e-01 -4.339336e-01 1.435043e-02 1.148758e-02 -1.323772e-01 -2.072221e-02 1.958072e-01 -2.697102e-02 -5.443427e-02 7.037086e-03
3.495434e-01 -3.359234e-02 -2.040095e-01 -1.490396e-01 2.267551e-01 7.634844e-02 4.844320e-02 4.990309e-01 1.008979e-01 1.371281e-01 -8.268483e-02 1.715429e-02 8.198769e-02 2.353158e-02 -1.930476e-01 5.084345e-01 -4.336601e-02 -2.084735e-01 -1.430140e-01 4.994619e-02 -7.947154e-02 1.638896e-01 -7.834863e-04 2.377890e-01 -4.094911e-02 -2.962077e-01 1.737076e-01 -2.015824e-02 2.558464e-01 -7.518008e-05 -2.049418e-01 -6.332550e-01
-1.855325e-01 -3.414292e-01 -5.367726e-02 3.955034e-01 -2.784763e-01 3.132976e-01 -3.622764e-02 -6.721576e-02 1.127341e-01 -7.488318e-02 -6.089026e-02 1.352894e-01 7.617463e-02 1.787026e-01 3.864456e-01 1.364551e-01 6.618686e-01 -1.098526e-01 1.688539e-01 1.684137e-01 -4.613516e-02 -6.387071e-02 -2.655480e-01 3.176819e-01 -1.636226e-03 5.063538e-03 3.100297e-02 8.202340e-02 2.711862e-03 -2.560001e-01 -2.244484e-01 -2.140868e-01
3.312350e-01 7.437021e-02 -7.440238e-02 1.567943e-01 -8.379271e-02 -1.012224e-01 2.563004e-01 -9.016297e-02 5.942384e-02 4.335848e-01 2.786133e-01 -3.496897e-01 -1.123509e-01 -2.178608e-01 3.446456e-01 2.051812e-01 1.088695e-01 7.112024e-03 1.105568e-01 -3.201479e-01 1.692447e-01 -1.072142e-01 2.399496e-02 9.569988e-03 -3.386626e-01 6.459342e-01 2.260260e-01 2.711269e-01 -1.414181e-01 -1.262108e-01 1.287744e-01 -1.589441e-02
5.727757e-01 1.473231e-02 -7.921970e-02 3.913961e-01 2.610375e-01 -9.249560e-02 3.676952e-01 -1.993159e-01 8.042277e-02 1.476948e-01 1.090491e-01 6.181209e-02 1.489911e-01 -1.103948e-02 2.632428e-01 -3.334416e-02 4.111940e-01 -1.455291e-01 -1.824616e-01 -9.721974e-02 -9.072790e-02 -3.125336e-02 4.610344e-01 -2.363436e-01 1.253158e-01 1.738904e-01 4.770357e-01 -2.444967e-01 -8.507517e-02 -1.590494e-01 1.298918e-01 1.990707e-01
1.316811e-01 -2.801712e-01 -1.863023e-01 -1.698888e-01 2.891570e-01 4.965198e-02 1.575067e-01 5.302796e-01 -1.788694e-01 1.215693e-01 3.266395e-02 -2.218307e-01 -1.513400e-01 -7.576820e-02 3.484628e-01 -1.054889e-01 -6.103574e-02 7.480428e-02 -4.502663e-02 -6.569733e-02 -3.851905e-02 -3.535192e-01 -2.573162e-01 3.314500e-02 1.163083e-01 -4.322836e-01 7.195553e-02 2.936983e-02 7.690608e-03 9.060727e-02 -5.112906e-01 -1.877994e-01
5.274978e-01 -2.331118e-01 -2.953508e-01 1.058190e-01 1.530390e-01 4.393524e-02 -3.615663e-02 -1.439482e-01 -1.246794e-01 -1.919521e-01 -1.725592e-01 6.084504e-02 2.619599e-01 3.431996e-01 -2.809364e-01 9.545488e-02 2.031589e-01 -3.630802e-02 -5.182105e-02 3.540291e-01 5.623199e-02 1.041373e-01 -3.746545e-01 8.363688e-02 4.739205e-01 6.118889e-02 2.606727e-01 -1.257701e-01 9.937107e-02 -2.903931e-01 3.121094e-01 8.081295e-02
1.513003e-01 1.915585e-01 3.677257e-02 4.036302e-01 2.193293e-01 3.896193e-01 -3.154368e-01 -2.536792e-01 -1.668226e-01 -2.617218e-01 1.835551e-01 1.528502e-01 -9.990822e-02 3.099054e-01 -1.523381e-01 2.166165e-01 3.679060e-01 -1.456788e-02 -3.772882e-01 6.193022e-01 -3.903459e-02 2.295836e-01 5.408001e-02 1.752008e-01 -1.110422e-02 -8.693843e-02 -2.231288e-01 2.375837e-01 -1.189087e-01 -3.585761e-02 -1.347003e-01 1.341466e-01
-1.044456e-01 4.573865e-01 -1.943230e-01 2.125168e-01 -1.762196e-01 -1.510360e-01 2.306747e-01 -3.063859e-01 -4.697775e-02 -1.352512e-02 -1.341668e-02 -1.613093e-01 6.696593e-03 1.308500e-01 -3.704953e-01 4.341384e-01 2.079538e-01 -1.790368e-01 1.335341e-01 2.033376e-01 3.340722e-01 -2.691469e-02 4.402306e-02 -2.264893e-01 -6.439168e-01 -4.278022e-02 1.810608e-01 -8.270703e-02 1.161166e-01 4.573511e-02 -1.936004e-01 -1.621070e-01
-1.957221e-02 2.215712e-01 -2.445617e-01 3.597503e-01 7.482246e-03 5.852099e-01 3.580691e-02 -1.822327e-01 -1.535844e-01 1.502077e-01 1.682034e-01 1.234205e-01 -2.922044e-01 -9.247233e-02 -2.524661e-01 1.875540e-01 5.001577e-01 -2.125852e-01 -2.155755e-01 9.990993e-03 -4.597085e-02 1.810163e-01 1.073575e-01 -2.831342e-01 1.748454e-01 -1.098651e-01 -1.442412e-02 3.192118e-01 -3.591824e-01 1.118371e-01 -1.187146e-01 3.680597e-01
3.794744e-01 3.508277e-03 4.726844e-01 4.151131e-01 -3.147935e-02 2.904648e-01 -2.855194e-01 -1.175011e-01 -8.553185e-02 -1.811090e-01 -9.580848e-02 -7.659150e-02 -1.584680e-01 -8.623718e-02 1.290833e-01 -2.470331e-01 -2.760609e-01 -2.340213e-02 2.850286e-01 2.538900e-01 1.104568e-01 1.316564e-01 1.367362e-01 1.389579e-01 -1.134272e-01 -2.849129e-01 -3.629625e-01 3.943010e-01 -1.154693e-01 1.100808e-01 2.835531e-01 -3.089049e-01
2.957115e-01 1.825287e-01 -2.187478e-01 3.246309e-01 9.384826e-02 1.706741e-01 -6.905539e-02 3.672261e-02 1.560621e-03 -1.334753e-02 -1.735734e-01 -1.329423e-01 3.694643e-01 1.245892e-01 -1.429359e-01 1.598979e-01 -3.708539e-02 9.631479e-02 -2.933230e-01 7.823502e-02 4.313296e-01 2.894762e-02 6.192122e-02 2.423342e-02 7.986564e-03 2.238353e-01 2.782988e-01 3.579581e-01 -3.509353e-02 2.003996e-01 1.672154e-01 1.016377e-01
-7.419598e-02 -6.552983e-02 1.989258e-02 7.965747e-03 -1.024916e-01 -1.664613e-01 -4.594921e-01 -1.325728e-01 -1.676130e-01 4.601400e-02 -7.871048e-02 6.255628e-01 6.982137e-02 1.671329e-01 2.712345e-01 2.561754e-02 1.238756e-01 -3.159888e-01 -5.248619e-01 2.987378e-01 -1.942132e-02 1.999274e-01 1.781760e-01 1.663119e-01 5.718555e-02 -2.052598e-01 -1.153407e-01 6.419254e-02 -1.626944e-02 -3.398299e-01 2.552388e-02 -1.870197e-01
-8.492100e-02 -3.036956e-01 -9.350570e-02 4.975805e-01 2.038316e-01 3.855780e-02 1.820964e-01 2.297946e-01 -1.685437e-02 -2.782561e-01 9.003006e-02 3.193980e-01 1.729499e-01 -1.244010e-01 1.786823e-01 -1.039088e-01 5.811058e-01 -1.279468e-01 2.226234e-01 3.014764e-01 -5.010932e-02 8.426283e-03 -6.641761e-02 6.202826e-01 6.531146e-02 6.513957e-03 -7.687072e-02 5.773981e-03 3.759210e-02 -6.407042e-02 -7.009134e-02 -3.283222e-02
3.119739e-01 -8.654235e-02 -2.858776e-01 2.910486e-01 -2.153823e-01 -9.713807e-02 -1.796875e-01 -1.273882e-01 2.198455e-01 3.875663e-01 5.225464e-02 -7.943733e-03 -1.377847e-01 -3.937570e-01 -8.971271e-02 -3.830121e-02 3.085525e-02 -3.090869e-01 -5.489079e-02 1.846395e-01 -4.165518e-01 -2.295281e-01 3.428213e-02 1.068280e-01 2.332966e-01 1.077698e-01 5.215574e-01 1.596966e-02 8.594152e-02 -3.620972e-03 1.727670e-01 1.020036e-02
-1.166932e-01 2.869815e-03 1.623025e-01 -1.266189e-01 -9.755734e-02 6.227657e-02 -2.076626e-01 5.868509e-01 -6.874038e-03 -1.472970e-01 -3.948430e-01 2.614143e-01 3.501289e-01 2.026253e-01 4.287211e-02 8.543566e-02 -2.171230e-01 9.185223e-02 3.690132e-02 4.228821e-01 -1.408885e-01 4.694302e-02 -1.057523e-01 5.078057e-02 3.209453e-01 -5.541115e-01 -2.050929e-01 -2.437823e-01 -9.607906e-03 2.759406e-01 3.737821e-02 7.408334e-02
8.019254e-03 -1.140277e-01 4.191400e-01 -4.085086e-01 8.469668e-02 -8.079252e-02 1.425464e-03 3.762308e-01 -1.068281e-01 1.905177e-01 2.723206e-01 -3.377689e-02 -3.214964e-02 -8.044140e-02 -2.737946e-02 -8.511066e-02 -5.481956e-01 2.682685e-01 -1.460097e-01 -3.635239e-01 7.242198e-03 -5.702230e-02 3.447814e-01 -3.359235e-01 1.512832e-01 1.189097e-01 -1.289330e-02 -1.019292e-01 2.817599e-02 1.149375e-01 9.712619e-02 4.744689e-02
-1.715540e-01 5.742320e-01 1.676116e-01 1.267967e-01 4.348131e-02 1.720226e-01 9.210199e-02 1.446837e-01 -2.700408e-01 -2.972738e-01 2.825719e-01 8.347693e-02 -2.109984e-01 -1.066886e-04 3.532745e-03 -1.497879e-01 -7.998472e-02 3.324829e-02 1.100730e-03 -2.596279e-01 -2.673702e-02 -1.930471e-01 -4.410884e-01 -3.794170e-01 -3.714895e-01 2.155469e-01 6.564981e-02 -2.252461e-01 -1.714865e-02 -8.413124e-02 2.791924e-01 1.592250e-01
3.587718e-02 -8.106423e-02 3.621143e-01 -2.610178e-01 1.483959e-01 1.705534e-01 3.353301e-01 -1.998652e-02 -1.071705e-01 -3.119382e-01 4.565837e-01 1.650237e-02 -8.031313e-02 1.963019e-01 9.188384e-02 2.033610e-01 3.823210e-02 2.972786e-01 -2.685770e-01 1.832127e-01 -1.160647e-01 3.663264e-01 7.686915e-02 5.349878e-01 -6.859174e-03 7.824077e-02 9.368583e-02 -1.509172e-01 -1.939612e-01 1.543119e-01 -1.273637e-01 1.672149e-01
1.392173e-01 2.977332e-01 6.157260e-02 3.219024e-01 5.308958e-01 1.037647e-02 1.090019e-01 -1.194208e-02 8.856221e-02 2.252082e-01 -1.301198e-01 1.770772e-01 3.245480e-03 -1.015976e-01 1.036861e-01 9.729003e-02 3.228975e-01 -3.024402e-01 -2.380977e-01 3.856339e-02 2.489479e-01 1.899317e-01 1.298828e-01 -1.699009e-01 9.465333e-02 4.665664e-02 1.163867e-01 3.426870e-01 -3.244564e-01 2.411924e-02 -1.371715e-02 4.381756e-01
3.654529e-02 1.739412e-01 -2.243792e-01 2.452377e-01 -2.193848e-01 1.262874e-01 -3.084746e-01 2.653059e-01 -1.081006e-01 1.393324e-01 -4.837316e-03 -1.314795e-01 3.149189e-01 -1.772579e-01 4.744487e-02 2.630797e-01 -2.761165e-01 -2.561306e-01 7.925980e-03 2.969057e-02 1.323401e-01 4.918048e-01 7.638623e-03 2.104249e-01 2.819321e-02 1.217360e-02 -2.025110e-02 1.666367e-01 1.209261e-01 3.473127e-01 1.058567e-01 -1.134312e-01
-6.065580e-02 -2.737286e-02 1.140622e-02 6.175973e-04 -9.631485e-03 5.284960e-02 -9.996590e-02 -4.539945e-01 1.983449e-01 -3.387064e-02 2.937597e-01 1.183392e-02 -6.493486e-02 6.365808e-01 -2.090028e-01 -1.083730e-01 -4.505879e-02 -9.457546e-02 6.749034e-04 -2.602919e-01 8.565985e-02 -9.968046e-02 -6.945480e-01 4.468094e-02 6.066185e-02 3.198665e-02 -1.339934e-01 6.214485e-02 2.423060e-01 5.369585e-02 1.002267e-02 -2.546097e-01
2.737677e-02 -1.156801e-01 -3.400561e-01 -7.269838e-02 -3.152940e-03 2.041564e-02 -1.903021e-01 -2.373391e-01 2.306825e-01 -2.502210e-01 2.866069e-01 8.933941e-02 3.381134e-01 3.297619e-01 -1.320860e-01 3.988645e-01 1.316195e-01 -1.238466e-01 -1.822294e-02 -8.390830e-02 2.947926e-01 -8.469895e-02 -5.148050e-01 -7.515077e-03 -7.128663e-03 3.704576e-01 7.016852e-02 -5.417506e-01 -5.952559e-02 7.858157e-02 -6.109032e-02 -2.442015e-01
9.466776e-02 6.209643e-01 6.653718e-02 1.477450e-01 4.020195e-03 2.893839e-01 1.324768e-01 1.187711e-01 -3.704779e-01 -5.868489e-02 8.700070e-02 3.594060e-01 2.679177e-02 8.967366e-02 3.401060e-02 7.563395e-02 -4.127546e-02 5.761438e-02 -9.377198e-02 -7.346430e-01 -9.939098e-02 -1.827231e-01 -2.131570e-01 -1.409629e-01 -2.370371e-01 7.078896e-02 5.606008e-02 9.470421e-02 -3.501043e-01 -1.840857e-01 6.093638e-02 -3.177064e-02
-3.318578e-01 -4.107244e-01 7.793082e-02 1.797078e-01 3.260848e-01 1.112177e-01 -5.829446e-04 2.831765e-02 1.253033e-01 1.386465e-01 5.900607e-02 4.476951e-01 3.285868e-01 3.720696e-02 -2.989309e-01 -1.801054e-01 -1.036664e-01 1.429289e-01 5.131040e-02 -4.341831e-01 -7.494976e-02 3.616557e-02 2.891576e-01 1.121573e-01 -4.609322e-03 -2.068755e-02 -4.215370e-01 4.623686e-02 -4.830518e-02 -1.780511e-01 5.929559e-01 1.001465e-01
4.716521e-01 2.229085e-01 -8.920529e-02 5.191166e-02 2.883821e-01 -3.442520e-01 -2.011876e-02 -2.530212e-02 -1.734534e-01 -1.090576e-01 -2.806228e-01 3.620742e-01 1.497264e-01 4.274701e-02 1.461266e-01 7.753822e-02 -2.163993e-01 4.237224e-01 9.032460e-02 -3.400331e-02 -2.174488e-02 1.883315e-01 2.717010e-01 -3.792463e-02 3.155931e-01 1.824128e-02 -3.188925e-01 -3.079287e-01 -8.408362e-02 -3.931867e-02 3.321501e-01 -3.720680e-01
4.673788e-01 -1.737334e-03 4.381015e-01 2.420608e-01 -3.286525e-01 9.462163e-02 -1.371869e-01 -2.754002e-02 -5.616824e-02 -9.962876e-02 3.036399e-01 1.175514e-01 -9.737070e-02 -1.184397e-02 3.200121e-01 -7.401527e-02 -6.236669e-02 1.178311e-01 -1.302568e-01 2.143679e-01 7.280833e-01 -2.459508e-01 1.434801e-01 -1.376861e-01 -5.454402e-03 -7.840591e-03 -2.409948e-02 -2.315215e-02 4.020586e-01 -1.520856e-02 7.349826e-02 -1.214091e-02
-1.492481e-01 -9.526797e-02 -8.306593e-02 6.884018e-01 -7.940928e-02 2.308263e-01 3.761299e-02 -1.037080e-01 6.008131e-02 1.481816e-01 5.660690e-02 2.238482e-01 -3.085154e-01 -1.319576e-01 2.895294e-01 -2.337671e-02 5.072597e-01 -1.746888e-01 -2.626777e-02 3.023515e-02 4.706430e-01 1.486010e-01 -7.475778e-02 -1.814709e-01 1.368725e-01 5.250189e-02 2.212871e-01 2.949083e-01 -2.090028e-01 9.171119e-02 -2.703194e-02 1.874718e-01
6.396585e-01 -2.317861e-03 -2.707846e-01 3.461557e-02 -2.431075e-01 -1.182591e-01 -3.205132e-01 -5.818152e-02 4.788323e-02 -3.982081e-03 -1.457536e-01 1.949306e-01 2.133205e-01 7.116403e-02 -7.211079e-02 -4.622129e-02 -3.844840e-03 6.870869e-01 1.934828e-01 -1.586299e-02 -2.893522e-01 8.747360e-03 1.339397e-02 -2.137198e-01 -8.594627e-03 -1.024846e-01 -1.534125e-02 -4.196985e-01 -9.597696e-02 -5.326768e-02 2.517684e-02 -5.719421e-02
-1.745533e-01 1.857260e-01 4.748295e-01 -7.955194e-03 1.347751e-01 1.517992e-01 3.551396e-01 1.498248e-01 -1.785465e-01 3.208837e-02 -2.777868e-01 2.592781e-01 -3.149940e-01 -1.028336e-01 1.753072e-01 -3.326709e-01 1.157421e-01 2.001243e-01 3.420780e-01 1.061763e-01 3.502131e-01 5.166103e-01 4.350717e-02 -1.498255e-01 3.830678e-01 3.033674e-02 -8.483239e-02 1.936778e-01 -1.931405e-01 -2.247058e-01 1.849792e-01 9.216149e-02
-2.470908e-02 -9.492522e-02 -1.350590e-01 -2.884665e-01 3.977376e-01 1.566658e-01 -2.069143e-01 1.378624e-01 1.136623e-01 1.022585e-01 -3.116316e-01 -2.207888e-01 -1.569700e-01 2.345708e-01 2.691391e-01 -2.864874e-01 -3.437087e-01 2.040233e-01 7.216515e-02 6.556694e-02 -2.662853e-01 1.517847e-01 -6.414879e-02 6.788695e-01 1.450050e-01 1.467682e-01 -1.544371e-02 -6.482557e-02 -1.778306e-01 -1.469553e-01 7.602744e-02 8.449757e-02
7.461213e-02 -1.949241e-01 8.655208e-02 -3.768686e-01 -1.723630e-01 -2.716334e-01 -3.176344e-01 1.204748e-01 4.957757e-01 2.671609e-02 -3.037253e-01 1.639744e-01 8.289898e-02 -2.145095e-01 -3.014172e-02 -2.768463e-02 -3.471700e-02 -3.316213e-01 -4.988866e-01 1.401479e-01 -8.908923e-03 5.362879e-03 7.755133e-02 -1.465388e-01 -5.836805e-02 -1.140878e-03 -4.505902e-01 1.884430e-01 -1.530383e-01 2.915115e-02 3.485855e-01 -2.330419e-01
-3.252065e-01 1.085654e-01 -3.115899e-01 4.138296e-02 -1.109790e-01 -7.324706e-02 2.321616e-02 -1.464972e-01 4.771723e-01 2.478673e-01 2.750379e-01 1.324984e-01 1.567312e-01 -8.555472e-02 3.398712e-01 2.619804e-01 -3.472115e-01 -2.107022e-02 8.377787e-02 6.875867e-02 1.819877e-01 1.273972e-02 -4.346842e-01 1.108257e-01 2.131900e-01 2.722651e-01 -7.006034e-02 -1.457196e-02 -1.108177e-01 4.527065e-01 -2.042202e-01 7.774340e-02
2.209799e-01 7.240122e-02 -9.479576e-02 -1.602422e-02 -2.140622e-01 8.844402e-02 -3.709853e-01 1.773765e-01 -1.840309e-01 -6.135716e-02 -4.725800e-02 8.237445e-02 6.082615e-01 3.637155e-02 8.775305e-02 2.106546e-01 -3.846529e-01 -1.114538e-01 8.357585e-02 2.336661e-01 2.923505e-02 1.179623e-01 6.512608e-02 2.670544e-01 2.391173e-02 1.418134e-01 -3.146377e-01 2.690902e-01 -4.303947e-02 3.727928e-01 -1.164932e-01 1.789505e-01
-9.625863e-02 2.317877e-02 -7.879922e-02 1.162796e-02 -3.049083e-01 3.288825e-01 1.178879e-01 4.652701e-01 4.256256e-02 2.803567e-01 -1.096635e-01 2.405842e-01 -3.444453e-01 -9.739946e-02 -2.468530e-01 -4.005124e-01 1.116411e-02 7.708834e-03 5.776321e-01 -7.493822e-03 4.989422e-02 3.923731e-01 4.397186e-02 2.353639e-03 1.826439e-01 2.501990e-01 -2.333269e-02 3.439085e-01 -3.141910e-02 -6.265160e-02 3.873665e-01 2.708508e-01
3.752629e-01 4.035191e-01 1.069867e-01 3.668385e-01 -1.755091e-01 -1.708726e-01 -2.407392e-01 -2.534874e-01 -1.825260e-01 -2.597805e-01 2.894709e-03 -1.847130e-01 -2.675914e-02 2.576119e-01 -6.956229e-02 1.571278e-01 6.770284e-01 -2.393915e-01 1.115147e-01 -1.093189e-02 3.265510e-01 -1.025896e-01 -4.008507e-01 -1.995384e-01 -4.891574e-02 -1.263592e-01 1.910002e-01 3.186545e-02 3.128412e-02 8.059040e-02 -5.651974e-02 -3.676991e-02
5.422786e-01 6.326050e-03 -1.341530e-01 2.756167e-01 3.027234e-01 -7.339118e-02 2.663730e-01 -3.944223e-01 5.781107e-02 1.224861e-01 6.360191e-02 4.754623e-03 1.278696e-01 1.000924e-02 -3.022492e-01 -1.246762e-01 -1.411252e-03 -1.494854e-01 1.805162e-01 9.699003e-02 3.986484e-02 -8.803142e-02 1.770340e-01 -1.155713e-01 4.509266e-01 -2.234838e-01 3.835932e-01 -1.679824e-02 -9.264236e-02 -4.770643e-01 2.208534e-01 1.803194e-01
4.035848e-01 2.965897e-01 2.276035e-01 1.205696e-01 -3.130032e-01 3.359964e-01 -1.558873e-01 -3.169896e-01 -2.914245e-01 -1.861188e-01 3.814295e-02 8.620776e-02 1.573345e-01 6.460533e-02 3.135945e-01 9.074873e-02 -5.748415e-02 2.112526e-01 1.010826e-02 2.436146e-01 6.314305e-01 -3.788432e-01 3.979083e-01 -3.123239e-01 3.114852e-02 2.984138e-02 -1.113346e-02 -2.447599e-02 7.805139e-02 -3.539298e-02 1.102756e-01 6.045947e-03
-4.468561e-02 3.399231e-02 -5.720349e-02 3.050481e-01 -1.531575e-02 2.703140e-01 1.581132e-01 -2.023971e-01 2.993159e-02 4.032514e-01 -7.032239e-02 3.537567e-01 -1.742693e-01 -1.419261e-01 -2.831438e-01 2.372910e-01 -1.299445e-01 -3.186380e-01 1.469430e-02 -3.691333e-02 8.844908e-02 -2.863424e-01 -5.882791e-02 -2.830101e-02 -3.868293e-01 1.907554e-01 -6.069102e-01 -7.870498e-02 -3.975264e-03 -2.459357e-01 2.123917e-02 -6.003330e-02
8.494335e-02 5.358338e-01 -3.690552e-02 -5.203371e-02 -5.332548e-03 1.362788e-01 -1.513495e-01 1.354733e-01 -6.611866e-02 8.628270e-02 -5.446991e-02 -1.420558e-01 2.532624e-01 -2.801669e-01 -2.909274e-02 -1.978410e-01 4.490778e-02 -2.350700e-01 -8.226471e-02 6.896733e-02 6.222511e-02 -4.287842e-01 -2.315678e-01 9.246059e-02 1.108046e-01 2.002407e-01 -2.846506e-01 8.044447e-02 1.087087e-01 -3.082550e-01 -3.643785e-01 -1.013739e-01
4.874084e-01 -3.920501e-01 5.304269e-03 -1.637858e-01 -4.945974e-02 8.750819e-04 -1.997938e-01 -1.265316e-02 -9.914751e-02 -2.564802e-01 -1.490015e-01 1.927379e-01 8.512954e-02 -8.452684e-02 -2.465660e-01 6.811961e-02 -6.336388e-02 1.146495e-01 -5.189124e-04 2.460312e-01 5.628048e-02 -3.265236e-01 -2.156320e-01 -1.627489e-01 -5.511829e-02 -1.395781e-01 -5.678253e-01 -2.286257e-02 -3.764975e-02 5.065915e-02 -1.633399e-01 4.890059e-01
-1.917933e-01 2.385701e-01 1.353785e-01 -2.850536e-01 -9.950677e-02 -1.009471e-02 -2.867472e-01 4.993102e-02 -3.175099e-01 -1.932523e-01 -2.808987e-01 4.293420e-01 2.497829e-01 -4.818238e-02 2.676043e-01 2.438597e-01 -9.639132e-02 1.226260e-01 -2.079836e-01 2.130548e-01 2.488732e-01 -2.851368e-01 1.583495e-01 -2.995923e-01 -3.263964e-01 -1.451026e-01 -2.234924e-01 2.228008e-01 -5.221704e-02 -4.436617e-01 1.947776e-02 1.390776e-01
-1.838881e-01 8.121175e-02 3.075627e-02 1.576334e-01 2.878260e-02 1.133404e-01 -2.228598e-01 5.271513e-01 -2.299376e-01 -1.566597e-01 -2.041961e-01 2.497936e-01 2.741368e-01 -2.580991e-02 1.728247e-01 2.738569e-01 -1.451050e-01 -9.591574e-02 -3.355806e-02 3.720320e-01 1.619193e-01 -1.431864e-01 3.506727e-02 1.844538e-02 3.407462e-01 -5.970815e-01 -1.722057e-01 -2.148924e-01 9.469395e-02 1.767574e-01 -4.090619e-02 1.483292e-02
3.889242e-01 9.448957e-02 5.485275e-01 -1.623954e-01 2.575603e-01 -6.252845e-02 3.343306e-01 -4.643589e-02 -5.165054e-02 -1.140289e-01 -7.670535e-03 2.149456e-01 7.949399e-02 2.890396e-01 2.396391e-01 1.852170e-01 1.683454e-02 2.037498e-01 1.252036e-01 -5.362417e-02 4.190899e-01 1.988196e-01 9.292910e-02 -8.439794e-02 -3.070966e-01 -1.486869e-01 -5.423530e-01 1.106037e-01 -2.618184e-01 -3.156921e-01 9.722222e-02 -6.858677e-02
-6.762171e-02 5.924727e-01 -1.443579e-01 -3.072080e-01 8.629890e-02 2.059448e-01 9.591667e-02 -1.170554e-01 3.841994e-01 -7.391481e-02 -2.892462e-01 -9.717049e-02 -1.104795e-01 -1.403690e-01 -2.699121e-01 1.323152e-01 1.607729e-01 -2.674825e-02 1.027227e-01 5.137362e-02 2.156328e-01 5.161590e-01 -1.286111e-01 -8.177428e-02 -2.183381e-01 -1.771691e-01 -2.502133e-02 2.232409e-01 1.221803e-03 -2.297231e-02 -4.827970e-01 2.286977e-01
-3.424284e-01 -1.010922e-01 2.988801e-01 1.030268e-01 -1.863559e-01 -1.990111e-01 -2.440691e-02 2.177023e-01 4.957306e-02 4.411787e-01 4.634821e-02 3.443737e-01 2.112009e-01 -1.361367e-01 1.012333e-01 -2.832591e-01 3.054830e-01 1.511536e-01 4.261129e-01 -4.719386e-01 8.034680e-02 4.024755e-01 -1.291491e-02 -8.884808e-02 2.122483e-01 2.740203e-01 2.735520e-02 2.388910e-02 1.900655e-01 -3.632005e-02 -3.767581e-02 -1.786325e-02
6.718155e-01 2.895241e-01 1.620433e-01 -1.789286e-01 -3.672489e-01 -2.320517e-01 -1.754696e-01 -3.385055e-02 -1.037607e-01 5.600617e-03 -2.305859e-01 -7.746277e-03 1.055302e-01 -3.598838e-02 2.596595e-02 -3.574199e-02 3.729145e-02 7.302440e-01 1.457770e-01 1.103970e-03 5.503847e-02 -4.528110e-02 6.659952e-02 -2.192677e-01 8.206688e-03 -7.953025e-02 -2.392481e-01 -4.178278e-01 8.763478e-03 -9.554319e-02 9.857917e-02 4.281922e-02
2.622699e-01 7.601812e-02 -7.491660e-02 4.393640e-01 -8.418524e-02 1.133636e-01 -2.203815e-01 5.646866e-02 -1.759641e-01 1.514030e-02 3.800628e-02 5.375015e-02 2.626737e-01 -2.468808e-01 -3.501484e-01 -4.083161e-02 -3.243153e-01 5.277680e-01 -1.878637e-01 1.777684e-01 1.400067e-01 9.202731e-02 -8.782281e-02 7.399489e-02 3.699115e-02 8.216964e-02 4.024474e-02 2.777919e-01 1.671270e-01 3.455577e-01 1.504718e-01 1.594028e-01
7.696070e-02 5.274107e-02 -2.691212e-01 -7.040382e-02 -4.470507e-02 -8.556882e-02 -2.088485e-01 6.151015e-02 6.916355e-02 -1.649195e-01 6.887313e-01 -5.107684e-01 1.669445e-02 1.004638e-01 8.079701e-02 -2.386615e-02 2.249194e-03 3.892834e-01 -1.491657e-01 6.941320e-02 2.187047e-01 2.464594e-01 -7.004204e-02 -3.045840e-01 3.099133e-01 -3.765150e-01 3.437095e-01 -2.261677e-02 -2.070374e-01 2.918022e-01 -7.181209e-02 -8.538978e-02
3.508298e-01 -1.062292e-01 3.810149e-01 -1.520678e-01 1.772944e-01 5.178409e-02 -3.314917e-01 2.314525e-01 6.096910e-02 2.837905e-01 3.728915e-02 -7.518426e-02 1.493981e-01 6.138394e-02 5.398448e-01 -1.479995e-01 -3.278061e-02 -1.203311e-01 1.311966e-02 4.766555e-02 7.812432e-01 1.356109e-02 1.698001e-01 -4.184338e-01 4.912979e-02 1.294946e-02 -2.696904e-01 3.792297e-03 -2.012995e-01 -5.070085e-03 6.920563e-02 9.489581e-04
-3.607356e-01 -2.912414e-01 -2.928425e-01 5.886133e-02 -3.550649e-02 -1.562184e-01 3.712786e-01 1.258420e-01 2.573910e-01 -3.210584e-03 1.341412e-01 -1.490955e-01 -1.564777e-01 -7.266744e-02 -3.001954e-01 -7.261968e-02 8.654188e-02 -8.561968e-02 -8.818917e-04 -1.407332e-01 -5.914242e-01 6.184811e-02 -2.687369e-01 5.763342e-01 -2.392499e-02 -4.946135e-02 1.381114e-01 2.994633e-02 -7.301684e-02 8.462815e-02 -5.713905e-02 -1.170279e-02
-1.725373e-01 -3.060659e-01 -5.463369e-02 4.974163e-01 1.684339e-01 -3.062092e-03 2.271069e-01 -1.759984e-01 4.438128e-01 1.764429e-01 8.090234e-02 8.832945e-03 -2.560182e-01 8.578628e-02 1.000170e-02 -1.807322e-01 1.908913e-02 7.100797e-02 -1.086601e-01 -8.269494e-02 -1.328683e-01 -1.961128e-02 2.721353e-01 7.078594e-02 2.094190e-01 -4.852550e-03 4.641329e-01 -5.670123e-02 2.339080e-01 -3.065742e-01 -2.753196e-01 -4.660407e-01
7.669803e-02 3.622637e-01 8.464375e-02 2.557231e-01 -3.695624e-01 -1.992655e-01 1.469873e-01 -1.950142e-01 -2.033561e-01 -2.213446e-01 2.449909e-01 7.096302e-02 9.124975e-02 -5.754091e-02 -2.431771e-01 3.346298e-01 4.410757e-01 -3.016206e-01 8.951832e-02 1.704532e-02 2.741006e-01 -1.078108e-01 1.411429e-02 -4.742410e-01 -1.679739e-01 -1.451318e-01 1.146574e-01 9.219188e-02 1.441000e-01 2.281135e-01 -4.667447e-02 -9.187835e-02
6.733920e-02 -1.998164e-03 -2.777352e-01 1.797308e-01 6.291290e-02 3.102295e-03 -2.222100e-01 2.753308e-01 8.348997e-02 -8.375348e-02 4.900238e-01 -3.494184e-01 8.019131e-02 7.594178e-02 3.001158e-01 -6.094865e-02 7.327008e-02 3.475235e-01 -1.174590e-01 4.949462e-02 2.693645e-01 2.157621e-01 -1.548302e-02 -3.139047e-01 5.094747e-01 -3.909052e-02 3.519069e-01 2.049994e-02 -1.561071e-01 7.744457e-02 -1.387760e-01 5.668518e-02
-1.787331e-01 2.377709e-01 -1.354673e-01 -7.703640e-02 2.524793e-01 -2.175997e-02 -5.655918e-02 5.103922e-01 -1.814683e-01 -1.354308e-01 -2.532972e-01 2.989786e-01 2.545425e-01 -4.781581e-02 1.540861e-01 2.887601e-01 4.893706e-02 -1.925121e-01 -1.752400e-01 2.586973e-01 1.550833e-03 3.417104e-02 -6.913775e-02 5.373242e-02 4.805952e-01 -6.249130e-01 -9.451140e-02 -6.207827e-03 -1.143833e-01 2.658664e-01 1.122972e-01 -6.534742e-02
-1.389766e-01 1.178166e-01 4.619092e-01 -8.400202e-03 -1.092108e-01 2.564134e-01 1.856803e-01 2.322491e-01 -2.865722e-01 -8.404979e-03 -2.199863e-01 -4.294824e-02 -2.123717e-01 -3.510531e-01 3.376977e-01 1.045017e-01 1.442699e-01 5.159959e-01 1.471970e-01 2.632090e-01 8.781838e-02 1.781075e-01 1.730253e-01 -4.006375e-02 2.863041e-01 -1.027926e-01 -4.131812e-01 1.328808e-01 -4.461753e-03 -3.294072e-01 1.680774e-01 1.349467e-01
-7.352509e-03 -2.360793e-01 -3.842083e-01 3.542503e-01 -3.631715e-02 2.820220e-01 -1.963203e-01 -1.790207e-01 6.743889e-02 1.153943e-01 -8.280150e-03 1.223622e-01 -1.598008e-01 -2.282065e-02 5.109748e-01 -9.808402e-02 5.735613e-01 -3.251358e-01 -1.366425e-01 1.801212e-01 2.035475e-02 -3.843039e-02 -1.215989e-02 -1.415664e-01 1.824537e-01 6.593738e-02 -8.782038e-03 8.811892e-02 -4.750537e-01 1.616967e-01 -1.483711e-01 2.067658e-01
6.030351e-02 -2.654876e-01 5.304447e-01 -1.312619e-01 -8.002125e-02 -3.506993e-01 2.259748e-01 9.436605e-02 -1.830850e-01 -2.975692e-02 -3.403750e-01 1.898454e-01 -6.410366e-02 -4.471332e-02 1.937202e-02 -1.160180e-01 4.679436e-01 2.634656e-02 1.148857e-01 -1.274720e-02 -2.941378e-01 1.539628e-01 9.872140e-02 3.227661e-01 -4.405743e-02 -1.039268e-03 3.361133e-01 1.744546e-01 2.630811e-01 2.275927e-02 -4.809871e-02 2.868260e-01
-2.275307e-02 5.381695e-01 -2.305927e-01 -1.438322e-01 1.942205e-01 9.929805e-02 -1.672020e-01 4.950866e-02 4.136512e-01 -2.021519e-01 -3.142806e-01 -2.822645e-01 -4.583299e-03 -5.149618e-02 -4.415565e-02 8.296413e-02 -1.171750e-01 -8.259656e-02 1.874650e-01 1.788130e-01 4.503638e-01 2.627594e-01 -2.582000e-01 3.557291e-01 -1.717002e-01 -1.773995e-01 -1.267317e-01 5.047667e-02 -1.507362e-01 -1.314739e-02 6.734487e-03 1.835048e-02
-1.087607e-01 1.161147e-01 5.374627e-01 1.671176e-01 -1.870484e-02 -3.292284e-02 1.379316e-01 2.714059e-01 -3.869704e-01 -2.407369e-01 -8.567128e-02 7.399530e-02 -3.394610e-01 -2.502823e-01 2.340201e-01 -1.221811e-01 2.869980e-01 5.206831e-01 9.553494e-02 2.419183e-01 9.645317e-02 2.167446e-01 1.117850e-01 -1.667742e-02 3.295391e-01 -2.157650e-01 -3.845036e-01 1.181893e-01 -4.791109e-02 -1.729984e-01 1.885285e-01 1.936074e-01
-3.841677e-02 -8.832180e-02 -1.687794e-01 -1.744268e-01 2.529281e-01 3.513407e-02 -2.347241e-01 3.248742e-01 1.756662e-01 -2.298011e-01 2.733294e-01 -2.785781e-01 1.579298e-01 2.607893e-01 2.620204e-01 -2.393801e-01 2.484248e-01 2.649079e-01 -4.036592e-01 1.365954e-01 3.284404e-01 2.843398e-01 3.864380e-02 -7.374684e-02 3.301262e-01 -1.767226e-01 4.067666e-01 7.832535e-02 -1.117339e-01 2.286248e-02 -5.629901e-02 -8.400416e-02
5.196357e-01 3.483998e-01 -1.325690e-01 1.097571e-01 -2.575275e-01 -2.540721e-01 -1.403700e-01 -2.398887e-01 2.640974e-03 -2.653989e-01 -1.473433e-02 1.579824e-01 2.921971e-01 1.972875e-01 1.055020e-01 -4.358761e-02 1.310021e-02 2.844645e-01 2.991701e-01 -3.778721e-02 4.521907e-02 1.410199e-02 5.375886e-02 -5.685788e-01 -5.105531e-01 -6.259331e-02 -4.669565e-02 -2.520158e-01 1.283627e-01 4.475370e-03 -2.034839e-02 1.811223e-02
8.795525e-02 1.041856e-01 7.522268e-01 1.857951e-03 -1.017836e-01 1.103003e-01 2.143701e-01 5.714258e-03 6.138514e-02 2.544987e-02 1.616071e-01 -6.006839e-03 -1.498657e-01 2.835602e-01 3.679808e-01 -2.884959e-02 -5.257197e-01 6.821485e-02 6.098542e-03 -1.430979e-01 5.353792e-01 -2.335835e-01 1.010853e-01 2.472314e-02 -1.486921e-01 3.367860e-01 1.372847e-01 1.024246e-02 -1.844214e-01 1.062722e-02 -2.841215e-01 -1.734213e-01
3.089426e-02 -2.072139e-01 -3.354191e-01 8.553772e-02 1.542084e-01 4.740345e-01 -2.629263e-01 -2.040303e-01 2.943650e-03 2.362599e-01 6.561778e-02 5.128027e-02 -3.597889e-01 -1.801344e-01 -7.630015e-02 -1.379877e-01 -8.539516e-03 3.261317e-03 9.094890e-02 -1.675919e-03 1.027253e-01 -1.023179e-02 1.557910e-02 -5.251480e-03 -3.590825e-01 -3.202172e-02 1.489429e-01 -6.972082e-01 -9.954517e-02 -2.305700e-01 1.098970e-02 2.661741e-02
2.739557e-02 -1.096148e-01 1.694513e-01 -3.134535e-01 4.775689e-02 -8.701544e-02 -1.704869e-01 1.644135e-01 -1.483050e-01 -1.059159e-01 -1.827427e-01 6.811426e-01 1.894589e-01 -8.668151e-03 1.502859e-01 -2.882466e-01 -6.212043e-02 8.160464e-02 -3.947598e-01 -1.165962e-01 1.930994e-01 -1.206058e-01 1.620222e-01 2.829633e-01 -4.348342e-01 -8.199571e-02 -3.182425e-01 1.721544e-01 1.430830e-01 -4.770025e-01 -6.518624e-02 -1.299329e-01
4.100972e-01 -1.236551e-01 6.444423e-02 1.098336e-01 5.193520e-01 8.582175e-02 6.187702e-02 5.465874e-03 1.230914e-01 1.869882e-01 1.163618e-01 3.646269e-02 3.898758e-01 2.272437e-01 -1.719746e-01 9.904218e-02 -1.722025e-01 -3.201906e-01 -2.475545e-01 8.702199e-02 -5.328913e-02 2.498296e-01 -1.083687e-02 9.270789e-02 1.946861e-01 -4.272664e-01 3.620344e-01 -5.195472e-02 6.335032e-02 -2.112362e-01 -1.927770e-01 -3.152349e-01
-1.117422e-01 -3.014243e-01 -3.770623e-01 3.268692e-01 -9.662720e-02 1.711829e-01 -9.611531e-02 -1.371596e-01 1.572414e-01 -1.172103e-01 5.155326e-01 1.156453e-01 4.941385e-02 1.622473e-01 1.449874e-01 -1.890115e-02 -2.243868e-01 -3.878710e-02 1.236070e-02 -1.390343e-01 2.989976e-01 -1.137235e-01 -1.059987e-01 2.476748e-01 1.649333e-01 2.716447e-01 -2.753060e-01 -9.448704e-02 4.906411e-02 4.539184e-01 -7.980141e-02 -2.328436e-01
4.708179e-01 9.405087e-02 -4.508868e-02 -1.435203e-01 -2.849287e-01 -3.464901e-01 2.229882e-01 -7.611412e-02 -8.553379e-02 3.370572e-01 1.738961e-02 -2.684535e-01 4.033515e-01 4.791174e-03 -4.878515e-02 -1.525798e-01 -5.805529e-01 5.902643e-02 2.750385e-01 -1.551182e-01 1.041688e-01 1.558212e-01 1.065386e-02 -1.015157e-01 -7.110721e-02 1.551933e-01 1.656284e-01 7.544134e-02 -1.651189e-02 -4.258077e-01 -2.284684e-01 8.871192e-02
-1.406869e-01 -8.521091e-02 1.381596e-01 -2.434019e-01 -5.089308e-02 2.384131e-02 -4.000239e-01 2.347631e-01 -1.992315e-01 -5.013357e-02 -2.630226e-01 6.009545e-01 3.502591e-01 -6.697173e-02 9.048605e-02 -5.259838e-02 -1.046807e-01 4.869235e-02 -3.683435e-01 9.971121e-02 1.557562e-01 -2.449239e-01 2.561381e-01 1.884642e-01 -4.721819e-01 -3.213207e-01 -3.074481e-01 1.196096e-01 5.565331e-02 -3.809116e-01 2.998729e-02 -5.713716e-02
3.420919e-01 -2.900389e-01 -2.189829e-02 -2.123785e-01 -3.479909e-02 -1.726618e-01 -1.462708e-01 -7.662869e-02 2.536607e-01 1.668361e-01 -2.183446e-01 -1.172523e-01 2.662992e-01 2.525308e-01 -1.939675e-01 4.045129e-01 2.035115e-02 -1.451104e-02 1.091705e-01 -9.730901e-02 -7.736441e-02 1.270582e-01 4.123665e-01 3.992741e-01 3.170050e-01 -1.628944e-01 9.615955e-02 2.052490e-01 1.575627e-03 3.937940e-01 -2.761771e-01 -2.668554e-01
8.878299e-02 2.790746e-02 1.722433e-01 -1.282932e-01 -2.862365e-01 -1.232040e-01 1.383112e-01 -2.457699e-01 -2.274300e-01 3.365541e-01 -1.896461e-01 3.539531e-01 2.300502e-02 -3.048495e-01 -2.985094e-02 1.624584e-01 1.240800e-02 -3.346894e-02 1.899820e-02 -3.644876e-02 2.178920e-01 3.198011e-01 5.557756e-02 -3.442272e-02 5.894928e-02 6.050100e-01 6.582917e-02 -3.554467e-02 1.066203e-01 -2.763116e-01 3.962683e-01 1.676390e-01
1.277419e-01 2.369962e-01 -8.959132e-02 4.521808e-01 2.897892e-01 3.087029e-01 4.614155e-02 9.263444e-02 -3.244824e-01 2.005087e-01 1.902106e-01 1.628460e-01 2.532566e-01 2.876331e-01 -1.350586e-01 2.049866e-01 -4.708285e-02 -4.553271e-02 1.285489e-02 -5.637361e-02 3.971645e-03 1.777588e-01 -1.343524e-02 6.576889e-02 -6.801620e-01 -1.442970e-01 -2.238599e-01 -2.217384e-01 1.406948e-01 1.840819e-01 -4.648481e-01 -1.594466e-01
2.368351e-01 2.977218e-01 -2.115898e-01 3.467436e-02 -1.106493e-01 -4.664914e-02 4.047999e-02 -3.057098e-01 1.867965e-01 4.251724e-01 3.778491e-01 -2.439601e-01 -3.178781e-01 -7.278951e-02 3.379690e-02 1.104552e-01 1.028522e-01 2.851791e-02 2.327850e-01 -3.359283e-01 -1.887131e-01 2.824626e-01 -1.103611e-02 -1.190773e-01 -1.760558e-01 3.337476e-01 1.632129e-01 1.327401e-01 -1.959763e-01 -4.928295e-01 -2.225481e-02 7.873970e-02
-9.306438e-03 1.206368e-01 2.206637e-01 2.599407e-01 -9.590819e-02 -6.691542e-02 9.062001e-02 1.217905e-02 -1.823125e-01 2.299464e-01 6.161668e-02 -3.442512e-01 6.740296e-01 8.494803e-02 3.480054e-02 -1.614852e-01 -2.153720e-01 -1.128225e-01 -3.248237e-01 1.793241e-01 -4.614240e-01 -4.731790e-01 2.554888e-02 -1.758173e-01 -6.572811e-02 -2.844309e-03 7.659762e-02 -5.576661e-02 -1.378933e-01 3.150315e-01 -7.989562e-02 -2.469124e-01
1.649756e-02 7.440257e-02 5.402715e-01 -1.732220e-02 4.090905e-01 1.177997e-01 2.293610e-01 -5.820680e-02 -1.344414e-01 -3.221065e-01 3.984806e-01 -5.132879e-02 -6.354019e-03 -1.404128e-01 2.144403e-01 5.096660e-02 2.500617e-01 1.468208e-01 -1.066807e-01 7.477691e-02 -2.399405e-02 2.620100e-01 2.090988e-01 5.418944e-01 2.156058e-01 1.749246e-01 6.336328e-02 -1.960523e-01 -1.831279e-01 3.909224e-01 -6.048162e-02 5.090948e-02
1.413526e-01 1.175928e-01 2.123699e-01 3.767602e-01 1.695972e-01 3.589734e-01 -3.884901e-01 -3.374912e-01 -8.629993e-02 -1.268476e-01 3.459116e-01 1.491724e-01 -3.304873e-02 1.841955e-01 -1.727344e-02 -2.474023e-01 5.390383e-01 8.814532e-02 -1.821555e-01 1.795899e-01 6.097044e-02 3.508517e-01 2.011392e-01 -7.271017e-02 -9.220526e-02 -4.069062e-01 -1.537411e-01 1.320676e-01 5.303829e-02 -1.286574e-01 -1.613804e-01 7.701117e-02
2.495002e-01 2.010954e-01 6.789424e-02 3.907202e-01 1.766530e-01 3.788288e-01 4.123933e-02 2.586618e-01 -9.823407e-02 2.484458e-02 2.847271e-01 1.397052e-01 2.251076e-01 2.183482e-01 -1.475863e-01 3.547525e-01 -5.518572e-02 4.565879e-02 9.254999e-02 -7.011787e-01 -3.365342e-01 -8.988260e-02 -2.845218e-01 2.857719e-02 -2.297091e-01 1.314617e-01 -1.862803e-01 -5.047856e-02 2.063606e-02 5.279824e-02 2.482730e-01 4.989782e-02
-7.908486e-02 1.966485e-01 -3.045086e-01 1.872860e-01 5.633658e-02 -1.554836e-01 -9.365508e-02 9.702019e-02 -1.087530e-01 5.345179e-02 5.740088e-01 1.029946e-01 -1.009108e-01 -6.736337e-02 -1.522223e-01 2.196505e-01 -1.379963e-01 -1.344075e-01 -3.241757e-02 -1.050740e-01 9.831376e-02 -7.083011e-02 -1.416634e-01 5.018668e-01 3.323354e-01 5.029666e-02 -4.186080e-01 2.571341e-01 3.076006e-02 6.437017e-02 1.039637e-01 -2.120560e-01
1.202760e-02 8.875699e-02 -1.734384e-01 5.026241e-01 3.987471e-02 5.288485e-01 1.109005e-01 -8.093777e-02 -1.235605e-01 1.914735e-01 -1.028338e-02 2.007043e-01 -3.927835e-01 -7.890492e-02 -5.519252e-03 9.144864e-02 4.173127e-01 -2.808421e-01 -2.855108e-01 -3.663757e-02 -4.973469e-02 1.404457e-02 9.780937e-02 -3.757668e-01 9.419429e-02 -1.727342e-01 -1.248451e-02 2.307220e-01 -2.753012e-01 1.899868e-01 -1.693071e-01 3.963828e-01
-1.007994e-01 -3.324488e-01 -1.218510e-01 -6.320946e-03 2.917529e-01 5.341401e-01 -2.092628e-01 -3.899261e-02 7.617558e-02 1.801939e-01 1.497623e-01 -2.414096e-02 -3.370257e-01 -1.606933e-01 -6.207441e-02 -1.439142e-01 2.937931e-02 -1.736777e-02 -6.226389e-01 3.530462e-02 1.193530e-01 -2.562780e-02 -1.656503e-02 2.059121e-01 -3.144359e-01 3.742489e-02 -1.322452e-01 -2.383199e-01 -1.499759e-01 -2.616608e-01 -5.037417e-02 -7.054533e-03
9.685709e-02 5.678684e-01 -7.746679e-02 2.183968e-01 -1.675469e-02 3.769233e-01 1.216482e-01 1.608570e-02 -2.532423e-01 3.659298e-02 3.165395e-01 6.987829e-02 -3.112458e-02 4.322786e-01 -1.331872e-01 5.034425e-02 -9.824345e-02 -1.255905e-01 1.106166e-02 -1.190063e-01 -7.873591e-02 2.299408e-01 -1.337740e-01 9.541196e-03 -6.469237e-01 -4.024617e-02 -1.618999e-01 -1.968224e-01 2.867378e-01 5.112421e-02 -4.885324e-01 -6.466776e-02
-7.194148e-02 -3.920957e-02 -1.138234e-01 6.316552e-02 -3.070877e-01 2.064465e-01 4.047900e-01 3.712394e-01 1.736161e-01 1.728062e-01 -1.735341e-01 2.620021e-01 -1.786560e-01 -2.518054e-01 -2.171716e-01 -3.186402e-01 -6.651121e-02 9.105422e-02 -1.241453e-01 3.870170e-01 -1.851513e-01 2.370189e-01 4.327295e-01 2.992590e-01 1.132774e-01 -4.076943e-01 -3.125503e-01 3.195476e-02 2.106703e-01 -2.842964e-02 -3.445608e-02 -1.433254e-01
-3.255393e-01 -2.053068e-01 -2.023464e-01 -2.431889e-01 4.151767e-01 -1.332577e-01 9.712701e-02 2.744708e-01 2.575480e-01 3.395125e-01 -1.096819e-01 -5.467247e-02 -7.840389e-02 -1.027049e-01 -3.149445e-01 8.957428e-02 1.544876e-02 -1.759795e-01 -9.595066e-03 -1.739876e-01 -6.136932e-01 3.833601e-01 -3.547957e-01 3.680840e-01 2.872365e-03 1.712063e-02 7.068681e-02 2.848565e-02 -3.637122e-02 7.988518e-02 -5.379049e-02 -1.620186e-03
-3.525282e-02 1.660005e-01 5.597257e-01 -4.737657e-02 1.266268e-01 5.211471e-02 3.320747e-01 1.621559e-01 -1.881984e-01 -1.236382e-01 -2.747365e-01 -1.826301e-02 -1.786111e-01 -1.193432e-01 2.330141e-01 -3.850994e-01 -1.614907e-01 8.527903e-02 -9.396521e-03 1.470687e-01 -3.022228e-01 2.160640e-01 4.514785e-01 -1.133029e-01 4.191758e-02 -3.639920e-01 -4.145380e-02 4.748869e-01 9.243598e-02 -9.155354e-02 2.274349e-01 2.995952e-01
-2.421198e-01 -3.500352e-01 4.561653e-01 -2.622428e-01 2.118483e-02 -5.940594e-02 3.691797e-02 2.608267e-01 -2.994745e-02 -6.022210e-02 1.162545e-01 2.247628e-01 2.916859e-02 -2.694922e-01 1.869914e-01 -3.437398e-01 -3.266149e-01 2.210134e-01 -3.715729e-02 -4.221977e-01 -1.624513e-01 -1.143900e-01 5.951232e-02 1.795523e-01 4.475458e-01 -2.367668e-03 -1.712638e-02 2.004763e-01 -2.110415e-01 3.115262e-02 2.736149e-01 2.523407e-01
-8.292757e-02 -2.183608e-01 2.011844e-01 -2.111478e-01 -6.637338e-02 2.234871e-02 2.594159e-01 -1.318144e-01 -3.951289e-01 1.732297e-01 3.022732e-01 5.640544e-01 -8.327124e-02 -1.604415e-01 8.654435e-02 1.398897e-01 3.761291e-01 1.106032e-01 -1.881201e-01 8.555979e-02 -2.135199e-01 -7.091483e-02 4.024213e-01 -2.865714e-01 -3.086913e-03 1.357978e-01 2.072009e-01 2.392470e-01 1.899086e-01 2.161588e-01 -3.869824e-01 -7.496899e-03
1.282030e-02 3.537749e-01 4.398032e-02 1.545604e-01 -1.397396e-01 -1.718897e-02 9.363882e-02 4.829617e-02 -2.469243e-01 -1.346277e-01 -1.390389e-01 -1.084240e-01 5.782734e-01 3.777982e-01 -9.887615e-02 -3.053762e-01 -5.276406e-02 6.617712e-02 -1.803206e-02 7.603419e-02 2.148830e-01 -1.171977e-02 7.101924e-01 -4.557194e-03 2.697374e-01 -2.482646e-02 -4.687887e-01 1.917379e-02 -3.105591e-02 -5.609696e-02 -1.682936e-01 5.369588e-02
4.361545e-01 -1.171005e-01 1.484426e-01 1.296439e-01 3.317118e-01 -4.986181e-02 1.049133e-01 -1.486739e-01 -2.530882e-01 1.395354e-01 1.664740e-01 8.131187e-02 3.713290e-01 1.766720e-01 -2.323726e-01 1.844097e-01 6.888673e-02 -3.236122e-01 -2.119995e-01 7.704507e-02 -9.016733e-02 2.710984e-01 7.966930e-03 -7.839432e-02 -5.190875e-02 -4.542595e-01 5.309951e-02 1.791304e-01 1.956587e-01 -2.863610e-01 -4.552748e-02 -3.619413e-01
1.279168e-01 2.571358e-01 1.084583e-01 1.421490e-01 3.680299e-01 3.856005e-01 1.421840e-01 -1.861703e-01 5.189635e-03 3.275792e-01 -2.177312e-01 1.840508e-01 -1.407719e-01 -5.469874e-02 -3.146936e-01 2.331998e-01 5.536704e-01 -3.489603e-01 -2.142864e-01 -6.309750e-02 6.946900e-02 1.109206e-01 1.536622e-01 -2.358787e-01 1.793745e-01 -1.086490e-01 3.323596e-02 2.856572e-01 -1.988036e-01 5.518899e-02 -4.988348e-02 3.248898e-01
5.470997e-02 4.361296e-01 3.312774e-01 5.257642e-01 2.412092e-01 3.836488e-02 1.405817e-01 -6.521411e-02 1.459856e-03 2.717617e-03 6.432353e-02 6.375718e-02 2.937748e-01 -1.133688e-01 3.864411e-01 -4.050151e-02 -1.607668e-01 1.621223e-01 1.156759e-01 -1.055407e-01 -7.286422e-02 3.766831e-01 1.017523e-01 -2.035791e-01 3.757839e-01 4.647640e-02 -3.600191e-01 -1.781955e-01 -2.489206e-01 -3.488914e-02 3.488774e-01 -3.482856e-01
4.136490e-02 -1.252722e-01 -2.215864e-01 3.114509e-01 7.066910e-02 -9.273323e-02 4.231057e-01 -2.246366e-01 3.201855e-01 2.199359e-01 -2.910104e-01 -3.093304e-02 -2.160690e-01 1.232684e-01 -1.879986e-02 1.697163e-01 -2.820766e-02 -3.845710e-02 -9.679104e-02 -6.958128e-02 -1.352998e-01 8.662955e-02 2.659182e-01 -9.191151e-03 1.680447e-01 -2.487352e-01 2.868436e-01 4.679138e-02 1.288394e-01 -4.309311e-01 -3.187446e-01 -4.534597e-01
7.473654e-02 5.255930e-01 -1.138710e-01 1.895375e-01 2.631145e-01 3.157509e-01 1.149660e-01 -3.354150e-02 -3.249185e-01 1.213944e-01 3.073933e-01 -2.497567e-02 -4.342097e-02 3.755231e-01 -2.294415e-02 -1.183749e-01 -2.035722e-01 -6.696914e-02 4.365803e-01 -2.669228e-01 -1.218617e-03 4.328332e-02 -1.783038e-01 4.394504e-02 -6.025477e-02 1.526210e-03 3.045679e-01 -2.715143e-01 2.546453e-01 1.939094e-01 -2.489322e-01 4.545579e-01
3.171971e-01 4.819435e-01 -4.187901e-02 -1.936723e-01 -3.485890e-01 -1.537031e-01 -1.415708e-02 -3.684476e-02 -1.410498e-01 -1.499640e-01 -5.134273e-02 -3.653953e-01 -3.413287e-01 -3.591832e-03 1.986105e-01 2.264575e-01 1.364250e-01 -1.431459e-01 -6.636005e-03 4.329677e-01 6.297221e-02 -3.093333e-02 -1.956367e-01 -8.005223e-02 5.215857e-03 2.679479e-02 3.402967e-01 -2.094227e-02 -2.672268e-02 1.700317e-01 -6.840768e-01 -1.387385e-01
-3.021834e-01 -1.254810e-01 6.124052e-01 1.030690e-01 -6.323671e-02 2.666326e-02 -1.055091e-01 -4.552458e-02 -7.980607e-02 7.364955e-02 5.530104e-02 4.595120e-02 -1.718639e-01 2.549147e-01 3.236279e-01 -1.096706e-01 -1.376063e-01 1.907839e-01 6.515960e-02 -2.341650e-01 4.232142e-02 2.559769e-01 3.304547e-01 -3.428633e-01 -2.305639e-01 -1.850137e-01 5.382290e-02 4.542826e-02 -1.970332e-01 2.850274e-01 2.901624e-01 4.086830e-05
3.887034e-01 7.371234e-02 -5.608709e-02 2.878729e-03 -1.080771e-01 9.648044e-02 -1.753912e-01 -9.011726e-02 -2.971929e-02 8.399846e-02 1.447069e-02 2.654636e-01 4.728989e-01 2.668733e-01 4.679438e-03 -7.535820e-03 -1.342864e-01 8.381873e-02 -6.364577e-02 3.725176e-01 2.965592e-02 -2.828049e-01 1.326948e-01 1.958929e-01 4.912163e-02 1.336179e-01 -1.166630e-01 2.566654e-01 -7.368267e-02 3.504249e-01 -1.948026e-01 2.001716e-01
1.121453e-01 5.916845e-01 -3.360950e-01 2.282954e-01 1.030153e-01 2.862903e-01 7.904622e-02 1.071531e-02 -2.438559e-01 1.922085e-01 1.894386e-01 7.921427e-02 2.226366e-02 2.789793e-01 2.614786e-02 2.997807e-01 -2.908828e-01 -2.373732e-02 3.644251e-01 -2.860041e-01 -3.733760e-02 6.806309e-02 -2.332017e-01 2.961348e-02 3.878353e-02 4.945539e-03 3.362892e-01 -2.589715e-01 1.870704e-01 1.011140e-01 -3.960114e-01 4.137857e-01
-1.427080e-01 -3.003778e-02 -1.937503e-01 4.683574e-01 3.353564e-01 2.156599e-01 -2.264794e-01 -2.128231e-01 2.862985e-02 -3.872355e-01 7.022609e-02 4.415531e-02 -2.230572e-01 1.779317e-01 -1.704366e-01 -5.341874e-02 4.424330e-01 3.393073e-01 -1.716517e-01 5.510929e-01 1.151045e-01 5.043725e-02 -3.371905e-03 -3.793538e-02 -9.803586e-04 -1.411507e-01 6.442996e-02 3.721854e-01 -4.940045e-03 -1.093649e-01 9.726778e-02 7.407838e-02
6.898351e-02 3.069815e-01 1.407272e-01 -9.894375e-02 2.547461e-02 1.980027e-01 -2.522325e-01 -3.292902e-01 -8.717468e-02 -2.037397e-02 -1.500019e-01 1.717640e-02 -3.059439e-01 4.514170e-01 -1.542303e-01 -4.288656e-03 -5.694806e-01 7.104038e-02 -3.404173e-01 -3.352791e-01 5.877740e-02 -5.495045e-02 2.944755e-02 -4.935480e-01 4.384070e-02 2.704779e-02 1.421353e-01 -8.627921e-03 -2.511860e-02 1.620010e-01 -1.815997e-02 4.384607e-02
3.127425e-01 4.566365e-01 -1.639073e-02 1.083263e-01 -6.796267e-03 3.388112e-01 6.545727e-02 1.824786e-01 -2.946441e-01 5.327958e-02 1.804283e-01 4.694645e-02 2.462595e-01 2.663243e-01 -1.427181e-01 3.497205e-01 -1.752228e-01 6.209968e-02 2.897765e-03 -6.401255e-01 -3.108003e-01 -1.962562e-01 -1.380094e-01 -1.197806e-01 -3.026710e-01 -1.044130e-01 -2.226875e-01 1.591877e-01 -1.757007e-01 -7.012271e-02 2.558415e-02 -1.590831e-01
1.199085e-01 -6.920741e-02 -3.098189e-01 3.683393e-01 1.578918e-01 3.616613e-01 4.320991e-02 -2.526901e-02 -1.933987e-01 2.416541e-01 2.314351e-01 1.913285e-01 -2.628396e-01 2.693696e-01 2.568443e-01 2.840325e-01 -2.619168e-03 4.493099e-02 2.310144e-01 -4.777691e-01 -1.803940e-02 -1.012505e-01 -1.882161e-01 2.434207e-02 -2.418682e-02 1.440730e-01 4.498197e-01 -2.561987e-01 -4.071809e-02 2.163568e-01 -3.817875e-01 2.490477e-01
1.729181e-01 4.799115e-01 1.283297e-01 -3.210544e-01 2.390628e-01 -2.669408e-01 -1.589310e-02 -1.311936e-01 -9.103511e-04 6.388114e-02 -9.234770e-02 -1.222170e-01 -7.244521e-02 -3.550411e-02 -3.515561e-01 -7.291209e-02 -6.031550e-01 9.862573e-02 -1.992847e-01 -1.505353e-01 8.219747e-03 7.085230e-02 1.564638e-01 -4.058718e-01 -1.791296e-02 4.784533e-02 3.271362e-03 -7.642283e-02 4.291532e-03 2.988083e-01 2.624159e-01 1.759097e-01
-1.939458e-02 5.091031e-01 1.889774e-01 2.915567e-01 1.758116e-01 1.506410e-01 1.587221e-02 1.493466e-01 -3.595389e-01 -5.028341e-02 2.435246e-01 1.109175e-01 -2.639394e-01 1.169608e-01 5.182888e-02 -2.516413e-01 -1.371929e-02 5.124409e-02 -8.383386e-02 -3.019587e-01 -1.176713e-01 -1.531959e-01 -2.838123e-01 -3.478718e-01 -4.029776e-01 2.591204e-01 8.639266e-02 -3.159529e-01 -1.120196e-01 -3.084797e-01 2.624393e-01 1.182568e-01
-2.229480e-01 -3.271846e-01 6.792296e-02 1.241607e-01 2.294099e-02 5.001925e-01 -1.438112e-01 2.256013e-02 8.956950e-02 1.651013e-02 -6.233123e-02 -8.818315e-02 -3.240861e-01 -6.874736e-02 -2.048743e-01 3.717477e-01 5.853476e-01 -7.591286e-03 -7.086337e-02 2.881377e-01 -1.654698e-01 -1.394875e-01 -7.596087e-02 3.644527e-02 -1.320049e-01 -8.527680e-02 -5.160655e-02 -5.627314e-02 5.267952e-02 2.927491e-01 2.234567e-01 -3.722532e-02
-3.493656e-01 -5.323612e-02 6.563427e-02 -1.817196e-01 1.130912e-01 -1.061819e-04 -2.120827e-01 1.137212e-01 4.923949e-02 -2.774636e-01 -2.628880e-01 4.547257e-01 1.298223e-01 1.854160e-01 -3.176590e-01 -2.124731e-01 -1.206427e-01 -2.391751e-02 -4.844620e-02 2.332221e-01 -1.873035e-01 7.328104e-03 -3.051720e-02 -4.042096e-02 3.529473e-01 -6.208033e-01 -2.259375e-01 -3.105181e-01 1.689300e-01 1.248156e-01 -1.457757e-01 6.828830e-02
1.122395e-01 -9.771312e-02 -2.842438e-01 6.029472e-01 -2.282414e-01 -3.340547e-02 -7.269219e-02 1.455587e-01 -1.841405e-02 3.348944e-01 2.420371e-01 2.359172e-01 -1.647165e-01 -1.471009e-01 -3.306236e-02 1.138247e-01 -1.669568e-02 -5.525263e-03 -9.458997e-02 8.936362e-02 4.810031e-01 1.027986e-02 -9.339692e-02 -1.829010e-01 -2.910070e-02 1.900426e-01 -6.622326e-01 -1.886026e-01 4.918198e-02 1.919883e-01 -1.357559e-01 -5.064643e-02
2.950672e-02 -3.506581e-02 -3.621023e-01 -1.273507e-01 -1.621431e-01 -1.333079e-01 -2.115022e-01 1.267553e-01 3.190824e-02 2.260781e-01 2.751964e-03 3.698286e-01 1.269805e-01 3.228040e-01 -1.884026e-01 -1.094598e-01 -1.939921e-01 1.504446e-01 -8.128797e-02 -5.490239e-02 -7.752811e-03 -2.497037e-01 -1.220892e-01 -3.910990e-01 2.318374e-02 -4.151003e-02 2.469943e-01 1.656978e-01 7.667358e-02 -2.776487e-01 1.840848e-01 -2.870729e-01
-1.535310e-01 1.205018e-01 -3.296835e-01 5.097538e-01 -9.917652e-02 2.226140e-01 -1.328124e-01 -1.172555e-01 3.217074e-01 -2.558699e-01 -2.442396e-01 -1.667584e-01 -5.949284e-02 8.775556e-02 5.925149e-02 -1.318634e-01 5.450152e-01 -2.120907e-01 3.063252e-01 3.169762e-01 9.961020e-03 2.152021e-01 -3.675162e-01 3.358123e-01 -1.381369e-01 -1.743703e-01 -1.220837e-02 7.843083e-02 -2.697949e-02 -1.215990e-01 -7.757816e-02 -3.464184e-02
-1.233139e-01 -2.766020e-01 -2.342893e-01 -2.489701e-01 -3.465976e-01 7.353429e-02 -8.464117e-02 5.385452e-01 1.766277e-02 -1.046805e-01 -8.642448e-02 -1.495658e-01 -1.234819e-01 2.050095e-02 -3.463784e-01 3.977891e-02 2.509587e-01 -1.273263e-01 5.358290e-03 4.002951e-02 -1.131924e-01 -2.709705e-01 -2.218798e-01 1.401711e-01 -2.571430e-01 -1.546763e-01 5.428823e-02 3.498462e-01 3.389505e-01 4.487279e-02 -4.792736e-01 2.224614e-01
5.145227e-01 1.911236e-01 -2.100840e-02 3.155351e-01 -1.649896e-01 6.163500e-02 -7.926829e-03 -1.644705e-01 -2.442195e-01 -3.218406e-01 1.899475e-02 -3.132836e-01 3.544365e-01 -1.037540e-01 -1.995610e-01 -4.803278e-02 4.621012e-02 1.339486e-01 8.263022e-02 2.540258e-02 3.960895e-01 -2.653707e-02 4.244906e-02 7.886970e-02 -2.243188e-01 -1.268089e-01 1.778629e-01 4.752291e-01 -6.781314e-02 2.313874e-01 4.985102e-01 -1.482749e-03
4.742496e-01 -1.276338e-01 1.170548e-01 4.270674e-02 -3.344116e-01 -8.335479e-03 -2.514296e-01 1.954656e-02 3.177991e-02 -6.669082e-02 1.501037e-01 4.838048e-01 4.731334e-02 -2.769675e-01 -2.784215e-01 1.309738e-01 2.106524e-01 -4.147840e-01 1.186427e-01 -2.346875e-02 7.734520e-02 -5.303365e-02 -7.378649e-02 -4.368799e-01 1.264361e-01 -1.148583e-02 -9.904429e-04 2.275189e-01 -2.177216e-01 2.722119e-02 -5.959412e-01 -4.064193e-02
-4.016281e-01 -2.012424e-01 5.397923e-02 -2.018975e-01 4.898454e-01 -2.390819e-01 -8.558425e-02 2.932023e-01 3.111066e-01 2.826069e-01 -7.744668e-02 4.075100e-02 -1.842048e-01 3.236133e-02 -4.553480e-02 -2.481359e-02 -5.521363e-02 1.193099e-01 -1.144983e-02 -2.791909e-01 -3.514309e-01 4.876022e-01 -2.701429e-01 -4.471128e-02 -1.662242e-02 3.306815e-02 -6.682557e-02 2.821081e-02 -2.776657e-01 2.232226e-01 -4.050293e-01 8.408096e-03
1.299786e-01 -3.596990e-01 8.394249e-03 2.164292e-01 4.594330e-02 2.993776e-02 3.606544e-01 -3.627009e-02 3.549741e-01 1.754287e-01 3.903781e-01 -2.528917e-01 -2.768304e-01 3.771731e-02 -2.564845e-01 -2.658249e-01 1.044200e-01 -9.960320e-02 8.405116e-02 -2.823828e-01 -1.499986e-01 3.920416e-01 -1.867765e-01 2.623258e-01 3.072573e-01 1.610296e-01 1.896695e-01 -3.790745e-02 7.647851e-02 5.241143e-01 -8.288272e-03 2.209765e-01
2.639673e-01 3.554853e-01 2.911907e-02 2.235946e-02 -8.598543e-02 -3.229449e-01 2.129440e-01 -7.636072e-04 6.317470e-03 1.885359e-01 -1.552187e-01 -6.454340e-02 5.751985e-01 1.183406e-01 7.072064e-02 -3.192967e-01 -3.072952e-01 -3.965718e-02 -2.432750e-01 -1.432901e-01 2.238417e-01 1.658852e-01 3.991960e-01 2.022217e-02 4.192019e-02 1.185805e-01 -3.265876e-01 8.086669e-02 -1.301497e-01 -3.395410e-01 -2.657600e-01 7.853229e-02
5.445937e-02 3.092451e-01 2.595706e-01 4.980016e-01 2.910554e-01 5.255349e-03 1.128135e-01 -3.679844e-01 9.750757e-02 8.033016e-02 1.423002e-01 1.122925e-01 3.037748e-01 1.297193e-02 3.211022e-01 -1.125935e-01 -3.310962e-01 7.666801e-02 5.808114e-02 -2.387549e-01 -4.912095e-02 4.203351e-01 1.771378e-01 -2.919121e-01 2.295791e-01 8.184738e-02 -5.232945e-02 -2.472107e-01 -3.844112e-01 1.182598e-02 3.458010e-01 -1.124262e-01
2.822897e-01 6.344953e-01 9.501328e-02 -5.496315e-02 8.492790e-02 3.000149e-01 -5.454619e-02 -3.644131e-01 -3.455996e-01 -1.887291e-01 1.721465e-02 -7.682776e-02 8.716084e-02 -6.695387e-02 1.248531e-01 -9.320424e-02 3.085152e-01 2.526136e-02 -1.919921e-01 1.646815e-01 -1.724008e-01 -5.170856e-01 1.235675e-01 4.807705e-02 -4.262931e-01 -8.636075e-02 -3.216561e-02 3.838916e-01 -1.466082e-01 1.361182e-02 9.467424e-02 -2.296104e-01
-2.673528e-01 -2.567153e-01 -1.167474e-01 -2.614512e-01 6.995838e-01 -1.250413e-01 -3.772584e-02 2.293825e-02 1.647374e-01 1.037170e-01 -2.775745e-01 -8.777941e-02 2.457548e-02 2.231252e-01 1.444768e-02 1.656640e-01 3.501463e-02 -2.025279e-01 4.660446e-02 -1.074116e-01 -4.545006e-01 5.709437e-01 -3.050970e-01 -6.164005e-02 7.713986e-02 4.830966e-02 -1.137942e-01 -5.794881e-03 -3.836778e-01 6.128211e-02 1.421468e-02 1.706224e-01
3.405721e-02 9.823216e-02 5.690934e-01 -1.451574e-01 4.242191e-01 2.342595e-01 1.987887e-01 -2.927727e-03 -1.687758e-01 -2.615136e-01 1.863444e-01 -8.906026e-02 -1.773502e-02 -1.204233e-01 2.885593e-01 6.977838e-02 6.737781e-02 1.184670e-01 -1.504686e-01 1.870560e-01 -5.039199e-02 3.101562e-01 3.752555e-02 5.224791e-01 1.705799e-01 6.553573e-02 -2.316026e-02 -2.182965e-01 -1.732047e-01 3.247871e-01 -3.216206e-01 2.508982e-01
1.050146e-01 4.889087e-01 -3.507598e-02 3.529121e-01 1.522198e-01 3.244392e-01 1.953408e-01 -6.830245e-02 -3.826420e-01 9.309362e-02 2.197500e-01 -7.276614e-02 -4.844096e-02 3.779774e-01 4.887536e-02 2.303665e-02 -5.522729e-02 1.264895e-01 6.235684e-01 -3.076309e-01 4.381651e-02 2.272264e-02 5.960504e-02 1.928766e-01 -2.263349e-02 1.533063e-03 2.672134e-01 -2.697250e-01 2.031789e-01 8.006524e-02 -3.142066e-01 2.222185e-01
1.886349e-01 -1.218296e-01 6.160975e-01 -1.243335e-01 1.759558e-01 7.029263e-02 -2.674605e-01 -9.036430e-02 -3.017003e-02 1.065931e-01 2.979879e-02 2.161139e-01 -3.054037e-01 -3.363229e-04 -2.135085e-01 -3.575134e-02 3.046473e-01 -2.675060e-01 -1.619268e-01 7.102312e-02 -1.035694e-01 5.635081e-02 -3.407705e-03 8.302712e-02 2.003298e-02 -2.395859e-01 -3.724848e-02 -7.037318e-02 1.750797e-01 -1.613894e-01 -8.714826e-02 -3.334188e-01
2.639788e-02 2.820400e-01 5.242629e-01 -7.668736e-02 4.218237e-02 7.455125e-04 2.023589e-01 1.073974e-01 -2.480460e-01 -3.518165e-02 -4.034175e-01 -7.816700e-03 3.588323e-02 -2.717292e-01 2.039678e-01 1.476088e-01 3.250574e-02 2.983297e-01 -4.478895e-02 -2.442793e-02 3.401575e-01 3.187373e-01 3.457588e-01 1.941406e-01 1.961974e-01 1.435747e-01 2.390996e-01 2.532533e-01 3.740554e-01 -1.369449e-01 -8.023973e-02 -7.185359e-02
7.949403e-02 -7.768885e-02 5.950739e-01 -2.098747e-01 -1.386184e-01 1.551080e-02 -1.543830e-01 1.477612e-01 1.893974e-01 3.472732e-02 -1.202494e-01 -2.189497e-01 6.247122e-02 -6.495546e-02 -1.755707e-01 3.910837e-02 1.820178e-01 -2.448181e-02 1.582468e-01 -2.286119e-01 -2.018637e-01 -6.884176e-02 2.172005e-01 8.566082e-03 -1.980389e-01 4.194804e-01 5.209902e-02 1.380642e-02 1.553243e-01 -1.410576e-01 6.126761e-02 1.997730e-01
1.983121e-01 3.412374e-01 -6.063400e-02 1.289614e-01 -1.428864e-01 -1.230546e-01 1.516602e-01 3.505393e-02 -2.966781e-01 -9.365312e-02 -2.158676e-01 1.477164e-02 5.306647e-01 3.038557e-01 -6.623884e-02 -2.996179e-01 -1.160977e-01 -4.297176e-02 -1.066126e-01 1.336545e-01 -3.704476e-02 -5.944818e-03 4.428387e-01 -1.241917e-03 -1.770362e-01 -1.425013e-02 -7.009979e-01 8.967859e-02 -2.511928e-02 -1.116000e-01 -1.639622e-01 3.758984e-02
-2.789494e-02 1.633362e-01 -2.144501e-01 5.646934e-01 1.477918e-01 1.169825e-01 3.184297e-01 -1.553897e-01 -3.950085e-02 -3.896473e-01 -2.795350e-01 1.836158e-01 3.111814e-02 1.140174e-02 1.281691e-01 1.495892e-01 3.691914e-01 -2.137328e-01 1.517712e-01 5.219473e-01 1.187523e-02 5.021962e-02 -3.355775e-01 4.948828e-01 -2.279737e-01 -2.631561e-02 2.276729e-02 1.148007e-01 -2.204959e-02 -1.383832e-01 -1.181124e-01 -1.980575e-02
-1.124299e-01 2.938638e-01 -7.860576e-02 -2.266130e-01 -6.459708e-02 -1.928376e-01 -3.154399e-01 1.262508e-01 -3.091525e-01 -1.880834e-01 3.050053e-01 -2.266919e-01 3.906895e-01 1.166460e-02 -8.233596e-02 9.795598e-02 -3.402725e-01 4.302854e-01 2.322351e-01 6.970591e-03 -2.160086e-01 1.785105e-01 2.135329e-02 1.657469e-01 -1.412101e-02 -4.465380e-02 -7.481508e-02 -1.594251e-01 4.266686e-01 -2.746986e-01 1.386771e-01 -3.264622e-01
1.299552e-01 6.184958e-02 -6.436959e-02 9.352951e-02 1.885127e-01 3.055044e-02 6.622691e-01 7.873993e-02 1.590057e-01 -8.365537e-02 1.314759e-01 -4.866361e-01 -9.762645e-02 -1.983059e-01 -2.352197e-01 -9.079707e-02 -1.430130e-01 2.403029e-01 4.383913e-01 -1.868461e-01 -4.126073e-02 -1.364364e-01 -2.557775e-01 -2.674844e-01 -1.553108e-01 -4.171066e-03 2.274480e-01 -1.178257e-01 1.311595e-01 4.403205e-01 -1.590443e-01 2.134146e-01
1.245834e-01 4.801419e-01 1.265791e-01 2.601745e-01 3.898866e-03 4.495437e-01 1.335814e-01 -1.565683e-02 -2.110253e-01 8.074665e-04 2.905350e-01 2.938949e-02 3.448129e-04 3.159283e-01 -2.201293e-01 3.425828e-01 -7.641665e-02 -1.407750e-01 2.003620e-02 -1.449273e-01 -1.252976e-01 1.670286e-01 -1.366938e-01 -5.013901e-04 -4.950549e-01 -1.906274e-02 -1.261572e-01 -1.816050e-01 2.478765e-01 1.392175e-01 -6.285837e-01 -2.578785e-01
-1.086483e-01 -3.127166e-01 -1.898883e-01 4.167198e-01 -7.908116e-02 2.011983e-01 -9.448963e-02 2.056925e-02 -3.069371e-02 -2.941838e-01 8.026630e-02 2.043318e-01 4.509500e-02 3.194945e-02 4.773777e-01 1.837658e-01 5.647014e-01 -9.667740e-02 1.282058e-01 2.519812e-01 7.087264e-03 1.733203e-02 -2.395389e-01 5.588945e-01 4.241136e-02 -2.621700e-02 -2.475393e-02 1.251448e-01 -1.554687e-03 -1.763934e-01 -2.170374e-01 -1.431138e-01
3.887724e-02 2.223958e-01 3.520105e-02 1.395085e-01 -2.429912e-01 -1.083727e-01 -1.566214e-01 3.718642e-01 4.703555e-02 2.298353e-02 -1.046870e-01 -5.298267e-02 1.216040e-01 1.182340e-01 2.449838e-01 1.467615e-01 -1.158082e-02 -2.156721e-02 -1.241155e-02 3.200906e-01 -2.070841e-01 2.869533e-02 3.379197e-01 2.218067e-01 2.144476e-01 -4.512734e-02 1.362647e-02 8.962382e-02 -3.182844e-01 -3.782270e-01 1.213171e-01 1.549610e-01
4.096805e-01 3.932625e-02 -1.255477e-01 2.565747e-01 5.506589e-01 -7.925767e-03 7.469967e-02 -2.238246e-01 1.113518e-02 1.963937e-01 2.149886e-01 -2.997725e-02 1.106545e-01 -4.458810e-02 -2.025182e-01 2.918374e-03 3.694082e-01 -3.918327e-01 -2.552609e-01 -1.870428e-02 -9.271339e-02 -1.315157e-01 -3.094625e-02 1.780216e-01 -1.374104e-01 -1.767881e-01 -4.100872e-02 6.230016e-02 -4.847577e-02 -2.873501e-01 -7.364006e-02 -4.605249e-01
-6.719619e-02 -2.829390e-01 2.360453e-01 -2.919606e-01 3.539236e-01 6.130673e-03 3.327250e-01 2.479768e-01 -4.096893e-02 2.779144e-01 3.458732e-01 3.149887e-01 -1.302629e-01 -2.604441e-01 7.724372e-02 2.260847e-01 1.500379e-01 1.431380e-01 -3.501368e-01 3.032679e-02 -2.449799e-01 -2.896261e-02 4.015196e-01 -1.376264e-01 -8.404793e-02 3.817844e-02 2.164783e-01 3.561791e-01 4.562677e-01 1.208330e-01 -3.737211e-01 -7.104186e-02
-3.208630e-01 -2.869847e-01 1.031208e-01 -3.135624e-01 -6.523976e-02 -3.223974e-01 -9.055328e-02 1.580185e-01 2.217703e-01 4.066966e-01 -1.104796e-01 3.255315e-01 5.236334e-02 2.964675e-01 1.000739e-01 5.277946e-02 -1.570032e-01 -1.400801e-02 1.134722e-01 -5.122131e-01 -1.082277e-01 7.095212e-02 -3.421970e-01 -6.706488e-02 3.913264e-01 1.566503e-01 2.473718e-02 -2.583316e-01 2.877505e-01 -2.860384e-01 -2.210196e-01 6.376730e-02
-1.169265e-01 1.454367e-01 -9.238867e-02 1.405789e-01 -2.074654e-01 7.622017e-02 -5.050846e-02 7.516259e-02 4.175790e-02 -1.089659e-02 6.250300e-01 -1.658186e-01 2.306886e-01 1.408872e-01 1.345671e-01 5.785495e-02 -5.132669e-02 2.176616e-01 -7.294919e-02 -9.036199e-02 1.411238e-01 1.373936e-01 -4.555359e-02 -1.373301e-01 -1.534503e-01 -9.746379e-02 -7.624795e-02 5.339347e-01 -8.773732e-02 9.434479e-02 1.183270e-02 3.141618e-01
-3.540961e-01 1.844532e-02 -3.652805e-01 7.018787e-02 -1.441807e-01 9.439222e-02 -1.233025e-02 -1.395762e-01 3.735112e-01 1.727552e-01 5.341412e-01 2.048722e-01 1.316970e-01 -2.745552e-02 -1.340795e-01 -7.950858e-03 -2.011207e-01 -1.488944e-01 2.128256e-02 -1.309109e-01 3.033717e-02 -1.460884e-01 -5.980858e-01 -9.698849e-02 3.918513e-01 8.277083e-02 -5.660376e-03 -2.547450e-01 2.506025e-01 8.624332e-02 -1.563551e-01 -9.857433e-03
2.469307e-01 4.421415e-01 1.668942e-01 2.619914e-01 -1.651337e-01 -1.621206e-01 -1.101840e-01 -1.345251e-01 -1.635854e-01 -7.127932e-02 6.760368e-02 -6.481572e-02 4.538451e-02 2.071249e-01 8.417629e-02 -1.006644e-01 -1.739370e-01 1.274207e-01 4.436203e-01 2.939627e-04 -1.151423e-02 1.393857e-02 1.050207e-02 5.924024e-02 2.556005e-01 -2.170121e-01 1.706173e-02 2.454576e-02 3.142096e-01 -6.441590e-02 2.768811e-02 -2.869409e-01
9.037003e-02 -1.063941e-01 5.545780e-01 -2.496849e-01 1.424948e-01 -3.055999e-01 1.906632e-02 2.347324e-01 3.904533e-02 -1.821809e-01 -4.358403e-01 -2.082518e-01 2.096393e-01 1.043013e-01 -2.156403e-02 -2.065108e-01 9.314727e-02 1.196482e-01 -3.335299e-02 1.215483e-02 -3.085735e-01 1.894218e-01 -8.214987e-02 4.408800e-01 -3.803513e-02 6.454299e-02 7.951681e-02 5.310796e-01 2.923910e-01 1.587165e-01 -3.498098e-01 -1.822984e-01
5.790970e-02 5.068145e-01 1.802582e-01 -3.436689e-01 2.797725e-01 -7.429069e-02 -3.393013e-01 -2.211146e-01 1.572080e-02 1.361652e-01 -2.224944e-01 -8.100619e-02 -1.569871e-01 2.133587e-01 -1.824193e-01 -3.158199e-01 -7.574422e-01 -6.087172e-03 -1.772406e-01 -2.424071e-01 -2.853753e-02 6.837814e-03 3.214457e-02 -3.910140e-01 -1.755684e-01 7.997315e-03 -6.880176e-02 -3.595827e-02 -4.085740e-04 2.452146e-01 2.086533e-01 3.774786e-02
9.510696e-02 5.991977e-01 3.031965e-01 -1.800628e-01 -7.360769e-02 -4.937772e-03 -2.158680e-01 -1.829385e-01 -3.032864e-01 2.631077e-01 -1.301743e-01 1.567927e-01 1.968587e-01 -2.110767e-01 7.625770e-02 1.170473e-01 5.325826e-01 2.391329e-01 -5.550277e-02 -3.091400e-01 6.941131e-03 -3.818076e-01 5.221572e-02 8.686401e-03 -2.748745e-01 2.118318e-01 -5.629409e-03 4.056670e-01 -3.761346e-02 -5.426747e-02 7.574767e-02 -7.494989e-02
-9.991901e-02 4.775819e-01 2.401370e-01 3.590276e-01 2.441320e-01 -5.774299e-02 1.775369e-01 -3.050334e-01 6.355210e-02 5.525481e-02 1.088340e-01 4.546916e-02 8.703199e-02 -2.160978e-01 4.697580e-01 -1.063131e-01 -2.123933e-01 -9.885370e-04 3.930635e-02 8.759271e-02 9.685972e-02 3.029994e-01 1.683901e-01 -1.187029e-01 3.094869e-01 1.037287e-01 -2.238361e-01 -2.804440e-01 -2.712297e-01 -9.192450e-02 5.169181e-01 -3.768079e-01
-1.877153e-01 -8.997320e-02 -1.161432e-01 1.193118e-01 2.012097e-01 1.343122e-01 -1.712804e-01 1.720544e-01 -1.974038e-01 -1.064048e-01 3.918700e-02 -1.535590e-01 -1.747372e-01 3.586559e-02 3.884497e-01 5.063207e-01 -2.397888e-01 1.874639e-01 -4.092641e-03 8.899230e-03 3.104912e-02 -5.265281e-01 2.834821e-03 -1.731404e-01 -3.925512e-02 7.961136e-02 4.773588e-02 -3.986303e-01 4.804379e-02 4.113732e-01 1.003726e-01 -1.813042e-01
-2.013173e-01 4.565237e-02 1.049680e-01 -3.734253e-03 4.548642e-02 1.106228e-02 -6.904506e-02 5.667077e-01 -2.471404e-01 -9.369650e-02 -3.958874e-01 2.639555e-01 2.359271e-01 -9.035802e-02 1.999893e-01 2.625417e-01 -5.602398e-02 -6.880446e-02 -7.860941e-02 6.751834e-01 2.804043e-01 3.899282e-02 -6.404151e-03 1.561997e-01 1.208295e-02 -3.705980e-01 -1.030841e-02 -8.308801e-03 -2.732819e-02 3.401395e-01 -1.009810e-01 -2.075728e-01
-2.030656e-01 -3.110659e-01 -1.130201e-01 4.353606e-01 -2.633143e-02 -2.045364e-01 4.736770e-01 -2.184562e-01 1.146643e-01 3.957250e-02 -5.067958e-02 1.461205e-01 1.040155e-01 3.363487e-02 1.529007e-01 6.383453e-02 7.594209e-01 -4.683571e-02 1.353558e-01 3.196065e-01 -1.362950e-01 1.163560e-01 -7.160196e-02 2.573608e-01 -1.055319e-01 -1.372624e-02 -3.251908e-02 9.280418e-02 1.952424e-03 -1.739896e-01 -1.385926e-01 -6.270605e-02
-1.414231e-01 -2.248641e-02 -1.359714e-02 6.591897e-01 1.270752e-01 3.018532e-01 9.402879e-02 9.012449e-02 -6.334706e-02 1.479918e-01 -2.738230e-02 2.218335e-01 -4.082926e-01 -1.274829e-01 1.063790e-01 7.383015e-02 3.139433e-01 -2.631839e-01 -1.657037e-01 2.799086e-03 3.544073e-01 2.528125e-01 4.835083e-02 -2.797921e-01 9.278093e-02 2.314429e-01 2.571892e-01 3.127905e-01 -5.897943e-02 7.204063e-02 3.132076e-02 3.619755e-01
7.814167e-02 -1.749724e-03 5.662735e-01 -1.135184e-01 3.260399e-01 -5.415477e-03 1.190181e-01 -6.031813e-04 -8.474986e-02 -7.965933e-02 -1.370911e-01 3.898416e-01 -7.147276e-02 2.834264e-01 3.267856e-01 -1.472483e-01 3.720459e-02 -1.712857e-01 -5.056111e-02 9.991986e-02 9.711195e-02 -1.549524e-01 -2.351088e-01 -1.678275e-03 -2.900579e-01 -2.053645e-01 -6.518407e-01 7.318754e-02 -5.779638e-02 1.087808e-02 3.610539e-01 -1.141289e-01
-2.348635e-01 -3.959447e-03 2.876807e-01 3.457331e-01 -2.815544e-01 -4.015870e-02 -5.479884e-02 -2.363179e-01 -7.457571e-02 4.463919e-02 -1.770324e-01 5.083296e-02 8.214276e-02 -1.329510e-02 2.925133e-01 -2.554706e-01 -2.254125e-01 1.395923e-01 1.488036e-01 -1.214150e-01 5.821210e-02 -7.643669e-02 2.289911e-02 -1.070215e-01 -8.499323e-02 3.451395e-01 -1.832473e-01 7.447948e-02 -5.122767e-02 -9.930900e-02 3.133618e-01 4.930202e-01
1.197676e-01 3.313881e-01 1.791404e-01 -2.509904e-01 -6.377298e-02 3.943994e-02 -1.880509e-01 -2.274885e-01 1.328406e-01 1.934475e-01 1.798764e-01 2.029126e-01 -2.325757e-01 4.138606e-01 8.769409e-02 -1.351594e-03 -1.441369e-01 -2.400875e-02 -3.303490e-02 2.116306e-01 1.194499e-01 -1.883329e-01 -3.858005e-03 2.987778e-01 2.875050e-01 -1.799615e-01 1.582055e-01 2.088819e-01 -2.902203e-02 3.550718e-01 -3.956289e-01 -1.715707e-01
-7.635139e-03 3.146602e-02 4.935600e-01 1.593696e-02 3.628125e-01 6.650130e-02 2.076993e-01 -8.040525e-02 -5.408533e-03 -1.612052e-01 3.386171e-01 -1.459630e-01 -5.289746e-02 -1.833179e-01 3.752703e-01 1.846968e-01 7.382307e-02 6.581571e-02 -2.474231e-01 1.707303e-01 -6.814164e-02 4.674743e-01 8.779186e-03 4.611267e-01 3.100633e-02 6.455673e-02 -1.943361e-01 1.306725e-02 -2.126793e-01 3.183829e-01 -5.277201e-02 1.824567e-01
4.546768e-01 1.545759e-01 -2.312966e-01 1.181535e-01 -1.761529e-01 -1.473727e-01 4.409676e-01 -8.529274e-02 -1.334237e-01 1.728938e-01 -1.398749e-01 -1.131324e-01 4.462745e-01 1.408127e-01 -2.032371e-01 -1.252857e-01 -2.880079e-01 7.625531e-02 -5.426913e-02 5.055959e-03 1.950724e-01 1.019002e-01 3.551783e-01 -5.711960e-02 -3.394467e-01 6.471500e-03 -3.392564e-01 2.565099e-01 -1.988114e-02 -1.267616e-01 -4.423910e-01 8.584665e-02
4.246990e-01 -3.179892e-02 -1.005419e-01 3.981628e-03 3.762735e-01 3.689810e-02 7.525919e-02 5.134366e-01 -1.546255e-01 -1.263704e-01 -4.797814e-02 4.608044e-02 4.145699e-01 1.443324e-01 -1.962094e-01 -7.043920e-02 9.441417e-02 2.122536e-01 1.744419e-01 -2.300207e-01 1.417156e-01 2.343759e-01 -1.181176e-01 -9.150808e-02 -1.438239e-02 -9.559367e-03 3.889318e-01 2.975172e-02 -3.808635e-01 -4.012502e-01 2.885826e-02 4.009285e-01
-8.977881e-02 -2.608524e-01 3.043368e-01 -2.928977e-01 7.605188e-02 1.273068e-01 4.129515e-01 -1.051356e-01 -1.635191e-01 2.429496e-01 3.833424e-01 4.132890e-01 -8.706348e-02 -1.578309e-01 1.078530e-01 7.712813e-02 1.898286e-01 1.202288e-01 -1.246392e-01 -1.408329e-02 -1.919291e-01 -3.018439e-02 1.039144e-01 -2.499816e-01 -4.007631e-02 4.939689e-02 1.308357e-01 2.683537e-01 4.179366e-01 6.833782e-03 -6.772620e-01 3.022403e-04
1.745905e-01 2.065780e-01 4.712200e-01 -2.180751e-01 2.240414e-01 -8.595180e-02 6.785210e-02 1.401374e-01 -1.126067e-01 1.701043e-01 -3.590731e-01 -3.174224e-01 -1.505746e-01 -2.993776e-01 2.154692e-01 -2.805491e-01 -1.493441e-01 1.672306e-02 -4.604608e-04 4.724538e-02 -2.930441e-01 1.175578e-01 4.220935e-01 -9.982649e-02 1.570564e-03 -3.352411e-01 -6.667774e-03 6.842735e-01 1.397017e-02 -4.233298e-02 1.118985e-01 2.361104e-01
1.681055e-01 3.206625e-01 -2.503546e-02 7.121986e-02 1.338578e-01 -2.499868e-01 -1.347590e-01 1.482283e-01 -2.488547e-01 1.894901e-01 -2.373970e-01 -1.591803e-01 4.648271e-01 2.453130e-01 5.988903e-02 2.104938e-02 -4.395494e-02 2.193885e-02 -4.512113e-01 1.070108e-01 6.276945e-02 5.691935e-03 4.682654e-01 -4.730908e-02 4.629411e-01 -4.361508e-02 -4.263105e-01 7.523354e-03 -3.814283e-02 -1.351301e-01 -3.372268e-02 1.756839e-01
1.776418e-01 3.970290e-01 -6.492431e-02 2.828688e-01 1.234468e-01 3.910664e-01 1.117039e-01 7.341042e-02 -3.724906e-01 1.224521e-01 1.802977e-01 1.448872e-01 1.084510e-01 4.397342e-01 -1.436156e-01 8.176436e-02 -1.859882e-01 -1.110058e-01 1.398380e-02 -1.256163e-01 -6.029096e-02 1.518601e-01 -1.685062e-01 6.841783e-02 -6.322549e-01 -4.485945e-02 -2.675948e-01 -2.868123e-01 1.787461e-01 2.814058e-01 -3.379854e-01 2.246241e-02
5.914807e-02 -3.350830e-01 -9.684293e-02 3.864535e-01 -1.820761e-01 -1.000408e-01 -2.277639e-01 -8.460567e-02 -3.353221e-01 2.354395e-02 2.232078e-01 1.096576e-02 3.484405e-01 -3.020619e-02 4.381794e-01 -2.015144e-01 -1.350373e-01 3.637986e-03 1.500772e-01 7.067619e-02 -9.497522e-02 -3.750420e-01 -1.279886e-01 5.315471e-01 7.364165e-02 1.469524e-01 -8.295614e-02 -2.552534e-01 -1.741861e-01 -1.607493e-01 4.327212e-01 -2.767871e-01
-3.779320e-01 -3.389157e-01 -7.133244e-02 1.357114e-01 3.605236e-01 3.709200e-01 4.068880e-02 4.073854e-02 5.425940e-02 1.258880e-01 3.618794e-01 -5.017861e-02 -2.633122e-01 2.298300e-02 2.043940e-03 -3.951215e-02 6.401358e-03 -6.132879e-01 -2.490579e-01 8.911982e-03 2.598576e-01 -2.592473e-02 -9.808964e-02 1.641248e-01 -1.070260e-01 1.112700e-01 1.309967e-01 2.874611e-01 -1.741978e-02 -6.363070e-02 -1.689784e-01 4.435809e-03
-1.947927e-02 -4.576724e-02 4.307995e-02 -1.199043e-01 5.704435e-01 8.765957e-02 -8.275063e-02 -2.050643e-01 1.347067e-01 -8.712835e-02 3.820329e-01 5.349912e-02 -2.806835e-03 1.986674e-01 -2.977968e-01 -1.285618e-01 -6.147947e-02 -1.937031e-01 -2.295611e-02 -1.737977e-01 4.575511e-02 -3.562187e-02 -6.926759e-01 5.180261e-02 1.034740e-01 -1.732166e-02 -1.257376e-01 -8.408307e-02 3.131337e-01 1.820287e-01 -1.768206e-01 -6.576622e-02
4.745140e-01 -9.922374e-02 5.306482e-02 8.921172e-03 3.290304e-01 7.382128e-03 1.055765e-01 1.562882e-01 -2.293431e-02 -1.504928e-01 5.266033e-02 1.479187e-01 5.677123e-01 1.459351e-01 -1.501676e-01 1.339473e-01 1.875052e-01 1.854412e-01 -1.468892e-01 -4.026578e-02 -4.234437e-02 -3.528381e-02 7.402934e-02 -2.612231e-01 -1.648787e-01 -6.154386e-02 3.674847e-01 -1.709801e-01 -1.840387e-01 -3.059877e-01 -3.133323e-03 5.289975e-01
-2.851237e-01 -3.302793e-01 1.695194e-01 -2.568268e-01 3.660214e-01 3.218196e-01 4.670744e-02 2.489298e-01 2.034474e-01 -1.475823e-02 2.697474e-02 3.365691e-02 -1.122317e-01 -2.145288e-01 -1.165282e-01 -1.704352e-01 -1.566073e-03 -2.376139e-01 -5.781942e-01 5.659285e-03 -1.651363e-02 -4.609955e-02 -4.497286e-02 4.702340e-01 1.709813e-01 5.802694e-02 -8.849393e-02 1.569487e-01 -2.086481e-01 -2.052552e-02 -1.390827e-02 4.760974e-02
-1.784605e-01 -3.998546e-02 2.168984e-01 -1.382211e-01 2.886525e-01 3.587520e-01 5.302757e-03 6.756098e-02 1.393257e-01 3.669690e-01 -1.990489e-01 -2.131443e-01 -3.272752e-01 2.072567e-02 -3.877379e-02 -9.850390e-02 -6.814200e-02 -1.340203e-01 -4.987521e-01 -7.155821e-03 1.308173e-01 -4.408195e-02 -1.394534e-02 5.652101e-01 2.183599e-01 1.346708e-01 -6.001616e-02 3.481015e-02 -1.240479e-01 9.385559e-02 -1.519172e-01 1.259469e-01
-1.326770e-02 2.642579e-01 -3.901217e-01 5.613375e-01 -5.888834e-02 1.538670e-01 9.627099e-02 -2.099892e-01 1.453147e-01 -3.230453e-01 -3.028051e-01 -3.517606e-02 8.553631e-02 -7.717858e-02 -4.615095e-02 2.196578e-02 4.420451e-01 -2.602986e-01 1.946641e-01 4.509399e-01 -2.874871e-03 1.308464e-01 -3.700970e-01 4.292407e-01 -2.380069e-01 -8.748041e-02 -6.893776e-03 1.061151e-01 -3.749491e-02 -1.276637e-01 -7.304397e-02 -2.642615e-02
-1.567922e-01 -2.204098e-01 -9.129836e-02 -3.532341e-01 -8.737353e-02 -3.190258e-01 5.364400e-01 -1.128642e-02 5.822313e-02 1.303465e-01 -3.028736e-01 -7.514372e-02 -6.552431e-02 -2.529176e-01 5.025923e-03 2.173346e-01 -2.066056e-01 1.703001e-01 2.514158e-01 -3.401032e-01 1.561314e-01 -3.542157e-01 -1.589307e-01 1.240578e-01 5.037501e-02 1.755683e-01 2.725075e-01 -2.945213e-02 -2.068288e-01 -8.026211e-02 3.556528e-01 -1.143479e-02
-9.911506e-02 -1.738937e-01 1.309400e-01 -2.899992e-01 1.279730e-01 -1.051922e-01 -2.338007e-01 5.276754e-01 -1.311031e-01 -1.294502e-01 -3.839857e-03 1.277505e-01 -1.129393e-01 -1.221744e-01 3.913564e-01 -3.807546e-01 -1.027101e-01 1.175363e-01 -5.331765e-02 -3.739855e-01 -3.986172e-01 3.137233e-01 6.423389e-02 8.953723e-02 5.950094e-01 4.511368e-02 -2.839264e-01 1.051204e-02 -3.629007e-02 1.250306e-01 -5.846755e-02 1.246867e-01
-2.358114e-01 3.654763e-03 -1.932480e-01 5.957745e-01 -5.783261e-02 5.262215e-01 5.810570e-02 -2.054748e-01 -1.004192e-01 1.398973e-01 1.351171e-01 1.394646e-01 -2.488997e-01 -6.389583e-02 -1.443594e-01 1.486391e-01 5.168495e-01 -1.723540e-01 -1.650827e-01 -1.851466e-02 -1.181033e-01 4.994558e-02 -5.167860e-02 -2.281132e-01 2.243749e-01 -2.320817e-01 -1.931265e-01 4.243444e-01 -3.285965e-01 1.045133e-01 -4.072754e-02 2.920958e-01
4.337146e-02 -5.632771e-02 -8.576997e-03 2.215408e-01 7.909480e-02 4.120241e-01 2.029124e-01 -1.312095e-01 -2.394874e-01 -2.746162e-01 3.107598e-01 1.762551e-01 -2.914876e-01 3.376876e-01 4.988267e-02 2.184437e-01 1.258645e-01 2.400382e-02 3.432520e-02 -1.657550e-01 -1.695520e-01 -2.657538e-01 -1.173615e-01 8.400629e-02 2.668660e-01 5.197913e-02 2.626413e-01 -6.210735e-01 -5.290335e-02 2.128077e-01 -3.091852e-01 1.358257e-01
5.288351e-01 -6.187364e-02 -2.112838e-01 -8.341507e-02 3.958653e-01 1.305853e-02 7.214307e-02 -1.187159e-01 4.222939e-02 1.620612e-01 4.193004e-01 2.354564e-01 1.597925e-02 1.035775e-02 -2.232394e-01 7.633908e-02 -2.489236e-02 -2.367154e-01 -1.340487e-01 5.811810e-02 -1.358125e-01 2.462097e-01 1.034049e-02 1.157287e-02 -1.569120e-02 -4.177493e-01 3.147038e-01 3.251309e-02 2.510165e-01 -1.865636e-01 -1.652640e-01 -4.176348e-01
3.360910e-01 4.193196e-02 -2.214825e-01 4.688349e-01 1.947860e-01 -1.142057e-01 2.823707e-01 -6.781217e-02 -1.583091e-02 2.633890e-01 -3.877090e-02 -7.882674e-02 -1.591337e-02 -5.773396e-02 4.285610e-01 1.349070e-02 3.500760e-01 -3.790683e-01 -2.012249e-01 -1.667036e-01 -1.532266e-01 1.135038e-01 4.515127e-01 -1.816679e-01 1.218574e-01 2.308517e-01 2.564698e-01 -2.258524e-01 -6.293394e-02 -1.636461e-01 1.628953e-01 7.473618e-02
8.711372e-02 -1.503761e-01 2.067724e-01 6.863985e-02 -1.306454e-01 5.064772e-01 -1.238458e-01 2.557530e-01 2.712587e-01 9.334479e-02 -1.708482e-01 -2.386050e-01 1.271747e-01 -6.985997e-02 -3.543410e-01 1.822771e-01 -2.569065e-01 1.807518e-01 2.879403e-01 -2.186181e-01 1.375421e-01 -1.302043e-01 -5.981940e-02 -4.999235e-02 2.060264e-03 -1.551353e-01 -2.372676e-02 -3.048063e-01 7.961490e-02 4.957553e-01 -1.086316e-01 1.912119e-01
1.934184e-01 1.733530e-01 4.112579e-01 -6.284560e-02 1.159530e-01 7.253971e-03 3.500053e-02 1.412081e-01 9.223083e-02 -1.463806e-01 -2.326691e-01 -2.095795e-01 1.803077e-02 -2.509180e-02 4.354058e-01 4.807917e-02 -2.037803e-01 4.207934e-02 4.096943e-02 1.853972e-02 -6.759255e-02 4.647951e-01 -2.957954e-02 -4.626954e-01 9.170946e-02 -7.765564e-02 3.670716e-02 3.120179e-01 -1.700182e-01 -6.065385e-02 2.846987e-01 8.962959e-02
5.498132e-01 -6.060777e-02 -3.489882e-01 1.235684e-01 6.536745e-02 -2.783962e-02 -3.223717e-01 -3.098834e-01 4.518099e-02 1.839264e-01 -1.205862e-01 -1.573645e-01 -9.286399e-02 -1.360262e-01 1.334873e-01 -2.314125e-01 2.967229e-01 -1.857667e-01 -1.824810e-01 9.035641e-02 -1.590685e-01 -1.780273e-01 -2.834598e-01 -7.485262e-02 2.103447e-01 1.882928e-01 2.430446e-01 -2.827904e-01 2.732281e-01 -2.267138e-01 -1.695808e-01 -2.549379e-01
4.087718e-02 1.255644e-01 8.619174e-03 -4.452507e-01 2.573719e-01 5.359744e-02 3.113754e-01 1.175090e-01 5.001848e-01 2.089711e-01 1.299936e-01 -9.910303e-02 -1.437112e-01 -1.130455e-01 -3.039579e-01 1.570289e-01 1.014441e-01 -3.926184e-02 -1.290667e-01 -9.721190e-02 7.318062e-02 3.292908e-01 5.607803e-02 -2.266490e-01 -2.117952e-01 -1.004160e-01 4.216192e-02 1.884052e-01 3.271013e-01 6.548996e-02 -6.647794e-01 7.799695e-02
7.015055e-02 1.065244e-01 6.435462e-01 -1.641169e-01 3.974504e-01 -8.263532e-02 2.505344e-01 -6.634962e-02 -1.185140e-01 -3.553912e-02 1.455323e-01 1.895458e-01 -1.701017e-02 2.439617e-01 2.755282e-01 -3.162950e-02 4.991951e-02 1.031860e-01 9.634469e-02 5.055389e-03 2.761862e-01 6.863125e-02 -1.449121e-01 -3.436365e-02 -3.345196e-01 -2.188903e-01 -6.372164e-01 2.593362e-02 -1.502217e-01 -2.190896e-01 3.145450e-01 -1.551979e-01
-1.592943e-01 -9.090187e-02 3.348151e-02 -1.625859e-01 -4.510690e-02 2.786479e-01 1.524462e-01 -2.964574e-01 6.293560e-01 2.678393e-01 9.605345e-02 3.327211e-01 -6.102411e-02 -1.283699e-01 2.279170e-01 1.003649e-01 -2.062854e-02 1.266775e-02 2.236624e-01 -4.825030e-02 2.677769e-01 -2.063303e-02 -3.271721e-01 2.160988e-01 -1.020367e-01 1.211014e-01 3.506812e-01 -2.379621e-01 8.768323e-02 4.026107e-01 -5.270299e-01 1.472021e-01
2.005419e-01 4.391521e-01 1.956733e-01 1.414925e-01 -4.315920e-02 1.520317e-01 1.293099e-02 -3.881318e-01 -3.792591e-01 -2.268978e-01 -7.442673e-02 -2.116307e-01 3.469977e-02 -1.572229e-01 3.043377e-01 3.770980e-02 4.390330e-01 8.375199e-02 -1.599590e-02 -6.344955e-02 6.273805e-02 -3.947665e-01 2.209202e-01 3.563970e-02 -3.236098e-01 -1.595375e-01 -8.551279e-02 5.380605e-01 -1.066443e-01 -3.360464e-02 2.742096e-02 -1.800236e-02
1.964245e-01 4.964971e-02 1.506603e-01 8.147992e-02 2.987429e-01 -1.529460e-01 1.962051e-01 6.117665e-01 -7.013060e-02 -1.277974e-01 -4.999530e-02 1.201078e-01 2.070246e-01 5.009795e-02 -1.940513e-01 2.567549e-02 4.520366e-01 -8.955833e-02 -5.207238e-02 1.204708e-01 2.947825e-01 -2.373928e-01 -2.326545e-01 -3.260906e-02 1.126129e-02 -2.719327e-02 1.861418e-01 -1.471255e-02 -2.922953e-01 -2.239357e-01 1.549998e-02 -2.640646e-03
-2.353535e-01 2.632684e-01 3.762931e-01 -1.180115e-02 1.431660e-01 1.180820e-01 4.849629e-01 -5.501376e-02 -7.505013e-02 -5.777537e-02 -2.955998e-01 1.546122e-01 -2.372168e-01 6.704476e-02 1.190273e-01 -3.412517e-01 -1.445733e-01 1.563897e-01 -4.465066e-02 2.725225e-01 -1.813592e-01 1.627821e-01 4.146062e-01 -9.238348e-03 2.153483e-02 -3.099773e-01 -6.143440e-02 3.644571e-01 1.869773e-01 -1.244876e-01 3.648571e-01 3.338951e-01
2.707047e-01 2.323004e-01 -1.251499e-01 1.281974e-01 -1.750329e-02 -1.123353e-01 1.313984e-01 -3.045333e-01 2.428051e-02 3.777179e-01 3.651162e-01 -2.796726e-01 -2.829720e-01 -2.561936e-01 7.287005e-02 2.069509e-02 1.590378e-01 -1.284199e-01 1.943867e-01 -3.692791e-01 8.495988e-02 -8.431525e-02 5.012210e-02 -2.893520e-02 -3.492460e-01 5.235329e-01 2.381982e-01 2.498997e-01 2.865686e-02 -2.849444e-01 -8.987330e-02 -8.441424e-02
-1.795119e-02 -1.562801e-01 5.908046e-01 -6.656369e-02 6.959251e-02 -3.758293e-01 1.724475e-01 1.568311e-01 2.470335e-02 -1.388216e-01 -2.886711e-01 -3.286902e-01 1.571454e-01 9.786524e-02 -2.701074e-02 1.584640e-01 6.570703e-02 -1.804337e-02 -7.227920e-02 6.803469e-03 2.683437e-02 2.306965e-01 1.301365e-01 1.866734e-01 -7.035571e-02 -2.931563e-01 1.106267e-01 3.777070e-01 3.850422e-01 1.417790e-02 -5.207205e-01 -2.867998e-01
-2.985741e-02 -6.679750e-02 1.108702e-01 4.148069e-01 3.948771e-01 4.321738e-01 -3.120283e-01 -1.236818e-01 5.661113e-02 -3.335531e-01 2.186542e-01 -3.237495e-03 -9.113018e-02 8.645467e-02 -9.113338e-03 -1.138478e-01 4.427975e-01 1.843580e-01 -3.046080e-01 4.068257e-01 6.173175e-02 1.195813e-01 1.239209e-01 -1.534953e-01 9.765849e-05 -2.590345e-01 -7.575026e-03 2.286802e-01 2.709104e-01 -2.474495e-01 4.804515e-02 1.448004e-01
3.948973e-01 -1.752822e-01 7.894561e-02 5.709211e-02 5.486414e-01 1.207140e-01 8.695485e-02 -3.175617e-01 3.151159e-02 -2.375627e-02 8.045116e-02 1.186605e-01 2.210922e-01 3.372601e-02 -3.149258e-01 -1.061569e-01 -2.360910e-02 -4.585767e-02 1.642627e-01 2.771527e-01 -2.787814e-03 -2.855003e-01 3.168441e-02 -8.622020e-03 3.380593e-01 -1.919453e-01 6.088052e-01 6.669487e-02 -3.785546e-02 -2.934866e-01 -1.764962e-01 1.335435e-01
-1.200107e-01 -1.638737e-01 6.921080e-02 -3.482369e-01 -1.883557e-01 -2.793711e-01 4.486840e-01 2.860163e-01 1.725233e-01 3.513428e-01 -1.369948e-01 -1.385040e-01 1.587162e-01 -3.281796e-01 1.441994e-01 -1.223593e-01 -3.857624e-01 -4.534784e-02 3.263997e-01 -6.326016e-01 -2.645361e-02 -2.052313e-01 -3.406326e-02 -1.102924e-01 1.204117e-02 6.560345e-02 9.455974e-02 -2.319904e-01 2.724214e-01 -6.992239e-03 4.730283e-02 -2.391664e-02
4.208656e-01 2.943083e-01 1.890251e-01 1.862460e-01 3.090923e-01 -1.667692e-01 2.712656e-03 -9.615602e-02 -9.245973e-02 -4.283248e-02 -4.916665e-02 2.296742e-01 1.678914e-01 -5.821553e-02 5.843964e-01 -3.948100e-02 -1.417717e-01 4.163800e-01 -8.334691e-03 -1.236960e-01 2.406808e-01 2.025616e-01 4.259617e-02 -2.262184e-01 4.925910e-01 4.626890e-02 -1.908112e-01 -3.104654e-01 -1.272122e-01 -1.337253e-01 2.281338e-01 -2.320092e-01
2.960637e-03 -3.143414e-02 4.614135e-01 -3.511174e-01 1.498532e-01 -4.445347e-02 -3.709080e-02 -1.732835e-02 -2.986983e-01 2.330711e-01 2.140460e-01 2.834034e-01 -3.215703e-02 1.701776e-01 2.071657e-02 3.723415e-01 -6.144793e-01 1.359918e-01 -3.950416e-01 -3.725187e-01 -2.379200e-03 -2.265167e-01 1.758714e-01 -3.131961e-01 1.800108e-01 1.209166e-01 2.434017e-02 -6.714574e-02 1.772160e-02 1.342082e-01 1.539274e-02 1.154864e-02
-2.374308e-01 -3.553180e-01 -1.908543e-01 -1.114528e-01 2.690811e-02 -2.375420e-01 5.327964e-02 4.238505e-01 4.324652e-01 2.127831e-01 1.355307e-01 1.732412e-01 -7.435521e-02 1.801413e-01 -2.414296e-01 -1.027981e-01 -3.819175e-01 -9.287123e-03 5.899478e-03 1.368409e-01 -7.480276e-02 3.801117e-01 -1.712538e-01 -7.918666e-02 3.243811e-01 1.788969e-01 1.222755e-01 -5.592664e-01 9.631599e-02 2.104356e-02 -6.837480e-02 2.233481e-02
1.835165e-01 -3.620412e-02 8.676618e-02 2.429597e-01 3.247508e-01 5.613859e-01 -1.114966e-01 -6.197184e-02 1.321911e-01 -2.843888e-01 1.549584e-01 -4.178857e-02 -1.787753e-01 1.566733e-01 3.197853e-01 6.734632e-02 2.975029e-01 -1.257162e-02 -5.910488e-01 2.623392e-01 2.914419e-01 1.416308e-01 2.435158e-01 5.553603e-02 -1.121820e-02 -1.413719e-01 -2.019528e-01 1.292993e-01 2.018950e-01 -1.004764e-01 -8.675542e-02 1.608065e-01
-9.922929e-02 3.747332e-01 -3.057092e-03 5.670551e-03 -2.465341e-01 2.931268e-01 1.650753e-01 -3.431981e-01 -2.472486e-01 1.946124e-02 -1.881009e-01 4.354146e-01 1.399074e-02 -2.257415e-01 -1.536337e-01 1.388711e-02 3.517810e-01 1.004794e-01 8.298009e-02 -1.106645e-01 1.945074e-01 2.313198e-01 -4.425169e-02 -1.896546e-01 -7.566299e-02 1.781706e-01 6.923506e-02 1.494762e-01 -2.153998e-01 -7.814083e-02 -5.261586e-01 3.522384e-01
1.255930e-01 -2.059838e-01 -3.795112e-01 -1.239980e-01 4.893428e-02 -1.365671e-01 -7.152320e-02 -2.313720e-01 3.551647e-01 5.762926e-02 6.985423e-02 3.839978e-02 3.223967e-01 3.612643e-01 -2.946448e-01 -2.076865e-02 -1.744452e-01 -5.354060e-01 -7.351609e-02 -3.374921e-01 -6.355626e-02 -1.187660e-01 -1.904955e-01 5.827084e-02 -2.520996e-01 1.183511e-01 3.682272e-01 -1.526815e-01 -2.872610e-02 2.091857e-01 -9.923892e-02 -1.556643e-01
1.011006e-01 6.070991e-02 4.382101e-01 4.364550e-01 4.481599e-04 1.083068e-01 -2.441908e-01 6.112964e-02 -1.221567e-01 -4.291164e-01 -4.747244e-02 -2.766948e-01 -8.477350e-02 -3.979949e-01 1.568741e-02 -9.414130e-02 8.527773e-02 4.200638e-02 5.599561e-02 3.488024e-01 1.899021e-01 1.327831e-01 3.357833e-01 1.141364e-02 -1.761647e-01 -4.838566e-01 1.283291e-01 2.715702e-01 -1.108640e-01 3.675939e-01 3.032486e-01 -1.738793e-01
-1.081542e-02 3.995851e-02 -2.283789e-01 5.189174e-01 -2.099057e-01 -1.377827e-02 -6.019004e-02 -1.639706e-01 -3.674845e-02 3.379921e-01 2.786724e-01 1.988638e-01 -2.298418e-01 -3.312033e-01 4.526167e-02 1.325065e-01 -2.616036e-01 -5.399855e-04 -1.345329e-01 7.321616e-02 3.267623e-01 -9.588975e-02 -1.701647e-01 -1.172943e-01 -1.199182e-01 3.741619e-01 -5.338181e-01 -8.046304e-02 1.232050e-01 -4.197173e-02 -1.621695e-01 -2.631735e-01
1.030065e-01 3.870689e-01 -7.539384e-03 3.419208e-01 5.425184e-02 1.243123e-01 1.926696e-01 -1.925901e-01 -5.475957e-02 -5.461866e-03 4.662074e-01 1.494769e-01 6.151455e-02 1.868787e-01 1.236206e-01 2.552476e-01 4.136246e-02 3.936671e-02 5.120250e-02 -4.122203e-01 -4.178443e-01 -1.415105e-01 -3.397584e-01 -2.765214e-01 -2.376863e-01 6.092217e-02 -3.313268e-02 -2.742454e-01 4.434243e-02 -9.755291e-02 3.670831e-01 1.552044e-01
1.103789e-01 3.744794e-02 7.085595e-01 -1.374192e-01 -1.201159e-02 -2.684349e-01 2.038901e-01 -8.766445e-02 -3.533241e-02 -5.712615e-02 -2.476333e-01 -1.941839e-01 -1.029333e-01 2.017587e-01 2.848554e-01 4.774844e-02 1.547428e-02 -2.508866e-02 2.735798e-01 1.480864e-02 -1.048894e-01 -7.115066e-02 -4.001228e-02 8.130968e-02 -3.109382e-01 -3.026412e-01 -4.231612e-01 1.178944e-01 -1.764208e-01 -4.990647e-01 3.791109e-01 -5.473531e-02
4.092612e-01 2.326139e-01 5.455526e-02 1.283646e-01 8.679393e-02 4.756550e-01 6.966941e-03 -3.438808e-01 -2.452068e-01 -3.613055e-01 -1.263869e-01 -2.189993e-01 -8.114822e-02 -6.409137e-02 1.944128e-01 4.735337e-02 -3.495933e-02 -1.258222e-01 -1.804801e-01 3.153418e-01 6.059409e-02 -5.346488e-01 9.115043e-02 1.292682e-01 -3.847343e-01 -2.141288e-01 -1.935323e-01 3.246908e-01 -1.925121e-01 3.628685e-02 1.479799e-01 -1.326214e-01
8.499482e-02 -6.196923e-02 -1.953991e-01 2.133907e-01 -1.003121e-01 6.111057e-01 2.165557e-01 -1.037642e-01 -4.080909e-01 1.999979e-01 2.627406e-01 1.336315e-01 -4.434342e-02 -1.435399e-01 -1.440076e-01 1.690180e-03 3.173562e-03 -1.023352e-01 3.110057e-01 -4.817890e-03 1.036646e-01 -8.393043e-01 5.832166e-02 1.279346e-01 1.223853e-01 4.645975e-02 -1.768092e-02 7.116471e-02 5.083128e-03 -2.072469e-01 -8.403801e-02 7.866399e-02
1.350737e-01 4.341644e-01 -1.656599e-02 3.324272e-01 -6.167911e-02 -8.029853e-02 -1.634526e-02 -2.950800e-01 -1.492681e-01 1.595568e-01 7.038625e-02 -2.089262e-01 -7.090762e-03 1.703299e-01 -2.351785e-01 4.251633e-01 3.356930e-01 -7.512181e-02 7.058387e-02 9.956718e-02 2.091774e-01 -2.628058e-01 -8.723503e-02 2.378941e-01 -4.017361e-03 -7.669123e-02 -2.335391e-01 -4.776072e-01 -9.761961e-02 -2.096838e-01 -1.525072e-01 5.311802e-02
5.248682e-01 1.183733e-02 3.404562e-01 -9.139810e-02 7.169539e-02 6.016258e-02 2.086417e-02 1.808558e-01 -3.820386e-01 -1.946162e-01 -3.894522e-01 -1.778001e-01 -6.478289e-02 1.703177e-01 -5.996421e-02 -1.200904e-01 3.480419e-01 3.549564e-02 -9.143177e-02 1.005170e-01 -3.892966e-01 7.796887e-02 3.941552e-01 -1.450009e-01 -8.340780e-02 -2.711463e-01 5.605800e-02 1.683298e-01 -2.064376e-01 -2.875918e-01 2.157215e-01 3.631195e-02
-1.313260e-01 -2.967654e-01 5.143034e-02 -2.568637e-01 -3.077256e-02 -2.885118e-01 4.791831e-01 -6.715899e-02 -6.795296e-02 3.018572e-01 -1.702823e-01 1.144730e-01 7.525951e-02 -3.383532e-01 5.394541e-02 3.007058e-01 -1.791599e-01 7.842253e-03 1.752882e-01 -2.738891e-01 -1.252561e-01 -3.442049e-01 -5.534865e-02 7.639741e-02 1.087540e-01 3.231866e-02 2.685351e-01 7.265401e-02 2.310050e-01 -2.196419e-01 4.163598e-01 3.022943e-02
1.045085e-01 -2.388575e-01 -1.361764e-01 2.090093e-01 -1.120749e-01 5.147023e-01 6.117588e-02 9.147390e-02 -1.908276e-01 1.172054e-01 1.300471e-01 2.661961e-01 -1.478389e-02 -4.760642e-02 -4.449029e-01 4.260080e-01 6.737354e-02 -1.103808e-01 -8.501361e-02 2.732288e-01 -1.362563e-01 -9.816176e-02 2.246359e-01 2.780905e-01 8.543744e-02 -3.451575e-01 -2.824570e-01 6.685656e-02 4.429666e-01 -2.608093e-02 1.364691e-01 -4.729204e-01
1.235355e-01 2.603636e-01 2.391650e-01 4.761317e-01 2.183858e-01 4.582068e-01 7.064179e-02 2.301323e-02 -2.421226e-01 -7.186299e-04 2.213259e-01 1.461946e-01 3.721893e-03 1.861870e-01 -2.001044e-01 2.712592e-01 -9.729774e-02 -5.014034e-02 4.684046e-03 -7.194813e-02 -7.446813e-02 1.013077e-01 -4.395952e-02 3.573719e-02 -5.429608e-01 -1.363037e-01 -1.372555e-01 -1.538263e-01 1.294251e-01 3.042211e-01 -5.894975e-01 -2.653491e-01
-1.236252e-01 -1.033420e-01 7.109158e-03 -3.793641e-01 -2.106038e-01 -3.056812e-01 5.558363e-01 2.242845e-01 1.248869e-01 8.186544e-02 -1.360634e-01 6.616618e-03 8.686158e-02 -1.822313e-01 5.922187e-02 2.170222e-01 -3.708662e-01 -6.831451e-02 2.238508e-01 -2.208095e-01 -2.467391e-01 -1.184156e-01 -3.099530e-01 2.680419e-01 1.828174e-01 1.036262e-01 1.036159e-01 -2.067211e-01 6.989127e-02 -1.293511e-01 -1.449165e-02 1.007454e-01
-1.131501e-01 -1.745224e-01 8.522528e-02 -3.969654e-01 -1.047914e-01 -3.029188e-01 6.574629e-01 1.783867e-01 4.366203e-02 1.632786e-01 -2.283896e-01 -1.359867e-01 -1.379824e-02 -1.105115e-01 4.319584e-02 1.152082e-01 -3.230995e-01 2.346904e-01 3.435206e-01 -4.281527e-01 1.160538e-03 -4.391613e-02 -3.797947e-01 4.262496e-02 6.806590e-03 1.413611e-01 2.664334e-01 -2.070442e-01 3.160946e-02 1.394482e-02 3.239423e-01 5.463616e-02
2.247983e-01 1.979149e-01 -8.692467e-02 2.883888e-01 -1.458988e-01 -1.082197e-01 2.615276e-01 -7.942026e-03 -1.633434e-01 2.936549e-02 -6.728566e-02 -3.533726e-01 5.939612e-01 -3.196110e-01 -1.764589e-01 -1.795872e-01 -6.066756e-01 -2.617540e-03 -5.033016e-01 2.122837e-01 -3.191894e-01 -1.434521e-01 -1.501332e-02 6.373746e-02 -5.916034e-02 1.296527e-02 2.714349e-01 9.779311e-03 -4.970348e-04 1.602620e-01 2.414468e-01 8.881941e-02
-2.930796e-01 -1.874192e-01 4.171997e-01 -1.181321e-01 -7.496887e-02 -2.432001e-01 -1.623425e-01 -2.857746e-02 2.867707e-01 4.200081e-01 -1.057035e-01 -3.672756e-02 1.994600e-01 -6.965028e-02 6.366166e-02 1.503605e-01 1.550891e-01 5.872465e-02 -2.402926e-03 2.332545e-02 5.048573e-02 -3.471997e-02 -1.922481e-03 5.028249e-03 7.490937e-01 8.948708e-02 1.507894e-01 1.546751e-01 -7.161244e-02 -1.469935e-01 3.848092e-01 -1.634011e-01
1.453589e-02 -5.615696e-02 2.511508e-01 -1.537410e-01 2.733428e-01 -2.499248e-01 2.401652e-01 -3.403959e-01 1.727384e-01 4.595743e-02 1.614970e-01 3.814518e-01 -1.130235e-01 1.911599e-01 2.062953e-01 -1.322933e-01 4.110054e-01 4.286873e-02 1.402766e-02 -1.246386e-02 -2.429332e-01 -4.756495e-01 1.351628e-01 -2.306414e-01 -6.293902e-02 6.494395e-03 -1.906098e-02 -2.073982e-01 -2.134714e-01 -3.363099e-01 -9.128278e-02 1.697602e-01
5.002791e-01 -4.118247e-02 5.397340e-02 3.703073e-01 3.810202e-01 -4.668541e-02 3.027783e-01 -2.124753e-01 1.338904e-01 1.903299e-02 1.750583e-01 1.564249e-01 3.069011e-01 5.060795e-02 5.928782e-02 -9.494781e-02 3.754117e-01 9.704002e-02 -1.160541e-01 -5.671976e-02 -5.813989e-02 -9.181514e-02 3.869077e-01 -2.470027e-01 8.013144e-03 3.762596e-02 6.127856e-01 -2.552146e-01 -1.117742e-01 -1.633486e-01 1.172593e-01 2.013098e-01
2.284684e-01 -9.748612e-02 3.606192e-02 -4.506684e-02 2.721920e-01 6.325893e-02 1.537247e-01 3.114746e-01 2.877116e-01 3.339300e-01 -7.592125e-02 1.367000e-01 3.833984e-01 -2.389907e-02 1.486425e-02 -1.990665e-01 -3.154314e-01 3.033574e-02 -1.526489e-01 -1.483639e-01 -6.269255e-02 6.253505e-02 4.308564e-02 1.330957e-02 2.966502e-01 -1.495143e-01 6.517079e-01 2.919451e-01 -6.645206e-02 -1.649374e-02 -5.689982e-02 8.886341e-03
4.487387e-01 2.595194e-01 -2.812547e-01 3.800738e-01 -1.412955e-01 3.176803e-02 -1.816306e-01 -3.327044e-01 1.166542e-01 1.077872e-01 -9.290926e-03 -2.236384e-02 -2.712660e-02 3.594608e-01 1.446234e-01 1.904840e-02 -1.003810e-01 4.660680e-02 3.685275e-01 -4.330979e-02 1.122585e-02 2.188128e-02 8.129729e-04 -6.248024e-01 -4.090465e-01 -8.393749e-02 3.831266e-02 -5.977652e-02 1.774034e-01 -9.057905e-02 -2.774273e-01 -5.111218e-02
2.937359e-01 4.048287e-01 5.366442e-02 2.767595e-01 1.025042e-01 3.071933e-01 8.634180e-02 2.231263e-01 -3.057634e-01 7.152554e-02 3.416198e-01 3.998632e-02 1.786477e-01 2.493123e-01 -1.344411e-01 2.180323e-01 -7.354434e-02 9.026083e-02 -4.928535e-02 -7.201983e-01 -3.129885e-01 -1.881859e-01 -1.945765e-01 -1.541320e-01 -2.880716e-01 8.806889e-02 -1.691948e-01 5.390804e-02 -1.039658e-01 8.453801e-04 8.539933e-02 -8.133316e-02
2.387836e-01 1.793977e-01 -1.726912e-01 5.560431e-01 1.806967e-02 2.587527e-01 -2.633087e-02 5.799833e-02 9.804601e-02 2.900444e-01 3.545649e-01 -1.698416e-02 1.664107e-01 8.802699e-02 -2.385620e-03 4.750852e-02 3.586719e-03 -2.935032e-02 -4.304473e-02 -9.206260e-02 4.303631e-02 1.350940e-01 -4.608415e-02 8.844808e-02 -6.888808e-01 -1.558739e-01 -1.161535e-01 1.411223e-02 1.159383e-01 2.156324e-01 -4.619052e-01 -1.835115e-01
2.097811e-01 4.822334e-01 1.141723e-02 1.413395e-01 -2.940504e-02 -3.658057e-01 2.341050e-01 5.610600e-02 -2.134442e-01 -1.063450e-01 -8.142594e-02 1.387814e-01 4.566586e-01 3.245901e-02 9.315397e-02 -2.471767e-01 -5.608206e-01 7.491814e-02 1.093764e-01 -1.481670e-01 9.424640e-02 1.568017e-01 3.394483e-01 -2.232827e-02 1.620661e-01 1.678720e-02 -2.712568e-01 1.173620e-01 -4.142805e-02 -4.726376e-02 -3.896478e-01 8.894363e-02
1.369638e-01 2.454141e-01 2.227965e-01 -9.806810e-02 -1.805027e-02 -2.794878e-01 -1.614939e-01 1.662579e-01 3.493431e-01 -2.986211e-01 -4.123058e-02 -2.381817e-01 4.987499e-02 -1.445598e-02 4.736656e-01 -2.406173e-01 -2.580412e-01 7.864418e-03 8.181841e-02 -3.626395e-01 2.184612e-01 2.320677e-01 -3.632691e-01 -2.133006e-01 -2.964485e-02 7.352883e-02 -1.399604e-02 2.693859e-02 -5.363411e-01 -6.257661e-02 -1.036199e-01 2.541041e-01
4.854974e-01 2.512073e-01 3.880734e-02 2.993528e-01 -1.521250e-01 -1.648192e-01 -1.640345e-01 -2.567899e-01 6.063830e-02 -1.114247e-01 -5.768808e-02 -5.265903e-04 2.644260e-01 4.129065e-01 8.746128e-02 1.076855e-01 1.180393e-01 1.792224e-01 1.374979e-01 -1.572906e-01 3.087864e-01 1.978627e-01 3.007068e-02 -2.938751e-01 -5.231869e-01 3.429455e-02 -1.253208e-01 -9.194500e-02 2.228734e-01 -2.673345e-02 -3.070320e-01 9.884315e-03
-1.222332e-01 -1.849627e-01 -4.525645e-01 1.288160e-01 -7.551819e-02 3.090751e-02 -2.057367e-02 -1.545061e-01 1.461179e-01 1.687579e-01 6.525372e-01 1.804443e-01 -2.038170e-02 1.562771e-02 -8.254319e-02 -3.996051e-02 -9.230740e-02 -9.265174e-02 -1.743846e-01 -3.929735e-01 1.543674e-01 -1.585644e-02 -4.274076e-01 1.848059e-01 1.680131e-01 2.523672e-01 8.236829e-02 -7.949371e-02 3.558708e-01 2.776750e-01 -1.157540e-01 -1.116597e-01
-4.367892e-02 1.752279e-01 5.578790e-01 -2.824923e-01 1.151097e-01 8.230107e-02 2.580525e-01 8.984053e-02 -1.489993e-01 -3.501046e-01 5.383084e-02 1.122908e-01 1.547960e-01 4.267244e-01 1.075048e-01 1.402471e-01 -5.734878e-02 3.114491e-01 4.725588e-02 -1.691676e-01 4.821893e-01 3.365829e-01 -7.749990e-02 -1.945933e-01 -3.226876e-01 -5.479375e-02 -5.432565e-01 -5.481526e-02 -2.726106e-02 4.272209e-02 -1.249626e-01 -1.401209e-02
4.569166e-01 -3.122212e-01 -1.003797e-02 2.657880e-01 3.094287e-01 1.098152e-02 8.888873e-02 -8.735508e-02 -7.981418e-02 -1.001430e-01 -8.730657e-02 4.683681e-02 4.642087e-01 2.119794e-01 -1.177342e-01 1.416206e-01 2.179518e-01 -1.760336e-01 5.862617e-02 3.213460e-01 1.697080e-01 6.320631e-02 -1.475845e-01 2.942382e-01 2.754378e-01 1.631865e-01 2.710798e-01 1.108308e-02 5.858357e-02 -5.377222e-01 1.277587e-01 1.922327e-02
7.431221e-02 8.022293e-03 -2.118534e-01 8.931597e-02 2.492414e-01 2.621644e-01 -1.329234e-01 5.413029e-01 1.757129e-01 -3.393676e-01 6.740626e-02 -3.165416e-01 1.591036e-01 1.858702e-01 -1.873857e-02 -2.143760e-01 -1.018276e-02 6.765259e-02 -5.374430e-03 9.908313e-04 -2.540768e-01 -3.397733e-01 -1.054858e-02 1.278548e-01 -7.482582e-02 -4.350087e-01 5.201381e-03 -2.757267e-02 -3.045783e-01 1.076208e-01 -5.416436e-01 -1.789045e-01
-1.076296e-01 -1.907386e-01 5.743930e-02 -3.642085e-01 -2.200611e-01 -2.688417e-01 5.163518e-01 2.317962e-01 2.164548e-01 3.079180e-01 -1.062872e-01 -8.916061e-02 2.258927e-01 -3.282533e-01 9.614081e-02 4.906487e-02 -2.823341e-01 -2.887729e-03 2.942838e-01 -1.263118e-01 -1.114914e-01 -9.262607e-02 -2.030664e-01 -5.130141e-02 4.281145e-01 5.007600e-02 1.147775e-01 -1.984284e-01 5.499237e-01 -8.767620e-02 2.655846e-01 1.373548e-01
-1.628191e-01 9.108331e-02 1.349563e-01 -1.785456e-02 -1.131070e-01 2.479545e-02 3.024373e-01 -1.988077e-01 -3.250053e-02 3.841311e-01 -1.532733e-01 4.703194e-01 -1.450780e-01 -2.667364e-01 -2.527856e-01 2.542216e-01 -2.387648e-03 -4.163619e-01 -1.334675e-02 -1.799772e-04 -4.573223e-02 -2.931778e-01 -1.651852e-01 2.303237e-01 -4.116939e-01 6.387661e-02 -5.601748e-01 4.015098e-02 1.616506e-01 -5.202248e-02 -1.123644e-02 -3.286211e-02
-1.597638e-01 1.517926e-01 -4.152138e-01 1.771365e-01 -9.232638e-02 3.612646e-01 5.136636e-02 -2.117188e-01 2.063077e-02 1.450033e-01 2.953237e-01 1.710667e-01 -2.058437e-01 -1.532650e-01 -2.347299e-02 4.138698e-01 -4.271316e-02 -3.497930e-03 9.736110e-03 -3.088408e-02 2.337781e-01 -1.359667e-01 2.509331e-01 -2.328297e-01 6.552920e-03 -1.001068e-01 -9.856464e-03 -5.801954e-01 -1.607096e-01 -2.125960e-01 4.700932e-01 1.563908e-01
-3.272441e-01 -1.959128e-02 -6.776783e-02 -1.735986e-01 -2.970925e-01 1.484620e-01 -1.407619e-01 4.368078e-01 2.240233e-03 -1.987243e-01 -3.276410e-01 3.991322e-02 -1.815704e-01 -1.970082e-02 4.466894e-01 -3.143520e-02 -2.496083e-01 2.264328e-01 3.001550e-02 1.666997e-01 2.956878e-01 4.853293e-02 -3.540156e-02 -7.312980e-02 2.494289e-01 3.047666e-01 -5.363639e-03 -2.140328e-01 -1.699210e-01 1.463712e-01 4.354359e-02 4.550485e-01
-2.723050e-01 2.511829e-01 1.107073e-02 2.654833e-01 -1.156540e-01 -9.628106e-02 -3.916243e-02 9.200481e-02 -2.369107e-01 -1.314617e-01 -1.256198e-01 -2.222971e-01 6.623784e-01 7.639983e-02 -6.160969e-02 -3.291353e-01 -1.936192e-01 -1.023350e-01 -2.606702e-01 1.849763e-01 -4.698854e-01 -3.526295e-01 -1.017419e-01 7.243427e-02 -3.069567e-02 8.348172e-02 -4.928757e-02 -1.029206e-01 -1.276782e-01 5.764681e-01 3.152746e-02 -2.124736e-01
1.933493e-01 -1.169995e-01 -2.770423e-01 -1.376245e-01 1.751856e-01 -9.424641e-02 -3.874513e-01 -2.829206e-01 1.284098e-01 1.730079e-02 4.508820e-01 -1.996327e-01 2.596205e-01 1.239848e-01 -1.463065e-01 2.857171e-01 -1.327528e-01 -2.746513e-01 -4.485068e-01 5.836891e-02 -4.141916e-02 -3.961067e-01 -1.047298e-01 -2.775853e-05 -3.705947e-01 1.297878e-01 1.243360e-01 -1.490416e-01 2.313863e-02 2.361309e-01 -3.562608e-01 -1.481672e-01
2.020164e-01 -4.648298e-02 -3.168154e-01 1.775087e-01 -1.601182e-01 6.477191e-02 9.516129e-02 1.031830e-01 -1.691972e-01 1.088535e-01 -1.864749e-01 -4.081069e-01 5.300743e-01 -2.752321e-01 -5.506339e-02 -1.103598e-01 -4.560122e-01 -1.179701e-01 -3.500365e-01 9.267944e-02 -4.031841e-01 -1.145580e-01 1.293109e-01 2.098402e-01 4.883300e-02 9.758513e-02 2.054352e-01 -3.298054e-02 -9.033684e-02 2.371030e-01 -2.858537e-01 -1.134026e-01
-1.298378e-01 -2.858767e-01 5.457987e-01 -2.486512e-01 -1.814141e-01 -2.277360e-01 -3.423242e-02 -3.927850e-03 2.978657e-01 -1.589181e-01 -1.372600e-01 -9.640570e-02 2.565906e-02 -3.072597e-01 -1.671420e-01 -1.989390e-01 2.323453e-01 1.457787e-02 -3.521074e-01 9.315521e-02 7.743622e-03 -9.634433e-03 2.207624e-01 -1.214550e-02 -8.797371e-02 -1.171633e-02 -4.482819e-01 2.884834e-01 -1.853952e-01 -2.539795e-01 2.029973e-01 -4.245004e-01
1.841016e-03 2.963544e-01 5.005936e-01 -2.592430e-01 -1.274672e-01 -1.250379e-01 1.389339e-01 9.519855e-02 -2.581993e-01 -2.671641e-01 2.618565e-01 1.779902e-01 8.683082e-02 8.716676e-02 -2.193356e-02 1.304931e-01 -3.627385e-01 1.954389e-01 1.242142e-01 6.501179e-02 9.732317e-02 2.416459e-01 9.809442e-02 -3.301091e-02 -3.846022e-02 -1.093256e-01 -2.881462e-01 4.589483e-01 -6.564526e-02 2.662472e-01 1.502831e-01 2.074917e-01
-1.459460e-01 4.348820e-02 5.931972e-01 -3.172168e-01 -9.973929e-02 1.982594e-01 3.346177e-01 3.143733e-02 -3.044165e-01 2.269005e-03 1.767268e-01 -1.335901e-01 7.595805e-02 1.626630e-01 1.843419e-02 4.018414e-02 2.945994e-01 2.265687e-01 -3.356814e-01 2.069630e-02 -3.288268e-02 3.101335e-01 -1.144084e-01 1.418581e-01 3.153786e-02 1.228484e-01 1.325299e-01 -3.357641e-01 -3.853097e-01 2.294444e-01 -1.211976e-01 3.503896e-01
1.944157e-02 2.546641e-01 -2.932350e-02 1.261493e-01 -9.604778e-03 5.132970e-01 5.552464e-02 7.976187e-02 5.070643e-02 -3.386586e-02 2.614402e-01 -2.550815e-01 1.222498e-01 6.436451e-02 1.246313e-01 2.400073e-01 -8.611308e-03 2.470129e-01 2.815813e-02 -1.488087e-01 3.737977e-01 1.522562e-02 -4.151894e-02 -1.716970e-01 -6.954573e-02 1.465652e-01 3.552808e-01 4.094594e-01 -1.413618e-01 7.865039e-02 -1.966617e-02 2.303693e-01
1.720045e-01 8.776618e-02 -5.294107e-02 1.191546e-01 1.129065e-01 3.554177e-01 1.223997e-01 -3.401744e-01 -9.301201e-02 2.203093e-01 -1.648282e-01 -3.628251e-01 1.558652e-01 1.161612e-01 -3.936254e-01 2.897964e-01 -1.135951e-02 -7.593611e-02 -7.493277e-02 2.827212e-01 1.970102e-01 -1.345115e-01 -3.103285e-01 -6.546506e-02 4.039634e-03 -5.895818e-02 -4.382914e-01 -1.350130e-01 3.047834e-01 -3.374324e-01 2.269093e-02 -9.327406e-02
-2.260705e-01 -3.446246e-01 2.649568e-01 -1.428511e-01 2.254179e-01 4.525300e-01 -1.259818e-01 5.626026e-02 -2.042768e-02 1.433260e-01 1.380909e-01 1.211587e-01 -3.036341e-01 -2.232557e-01 -1.013396e-02 -2.745453e-01 3.950106e-02 2.990312e-02 -6.200532e-01 2.152000e-02 6.463601e-02 -2.485309e-02 -1.027274e-02 4.729866e-01 2.513511e-01 3.960460e-02 -1.680665e-01 8.076165e-02 -8.958686e-02 -1.807897e-01 -8.658606e-02 -5.311720e-02
8.603945e-02 6.448167e-02 -3.435705e-01 2.116144e-01 -2.661000e-01 -2.210185e-01 -1.896472e-01 1.907086e-01 2.129680e-01 3.051386e-02 -2.916557e-02 2.093574e-01 -1.533218e-02 5.827524e-01 -7.312433e-02 -5.450031e-02 -3.636266e-01 -2.979096e-01 4.778422e-03 -7.914636e-02 1.780755e-01 -1.629262e-01 1.122196e-02 -5.190328e-01 2.583125e-01 -1.056546e-01 -2.856160e-01 1.822538e-01 1.280176e-01 1.617002e-02 6.452769e-02 -1.447069e-01
2.377861e-02 8.586329e-02 7.003202e-02 -3.695689e-02 -2.499740e-01 -3.153360e-02 -4.570218e-01 -8.560266e-02 -2.962869e-01 1.808027e-02 -1.538392e-01 5.924652e-01 1.204678e-01 3.213925e-01 1.948714e-01 -7.662177e-05 1.017602e-01 -3.262487e-01 -5.841640e-01 1.863307e-01 -6.086141e-02 1.746291e-01 3.052562e-01 1.206935e-01 -9.413485e-02 -2.085542e-01 -1.406170e-01 4.297113e-02 -2.761644e-01 -2.949316e-01 -5.057890e-02 -1.342986e-01
-8.785644e-02 -7.457792e-02 4.372308e-01 -2.300902e-01 -2.427693e-02 -1.696643e-01 2.760591e-02 3.494960e-01 -3.266052e-02 -2.026271e-01 -1.596593e-01 -2.110586e-01 1.736816e-01 -2.771404e-02 2.772985e-01 -3.456843e-01 4.098665e-01 1.751107e-01 3.538623e-02 -7.039312e-03 -4.046562e-02 1.964041e-01 2.475513e-02 1.318581e-01 4.138570e-01 -7.493215e-02 6.134045e-01 1.465923e-01 1.101997e-01 1.345891e-01 -4.156039e-02 1.120277e-01
1.420223e-01 3.889764e-01 5.636632e-02 2.372040e-01 1.075496e-01 2.906480e-01 -3.677328e-01 6.263869e-02 -1.368456e-01 -2.711403e-01 1.860067e-01 2.739180e-03 -1.531502e-01 4.799205e-01 -1.316088e-01 -5.951945e-02 1.997896e-01 -5.961329e-02 -2.636393e-01 2.451593e-01 1.738675e-01 2.166211e-01 7.087848e-02 9.967012e-02 -1.410168e-01 -3.829109e-02 -3.218015e-01 -2.741541e-02 -2.414176e-01 2.682728e-02 -6.079630e-01 -9.101653e-03
-3.168723e-01 5.807820e-02 -1.801641e-01 -1.532038e-01 3.970926e-01 2.276452e-02 2.952586e-02 8.924060e-02 5.029042e-02 5.522384e-02 -2.979907e-01 -3.473071e-01 -7.769641e-02 3.435960e-01 2.853272e-01 -8.949459e-02 -3.644890e-01 3.608774e-01 -6.443232e-02 5.758891e-02 -1.674458e-01 5.921280e-02 -2.461422e-02 5.861253e-01 -7.404475e-02 9.551226e-02 -1.116032e-02 -1.584519e-01 8.828455e-02 -3.082816e-02 3.467957e-01 4.888829e-02
4.079670e-03 -4.010155e-02 -6.350508e-02 7.163495e-03 2.702537e-01 4.416417e-02 5.305348e-01 3.107345e-02 4.163563e-01 1.713884e-02 2.090995e-01 -4.173112e-01 -1.021865e-01 -3.265446e-01 -1.076344e-01 -2.288383e-03 -2.236381e-01 3.505119e-01 4.241359e-01 -1.096681e-01 -3.788468e-02 -1.081550e-01 -4.078601e-01 -7.098333e-02 1.013366e-01 1.473156e-02 1.226997e-01 -1.155187e-01 4.574539e-01 2.089003e-01 -9.401014e-03 1.607353e-01
2.470756e-01 -1.364088e-01 2.066196e-01 4.094385e-03 2.297562e-01 -1.965933e-01 -1.382275e-01 -1.788522e-01 -2.442760e-02 2.619207e-01 -2.754449e-01 -1.162799e-01 4.780968e-01 3.310221e-01 -2.255134e-01 7.720952e-03 -1.208527e-01 -3.991681e-01 -4.183668e-01 -1.049265e-02 3.988477e-03 -2.024100e-01 4.839395e-01 -1.449767e-01 -5.421356e-02 -2.118784e-01 2.478415e-01 1.182525e-01 2.482845e-02 -2.452762e-02 -2.877656e-02 1.107427e-01
-1.287147e-02 -2.204148e-02 6.281285e-01 -1.066716e-01 -2.117324e-01 -1.265336e-01 1.048238e-01 -6.274206e-02 -7.634468e-02 -1.172354e-01 -3.341800e-01 -1.995384e-01 -2.851446e-01 1.305790e-01 2.467567e-01 1.302489e-02 2.450868e-04 -1.047827e-01 3.334481e-01 -3.900165e-03 -1.350270e-01 -2.871086e-01 -4.440357e-02 8.235928e-02 -1.899690e-01 -2.731361e-01 -2.451725e-01 9.110165e-02 -8.263811e-02 -4.923348e-01 4.641522e-01 -8.922595e-02
2.450739e-01 -4.532531e-03 -2.589838e-01 1.112594e-01 2.768341e-01 -8.799123e-02 -3.579181e-01 -2.284551e-01 4.848734e-01 1.656931e-01 -5.906593e-02 8.930269e-02 -1.116576e-01 -1.122844e-01 -1.119607e-01 -8.349114e-02 2.934935e-01 -8.045941e-02 1.751890e-02 -2.659630e-02 -1.560606e-01 -2.082247e-01 -3.926322e-01 -4.095145e-02 1.671326e-02 2.011036e-01 3.514184e-01 -3.777983e-01 1.528685e-01 -3.037747e-01 -2.367836e-01 -1.370263e-01
2.335919e-02 -2.446708e-01 -3.940593e-02 2.392523e-01 -5.355434e-02 1.755819e-01 1.897867e-01 1.154197e-01 5.425389e-01 2.481151e-02 -2.160245e-01 -1.678907e-01 -1.939847e-01 -2.457496e-02 -3.909848e-01 1.282804e-01 1.128106e-02 8.569730e-02 2.116023e-03 -4.209798e-01 -3.586406e-01 5.714306e-03 1.970180e-01 -8.568650e-03 4.041892e-02 -9.406432e-02 3.685430e-01 2.168313e-01 2.525992e-03 -6.788488e-02 -2.514335e-01 -5.238769e-01
-2.790883e-02 -2.414656e-01 3.596429e-01 -2.011930e-01 -3.440645e-02 3.853407e-03 3.301586e-01 -2.725878e-02 -2.719897e-01 3.152597e-01 2.585015e-01 4.307384e-01 -1.925052e-01 -2.383004e-01 -1.040038e-01 6.678780e-02 2.650898e-01 8.933554e-02 -3.039908e-01 -1.692757e-01 -1.775863e-01 -1.858472e-02 2.069424e-01 -5.542026e-01 -3.153725e-02 3.313902e-02 1.105770e-01 1.644455e-01 3.488781e-01 3.432905e-02 -3.467530e-01 4.195508e-02
4.551514e-01 4.009864e-01 -3.225605e-01 -1.202302e-01 -9.350244e-02 -1.109341e-01 -2.656312e-01 -1.282421e-01 6.352846e-02 -9.635887e-02 8.258726e-02 -7.065983e-02 2.421440e-02 -3.681298e-02 -2.931574e-01 -2.102578e-01 7.742995e-02 -1.291761e-01 -1.008936e-01 -1.096326e-01 -1.286837e-01 7.423385e-02 -2.406088e-01 2.043662e-02 3.196064e-01 1.294720e-01 -1.121973e-01 -6.041771e-02 3.455324e-01 -2.650499e-01 -4.633404e-01 -1.158694e-01
3.126979e-01 1.203883e-01 7.724460e-02 -4.793811e-02 -1.414748e-01 -1.170683e-01 2.289414e-01 -1.133994e-01 7.979371e-02 3.968092e-01 2.790496e-03 -2.870114e-01 5.362477e-01 4.810095e-04 1.006193e-02 -3.991785e-01 -3.536066e-01 -2.694224e-01 -1.368876e-01 -1.951061e-01 2.644796e-01 2.159461e-01 1.565887e-01 9.055550e-03 -1.262693e-01 -1.831738e-01 2.323778e-01 -1.076170e-01 -1.231050e-01 -5.103238e-01 -1.685748e-01 7.670756e-02
-2.603349e-01 -3.627170e-02 1.905295e-02 3.094810e-01 -2.348694e-01 2.104069e-01 7.815553e-02 -8.451723e-03 -2.468832e-02 -1.220362e-01 -2.174001e-01 -7.781507e-03 -9.679969e-02 -2.743649e-02 3.819309e-01 -1.800099e-01 8.382371e-02 3.719707e-02 1.986555e-01 -1.121549e-01 1.028251e-01 -2.292836e-01 -1.859490e-02 1.596453e-02 2.248421e-02 4.205465e-01 -6.963531e-02 -4.280038e-01 -1.020275e-01 4.179034e-02 1.302963e-01 3.382801e-01
-2.986538e-01 -2.415735e-01 1.433601e-01 5.030751e-01 2.656341e-01 -4.428689e-02 1.477041e-01 -2.582287e-04 5.520688e-02 1.769319e-01 -1.447737e-01 2.805907e-01 -2.807855e-01 -9.362921e-02 2.027855e-01 6.988823e-02 3.377225e-01 -2.482693e-01 -3.110023e-01 4.843464e-02 2.711192e-01 1.036762e-02 1.368644e-04 -2.141700e-01 8.458278e-02 -8.847682e-03 1.550042e-01 3.853336e-01 -4.346269e-01 1.311904e-01 7.211807e-02 3.060876e-01
-1.020817e-01 3.457935e-01 -3.137486e-01 3.929382e-01 -2.066208e-01 8.606032e-02 -4.089708e-02 9.896597e-02 -4.997308e-02 4.266032e-01 -2.475896e-01 2.817822e-01 1.193061e-01 1.476591e-01 -4.914399e-02 -6.054156e-02 -1.101767e-01 -4.514401e-01 1.981138e-01 -1.020889e-01 1.399426e-01 -3.895619e-01 1.910228e-01 -2.645124e-01 1.991806e-01 8.998214e-02 -2.788137e-01 1.558468e-01 1.904228e-01 3.735506e-02 2.863666e-02 -2.441155e-01
-1.183296e-01 -4.546916e-01 -1.603956e-01 -2.591051e-01 -2.006211e-01 -2.377926e-01 -2.996735e-02 -2.073752e-01 5.256650e-01 -1.400525e-02 -3.078076e-01 -8.505517e-02 7.348402e-02 -2.241442e-01 4.685619e-02 7.502360e-02 2.120340e-02 -8.695564e-02 1.340710e-01 5.067511e-01 2.698790e-01 2.358985e-01 1.442998e-01 3.489090e-01 4.275678e-01 -2.335656e-01 -1.369820e-01 1.757049e-01 1.427197e-01 1.581104e-01 -1.429781e-01 2.806064e-02
-1.199652e-01 2.265847e-02 -2.641882e-02 -1.125843e-01 5.211962e-02 5.534851e-02 -2.861566e-01 6.257346e-01 -8.584062e-02 1.646055e-01 -2.192827e-01 2.964439e-01 2.599240e-01 -9.806539e-02 1.527986e-01 2.465986e-01 -6.039807e-02 -6.095396e-02 -3.685240e-02 3.660506e-01 -8.545829e-02 7.231423e-02 -1.167743e-01 4.466496e-02 4.256504e-01 -5.771937e-01 -1.112191e-01 -1.250435e-01 -2.204227e-01 3.368879e-01 -3.205907e-03 9.234510e-04
2.101802e-01 3.225125e-02 4.568722e-01 -1.737002e-02 1.621635e-01 2.839814e-02 -5.065996e-02 1.273299e-01 -3.025635e-01 -2.886468e-01 -3.791991e-01 -3.153755e-01 1.416253e-02 2.453663e-01 4.724070e-02 -4.569615e-02 6.564973e-02 -1.853823e-02 1.008589e-01 3.328434e-01 -2.036444e-01 2.398044e-02 1.910183e-01 -9.947671e-02 1.630417e-01 -3.458905e-01 -2.523821e-01 2.885655e-02 -3.381535e-01 -4.235190e-01 1.553294e-01 1.410129e-03
1.962040e-01 -6.256046e-02 -4.176611e-01 1.357684e-01 8.532943e-02 1.868066e-01 -2.726772e-01 -1.703009e-01 2.131451e-01 7.138488e-02 1.721073e-01 1.914383e-01 -4.486002e-03 3.913915e-02 4.849583e-01 -1.637239e-01 5.418844e-01 -1.804340e-01 -9.441915e-02 1.804602e-01 -5.935637e-02 3.813919e-02 -4.128559e-03 -1.549576e-01 1.060613e-01 -5.059782e-03 -9.292345e-02 -2.507876e-02 -5.980136e-01 1.878765e-01 -2.516309e-01 1.200341e-01
