1 10 32 16 1024
6.212274e-01 8.946536e-02 2.889081e-01 -2.923738e-01 4.091988e-02 3.100304e-01 -1.584466e-01 1.224085e-01 -1.106988e-01 -1.586861e-01 -8.390397e-03 -2.849608e-03 3.050233e-02 1.899473e-01 -2.378639e-01 3.739959e-02 3.804781e-02 -1.346992e-01 -3.397535e-02 -2.732877e-02 -7.550798e-04 4.789691e-02 1.305064e-01 2.045995e-01 -4.368961e-01 -3.477320e-01 1.840897e-01 -1.434226e-01 -4.095975e-01 -2.240370e-01 3.709812e-01 7.548176e-02
-2.007595e-01 4.331394e-02 3.745784e-01 -7.561675e-02 4.884050e-01 -4.921222e-02 3.448162e-01 -1.661071e-01 1.522329e-01 -5.457820e-02 3.447155e-01 -3.683995e-02 9.415883e-02 -3.405520e-01 7.131970e-02 -1.324674e-02 -5.680547e-02 -3.318337e-01 -1.089258e-01 -3.110928e-02 9.134263e-03 2.041447e-01 -1.704302e-01 3.555934e-01 -5.332289e-01 9.974127e-02 1.216429e-01 -3.417557e-01 1.213916e-02 7.198069e-02 1.324244e-02 1.621195e-01
3.235602e-01 3.595851e-01 -2.551377e-01 2.329711e-01 -7.666986e-02 1.429931e-01 8.419761e-02 -2.116072e-01 4.002705e-01 1.337990e-02 3.424307e-01 8.993942e-02 -4.625557e-02 -2.262743e-02 -2.633395e-01 3.066890e-01 2.279835e-01 5.743888e-02 -6.780222e-03 2.674845e-01 3.882740e-01 -2.188517e-01 -2.428381e-01 -1.856881e-01 -6.554675e-01 -4.648802e-02 1.531771e-02 -1.103156e-01 1.273610e-01 -1.915028e-01 -1.662754e-02 -4.340705e-02
-2.497990e-01 -2.752735e-02 4.795109e-01 7.253297e-02 -7.945073e-02 -1.859241e-01 1.038878e-01 -8.002505e-02 -1.347518e-01 -2.892210e-02 5.607198e-01 -1.418698e-01 -1.198548e-01 2.442297e-01 3.670384e-01 8.060679e-03 3.026965e-01 -4.017882e-02 1.337925e-01 5.153537e-02 2.735806e-02 3.788096e-01 -2.039403e-02 -1.449113e-01 -4.262167e-02 -5.842412e-01 -1.715987e-01 1.696513e-01 -2.468372e-02 -4.839631e-01 4.058409e-02 -1.412092e-01
1.652523e-01 3.455062e-01 -1.901765e-01 5.383841e-01 2.138730e-01 1.599599e-01 -7.381334e-02 -1.393300e-03 -3.925140e-01 2.197208e-01 2.576723e-01 -4.479477e-02 2.103358e-01 1.219704e-01 -9.034451e-02 6.577360e-02 -2.245021e-01 -6.406567e-02 3.608861e-03 -3.233770e-01 2.105490e-02 7.940145e-02 -1.295225e-01 2.533909e-02 -7.235577e-01 -2.230401e-01 -8.224451e-02 -8.949818e-02 2.094271e-01 2.402162e-01 -1.626553e-01 -1.409606e-01
1.186881e-01 -4.248321e-04 -1.734601e-01 3.087815e-01 -1.307410e-01 -2.002967e-01 4.263911e-01 -2.132397e-01 3.947090e-02 2.340608e-01 -1.352913e-01 -3.319219e-01 -3.256190e-01 -1.877191e-01 -1.861200e-01 -1.817995e-01 1.991085e-02 1.212829e-01 6.561247e-02 -3.418557e-01 -3.264586e-01 3.514381e-01 -2.935297e-01 -2.669993e-01 2.337099e-01 2.377482e-01 1.788765e-02 1.014719e-01 2.263842e-01 2.535172e-01 -6.383832e-02 6.491112e-02
3.733194e-02 1.768923e-01 4.106104e-02 -1.751645e-01 1.330651e-01 1.569900e-01 -2.616440e-01 1.320128e-02 1.069109e-01 -8.753815e-02 1.118493e-02 3.327842e-01 5.840254e-01 2.301690e-02 3.756978e-01 2.378011e-01 -4.619474e-01 4.349523e-01 -3.677360e-01 1.788482e-03 1.537445e-01 2.258280e-01 -9.617356e-02 6.832645e-02 -2.256169e-01 1.054130e-01 -3.893286e-01 1.807276e-02 -2.331906e-02 -2.838251e-02 1.956271e-01 -7.892074e-02
-1.906773e-01 -2.964668e-02 5.215463e-01 -1.749354e-01 -2.118107e-01 1.355357e-01 3.894271e-01 1.264334e-01 1.529122e-01 -6.482734e-02 -4.770983e-03 -2.879461e-01 1.279294e-01 3.794537e-01 5.597260e-02 -2.276387e-01 -5.787985e-01 1.264907e-01 5.893631e-02 -1.989001e-01 2.177520e-01 -1.187505e-01 -5.340964e-02 1.379264e-01 -2.830550e-01 4.184929e-01 1.941033e-01 2.965570e-01 -2.580184e-01 3.304667e-02 -2.863755e-02 -4.807888e-02
1.221965e-01 2.792670e-01 -4.009498e-02 4.587832e-01 1.665599e-01 1.233311e-01 -1.890318e-01 7.355180e-02 -3.585213e-01 3.998845e-01 1.033704e-01 -1.607289e-01 3.177185e-01 2.721218e-01 2.423760e-03 1.455190e-01 1.611282e-01 -2.775186e-02 -5.350693e-01 1.149516e-01 2.167232e-01 4.490478e-02 2.354030e-01 -4.878702e-01 -1.820785e-01 2.462780e-01 1.011384e-01 1.019044e-01 3.807464e-02 -3.368197e-01 -1.968878e-02 3.271623e-02
2.163681e-01 1.638079e-02 -2.182120e-01 1.713071e-01 6.547552e-01 4.518516e-02 -9.149999e-02 -1.635237e-01 -1.428486e-02 7.919262e-02 1.469830e-01 1.190676e-01 4.741977e-01 -2.152808e-01 -2.693706e-02 3.170898e-02 -3.789998e-02 -6.260520e-03 3.083075e-01 -1.165195e-01 -2.102775e-02 -9.644213e-02 -7.220191e-02 9.818633e-02 -1.399442e-01 -3.173689e-01 4.486900e-01 3.066555e-03 -2.967866e-01 -5.558099e-01 5.193244e-02 2.697368e-01
-1.406958e-01 7.584039e-03 4.124752e-01 3.194189e-01 2.983674e-03 8.333988e-02 2.287411e-01 2.429584e-01 -3.437195e-01 -1.289589e-01 -1.373971e-01 1.373529e-01 -3.059198e-01 -2.641646e-01 2.591430e-01 -2.905401e-01 -2.091088e-01 3.115199e-01 5.982925e-02 1.108322e-01 -2.991512e-01 1.428856e-01 4.837392e-01 -1.124277e-01 5.794055e-02 -3.846318e-01 -4.836039e-02 3.889771e-01 1.141415e-01 -1.435888e-01 1.206189e-01 2.743479e-01
-8.894864e-02 -3.435021e-01 1.129384e-01 -4.334936e-02 2.143426e-01 -1.310539e-01 -2.819653e-01 2.902961e-01 2.876497e-01 -4.049107e-02 9.590542e-02 1.302336e-01 -3.287940e-01 5.447552e-01 2.096483e-01 1.284582e-01 4.622020e-01 2.724203e-02 4.997563e-01 -9.635906e-02 2.058827e-01 -3.407940e-02 -5.220588e-02 -1.388461e-01 4.798379e-01 5.285882e-02 7.261150e-02 2.210751e-02 1.550981e-01 -1.715599e-01 -3.397426e-01 1.170051e-01
4.071243e-02 -6.523985e-03 5.990186e-01 -2.911845e-01 -4.924275e-03 -1.671943e-01 -2.740270e-02 1.707541e-01 -2.385657e-02 -4.255904e-01 -9.053506e-03 -1.051987e-01 1.053998e-01 3.314714e-01 -1.539219e-01 -1.380137e-01 6.170299e-02 -1.868818e-01 -5.433179e-01 -4.120506e-02 -5.819875e-02 -2.108233e-01 3.353437e-01 2.551266e-02 1.834694e-01 -1.010949e-01 -1.081472e-01 2.376780e-01 -1.793919e-01 -1.792522e-01 4.118686e-01 -1.166245e-01
-8.279021e-02 5.080674e-01 2.265776e-02 -4.329606e-02 -2.131354e-01 2.608498e-01 -2.570405e-01 -1.481023e-01 -1.205910e-01 -1.016954e-01 -1.474580e-01 -3.818012e-01 3.858522e-01 -2.246920e-01 -2.962627e-02 -1.904131e-01 -4.280216e-01 1.208149e-02 -9.257016e-02 3.129231e-01 -4.635514e-02 -1.673541e-01 -7.229936e-02 -1.470390e-02 -3.441393e-01 2.071953e-01 -1.082238e-01 -1.844407e-01 -2.212484e-01 5.538287e-01 -5.889926e-02 -8.854268e-02
1.974728e-01 2.436641e-01 -6.913233e-02 4.534160e-01 -2.771822e-01 1.439398e-01 -3.056479e-01 -1.746386e-01 -1.228100e-01 -1.703496e-01 -3.058082e-01 1.576105e-01 1.404045e-01 1.276874e-01 1.533922e-01 2.468743e-01 3.580630e-01 -3.030474e-01 4.805791e-01 3.026664e-01 -6.668378e-02 -2.362065e-01 -3.724392e-01 7.827369e-02 -3.533080e-01 1.496839e-01 -5.720714e-02 4.860782e-02 2.451821e-02 -7.525166e-02 -8.504380e-02 -2.775172e-02
-9.866448e-02 -3.557442e-01 1.862100e-01 -3.514685e-02 3.325134e-02 -9.264531e-03 -2.356700e-01 2.168277e-01 6.825189e-02 9.093311e-02 3.856779e-01 -2.233648e-01 1.592696e-02 4.403493e-01 -1.122980e-01 -2.771268e-01 -1.820652e-01 2.045159e-01 -1.285370e-01 -1.282726e-01 -1.823076e-01 1.855359e-02 -5.180777e-02 -6.805146e-02 -3.574227e-02 -3.109320e-01 -4.227121e-01 -2.057826e-01 3.475769e-01 1.596018e-02 2.383146e-01 -2.533545e-01
-1.933392e-01 6.301056e-01 2.243902e-01 3.228214e-01 3.430577e-01 7.407009e-02 -4.509968e-02 -7.773591e-02 -6.609957e-02 9.786398e-02 6.105437e-02 3.257810e-02 3.100653e-01 -2.809355e-01 9.399144e-02 -9.687713e-02 -3.446743e-02 6.936669e-02 1.005011e-01 -5.087986e-02 -1.268460e-01 7.544510e-01 4.196532e-01 -6.731938e-02 -7.166523e-03 -2.203102e-01 2.587181e-02 9.547016e-03 -4.523177e-02 -9.218602e-03 2.357418e-01 -2.087745e-01
-6.360181e-02 -3.807120e-01 -2.292000e-01 2.187915e-02 3.111636e-02 -3.156081e-01 -4.561266e-02 4.659732e-01 4.362597e-01 -1.337533e-01 1.747635e-02 1.317754e-01 1.399579e-01 -3.387629e-01 -1.673533e-02 -1.795274e-01 1.164940e-01 -7.004566e-02 -3.832459e-02 3.579612e-02 -5.573270e-01 3.686247e-01 -2.690745e-01 8.305340e-02 -2.060809e-01 1.621145e-01 4.699355e-01 5.073933e-02 -2.676652e-01 -3.116061e-02 -1.318186e-01 -9.188271e-02
1.258495e-01 -6.117118e-02 9.053078e-02 5.493010e-01 2.783514e-01 -5.879755e-02 2.152107e-01 -2.525396e-01 2.665067e-03 -1.692699e-01 -2.641651e-01 -2.562094e-01 -2.961658e-01 -3.390240e-01 -1.508402e-01 -7.731092e-03 -5.019777e-02 2.844659e-02 -5.877609e-02 1.451966e-01 -4.493285e-01 -4.473105e-02 2.538927e-01 -9.110847e-03 2.772037e-02 -1.729301e-01 3.160181e-01 -5.554190e-02 1.543612e-01 -2.645983e-01 -5.931962e-01 -2.870053e-01
-2.760372e-01 -3.690109e-01 1.909237e-01 -3.704202e-01 2.826520e-01 1.492575e-01 1.176628e-01 1.339828e-01 -4.287869e-02 2.299855e-01 4.485456e-01 -1.092535e-02 -2.114624e-01 -7.923961e-02 2.805520e-01 1.093800e-01 3.132551e-01 3.109094e-02 -2.769691e-01 -3.634726e-02 -2.207310e-01 1.685909e-01 7.311350e-02 -1.881121e-01 -2.308982e-01 3.001239e-02 2.685345e-01 3.205659e-01 4.172607e-01 1.048946e-01 -4.382464e-01 -9.681777e-03
9.872153e-03 -2.621054e-02 3.478788e-01 -1.903001e-03 1.858135e-01 -7.740613e-02 1.853387e-01 8.925325e-02 -1.981678e-01 4.481028e-01 -2.827784e-01 -2.436006e-01 -2.389329e-01 -1.139921e-01 3.694075e-01 -3.617081e-01 2.426972e-02 3.909553e-01 4.046599e-02 4.355812e-01 4.304703e-01 3.175628e-01 1.192545e-02 -3.889387e-02 4.223532e-01 6.269110e-02 -1.128268e-01 -1.145129e-01 -1.795381e-01 -2.555728e-01 -5.064609e-03 -6.263757e-02
5.354425e-01 -2.956321e-01 -1.323475e-01 -3.287841e-02 -3.480408e-02 3.773929e-01 -2.107563e-01 -4.256889e-02 3.637079e-01 7.737242e-02 -1.945011e-01 2.399487e-01 1.336348e-01 1.080157e-01 -1.697066e-01 -1.835679e-01 1.003523e-02 -2.359265e-02 -4.117462e-01 -3.767350e-02 5.041798e-01 1.120043e-02 -6.810699e-02 2.102759e-01 4.230507e-01 -1.138906e-02 -1.231911e-01 -2.885221e-01 7.743830e-03 -2.170490e-01 -3.241460e-01 2.893338e-02
-5.639414e-02 2.152231e-01 -1.921006e-02 -1.243680e-01 -4.043423e-01 7.138510e-02 -3.911094e-01 1.263001e-01 -3.360931e-01 -4.456044e-02 -1.310149e-01 5.636041e-01 2.386583e-01 1.533589e-01 1.538115e-01 -1.575106e-02 1.527988e-01 -1.532791e-02 -5.389842e-01 1.018449e-01 -8.283901e-02 1.938135e-01 1.221045e-01 1.451412e-01 -5.863059e-02 -3.418689e-02 -1.886662e-01 2.265804e-01 -3.107626e-01 -3.256093e-01 2.836203e-01 -3.588701e-01
8.676156e-02 5.861422e-01 -3.167754e-01 3.339835e-01 2.118789e-03 1.729174e-01 -1.450202e-01 6.602483e-02 -2.904981e-01 -1.864690e-02 3.113683e-01 -1.107298e-01 -1.634084e-01 1.700061e-01 1.021152e-01 1.765160e-01 -3.090845e-04 -2.738735e-01 2.419812e-01 -2.660250e-01 -8.603628e-02 4.153056e-01 -8.773305e-02 9.389593e-02 6.957966e-02 3.403853e-01 2.941197e-01 -2.983213e-01 3.542583e-01 7.850096e-02 2.430174e-01 1.185156e-01
3.237472e-01 -1.390025e-01 -1.542417e-01 -1.990238e-01 7.558762e-02 -1.726173e-01 -4.370458e-01 -3.312685e-02 1.791133e-02 -5.678195e-02 3.195978e-01 3.273201e-03 8.274561e-02 -1.770425e-02 -3.310540e-01 5.104953e-01 1.504401e-01 -2.839643e-01 9.956598e-02 -1.546822e-01 6.906638e-02 -3.324694e-01 -2.513227e-01 3.129186e-01 8.946687e-02 3.899698e-01 1.634725e-01 -3.853195e-01 -1.557195e-01 1.762862e-01 -1.182270e-01 -2.246484e-01
6.610162e-02 1.311725e-01 9.440590e-02 2.911139e-01 5.481564e-01 4.029598e-02 -2.432533e-02 -2.937366e-01 1.047812e-01 -1.862783e-02 1.800404e-01 7.963123e-02 3.346035e-01 -3.151186e-01 3.923598e-01 -1.358746e-01 5.278884e-02 2.255391e-01 -2.854615e-02 -1.348455e-01 6.055130e-02 5.658295e-01 -2.968979e-02 -1.209931e-01 2.931148e-01 3.428081e-01 -2.600800e-02 -2.703681e-01 -3.147073e-01 -9.035477e-02 3.636861e-01 -1.242867e-02
-8.303167e-02 3.495200e-01 -1.012087e-01 4.286985e-02 -3.289939e-01 9.361693e-02 2.128635e-01 -2.262076e-01 -3.609379e-01 6.699960e-02 -4.641844e-02 7.504121e-02 4.620651e-01 -2.019845e-01 -1.829105e-01 -2.543862e-01 -1.309111e-01 -5.670147e-02 4.558178e-01 1.674136e-01 -3.223564e-01 1.197187e-01 4.761285e-01 3.811619e-02 2.010668e-01 2.155425e-01 1.861046e-01 4.872368e-02 7.312341e-02 -1.287359e-01 -1.666311e-01 1.869480e-01
1.917407e-01 6.577710e-02 -1.803596e-01 -1.944043e-01 -1.774358e-01 -1.806893e-01 -3.903241e-01 4.350537e-02 2.681635e-01 -8.143993e-02 4.399300e-01 -1.351348e-01 8.294182e-02 2.227304e-01 -2.395499e-01 4.075539e-01 -1.718818e-01 -1.826950e-01 -4.617270e-01 -1.391649e-02 -2.160076e-01 -5.650085e-02 -2.047463e-02 8.639144e-02 -5.505311e-01 -2.760820e-01 3.092049e-02 -5.019473e-02 4.049174e-01 4.190722e-02 1.144022e-01 8.129155e-02
1.426241e-02 -1.729571e-01 5.920584e-01 -1.005332e-01 2.771970e-02 3.818206e-01 -5.758971e-03 -7.207325e-02 7.551444e-02 -2.218613e-01 -4.167974e-03 -1.566210e-01 -9.656256e-02 3.815087e-01 2.849108e-01 7.808311e-02 1.821217e-01 4.377129e-01 -5.981697e-02 2.996016e-01 -1.036336e-01 1.330455e-02 4.264736e-01 -2.337009e-01 -3.216287e-01 -3.194861e-01 1.412052e-01 8.776203e-03 -2.768552e-01 1.006540e-01 5.723843e-03 1.297604e-01
-1.628982e-01 -2.673340e-01 1.414768e-02 -3.807974e-01 -1.438469e-01 -1.277703e-01 1.392387e-01 -2.400464e-02 4.183919e-01 -3.226722e-01 -2.486224e-01 1.436502e-01 -2.256552e-01 -2.774806e-01 -3.867777e-02 -1.981447e-01 -1.451920e-01 4.914980e-02 4.521473e-01 -1.188844e-01 -2.211501e-01 -6.053515e-02 -2.858528e-01 4.639133e-01 1.856826e-01 -2.489525e-01 7.590365e-02 -1.342850e-01 -1.511969e-02 3.862902e-01 4.471220e-02 -4.177819e-02
4.298139e-01 4.757297e-01 1.432244e-02 -2.167218e-01 -1.635072e-01 -3.104433e-01 -3.515099e-01 1.460275e-02 1.506293e-01 -6.983957e-02 -1.293631e-02 -1.913241e-01 -1.190458e-01 -1.576191e-01 2.490882e-01 1.665387e-01 -1.554944e-02 -5.905325e-02 -8.902667e-02 5.046945e-01 1.637344e-01 -1.631475e-01 -1.653410e-01 -2.060606e-01 -1.919630e-01 7.805092e-02 4.018196e-02 4.385858e-02 -1.439791e-01 1.210932e-01 -5.815451e-01 2.958011e-01
5.469380e-01 -4.259503e-02 -6.490250e-02 2.405377e-01 4.808064e-01 7.803809e-02 -3.121283e-02 -1.358676e-01 7.386240e-02 -2.431888e-01 2.238389e-01 -5.409582e-02 -9.266634e-03 3.560029e-02 -1.819949e-01 -3.206383e-01 -5.546933e-02 -2.173280e-01 1.502077e-01 1.300485e-01 2.586643e-01 -3.075389e-01 8.001067e-02 -2.266328e-01 2.701705e-02 -8.634046e-02 3.410347e-01 -2.264289e-01 -1.567754e-01 -5.094155e-01 -1.091883e-01 3.370124e-01
-2.524183e-01 -2.712560e-02 -1.630337e-01 2.521031e-01 1.057734e-01 -6.192927e-02 1.139860e-01 -2.768350e-01 1.972393e-01 1.576614e-01 5.738797e-01 -2.847238e-01 -3.175936e-01 -1.374007e-01 -1.318495e-01 2.566982e-02 -1.153495e-02 9.475189e-02 4.168005e-01 -1.257983e-01 -3.670406e-01 -7.937407e-02 2.296982e-01 1.031591e-01 -2.531726e-01 -2.722832e-01 7.645662e-02 2.416201e-01 2.521275e-01 1.893481e-01 2.507450e-01 2.071306e-01
1.791250e-01 1.535739e-01 2.586685e-02 4.647293e-01 -3.893966e-01 -4.939552e-02 -2.561743e-01 -1.437384e-01 -1.115798e-01 -1.603015e-01 -2.008680e-01 2.024482e-01 3.050601e-01 3.826335e-01 2.268856e-01 1.337574e-01 -3.056130e-01 -7.011221e-02 4.020796e-01 9.693548e-02 -9.574199e-02 -2.323689e-01 -2.234276e-01 3.421025e-01 1.902085e-01 1.419038e-01 -3.377028e-01 -1.226012e-01 -2.466946e-01 -2.492211e-01 2.794741e-01 -2.482835e-01
-1.681318e-01 -1.435642e-01 -1.392239e-01 -2.210084e-01 1.425639e-03 -4.461554e-01 4.321355e-02 5.178892e-01 3.659242e-01 4.044544e-02 8.302560e-02 2.622806e-01 7.357883e-02 -2.328558e-01 -1.997306e-01 -5.219064e-02 -2.352849e-01 7.152529e-02 1.491981e-02 -7.523587e-02 -1.045012e-01 3.551329e-01 1.304752e-01 2.349034e-01 3.169427e-01 3.596326e-01 3.400792e-01 -4.887410e-01 -9.042665e-02 8.967724e-02 -2.759286e-02 -8.129866e-03
1.884359e-01 -5.020689e-02 -4.271521e-01 -5.153181e-02 3.195127e-01 1.657225e-02 3.947284e-01 -1.453810e-01 -3.242177e-03 1.737339e-01 5.716270e-01 5.896414e-03 1.116619e-01 -7.409251e-02 -5.186155e-02 -1.509016e-01 1.429517e-02 -6.006327e-01 -4.280137e-01 -1.527427e-01 -9.528071e-02 1.757381e-02 -1.038344e-01 1.499939e-01 -1.869249e-02 -2.723953e-01 -1.000811e-01 3.543788e-02 9.342249e-02 -2.309593e-01 1.431099e-01 3.210637e-02
1.548846e-01 -6.026833e-02 5.260177e-01 -3.778678e-01 -1.395105e-01 -1.508763e-01 7.451472e-02 2.814806e-01 2.973684e-01 -1.076686e-01 -2.947940e-01 -1.105716e-01 8.783610e-02 1.189437e-01 1.206343e-01 -2.584708e-01 5.783210e-02 9.698233e-02 -4.392539e-02 -1.423326e-01 -2.817771e-01 3.534390e-01 6.760035e-02 4.411406e-01 2.393569e-01 -2.272321e-01 5.761424e-02 4.051247e-01 2.703902e-01 8.614983e-02 -1.766873e-01 -8.332749e-02
-2.855860e-01 -1.925340e-01 4.502247e-01 -3.449305e-01 1.388305e-01 1.887561e-01 1.306987e-01 3.009201e-01 -2.162179e-01 6.406907e-02 3.176934e-01 2.023202e-01 -1.381281e-01 2.011022e-01 2.126253e-01 -1.478948e-01 -7.958981e-02 -1.253844e-01 -4.030548e-01 -4.066545e-01 -1.655022e-02 -2.232501e-02 1.751189e-01 1.880995e-01 3.220874e-01 5.381617e-02 2.840789e-01 -4.705680e-01 1.656868e-01 1.192693e-01 1.068205e-01 -4.216555e-02
6.935507e-02 1.958296e-01 2.353229e-01 4.289516e-02 1.182598e-02 3.841953e-01 4.416801e-02 -3.386399e-01 -3.731481e-01 -4.878656e-02 5.492052e-03 -2.998823e-01 -2.245596e-01 3.793982e-01 2.812825e-01 1.421800e-01 -6.127473e-02 3.374049e-02 -2.589949e-02 3.750179e-02 6.984006e-01 -4.203725e-01 2.578685e-01 -7.843287e-02 7.119036e-02 -1.099383e-01 -3.882918e-01 -3.205728e-02 1.384145e-01 -1.211450e-02 7.354032e-02 7.014427e-02
-3.128931e-03 5.077484e-01 3.536071e-01 7.753333e-02 8.566640e-02 -3.154470e-02 -2.328338e-01 8.453034e-02 1.974986e-01 4.521188e-01 -1.896510e-01 -2.023894e-01 5.586758e-02 -1.030326e-01 -1.946432e-01 -4.108267e-02 3.433054e-03 1.005972e-02 -5.483275e-03 2.126964e-01 5.752749e-03 4.555880e-02 2.440311e-01 -5.085939e-02 -2.500648e-01 -8.674554e-02 3.851666e-01 -9.420928e-02 -4.233828e-01 3.781541e-02 4.446688e-01 2.717897e-01
1.093215e-02 -2.247575e-01 -4.303753e-02 -2.139390e-01 4.036646e-01 -2.537450e-01 5.149258e-02 2.548929e-01 1.761030e-01 -3.184571e-01 1.071123e-01 1.464300e-01 -3.202947e-01 1.444208e-01 1.386822e-01 2.791334e-01 1.261820e-01 1.570882e-01 -1.306540e-01 -5.918624e-02 8.758150e-02 -1.674198e-02 -4.502992e-01 -9.851162e-02 -3.131533e-01 2.151214e-01 -1.123501e-01 2.504692e-02 7.304437e-02 5.265396e-01 -7.203374e-03 -1.605241e-01
-2.785554e-01 -5.106211e-03 -1.465105e-01 -7.995100e-02 -1.524811e-01 2.360228e-01 -2.699253e-01 6.054111e-01 -6.411443e-02 -2.194569e-01 3.366714e-01 -8.531961e-02 5.319027e-02 2.496685e-01 1.514704e-01 -1.689765e-01 -2.145685e-01 1.132362e-01 1.754576e-02 -6.741098e-02 -1.437508e-01 -1.453835e-01 -1.959829e-02 7.043826e-02 -2.530853e-01 1.642261e-01 -2.292952e-01 -5.469954e-01 5.630170e-01 -1.677099e-01 1.475446e-01 -9.205452e-02
2.159088e-01 9.011937e-02 1.724909e-01 4.990860e-01 6.285236e-02 4.460586e-01 -1.921537e-01 -3.334897e-01 -2.056145e-01 -1.758216e-01 -2.436185e-02 -2.603223e-01 -1.057089e-01 8.030375e-02 1.301714e-01 1.585765e-02 4.031463e-01 -1.516761e-01 1.070983e-01 1.704764e-01 2.904312e-01 -9.998789e-02 4.702701e-02 -1.248694e-01 -3.267197e-01 -1.410875e-01 -3.615663e-02 5.457120e-01 1.246139e-01 2.745703e-01 -1.381892e-02 4.292868e-02
4.817503e-01 -7.865092e-02 5.012723e-01 4.399018e-02 2.381644e-01 -4.624073e-02 -6.146451e-02 3.054133e-01 -1.991362e-01 2.275048e-01 -2.800037e-01 -1.336980e-01 -1.107341e-01 4.988362e-02 -1.620227e-01 -1.387821e-01 2.489986e-01 -3.336054e-01 -1.303044e-01 -8.069436e-02 2.429738e-02 2.016119e-01 1.711756e-01 -1.101142e-01 1.057488e-01 4.437283e-02 -1.809845e-01 2.450051e-01 1.992568e-01 1.214825e-01 1.667691e-01 -6.835387e-01
-6.556413e-02 -6.591564e-02 -3.057076e-01 1.550802e-01 4.681457e-01 -1.343840e-01 1.280270e-01 -3.840424e-02 1.214162e-01 3.141723e-02 4.135913e-01 2.781041e-01 5.323140e-02 4.569817e-01 -2.145179e-01 -9.015331e-03 4.019697e-02 -3.396144e-01 -3.527892e-02 -2.048766e-01 3.885469e-02 -5.960231e-02 -5.842691e-01 2.780114e-01 2.329603e-01 -7.422056e-02 -2.221309e-01 1.400394e-01 2.835402e-01 9.263139e-02 -1.516918e-01 -2.961370e-01
1.448779e-01 1.155249e-01 1.810423e-01 9.061708e-02 -2.257378e-01 -3.416601e-01 4.583094e-01 -1.930669e-01 7.966730e-02 8.620866e-02 -2.736593e-01 -2.488268e-01 1.718446e-01 -1.249194e-01 2.574407e-01 -1.329910e-01 2.020750e-02 -8.475810e-03 1.094815e-02 -2.829636e-02 6.022103e-02 4.901388e-01 -1.132667e-01 -3.065423e-02 1.508805e-01 2.641986e-01 -3.396965e-01 4.231061e-01 3.828304e-02 1.971418e-01 4.506253e-01 -5.157158e-03
-1.246397e-02 -1.800683e-01 3.283141e-01 -4.765714e-01 -2.732459e-01 -3.273203e-02 1.039435e-01 -7.657618e-02 2.831665e-01 1.554954e-01 -1.913066e-01 4.458632e-02 5.206341e-01 -1.347023e-01 -3.593905e-02 4.799170e-02 1.183272e-01 -2.175048e-01 -4.826390e-01 4.624594e-01 -1.662156e-02 1.470040e-02 1.321834e-01 2.755776e-02 -2.148454e-01 -4.233701e-03 -5.407945e-01 -1.333541e-03 -1.563000e-01 2.056352e-02 3.733282e-03 -7.892787e-02
9.950833e-02 8.971617e-05 -4.887270e-01 6.118286e-01 -2.886951e-01 -1.799799e-01 -1.828619e-01 1.937580e-02 -2.088001e-02 1.291009e-01 2.066919e-02 3.708558e-02 1.095011e-01 -1.983584e-01 2.014094e-01 -8.096854e-02 -1.782776e-01 -2.124211e-01 1.035302e-01 -3.664591e-01 5.827681e-02 3.901108e-02 -2.222637e-01 -1.676557e-01 3.373947e-01 5.004060e-01 -1.873123e-01 -2.178236e-01 2.758732e-01 1.628692e-01 -6.047663e-02 -2.626887e-01
1.598203e-01 1.386993e-01 2.031124e-01 -2.822216e-01 1.470982e-02 2.648574e-01 -2.780417e-01 1.796528e-01 1.648402e-02 -2.380699e-01 -1.246740e-01 4.142032e-01 4.072752e-01 1.315951e-01 3.063843e-01 1.246588e-01 -1.742271e-01 -3.595148e-01 -3.409029e-02 3.209230e-01 3.566076e-01 -3.129036e-01 2.654862e-01 1.890342e-01 -1.114954e-01 -2.819567e-01 9.114829e-02 -8.074357e-02 -7.608360e-02 -4.198669e-01 1.738330e-01 -1.719030e-01
2.408261e-01 3.241699e-01 -2.605409e-01 1.972426e-01 1.300528e-01 -6.394094e-02 -2.743573e-02 -2.719897e-02 4.633723e-01 -1.401241e-01 -2.957385e-01 -3.694365e-01 1.832511e-01 7.345337e-02 -3.474485e-01 -1.245230e-01 -3.480543e-01 -1.828850e-01 2.894250e-01 1.540811e-01 3.389644e-01 -6.992193e-02 -1.419419e-01 3.023255e-01 1.502769e-01 -9.565666e-02 -2.519299e-01 -3.146434e-01 -2.709011e-01 -5.135301e-02 3.236976e-01 1.260729e-02
2.877763e-01 -6.752607e-02 -2.514225e-02 8.226067e-02 5.860060e-01 -1.710649e-01 -5.901500e-02 -8.417703e-02 -2.940437e-01 -8.910408e-02 1.690122e-01 -2.584730e-02 4.587508e-01 -5.757568e-02 -6.853558e-02 5.318162e-02 -2.827777e-01 -4.638692e-01 -3.096490e-01 1.364925e-01 -2.635263e-02 2.007837e-01 -1.457849e-02 2.358416e-02 3.395392e-02 -1.709144e-01 2.967496e-01 2.612450e-01 -3.372629e-02 -4.599237e-01 8.905461e-02 5.842126e-02
-6.862555e-02 4.921183e-04 5.636114e-02 1.661546e-01 -1.315946e-01 1.057783e-01 6.770602e-02 7.560517e-02 -8.563993e-02 6.942047e-01 4.504159e-02 1.160412e-02 1.646391e-01 1.171190e-01 -1.911329e-03 -3.406495e-01 -2.001590e-01 -4.850122e-02 -2.255301e-01 -1.239335e-01 1.108392e-02 -1.978340e-02 -8.727129e-02 7.259367e-02 1.846942e-02 -4.937498e-01 1.377587e-01 -8.962139e-02 -1.121168e-01 -6.674779e-01 4.506023e-02 1.091006e-01
4.511674e-02 6.965108e-01 -2.172398e-01 1.531783e-01 -1.936712e-01 2.725893e-01 -1.193155e-01 8.657229e-02 -6.613745e-02 -2.178510e-02 2.586726e-01 -7.508614e-03 9.860700e-02 3.966145e-01 -5.970418e-02 -3.754931e-02 -1.423229e-01 -1.266375e-01 7.472131e-02 -3.053630e-01 -3.661621e-02 1.081406e-01 -1.217590e-01 3.091139e-02 -7.395711e-01 -6.628639e-02 -4.034548e-02 -2.442640e-01 2.526759e-01 1.305592e-01 -2.047548e-01 1.878587e-01
6.077347e-02 3.360605e-01 5.455697e-02 2.852629e-01 -1.215668e-01 -3.510947e-02 2.999110e-01 2.592004e-02 -1.612722e-01 2.576218e-01 -1.585158e-01 -3.785108e-01 -3.437150e-02 -2.283699e-01 3.239656e-01 2.328550e-01 4.412507e-01 -3.238373e-01 3.159235e-01 3.715682e-02 1.798811e-02 -4.423949e-02 -4.323017e-03 -2.521882e-01 1.358759e-01 9.903717e-02 5.215526e-01 -3.696091e-02 8.126118e-02 -3.153726e-03 9.799466e-02 -8.114942e-02
2.821325e-02 -1.782266e-01 1.727256e-01 -3.392961e-02 -2.762002e-01 -1.323960e-02 -1.602867e-01 1.698654e-01 4.992636e-01 -3.157013e-01 -3.568588e-01 -1.378888e-01 -3.020228e-01 -1.891352e-01 2.794220e-02 -2.459281e-01 3.526447e-01 -1.153166e-01 3.296952e-02 3.297918e-01 3.500255e-01 -1.643459e-01 -3.018529e-01 6.748030e-02 2.528273e-01 1.633610e-01 3.369707e-01 2.210394e-01 3.040713e-02 -2.239092e-01 7.842208e-02 -1.225014e-01
-3.486005e-01 6.190518e-01 -3.411810e-02 -4.056530e-02 2.351343e-01 -2.596416e-01 2.554416e-01 -1.149098e-01 -2.666559e-02 3.973951e-02 1.092224e-01 -1.184310e-01 9.719926e-02 1.785175e-01 -1.757076e-01 2.523746e-01 -6.203742e-03 5.172129e-03 6.763684e-01 1.077392e-02 -5.246174e-02 -7.067543e-03 1.133228e-02 -7.622215e-02 -4.123596e-01 1.589570e-03 1.212243e-01 -7.182506e-03 7.231026e-02 5.292047e-01 6.976708e-03 -1.570463e-02
-5.974453e-02 -5.906053e-02 7.553443e-01 -1.631316e-01 9.709976e-02 3.110521e-01 -3.159491e-02 -2.776306e-02 -1.883855e-01 7.006423e-02 -4.601603e-02 -1.529443e-01 -8.626877e-02 2.601262e-01 1.234944e-01 6.008502e-02 -9.103892e-03 -8.482063e-03 -5.473424e-02 -9.781335e-02 -4.848295e-02 1.974659e-01 -1.820255e-01 -3.395214e-03 1.310009e-01 1.788214e-01 3.082573e-01 -6.458104e-02 1.236859e-01 2.790946e-02 -4.468826e-01 6.788229e-01
9.657399e-02 -1.549286e-01 3.179387e-01 5.159456e-02 1.207187e-01 1.476382e-02 -2.749823e-01 3.848341e-01 -1.278279e-01 -4.015660e-03 1.262717e-01 -2.655561e-01 3.083712e-01 2.619145e-01 -1.907128e-01 -9.994601e-02 -1.967688e-01 2.126562e-01 5.639717e-05 -7.296383e-02 -2.520985e-01 8.938467e-02 2.461251e-01 7.841529e-02 4.905717e-02 3.709821e-03 -1.373065e-01 -2.616535e-01 4.851513e-01 -2.042266e-01 2.981201e-01 -3.745322e-01
4.538566e-01 2.779612e-01 6.433571e-02 2.147776e-02 5.007418e-01 -1.570637e-01 3.159801e-01 -2.806657e-01 1.634222e-01 9.835854e-03 8.907619e-02 -5.555631e-02 -9.804502e-02 -1.691487e-01 -2.779826e-01 1.390988e-01 8.371769e-02 -1.917477e-01 4.736054e-02 6.402166e-02 2.834152e-01 -6.754594e-02 8.550198e-02 6.973264e-03 2.227124e-01 -3.484694e-02 6.014335e-01 -1.287807e-01 -4.384265e-01 -2.257642e-01 3.256349e-02 1.858651e-01
-2.943783e-01 2.435475e-01 1.825962e-02 -4.913436e-02 2.965262e-01 2.312828e-01 3.269124e-01 1.725585e-02 1.105659e-02 1.588463e-01 -8.242256e-02 -1.533754e-01 -3.021404e-01 3.559731e-01 -3.518975e-01 -2.202258e-01 -3.713410e-01 3.460220e-01 -1.571958e-01 -1.901213e-01 -3.712527e-02 5.393277e-01 1.562122e-01 -3.151705e-01 5.179336e-02 2.208022e-02 2.858805e-02 3.323128e-02 -4.601138e-03 -8.009563e-02 -4.083330e-01 4.758075e-03
6.139341e-02 5.123237e-01 -5.881074e-02 -6.854753e-02 -2.096604e-01 2.772640e-01 -6.263562e-02 5.336912e-02 -1.682324e-01 -3.354899e-02 -3.818454e-01 1.225581e-01 -3.668889e-01 4.033214e-01 -1.076195e-01 1.736762e-02 2.197505e-01 -1.169116e-01 -3.967464e-01 -8.558811e-02 1.352263e-01 -4.094504e-01 -3.472679e-01 5.669191e-02 -2.517608e-01 -1.932718e-01 1.534287e-01 -6.751268e-02 -3.375741e-01 1.005657e-01 2.035153e-01 1.747413e-01
-5.660295e-02 -4.129318e-01 3.174630e-02 7.292372e-02 -5.922026e-02 -2.384589e-01 -1.216587e-01 -9.139428e-02 2.976318e-01 -1.172812e-01 3.462759e-01 -2.285712e-01 4.682232e-01 -3.348929e-01 8.123385e-02 1.362399e-01 1.414400e-01 -5.571410e-02 3.521014e-01 1.660955e-01 -6.313276e-02 2.466520e-01 -1.025530e-02 -2.337612e-02 6.833308e-01 7.484052e-03 -2.089977e-01 -7.651048e-02 2.900087e-01 -5.385058e-02 -1.999906e-01 -7.090980e-03
-1.875434e-02 4.781952e-01 1.751126e-01 -7.840650e-02 4.461560e-02 3.530309e-01 -4.362550e-02 -3.792894e-01 -3.826497e-01 4.763866e-01 2.932266e-02 -5.428961e-03 -7.415777e-02 -3.595619e-02 -2.900176e-02 1.390187e-01 4.128632e-01 5.791701e-02 -2.137390e-01 -7.036995e-02 5.020225e-02 -5.559102e-01 1.570051e-01 -1.809556e-01 -2.448488e-01 5.761139e-03 -1.737435e-01 3.608576e-01 -5.754059e-02 -3.334828e-01 -1.853945e-02 5.381675e-02
-1.328555e-01 4.164440e-01 1.123908e-02 9.612104e-02 -9.763779e-02 3.992651e-01 -2.296813e-01 -1.619943e-01 -3.092268e-01 -1.582079e-01 -1.940049e-01 -3.879416e-01 1.397726e-02 -1.782818e-01 -3.012316e-02 2.657536e-01 -3.656266e-01 -5.943861e-03 -7.272531e-02 3.541907e-01 6.103953e-02 -2.820114e-01 4.762692e-01 1.013458e-02 3.235666e-01 -3.186628e-02 -4.203752e-01 2.440984e-02 2.501318e-02 -4.509588e-02 2.397308e-01 5.340314e-02
1.045852e-01 -6.757425e-02 -6.099112e-03 -3.120145e-01 1.344322e-01 2.343808e-01 -1.722645e-01 3.458331e-01 3.495310e-02 2.776238e-01 1.269333e-01 2.196120e-01 3.882528e-01 3.357533e-01 8.162083e-02 -2.784786e-02 -3.479940e-01 1.831300e-01 -2.125404e-01 7.831123e-02 -4.273722e-02 1.358130e-01 5.383362e-02 4.537841e-02 -3.989211e-01 -4.829667e-02 -5.073566e-01 1.252534e-01 -2.346015e-01 2.314917e-01 1.883104e-01 -1.011549e-01
-4.086655e-02 9.734221e-02 2.572854e-01 -3.048860e-01 3.164839e-01 2.146513e-01 -3.064512e-01 3.584234e-01 -7.226609e-02 -3.228624e-01 1.403961e-02 -1.386722e-02 -8.289599e-02 3.591121e-01 -1.406333e-01 -1.157334e-01 1.374708e-02 -1.702822e-01 -4.080085e-01 -3.197055e-02 6.464693e-02 2.690050e-02 1.975915e-01 -3.526815e-02 3.018797e-01 -1.799297e-02 -1.352493e-01 2.212406e-01 -4.527573e-02 -1.641597e-01 3.997161e-01 -5.682238e-01
-3.423245e-01 3.081250e-02 5.582494e-01 -4.235863e-01 1.537860e-01 7.476174e-02 3.273226e-01 5.989678e-02 3.364145e-02 -4.608537e-02 3.489932e-02 9.893824e-02 -1.973886e-01 7.757299e-02 -3.148942e-01 7.500249e-02 5.846606e-02 1.650137e-01 5.581468e-02 3.233917e-01 -6.583604e-02 -7.161148e-02 1.222222e-01 2.253019e-01 -3.653415e-01 -5.181698e-01 1.596699e-01 1.426863e-01 -3.426780e-01 -2.258387e-01 1.936954e-01 2.565925e-01
-3.538461e-01 -3.421626e-01 -3.047118e-01 2.901067e-01 2.098423e-01 4.886601e-01 3.031577e-01 -6.553189e-02 1.356980e-01 2.591563e-01 5.290231e-02 5.338187e-02 -4.387743e-02 1.023575e-01 -1.205940e-01 2.100318e-02 2.954648e-02 1.987411e-01 -1.086174e-01 -1.074965e-01 -1.424273e-01 1.397602e-01 1.322004e-01 4.151157e-01 9.765218e-02 -1.415799e-01 -2.133495e-01 -1.402680e-01 4.379165e-01 -2.634726e-01 4.694768e-01 -2.227194e-01
6.916592e-02 -2.456734e-01 -3.372871e-01 9.151441e-02 1.423430e-01 7.127814e-02 -3.598624e-01 2.511322e-01 -5.352145e-03 -2.381485e-01 5.483603e-01 -7.865582e-02 7.376561e-03 1.313982e-01 5.898323e-02 -2.311559e-01 -1.637841e-03 -4.388441e-01 -1.467708e-03 -4.323867e-02 -3.675624e-01 -1.120068e-01 1.552903e-01 -8.715519e-02 -1.306203e-01 -1.830047e-01 1.156926e-01 -3.001414e-01 -6.430381e-02 -3.235407e-01 -3.793298e-01 -1.753370e-01
-1.651080e-02 2.316316e-01 1.796534e-01 -3.285566e-01 1.387405e-01 -3.211705e-03 -2.116753e-01 -8.265718e-02 -2.893294e-01 -1.362290e-01 6.865439e-02 2.214248e-01 3.827337e-01 1.801558e-01 2.384377e-01 1.779900e-01 -5.337153e-03 -1.929470e-01 -7.524357e-02 1.491615e-01 2.751707e-01 -3.466903e-02 -2.789149e-01 -6.818956e-02 -5.587123e-02 1.287080e-01 -1.659710e-01 -2.326766e-02 -4.517904e-01 2.667812e-01 3.205923e-01 3.106562e-01
1.688141e-01 -6.006090e-02 -1.864277e-01 -4.663162e-02 3.546861e-01 2.083636e-01 4.699141e-01 -1.615452e-01 -7.336149e-03 3.509681e-02 5.199520e-01 6.105148e-03 1.667194e-01 -6.327857e-02 -3.213889e-01 -9.344395e-02 -5.066396e-02 -1.335847e-01 -3.999262e-01 -2.307766e-02 -2.858256e-01 2.400652e-01 3.407517e-01 -2.744312e-02 -1.038212e-03 -9.364975e-02 -9.844620e-02 2.388629e-01 2.150860e-01 -3.306925e-01 -1.051825e-01 4.035917e-01
2.825069e-01 1.794309e-01 1.982748e-01 1.843056e-01 -3.681093e-01 1.094322e-02 -7.319328e-02 2.802096e-01 -5.865312e-02 -1.147287e-01 4.447485e-01 3.540771e-01 -2.558978e-01 -9.321862e-02 2.916021e-02 1.136870e-01 3.627539e-01 -9.086902e-02 -2.526809e-03 6.254725e-02 9.307904e-02 -1.368802e-01 -1.241590e-01 -6.948916e-01 7.071523e-02 2.306451e-01 -4.435764e-02 1.470287e-01 -1.291333e-01 -4.759578e-02 -3.190898e-01 -8.124547e-02
3.647355e-01 2.305111e-01 -3.452311e-01 3.068392e-01 -4.252771e-02 -2.682016e-01 -8.584622e-02 -1.835743e-01 -1.703416e-03 -1.817429e-01 -2.850116e-01 6.597192e-02 4.050012e-01 -2.063958e-01 -9.727268e-03 1.412137e-01 3.006774e-01 -7.167280e-02 4.179285e-01 5.401591e-01 -7.246654e-02 -7.368520e-02 -1.851407e-01 7.955187e-02 -5.309836e-01 7.590551e-02 -1.028960e-01 9.933696e-02 1.130597e-02 2.099646e-02 -4.763145e-02 3.852727e-02
-1.804442e-01 2.468999e-01 -1.615980e-02 -4.094837e-01 5.160601e-01 2.581128e-01 1.569709e-01 -3.980749e-02 1.888427e-01 -3.519675e-02 2.962972e-02 -9.158812e-02 -1.726164e-01 -3.059384e-01 -3.638141e-01 -1.115028e-01 2.247259e-01 -2.689586e-02 -3.741121e-01 -1.605106e-01 2.658145e-01 3.379042e-01 2.040401e-01 -2.296892e-01 -1.826642e-01 -1.135712e-01 3.303925e-01 1.472081e-01 2.097306e-01 2.710426e-01 -2.750103e-01 2.475799e-01
3.369698e-01 3.958701e-01 -2.303399e-02 -2.245718e-01 -1.727778e-01 -2.837795e-01 -2.087112e-01 2.377261e-01 2.387396e-02 -2.375472e-02 -3.781853e-02 -2.555444e-01 -1.093527e-01 -2.451319e-01 4.386658e-01 2.433724e-01 -4.771475e-02 1.761371e-02 -1.578203e-02 4.642789e-01 1.312288e-01 -1.282168e-01 -8.947520e-02 -2.129434e-01 -1.297359e-01 3.052724e-02 1.388033e-01 1.100015e-02 -1.830059e-01 2.377921e-01 -5.968068e-01 3.724841e-01
-5.883348e-02 -3.134754e-03 4.160364e-01 8.609001e-02 5.767068e-02 1.089774e-01 4.235332e-01 7.776983e-02 -3.311175e-01 -1.947459e-02 -3.378549e-01 3.986418e-02 -2.796181e-02 -2.913902e-01 2.874516e-01 -3.089599e-01 1.183996e-01 2.475780e-01 2.930348e-01 1.468363e-01 1.243894e-01 1.165132e-01 8.585073e-02 4.203540e-02 6.062195e-01 9.912675e-03 -3.646894e-01 -9.257092e-02 -2.711641e-01 -2.995300e-01 5.110670e-02 1.854878e-02
1.949563e-01 -1.230689e-01 8.512307e-02 1.883572e-02 5.368662e-01 -1.382660e-01 -8.359943e-02 -2.310187e-01 9.020250e-03 9.476463e-04 2.873492e-01 1.327909e-01 4.978823e-01 -1.990708e-01 -1.570378e-01 -2.267025e-01 1.869993e-01 3.481956e-01 4.857432e-02 3.421834e-01 -1.047740e-01 -1.994033e-01 1.121227e-01 3.577353e-02 -2.452778e-01 -1.612638e-01 1.310345e-01 -9.120011e-02 1.042467e-01 7.641701e-02 2.617621e-01 5.577182e-01
-2.836679e-02 -3.048478e-02 1.969590e-02 -1.557155e-01 1.903179e-01 -1.022131e-01 -5.099926e-01 -3.087853e-01 -5.245794e-02 -1.454141e-01 4.872417e-02 -1.632615e-01 8.695234e-02 3.368253e-01 7.456901e-02 5.765721e-01 -2.725147e-02 8.164319e-03 -5.009828e-01 2.625720e-01 4.781260e-01 -2.652111e-01 -6.873565e-02 -1.313793e-03 -1.090959e-01 -5.377662e-01 -3.374697e-02 2.855211e-02 5.782752e-02 -2.544656e-03 -4.593053e-03 -1.040833e-01
-5.985831e-02 3.165683e-01 -1.832090e-01 4.546546e-01 8.635363e-02 -4.937532e-02 2.783021e-01 -2.529157e-01 -1.584891e-01 2.513519e-01 -2.225161e-01 -3.198346e-01 -1.869148e-01 -1.996012e-01 -4.808238e-02 1.643866e-02 1.248523e-01 4.442365e-02 -7.660164e-02 -2.076415e-01 -2.572137e-01 4.578241e-01 -3.780234e-01 -4.266022e-02 4.326276e-01 -1.278032e-01 -1.663724e-01 1.496956e-01 1.775359e-02 -2.376225e-01 -6.580696e-02 1.027048e-01
1.486090e-01 9.276100e-02 -5.792663e-02 1.728276e-01 -3.134517e-01 9.201157e-02 4.693606e-01 -2.507700e-01 -1.819373e-01 2.565355e-01 2.458333e-02 3.035524e-02 3.094265e-01 -3.823926e-01 -2.533849e-01 -1.935191e-01 1.252710e-02 -1.328008e-01 2.206623e-01 1.550871e-01 -2.667599e-01 -1.776253e-01 2.498009e-01 -1.370606e-01 -7.041455e-02 2.274551e-01 5.834888e-01 3.712443e-01 3.780140e-02 -9.387045e-02 -2.545543e-01 1.265628e-01
-1.567863e-01 4.927512e-01 -5.950332e-02 -1.461508e-01 -4.012507e-01 6.669030e-02 9.466258e-02 1.340918e-01 4.276792e-01 2.933358e-02 -1.769135e-02 -3.866451e-02 -3.580911e-01 5.199749e-02 1.892853e-01 1.915131e-01 6.925855e-02 5.146239e-01 3.236358e-01 -1.666262e-01 1.558920e-01 -2.196373e-01 -3.117838e-02 -5.274680e-02 -3.759091e-02 2.842242e-01 4.811683e-03 -4.064435e-02 -3.397494e-01 3.572465e-01 -4.440887e-02 -1.426272e-01
-6.112458e-02 1.571256e-01 -2.919118e-01 2.381106e-01 4.134454e-02 3.419862e-01 3.986580e-02 -2.195352e-01 -5.253842e-02 4.793515e-01 -1.943380e-01 1.238881e-01 -1.730589e-01 -3.275471e-01 2.026930e-01 1.616248e-01 -7.082582e-02 1.985349e-01 4.927027e-01 -8.271402e-03 -8.582710e-02 2.423811e-01 -3.166322e-01 4.863470e-02 -2.683888e-01 4.410215e-02 -4.829361e-02 -2.594597e-01 2.464843e-01 2.472510e-01 -3.802082e-01 1.414566e-01
-2.624739e-01 2.450988e-02 3.739438e-01 -1.015203e-01 -1.749966e-01 -2.884529e-01 3.722877e-01 -6.391438e-02 5.681364e-02 -2.368734e-01 4.341516e-01 -1.673958e-01 3.062091e-02 3.608995e-01 1.162778e-01 -9.038910e-02 6.402116e-02 -9.484728e-02 6.269470e-02 1.908468e-02 8.151484e-02 3.369713e-01 -1.960121e-02 -2.154264e-01 -1.943299e-01 -5.593852e-01 -3.628046e-01 4.192818e-02 -3.410777e-02 -4.600393e-01 -6.821238e-03 -2.174630e-01
1.279209e-01 -6.718104e-02 -5.900687e-02 9.708166e-02 4.032038e-01 -7.634516e-02 5.633414e-01 -1.651982e-01 2.887960e-01 2.943974e-02 1.210958e-01 -4.122864e-01 -2.741142e-01 -7.760403e-02 -1.609506e-01 -2.360017e-02 -1.817191e-01 9.178014e-02 1.716790e-01 1.660654e-01 -8.682822e-02 -1.337000e-01 -1.748017e-01 -9.670046e-02 -1.738763e-01 -4.368104e-01 7.500484e-02 -7.672106e-02 4.474897e-01 3.623825e-01 -1.762409e-01 2.697775e-01
-2.889047e-01 3.601794e-01 -1.517034e-01 2.622654e-01 3.496092e-01 -1.989052e-01 -4.720204e-02 -2.517852e-01 -2.763482e-01 -1.539793e-01 3.086471e-01 -9.237301e-02 -1.214231e-01 6.945872e-02 2.094180e-01 1.465613e-01 1.982876e-02 5.752657e-02 4.850119e-01 5.859170e-02 -2.218372e-01 -2.723943e-03 -1.098722e-02 -3.662251e-01 -6.149020e-01 2.140323e-02 1.884468e-01 -3.035600e-02 -3.109777e-02 4.960864e-02 6.715941e-02 -1.837759e-01
-1.640353e-01 1.377068e-01 -1.095269e-01 4.057431e-01 3.922234e-01 3.110028e-02 8.738186e-02 -1.698608e-01 -3.189748e-01 1.220183e-01 4.068410e-01 1.483872e-01 3.725237e-02 1.946987e-01 4.547409e-02 2.989108e-01 -1.330808e-01 4.887314e-02 4.512845e-02 -2.713042e-01 -2.166471e-01 -1.939717e-01 -4.578882e-02 8.185911e-02 -7.295464e-01 9.761643e-03 8.305442e-02 -2.731439e-01 7.100047e-02 1.278720e-01 2.157019e-01 1.834195e-01
-1.259375e-01 -2.073040e-01 -1.373100e-01 -9.979275e-02 1.524568e-01 -4.082873e-01 -6.764419e-02 4.628522e-01 4.363703e-01 -1.149453e-01 1.098996e-02 2.644517e-01 1.366539e-01 -3.393840e-01 -7.095850e-02 -1.493443e-01 3.104810e-02 -2.538803e-02 -2.217647e-04 1.887241e-02 -7.186624e-01 3.844154e-01 -2.856572e-01 -6.723274e-02 -8.477850e-02 4.332781e-02 3.012562e-01 -4.049776e-02 -3.020354e-01 -1.666673e-03 -8.527941e-02 -4.920502e-02
-7.651397e-02 -3.360423e-01 4.438278e-01 -3.411648e-01 -2.114052e-01 -3.099140e-02 4.815064e-02 -9.627115e-02 4.631837e-01 -2.304219e-01 -2.813151e-01 3.471555e-02 1.479953e-01 -1.211128e-01 -1.501143e-01 -3.166891e-02 2.959732e-01 2.282613e-01 -4.233439e-01 2.667216e-01 -3.390900e-02 -6.769019e-02 1.033550e-01 6.088144e-02 -1.979539e-01 -1.323664e-01 -5.648289e-01 -3.518220e-02 -2.854346e-01 8.905257e-02 -1.446533e-01 -7.576843e-02
2.290767e-01 1.089945e-02 -5.683376e-02 -2.185214e-01 3.112701e-01 -3.248220e-01 -3.821267e-01 -3.379249e-01 -7.068378e-02 -1.232869e-01 -1.851048e-02 -2.304938e-01 6.281800e-02 5.200401e-02 1.033909e-01 5.047042e-01 1.740730e-01 -4.237315e-01 2.760403e-01 -1.759691e-01 3.520494e-01 -1.214300e-01 -3.832377e-01 -2.975982e-02 -5.048332e-02 2.857560e-01 3.539584e-01 -8.297427e-02 -2.757553e-01 -8.207683e-02 -8.671084e-02 6.338094e-02
1.046303e-01 6.004073e-02 1.511205e-01 1.687297e-01 -3.330803e-01 -2.396158e-01 4.395977e-01 1.020728e-02 -4.154924e-02 2.186721e-01 -3.354498e-01 1.530162e-01 -9.309874e-02 -2.997217e-01 9.761941e-02 1.467919e-01 1.097338e-02 1.220392e-01 2.230780e-01 -6.492904e-02 -1.818403e-01 1.151278e-01 -1.904729e-01 1.647014e-01 -1.591742e-01 1.034092e-02 5.122983e-02 -2.491633e-01 2.109217e-01 1.076052e-01 -3.449352e-01 6.165219e-01
-1.089414e-01 2.034584e-01 2.370502e-01 4.387091e-01 -5.595165e-02 -1.142094e-01 4.509263e-01 -1.274705e-01 4.377292e-02 1.234957e-01 -1.820084e-01 -2.398080e-01 -1.883698e-01 -3.425463e-01 2.183916e-01 2.571308e-01 3.173055e-01 -2.876697e-01 3.889153e-01 -9.096686e-02 -5.504561e-02 -1.452247e-01 -1.660263e-01 -3.118228e-01 4.590873e-02 -1.284268e-01 4.855702e-01 -1.694488e-01 2.819316e-01 -2.369822e-01 -4.950204e-02 2.781582e-02
2.946909e-01 -5.767698e-02 3.046172e-02 6.798561e-01 2.847738e-01 2.108008e-01 -2.158737e-01 -7.567213e-02 -1.905520e-01 -7.078023e-02 5.350304e-02 -5.724515e-02 -6.534747e-02 -1.793875e-01 -8.579884e-02 -1.627964e-01 4.256201e-01 8.015972e-02 -1.376055e-01 2.665855e-01 -1.803003e-02 3.935053e-02 3.805945e-01 -2.828732e-01 -3.323404e-02 -1.713244e-01 2.749727e-01 1.683684e-01 1.180607e-01 -3.704752e-01 3.093722e-01 7.736903e-02
1.892686e-01 -1.206985e-01 7.980611e-02 -2.256671e-01 4.781917e-02 3.640983e-01 -2.448956e-01 3.293720e-02 -1.141501e-01 1.364654e-01 8.531085e-02 4.005379e-01 3.627012e-01 3.069398e-01 2.786063e-01 -3.282966e-02 1.044121e-02 -1.981839e-01 -6.797512e-02 2.549677e-01 2.214739e-01 -2.906995e-01 2.679516e-01 1.334348e-01 -4.694795e-01 -3.500262e-01 1.738918e-01 -2.416801e-01 4.722216e-02 -2.698179e-01 -1.049070e-01 -9.301873e-02
1.453767e-01 -1.480948e-01 -8.853865e-02 1.332621e-01 -3.658709e-01 5.097304e-01 1.391138e-01 4.725618e-01 1.870355e-02 3.766444e-02 1.465192e-01 2.076095e-01 -1.070753e-01 -2.309912e-01 -2.037316e-01 -2.158471e-01 4.971034e-02 -3.680811e-02 6.574355e-01 -2.103436e-01 -1.202260e-01 -2.634268e-01 1.090949e-01 -8.572809e-02 7.599679e-02 4.207703e-01 3.760757e-02 3.113769e-01 -3.519720e-02 1.798740e-02 1.638221e-01 7.195319e-02
1.209048e-01 -2.267496e-01 3.845213e-02 -5.099785e-02 1.245641e-02 1.441769e-01 -8.563908e-02 2.069693e-01 -3.379683e-01 -2.710674e-01 -2.990434e-01 1.910065e-01 -2.106859e-01 4.838410e-01 3.220443e-01 -3.039639e-02 2.587229e-01 2.585782e-01 -7.376953e-02 1.760519e-01 5.346579e-02 -1.812641e-01 2.203151e-02 -1.054026e-01 -2.137398e-01 -1.493058e-01 -1.397597e-01 -3.450666e-01 -3.962513e-01 1.898862e-03 -3.694131e-01 -1.655656e-01
-1.252195e-01 -3.088691e-01 1.319620e-01 -1.987118e-02 2.376261e-01 -1.914740e-01 -3.553163e-02 2.235112e-01 3.921595e-01 -1.173684e-01 1.451002e-01 2.130897e-01 -4.172297e-01 4.696248e-01 1.527491e-01 1.206692e-01 5.510189e-01 9.840876e-02 3.984546e-01 -2.513380e-01 -3.074445e-02 -4.340524e-02 -5.139764e-04 1.684986e-02 3.883038e-01 -4.502540e-02 2.086781e-02 2.481590e-01 1.641169e-01 -3.374571e-01 -8.356261e-02 1.395463e-01
6.446603e-02 -9.665038e-02 -2.979581e-01 4.491828e-01 -1.010097e-01 9.755235e-03 3.456800e-01 -9.570645e-02 2.364612e-01 2.651361e-01 -8.981470e-02 -2.704628e-01 -3.385808e-01 -2.018447e-01 -2.178278e-01 -5.678934e-02 2.338023e-02 3.116027e-01 -1.584321e-02 -5.728661e-02 -2.267452e-01 3.718274e-02 2.920931e-01 1.602391e-02 1.327327e-01 -1.535469e-01 7.854470e-02 -2.077416e-02 4.956553e-01 -3.502607e-01 -3.137580e-01 -3.856821e-01
-6.330913e-02 -2.640557e-01 -1.340851e-01 -4.151864e-01 -1.091734e-01 -8.875523e-04 -2.688982e-01 2.304082e-01 -5.305038e-02 -9.157354e-02 3.924958e-01 1.884584e-01 1.093726e-01 5.160916e-01 -6.048799e-02 -1.139387e-01 4.214929e-02 -2.305506e-01 1.424193e-01 9.391530e-02 2.742578e-01 3.828846e-03 2.249462e-01 1.896725e-01 -5.321204e-01 -5.681729e-02 1.217456e-01 -6.149917e-02 -4.103123e-02 -5.119102e-01 4.455231e-02 -1.544266e-01
2.693036e-01 4.777367e-01 5.296316e-02 4.087184e-03 4.305789e-01 -1.753187e-02 -1.265218e-01 -9.811462e-02 -3.051850e-01 -1.226398e-01 -2.169074e-01 3.133301e-01 1.339958e-01 -8.241534e-02 3.592239e-01 -3.203348e-02 3.783303e-02 4.720152e-01 4.382321e-02 -2.217752e-02 -1.122291e-01 6.333964e-01 1.752591e-01 -5.892983e-02 1.885945e-01 -1.649227e-01 -2.157019e-01 -8.475427e-02 -6.099546e-02 -6.995006e-02 2.602551e-01 -2.564769e-01
5.583435e-02 5.651575e-02 6.263891e-01 1.354172e-01 -1.929695e-01 1.774936e-01 1.519079e-01 -1.389576e-01 -8.962695e-02 3.200153e-02 6.075563e-03 -1.696863e-01 -2.842552e-01 1.545912e-01 4.202853e-01 -1.711152e-01 -4.517969e-01 1.276408e-01 -4.951740e-02 -1.782932e-01 4.951525e-01 -1.692167e-01 9.621519e-02 1.084877e-01 -2.096665e-01 4.009347e-01 1.412920e-01 7.319655e-02 -1.760711e-01 -6.938133e-03 -2.834319e-01 -6.188752e-02
2.469313e-01 1.483352e-01 -2.522340e-01 1.323543e-01 2.239756e-02 -1.452422e-01 -3.804060e-01 1.257511e-02 5.208573e-02 -1.650426e-01 5.733938e-01 -3.329652e-03 1.861363e-01 1.058614e-01 -6.454380e-02 2.415850e-01 -4.498281e-02 -1.500712e-01 3.036231e-02 -1.516790e-01 1.134953e-01 -6.971690e-02 2.498079e-01 1.353985e-01 9.234492e-02 -4.262047e-02 -2.992595e-01 -3.475571e-02 -1.399372e-01 -1.450172e-01 6.102762e-01 -4.574403e-01
1.287205e-01 3.198286e-01 -3.444777e-01 4.509901e-01 2.030855e-01 1.774928e-01 -3.010835e-02 -1.171760e-02 -3.056263e-01 1.736083e-01 2.547801e-01 -1.434420e-02 -4.017477e-01 1.074816e-01 -2.728313e-02 2.213272e-02 -1.121750e-01 6.298262e-04 2.359934e-01 -4.009579e-01 1.002105e-02 -1.147700e-02 -1.616060e-02 -5.066988e-02 3.068509e-01 1.882507e-01 6.998496e-01 4.800894e-02 5.982922e-02 -1.131373e-01 -1.573505e-02 5.945659e-02
-2.205896e-01 -1.102311e-01 -1.528750e-02 -3.179246e-01 4.033206e-01 -3.258604e-01 4.016082e-02 3.975358e-01 2.922604e-01 1.593310e-01 -4.925495e-02 2.748245e-01 1.251644e-01 -2.797238e-01 1.112931e-01 1.063840e-01 5.020318e-02 -1.634992e-02 6.194658e-02 1.885767e-02 -7.905173e-01 3.336411e-01 -2.069977e-01 -2.684692e-01 -7.388491e-03 2.676960e-02 2.155318e-01 -8.498368e-02 -1.982687e-01 7.828649e-03 -2.945825e-02 -1.056093e-02
3.836565e-01 1.337773e-01 -3.509280e-01 -2.136969e-01 2.955721e-01 5.096901e-02 -1.848857e-01 -2.991937e-01 -2.004660e-01 -1.176556e-01 -2.042271e-01 4.223674e-02 1.764272e-02 2.613709e-01 1.161820e-01 1.688782e-01 3.007830e-01 -4.852212e-02 -3.164035e-02 2.614160e-02 6.569909e-02 -1.165171e-01 -1.575880e-02 -2.701765e-01 4.971284e-01 -1.024143e-01 8.111093e-02 -3.125481e-01 2.327350e-01 -2.744507e-01 7.974283e-02 2.910276e-01
-8.334256e-02 -2.560153e-01 1.672240e-01 -2.772489e-02 2.325574e-01 -2.790678e-01 -2.762108e-01 3.460997e-01 3.464150e-01 -1.270627e-03 1.575827e-01 4.793651e-02 -2.473622e-01 3.568267e-01 3.210316e-01 4.367165e-02 2.254258e-03 6.771760e-02 -1.784685e-01 -5.030926e-01 3.889491e-01 1.138921e-01 -5.687199e-01 5.464355e-02 -1.969974e-01 -5.723611e-02 1.099537e-01 -1.692124e-01 -1.665183e-02 2.194250e-02 1.684693e-02 -3.433083e-02
5.742180e-02 -2.655163e-01 4.969962e-01 5.554561e-02 3.932793e-01 2.233636e-01 -3.479736e-02 -1.392602e-01 1.742699e-01 -3.235361e-01 -7.155891e-02 1.434190e-01 -2.455408e-01 1.228462e-01 3.429821e-01 -1.186938e-01 2.140054e-01 9.255956e-02 2.100387e-01 -2.152688e-01 -1.416724e-01 2.010598e-01 4.992738e-02 3.942026e-01 1.335079e-01 4.070601e-01 -2.317929e-01 -2.251743e-01 1.990333e-01 1.315140e-01 -1.168860e-02 4.473863e-01
2.808310e-04 3.985820e-01 -9.435217e-02 5.164646e-02 -2.267905e-01 1.651459e-01 1.122675e-02 -2.142879e-01 -3.846826e-01 7.320026e-02 -1.210614e-01 -1.707508e-01 5.004334e-01 -3.746856e-01 -1.423422e-01 -1.864145e-01 -5.018482e-01 -7.719616e-02 -3.449659e-01 3.277592e-01 6.271987e-04 -2.684413e-02 -5.308892e-02 -3.365294e-02 -4.199916e-01 1.214655e-02 -7.167112e-02 -2.522342e-01 -9.309494e-02 3.822704e-01 1.312930e-01 -1.680034e-01
2.741729e-01 3.209948e-01 5.617616e-01 -5.003551e-02 1.043898e-01 7.928883e-02 -8.693105e-02 1.656614e-01 1.128444e-01 6.955916e-02 -4.193811e-01 -1.562864e-01 5.526580e-04 -7.564035e-02 -3.289349e-01 -8.309989e-02 1.284735e-01 3.265014e-01 7.022360e-02 1.212893e-01 -1.803945e-01 3.408889e-02 3.832344e-01 -1.988575e-01 -3.265569e-01 -1.404890e-01 2.708129e-01 -5.673687e-02 -4.469777e-01 -8.299021e-02 3.178995e-01 1.475883e-01
-1.496883e-01 3.657645e-02 -2.611474e-01 1.371653e-01 4.937616e-01 -1.161710e-01 4.624340e-02 -8.612106e-02 1.125894e-01 -6.611538e-02 5.560163e-01 2.818997e-01 1.053343e-01 1.353981e-01 -2.331778e-01 -1.239567e-01 -1.768236e-01 -2.060204e-01 -5.644654e-02 9.135778e-02 1.919654e-01 -6.765592e-02 -2.131085e-01 2.133718e-01 5.021842e-01 1.605258e-01 -2.083042e-01 1.816266e-01 3.122959e-01 2.565563e-01 -2.254935e-01 -1.910538e-01
4.784610e-02 2.048559e-01 -4.034372e-01 9.922772e-02 -1.589453e-01 3.378984e-02 1.687281e-01 -3.111076e-01 -1.236367e-01 8.931516e-03 -1.126999e-01 5.025967e-01 -4.665456e-02 -3.294036e-01 2.306478e-01 1.511565e-01 2.509979e-01 -1.191346e-01 5.160041e-02 3.236281e-01 1.445403e-01 8.251173e-02 -3.339690e-01 -7.087874e-02 6.942020e-02 3.601248e-01 3.055432e-01 2.447357e-01 -2.372229e-01 3.674619e-02 -1.900337e-01 3.040833e-01
-2.283091e-01 1.702477e-02 5.767038e-02 8.919367e-02 -1.360069e-01 -3.896330e-02 4.187766e-01 1.042616e-01 -1.359395e-02 1.830375e-01 -3.682169e-01 3.328605e-02 -1.341388e-01 -2.229027e-01 2.033494e-01 2.332331e-02 4.893768e-02 2.861399e-01 -4.276495e-02 -1.295678e-02 -2.001048e-01 5.105138e-02 -1.618703e-01 -2.166783e-01 8.041115e-02 1.293712e-01 -1.224086e-01 2.215785e-01 2.643747e-01 1.133519e-01 -3.805885e-01 1.195622e-01
-3.558684e-01 -1.178067e-01 3.061763e-01 2.712370e-01 -1.766249e-01 -9.926904e-02 5.101517e-01 9.174727e-02 3.234691e-01 7.639251e-02 -1.129470e-01 -1.757726e-01 -1.388493e-01 2.439244e-01 -3.697467e-02 5.289747e-02 3.369999e-01 1.149996e-01 5.281648e-02 -1.079910e-01 -1.328479e-01 3.186935e-01 -3.781440e-03 1.521503e-01 -2.278849e-02 1.651358e-01 2.124854e-01 1.800253e-01 -1.255452e-01 -2.080138e-02 1.657362e-01 -7.029317e-01
8.537225e-02 3.813310e-02 6.376486e-01 -3.486901e-01 -5.614782e-02 -2.335469e-01 2.621826e-01 1.771854e-01 5.821368e-02 -1.057768e-01 -4.187483e-01 3.537715e-02 3.244567e-02 1.194224e-01 -2.805403e-02 -3.320220e-02 6.240161e-02 2.293604e-01 -3.685796e-02 -2.653599e-02 -1.307573e-01 1.314835e-01 -1.140314e-01 4.975361e-01 1.912187e-01 4.489387e-02 9.592639e-02 5.934054e-01 1.379792e-01 2.135267e-01 -2.132705e-01 4.012196e-02
-1.331773e-01 -1.090890e-01 -4.296298e-02 1.003623e-01 -2.077960e-01 1.226535e-01 -3.735023e-01 1.001730e-01 -1.574194e-01 -5.926878e-02 -2.783181e-01 5.571302e-01 4.224774e-01 1.284863e-01 9.861849e-04 -5.913788e-02 1.958182e-01 -3.148022e-02 -3.387885e-01 1.995165e-01 -7.307569e-03 2.397486e-01 4.065731e-02 1.029072e-01 -6.712435e-02 -6.599624e-02 -1.843737e-01 3.907336e-01 -6.300401e-02 -4.799393e-01 2.750599e-01 -2.434616e-01
2.624065e-01 -4.393514e-02 -2.156642e-01 -9.275487e-02 2.983397e-01 -6.171329e-02 1.627067e-02 7.477559e-01 -9.055758e-02 -2.265239e-03 4.927193e-02 3.501681e-04 2.184554e-01 5.749133e-02 -1.686765e-01 1.092426e-01 -1.079488e-01 -4.873268e-01 -5.035327e-01 -2.014357e-02 -1.964454e-01 1.793901e-01 -1.004272e-01 1.510197e-01 1.897210e-02 -1.278589e-01 -3.428763e-02 5.076291e-02 2.087443e-01 -2.015072e-01 1.044948e-01 1.891773e-01
3.246659e-01 -2.550881e-01 -5.875137e-02 5.405569e-02 -3.138408e-01 -2.212875e-01 -2.944840e-01 7.209592e-03 -1.908631e-02 -1.501726e-01 1.021394e-01 1.304984e-01 3.308920e-01 -2.602074e-01 4.452850e-01 2.048424e-01 3.819016e-01 -3.358099e-01 2.088354e-01 1.972903e-01 -3.451975e-02 -5.393117e-01 -1.266517e-01 2.908548e-01 -9.594968e-02 2.052382e-03 -1.467959e-02 -3.223030e-02 4.708539e-03 1.092343e-01 4.086169e-01 -6.191599e-03
-9.034347e-02 1.418345e-01 -1.299085e-01 3.129427e-01 5.573276e-01 1.696658e-01 -1.879719e-02 -1.234144e-01 -1.755122e-01 2.795514e-01 -2.517036e-02 9.539241e-02 3.644975e-01 -9.252763e-02 3.948548e-02 1.174040e-01 1.648917e-02 3.738964e-01 -1.387808e-01 1.565619e-01 -1.869691e-01 -3.190843e-01 -9.762056e-02 -1.622205e-01 -1.463919e-01 -2.852545e-01 3.525067e-02 -8.258685e-02 -2.744833e-01 -2.680303e-01 3.170684e-01 2.647602e-01
6.374012e-02 6.694749e-01 -2.518841e-01 1.729046e-01 7.837019e-02 -2.041553e-01 -9.529942e-03 -3.887004e-02 3.684921e-01 1.104114e-03 2.180828e-01 -9.775121e-02 -7.987526e-02 3.792064e-02 -4.574675e-02 3.614582e-01 -2.915342e-02 1.131464e-01 1.660397e-01 3.018336e-01 4.134099e-01 1.455242e-01 -2.454805e-01 -1.691973e-01 -5.588636e-01 1.762226e-01 -3.252051e-01 -5.862973e-02 2.144757e-01 -1.097095e-02 -1.444595e-01 -8.938245e-02
-2.959692e-01 -1.548094e-01 -3.365821e-02 -1.188529e-01 2.637487e-02 -1.278620e-01 -1.965058e-01 3.369882e-01 -3.342284e-01 4.639154e-02 -8.130634e-02 -1.018969e-01 -1.925498e-01 -4.775393e-02 4.129854e-01 -3.092528e-01 2.025295e-02 1.661272e-03 -1.146310e-02 -1.451318e-01 -4.726844e-01 2.589853e-01 1.591639e-01 7.579093e-02 5.487953e-01 -9.079538e-02 4.318025e-02 -1.413700e-02 -6.304291e-02 2.131611e-01 -7.891260e-02 1.708739e-01
-2.345724e-01 -3.491755e-01 2.561704e-01 -3.232249e-01 -1.276776e-01 5.290607e-02 -1.307075e-02 -8.481617e-02 3.562272e-01 -1.279247e-01 -2.963938e-01 1.767057e-01 -4.877570e-02 -1.521200e-01 -8.976267e-02 1.999959e-02 1.305686e-01 5.621441e-02 1.518929e-02 2.255308e-01 -4.162081e-06 -1.778169e-02 9.525752e-02 -1.916701e-02 8.308418e-01 9.241777e-02 1.154744e-02 9.448291e-02 -2.322275e-01 -1.274917e-01 1.111744e-01 1.094033e-02
2.879825e-01 5.966226e-02 6.484395e-02 -2.952424e-02 9.542549e-02 -1.373635e-01 3.014500e-01 -2.707817e-01 -2.531739e-02 1.383002e-01 -3.660787e-01 1.580281e-02 -5.129203e-02 -2.216451e-01 9.508359e-02 2.357916e-01 1.631151e-01 4.798412e-02 -2.714318e-02 1.086728e-01 1.882360e-01 3.251806e-03 1.869549e-01 -1.417668e-01 8.579428e-02 -1.062561e-01 1.813139e-01 2.793851e-01 -5.885794e-01 6.945721e-02 -7.690769e-02 1.426513e-01
6.324136e-02 5.899724e-01 -6.354727e-02 2.974834e-01 2.514479e-02 2.169142e-01 -1.005850e-01 -1.618986e-01 -4.055852e-01 -2.011524e-01 5.760513e-02 -1.056740e-01 -1.039626e-01 2.994161e-01 4.023888e-02 -2.825421e-01 1.896189e-01 -2.726733e-01 2.929992e-01 -2.489123e-01 -3.708911e-02 4.507807e-01 -6.382391e-02 2.018488e-01 -5.077023e-02 1.406370e-01 1.432948e-01 -4.133478e-01 3.076771e-01 1.631376e-01 2.201916e-01 1.055179e-01
7.057628e-02 2.287524e-02 7.538652e-01 -2.158349e-01 1.362536e-01 -8.618529e-02 1.344346e-02 1.930916e-01 1.403979e-02 -2.174502e-01 -3.155355e-01 2.583386e-02 7.017045e-02 1.517164e-01 -2.005474e-01 2.429688e-02 2.260047e-01 -3.868523e-01 -3.633460e-01 -1.291956e-01 -1.960672e-01 -6.037712e-02 4.065959e-01 -3.365916e-02 1.569027e-01 6.555129e-03 -2.042462e-01 2.455973e-01 -3.853082e-02 -8.214225e-02 3.006654e-01 -2.778997e-01
1.059934e-01 1.089656e-01 4.774395e-02 -1.953146e-01 -1.619385e-01 -1.040012e-02 -4.595212e-02 1.406177e-01 -2.021479e-01 -1.018519e-01 -4.438096e-01 4.182848e-01 4.785539e-01 7.618256e-02 4.314478e-02 -5.959720e-02 8.926784e-02 8.199514e-02 -3.524457e-01 1.456213e-01 2.524502e-01 2.473492e-01 -2.083905e-01 4.948077e-02 2.405570e-01 3.018318e-01 6.530678e-02 -1.380529e-01 -2.909171e-01 -2.406871e-01 -1.944127e-01 1.365945e-01
-8.537066e-02 -2.487387e-01 1.519818e-01 -2.724323e-01 2.392732e-01 -5.061044e-02 -2.758356e-01 -9.702440e-02 1.996644e-01 -2.756678e-01 3.122832e-01 4.671023e-01 1.454542e-01 1.693979e-01 -9.102879e-02 -1.409908e-01 -3.759760e-01 3.142383e-01 -3.524055e-01 -9.974775e-02 3.937062e-02 1.225531e-01 -6.115490e-02 2.912673e-01 -1.187608e-01 -1.272884e-01 -4.841356e-01 5.097621e-02 -8.073668e-02 -1.438012e-01 -2.045230e-01 1.719073e-01
-2.705103e-01 1.982360e-01 5.522043e-01 -2.835768e-01 4.871734e-02 9.979804e-02 3.481070e-01 2.663687e-02 1.502659e-01 -1.970380e-01 4.833437e-02 -1.751215e-02 -1.530964e-02 3.452052e-01 -3.139555e-01 -6.031393e-02 -6.358690e-01 9.748862e-02 -1.001033e-02 -1.102181e-02 1.761966e-01 -3.035036e-02 6.975965e-02 1.214260e-01 -5.012020e-01 3.138703e-01 2.938833e-01 1.032355e-01 -1.813179e-01 -1.025633e-01 7.636611e-02 3.018499e-02
-1.164243e-01 -2.699105e-01 2.679273e-01 -1.006946e-01 -1.660390e-01 -2.075760e-02 2.286590e-01 3.544315e-01 1.391838e-01 1.146291e-01 -2.135545e-01 1.692341e-01 2.195608e-01 7.936480e-02 -3.091609e-01 -2.406830e-01 6.076515e-02 -1.567186e-01 -6.062759e-01 -1.529786e-01 1.627447e-01 -1.075568e-02 2.997063e-02 3.522180e-01 4.132670e-01 -3.316648e-02 -7.587149e-02 1.392877e-01 1.671581e-01 -8.628342e-03 1.836930e-02 2.184142e-01
-2.370812e-01 -8.897825e-02 3.051574e-02 2.211382e-01 -2.905055e-01 4.200700e-01 2.705130e-01 3.022616e-01 5.221376e-02 1.578125e-01 9.211076e-02 2.401392e-01 -3.323393e-02 -4.083145e-02 -1.935740e-01 -3.481960e-01 -1.305236e-01 3.344834e-01 -2.280848e-01 2.587615e-01 -3.314763e-01 1.163128e-01 3.763475e-01 2.268934e-02 -2.291834e-02 -2.868260e-01 -3.147379e-01 1.085850e-01 3.122374e-01 6.579182e-02 4.782141e-02 -1.126969e-01
1.943526e-01 4.493962e-02 -3.705670e-01 2.256770e-01 -3.387533e-01 -2.698328e-01 -1.623430e-01 3.254295e-02 -9.655361e-02 4.998642e-01 -1.293758e-01 -6.182351e-02 5.182867e-02 -5.772396e-02 1.538955e-01 2.243581e-02 2.204237e-02 1.330787e-01 -4.306290e-02 1.368659e-01 3.348157e-01 -2.845231e-01 -4.511933e-02 -2.373612e-01 1.633552e-01 -2.849400e-01 -8.562645e-02 3.426728e-01 -2.282121e-01 -7.740736e-02 1.637525e-01 -4.553120e-01
-3.831268e-02 -4.127748e-01 1.332351e-01 1.417858e-01 2.414441e-01 -2.279781e-01 8.152052e-02 -7.078688e-02 9.906790e-02 4.223376e-02 4.407670e-01 -1.246581e-01 4.606682e-01 -3.573469e-01 8.939828e-02 6.991209e-02 -4.022608e-01 1.723691e-01 3.435172e-01 3.071754e-02 -1.182529e-01 3.944815e-01 3.030802e-01 -4.077149e-02 1.440217e-01 2.921627e-01 -1.099209e-01 6.319536e-02 3.116955e-01 -7.245193e-02 -1.918362e-01 -2.553390e-01
1.991933e-01 -4.318258e-01 5.346164e-04 1.416429e-01 5.493174e-01 -6.662700e-02 -5.559113e-02 -1.061476e-01 -4.252325e-01 -2.276991e-02 4.661004e-02 2.601588e-02 3.804486e-01 -3.042791e-02 -1.245674e-01 -1.237012e-01 -1.002593e-01 -5.565404e-01 -3.272253e-01 1.892763e-01 -9.656907e-02 1.374520e-01 -3.610555e-03 6.341080e-02 -2.211194e-02 -2.181450e-01 1.305213e-01 7.932458e-02 2.658218e-01 -4.480787e-01 1.197360e-01 8.248246e-02
-4.759798e-02 3.629597e-01 9.603233e-02 6.046458e-01 2.554468e-01 1.266791e-01 3.860480e-02 -2.898637e-02 -3.258581e-01 -5.494746e-02 3.965804e-02 -2.642511e-01 -1.684247e-01 5.235673e-02 6.213345e-02 -2.550083e-01 8.988714e-02 8.842608e-02 7.754487e-01 -3.374997e-01 1.575269e-01 1.564957e-02 1.728394e-01 -3.533320e-03 -2.485126e-02 -1.781343e-02 1.132020e-01 -2.226906e-02 1.168775e-01 1.134079e-01 2.567369e-01 7.239135e-02
-8.776907e-02 5.632716e-02 -2.065607e-01 5.279089e-01 3.510720e-02 -9.706164e-02 -3.153412e-01 -1.708716e-01 -1.093235e-01 -1.968432e-01 -3.482273e-01 2.530053e-01 2.738367e-01 1.081141e-01 -1.848136e-01 -3.318396e-02 2.139537e-01 -2.023095e-01 -6.922082e-02 3.349770e-01 -1.435856e-01 2.563933e-01 4.444407e-03 6.276808e-02 -3.522416e-02 2.751867e-02 -1.505971e-01 3.545852e-01 2.561757e-01 -5.500348e-01 5.060115e-02 1.008563e-01
6.273480e-02 1.251005e-01 2.084115e-01 6.138725e-01 8.301233e-02 4.078569e-01 -1.608058e-01 -8.960693e-02 8.223218e-02 -2.721344e-01 -3.371882e-02 -1.999577e-01 -3.364058e-01 -5.669566e-02 1.226635e-01 -8.263925e-02 3.541981e-01 -2.640812e-01 5.517588e-02 4.032568e-01 1.777634e-01 5.781528e-02 1.854374e-01 -1.426891e-01 -2.974234e-01 -1.004034e-01 9.851947e-02 4.949387e-01 1.201786e-02 3.413626e-01 -4.909371e-02 -2.376368e-02
1.250246e-01 2.079228e-01 -1.330411e-01 2.403893e-01 5.770196e-01 2.472506e-02 -8.039949e-02 -1.473414e-01 8.330284e-03 1.721720e-01 1.739361e-01 -4.206114e-02 4.858415e-01 -2.129519e-01 1.525363e-01 -1.346025e-01 2.354370e-02 3.412691e-04 2.837123e-01 -1.419902e-01 -6.909431e-02 1.238910e-02 -2.174360e-01 4.878154e-02 -1.353025e-01 -3.667939e-01 3.759407e-01 -7.051563e-02 -2.989519e-01 -5.153113e-01 -1.931462e-02 2.857854e-01
9.693854e-02 -4.139696e-02 -3.054158e-01 -3.062407e-01 -1.348332e-01 -1.386735e-01 1.564125e-01 -1.546769e-01 -3.521454e-01 2.161481e-01 1.549940e-01 1.061833e-01 5.006860e-01 1.466242e-02 -2.308792e-01 2.273546e-01 -1.932734e-01 3.086423e-01 -3.605150e-02 -3.602086e-01 1.015790e-01 -2.029888e-02 -8.271959e-02 2.189797e-01 2.261750e-01 2.681309e-01 3.589280e-03 -4.344693e-01 -5.213720e-03 -2.306796e-01 -7.308604e-02 1.880818e-01
-3.559298e-01 -2.381868e-02 -9.592661e-02 2.069893e-01 9.408534e-02 -1.325272e-01 1.212677e-01 -3.316655e-01 1.244730e-01 2.657976e-01 5.465543e-01 -2.126983e-01 -2.887416e-01 -1.819979e-01 -1.702957e-01 -3.036856e-02 2.048794e-01 1.103144e-01 3.894471e-01 -2.408295e-01 -2.707779e-01 -1.918311e-02 2.424167e-01 1.334913e-01 -6.282279e-02 -1.272996e-01 1.309946e-01 3.792107e-01 3.498285e-01 9.094331e-02 1.424625e-01 3.201455e-01
6.259391e-01 -3.809905e-01 -1.385291e-01 -1.329377e-02 -2.083801e-02 3.545407e-01 -3.562858e-01 -1.533128e-02 1.515949e-01 1.753426e-01 -1.586044e-01 -5.541611e-02 -1.224031e-02 -8.438836e-02 1.040455e-01 -1.181496e-01 4.916157e-03 -3.368031e-04 -4.357182e-01 -7.075535e-03 9.572393e-02 2.046762e-02 -3.558631e-02 5.940519e-02 4.186282e-01 -6.148798e-03 -1.309567e-01 -1.785156e-01 -2.222801e-02 -6.985802e-01 -9.714264e-02 2.725872e-03
9.113339e-02 -9.797515e-02 1.501156e-01 -2.220157e-01 1.033817e-01 2.300646e-01 -3.050854e-01 2.463891e-01 -6.455602e-02 -4.481483e-02 -1.535824e-01 3.547306e-01 4.289905e-01 1.526821e-01 4.076653e-01 1.672469e-01 -3.205516e-01 3.369487e-01 -1.767659e-01 2.608210e-01 2.822782e-02 3.036471e-01 1.370944e-01 -3.000050e-02 -4.223358e-01 3.021388e-01 -2.703959e-01 1.030531e-01 -4.639192e-02 3.317353e-01 5.111980e-02 -1.179353e-01
1.851855e-01 -3.064603e-01 2.613715e-01 1.469620e-01 -5.931012e-03 -2.147317e-01 2.547430e-01 1.544778e-01 2.560455e-01 4.822949e-01 1.833573e-01 1.825211e-01 -1.771597e-01 1.051837e-01 -3.518999e-02 3.454161e-02 -3.509635e-02 -1.044203e-01 -6.638252e-02 -2.108172e-01 1.010373e-01 -3.083510e-02 -5.404187e-01 3.711210e-02 -3.044526e-01 -4.410781e-02 4.813361e-01 -2.054950e-02 -1.289809e-01 -3.199260e-01 -3.740649e-02 8.187478e-02
-6.031750e-02 1.876054e-01 2.584547e-03 -3.008168e-01 3.963120e-01 -1.250039e-01 2.834204e-01 -1.881474e-01 3.240727e-01 1.500739e-01 -8.409819e-02 -8.269643e-02 -1.605831e-01 3.599712e-02 -3.210799e-01 -3.710939e-01 -4.374668e-01 3.099235e-01 -3.292480e-01 -1.316530e-01 3.285039e-01 5.022818e-01 1.675618e-01 -2.790993e-01 1.400745e-01 -8.336672e-02 1.582697e-03 3.541625e-02 -1.669132e-02 -2.403370e-02 -1.617696e-01 3.992465e-02
6.213537e-01 3.603139e-01 -2.255490e-01 -1.332984e-01 1.701951e-03 2.451897e-02 -3.575644e-01 -2.242656e-01 2.170355e-01 -7.632257e-02 -3.409769e-02 4.842741e-02 2.017135e-02 7.699215e-02 3.111321e-02 1.395931e-01 -2.470028e-01 1.523614e-01 2.249505e-01 1.452834e-01 1.924385e-01 1.998255e-02 1.011291e-01 -7.597097e-02 -1.826062e-01 2.346962e-01 -4.499762e-01 -3.386069e-01 -4.491703e-02 -6.755545e-02 -3.290867e-01 -1.642937e-01
1.474641e-02 -1.399892e-01 5.763934e-01 1.342760e-01 3.959543e-01 2.270937e-01 8.853056e-02 -1.857512e-01 1.053075e-01 -2.921309e-01 -7.368810e-02 2.532545e-02 -3.147269e-01 2.178372e-01 2.022332e-01 -9.438813e-02 1.455455e-01 6.457143e-02 2.181430e-01 -2.058096e-01 -1.416080e-01 1.495042e-01 5.453415e-02 2.776198e-01 1.598185e-02 4.348570e-01 -1.706594e-01 -2.749728e-01 1.574735e-01 -9.903839e-02 -8.897328e-03 5.861329e-01
3.201044e-01 2.378397e-02 2.153551e-01 -3.468894e-01 1.916051e-01 1.662046e-02 -1.804134e-01 3.795535e-02 -9.524589e-02 -1.524099e-01 -6.066886e-02 2.114333e-01 3.477188e-01 1.124033e-01 5.407445e-01 2.502232e-02 -1.060178e-01 2.874228e-01 -4.448954e-01 1.132824e-02 1.304789e-01 2.786619e-01 -1.228537e-01 1.731207e-01 -3.122023e-01 4.315761e-01 -1.284968e-01 2.890870e-01 -7.491945e-02 1.385155e-01 3.394131e-02 1.187256e-01
5.250104e-02 5.269944e-01 1.276749e-02 5.009515e-02 7.170215e-02 2.414352e-01 2.255964e-02 6.693954e-02 -2.919522e-01 3.545236e-02 -3.005198e-01 1.000437e-01 -3.900481e-01 3.513040e-01 -1.606785e-01 -1.584398e-01 -9.396212e-02 4.488288e-02 -3.518064e-01 -1.601013e-01 4.634796e-02 -1.996149e-01 -4.329754e-03 4.845835e-02 -5.678018e-01 9.996351e-04 4.123821e-01 -2.549154e-02 -2.784901e-01 2.431922e-02 2.910931e-01 -4.237566e-02
-3.571803e-01 1.585983e-01 -2.765946e-01 2.955135e-01 6.087776e-02 1.625818e-01 -9.223803e-02 -2.212042e-01 2.625874e-01 -1.922956e-01 3.849018e-01 3.308494e-02 5.806682e-02 -2.265674e-01 7.642949e-02 2.608323e-01 -3.184223e-01 1.491132e-01 1.811728e-01 1.819512e-01 2.948714e-01 -2.336577e-01 -2.345308e-01 1.876999e-02 -8.362606e-04 -1.922132e-01 3.650325e-02 -1.143456e-01 -4.579133e-01 -9.988528e-02 -1.242850e-01 3.722296e-01
9.452789e-02 7.261094e-03 2.081559e-01 -3.461968e-01 7.768726e-02 -2.703175e-03 -3.503731e-01 2.126921e-01 8.487929e-02 1.032583e-01 8.767053e-02 3.247901e-01 3.181194e-01 3.852345e-01 1.565850e-01 -2.109568e-02 3.715571e-02 -4.950333e-02 1.065758e-01 2.797681e-02 3.470937e-01 -6.518741e-02 -4.317710e-01 6.629494e-02 -1.112897e-01 6.920892e-02 -1.933453e-01 1.909349e-01 -2.458030e-01 2.408527e-01 4.660019e-01 1.358636e-01
-3.930964e-01 1.724063e-02 1.558661e-03 -2.267023e-01 8.227307e-02 -3.603784e-02 1.998587e-01 1.558133e-01 1.146232e-02 -3.248531e-01 2.070928e-01 1.693013e-02 1.939835e-01 5.716419e-01 -1.967995e-01 6.668311e-02 4.225887e-03 1.123380e-02 1.863197e-02 -1.488889e-01 1.996696e-01 1.653018e-01 -1.967632e-01 -1.491704e-01 8.461648e-02 -7.831658e-01 -3.202229e-01 1.186644e-01 1.849306e-03 6.500764e-02 4.144998e-02 -6.715966e-02
-5.830089e-02 -1.060974e-01 5.546585e-01 -3.909425e-01 4.260300e-02 -1.507360e-02 -4.484238e-02 4.444268e-01 -4.414038e-02 -1.411458e-01 -1.510174e-01 -7.445648e-03 -5.621836e-04 3.495509e-01 -1.019171e-01 -1.804960e-01 -4.754993e-01 9.447332e-02 7.357480e-02 -2.115615e-01 -5.230827e-02 -8.637096e-02 2.380174e-01 1.060608e-01 -2.267397e-01 1.059922e-01 -9.429073e-02 -5.151952e-01 3.150516e-01 3.951448e-02 1.673029e-01 -2.668429e-01
5.040606e-01 -3.118285e-01 -2.434366e-01 1.439362e-01 9.998992e-02 4.069995e-01 -2.780041e-01 -1.372366e-01 3.045779e-01 7.879076e-02 -1.068152e-01 1.990511e-01 9.016313e-02 1.585235e-01 -7.142141e-02 -1.644876e-01 5.696182e-02 -4.512155e-03 -2.819321e-01 -1.796124e-02 5.323236e-01 1.423606e-02 -1.242309e-01 9.731603e-02 2.385769e-01 -5.434342e-03 6.175728e-02 -4.868324e-01 -8.605842e-03 -2.888065e-01 -3.776586e-01 -2.252314e-02
-1.295420e-01 -7.325898e-02 -4.041182e-01 1.946869e-01 6.029374e-02 1.871665e-01 -4.242672e-01 -1.473604e-01 4.963351e-03 -1.005939e-01 5.719984e-01 -2.236004e-02 5.103249e-03 3.032346e-02 -4.803166e-02 8.503133e-02 -4.001015e-02 -2.712279e-01 1.324669e-02 4.331804e-02 -1.188156e-01 -2.627212e-01 9.472723e-02 -2.727855e-01 -1.570972e-01 -1.113487e-01 1.613679e-02 -6.621166e-01 -1.630725e-01 -2.155160e-01 1.171631e-01 -1.369236e-01
6.724538e-02 -6.695822e-03 3.429153e-01 -8.135008e-02 9.807395e-02 -9.599605e-02 1.835744e-01 1.508101e-01 -1.868943e-01 5.222512e-01 -1.981090e-01 -3.288481e-01 -2.273418e-01 3.349639e-02 3.879501e-01 -2.991472e-01 -2.875430e-02 3.820679e-01 -2.202615e-02 5.072982e-01 3.233237e-01 3.545419e-01 3.159415e-02 4.038132e-03 3.431228e-01 -7.748195e-02 -2.207983e-01 -9.830171e-02 -1.146457e-01 -3.701377e-01 2.262245e-02 -1.673561e-03
1.834532e-01 4.719166e-02 4.172170e-01 2.679594e-01 -1.452343e-01 3.261654e-01 -3.332432e-01 -1.899548e-01 -7.546039e-03 9.343330e-02 -5.300268e-02 -2.622851e-01 -3.471723e-01 1.936579e-01 -3.851948e-02 -2.010057e-01 -3.808675e-02 -5.797940e-02 1.750313e-02 -1.264912e-01 8.170366e-01 -3.135106e-01 1.667260e-01 4.580037e-02 4.473593e-02 -2.223731e-02 -2.411956e-01 4.763688e-02 2.753031e-01 -1.556094e-02 -5.083853e-03 1.668813e-02
1.333994e-01 7.351804e-02 -6.118812e-03 9.354150e-02 3.317420e-01 -6.962204e-02 5.132446e-01 -2.173542e-01 3.010469e-01 -4.851308e-02 1.510234e-01 -3.932969e-01 -3.317562e-01 1.878478e-03 -2.240433e-01 -1.524289e-01 -1.066849e-01 1.149655e-01 2.461585e-01 -1.067268e-01 -3.928798e-02 -1.561375e-01 -7.419519e-02 -2.467256e-01 -1.921677e-01 -2.869931e-01 2.372687e-01 -1.909371e-01 1.273099e-01 5.437779e-01 -3.329079e-01 1.021840e-01
1.113162e-01 3.963903e-01 4.040113e-02 4.762884e-01 5.313706e-02 2.985892e-01 -1.398630e-01 8.786292e-02 -2.917192e-01 2.760544e-01 5.159934e-02 -2.333183e-01 1.409780e-01 3.700123e-01 2.112175e-02 1.998609e-01 1.501976e-01 -7.293330e-03 -5.679973e-01 4.179989e-02 1.956670e-01 8.799430e-02 1.681459e-01 -5.215269e-01 -7.796002e-02 1.703336e-01 -2.438822e-01 1.373656e-01 6.014528e-02 -3.096645e-01 -2.045549e-01 5.606936e-02
3.601867e-01 7.509410e-03 -3.129576e-01 -5.641278e-02 3.670286e-01 2.499224e-01 -1.696596e-01 -1.561485e-02 6.980713e-02 -2.796045e-02 -3.053086e-01 2.870021e-01 -7.160912e-02 -1.623250e-01 -1.021606e-01 1.137548e-01 -6.861383e-03 1.540245e-01 -2.124114e-01 -5.000102e-03 1.031163e-02 -7.280295e-02 4.443639e-02 3.904638e-02 -2.610229e-02 6.910471e-01 6.370564e-02 -2.522800e-01 6.706847e-02 4.053129e-01 -3.086387e-02 2.132830e-01
-3.275905e-01 9.827432e-02 1.528002e-01 -1.277419e-01 1.539502e-01 -2.127646e-01 -1.657713e-01 4.860049e-01 1.919399e-01 1.087996e-01 -3.804799e-02 3.867618e-01 -7.247800e-02 -4.343289e-01 2.580753e-02 -1.649656e-01 1.624330e-01 1.126832e-01 1.830972e-01 -3.159951e-01 1.901104e-04 3.111586e-01 9.862129e-02 2.832311e-01 2.989810e-01 4.522918e-01 1.719315e-01 -3.543395e-01 -4.497488e-03 -1.584529e-01 -2.432799e-03 -2.934080e-01
-2.961097e-02 8.461285e-03 6.486912e-01 -1.068186e-01 -1.163791e-01 1.093969e-01 4.688201e-01 -5.660668e-02 2.089016e-01 -2.021212e-01 -3.109454e-02 -1.043742e-01 -6.121676e-02 3.298819e-01 5.252460e-02 -1.232529e-01 -4.923795e-01 5.468463e-02 -5.783281e-02 -3.452103e-02 2.886760e-01 -1.176677e-01 4.477509e-02 2.689015e-01 -4.646462e-01 4.048764e-01 3.176797e-01 1.465352e-01 -1.774294e-01 2.271912e-02 -2.046315e-02 -2.341706e-02
-3.746819e-02 1.523979e-02 4.121377e-01 -1.656456e-01 7.092062e-02 -2.204573e-01 1.267197e-01 8.027802e-02 -1.626523e-01 3.756587e-01 -3.716513e-01 -1.849133e-01 -1.540524e-01 -2.109636e-01 3.747816e-01 -3.409324e-01 -1.687322e-01 1.528512e-01 -2.568851e-02 2.596305e-02 -3.160007e-01 1.164994e-01 3.772095e-01 -2.343007e-01 5.400345e-02 -4.552167e-01 -2.570402e-03 4.658160e-01 6.445961e-02 -8.168620e-02 2.345107e-01 3.159398e-01
-1.298661e-01 3.095474e-03 5.031675e-01 -3.565325e-02 7.507015e-02 -4.588724e-02 2.747812e-01 -3.942338e-02 -2.549921e-01 2.180014e-01 -3.894815e-01 -5.834312e-02 -1.428396e-01 -1.755470e-01 3.278609e-01 -3.528286e-01 -1.370402e-01 1.712434e-01 -2.615192e-02 5.830261e-02 -2.167124e-01 1.801333e-01 3.529373e-01 -3.081693e-01 7.160623e-03 -3.786286e-01 -4.867578e-02 5.077005e-01 8.341990e-02 -1.140118e-01 1.959403e-01 3.439438e-01
1.977168e-01 1.070923e-01 -2.920469e-01 7.172798e-02 3.279828e-01 -1.508326e-01 2.223963e-01 3.137721e-03 -4.459513e-02 -8.803645e-02 -6.132407e-02 4.760071e-01 2.661014e-01 -2.633817e-01 -1.525082e-01 -1.274855e-01 -9.631635e-02 -3.161289e-01 2.874376e-01 -1.534838e-01 1.323544e-01 -1.300540e-01 -4.575406e-01 1.541103e-01 -5.985070e-03 5.041826e-01 -1.944973e-01 -1.165362e-01 -8.240391e-02 -2.319629e-01 2.689673e-02 -1.208845e-01
1.860357e-01 -2.827275e-01 -2.772048e-01 -1.122151e-01 -2.664627e-01 2.872239e-01 -2.086308e-01 -3.130217e-01 -2.927161e-01 1.026966e-01 4.719366e-01 -6.135086e-02 -2.269849e-01 5.564436e-02 8.761597e-02 8.748218e-03 -2.148240e-02 -4.744335e-01 8.330665e-03 -2.872754e-01 1.228691e-01 -4.725620e-02 1.840900e-01 1.899024e-01 8.101423e-02 -5.966325e-02 -1.274585e-01 -2.481076e-02 8.861001e-02 -3.721455e-01 3.176725e-01 -4.560463e-01
-4.368597e-02 -2.386858e-02 4.997757e-01 -1.557772e-01 6.051775e-02 -1.054164e-01 -2.308593e-01 3.930300e-01 2.081526e-01 -1.878763e-01 -1.091129e-01 -3.346220e-01 1.876410e-01 1.665502e-01 1.100904e-01 -2.774065e-01 -3.140465e-03 -2.477751e-02 -5.031211e-02 -5.705963e-02 -3.115678e-01 3.423320e-01 3.563206e-01 2.926612e-01 -8.429252e-02 -2.924231e-02 1.559713e-02 4.047222e-02 5.163044e-01 7.198996e-02 -2.937785e-01 4.716994e-02
-5.761614e-02 -2.641447e-01 2.938687e-02 -8.550028e-02 1.702202e-01 -3.749925e-01 1.046185e-01 2.298238e-01 1.393474e-01 -1.545927e-01 1.915514e-01 4.930564e-01 -4.132680e-01 1.709996e-01 -1.042354e-01 -1.282268e-01 4.181942e-01 9.991809e-02 2.627699e-01 -3.367952e-01 5.288299e-02 -8.766469e-02 -3.870688e-02 -1.610954e-01 3.410312e-01 1.577771e-02 -1.920157e-02 4.075439e-01 2.846925e-01 -2.301198e-01 2.402556e-02 1.902353e-01
2.062920e-02 6.107601e-01 -1.936502e-01 7.094553e-02 1.152261e-01 5.473026e-02 -5.188071e-03 -2.288375e-01 -4.039372e-01 1.199038e-01 2.532044e-01 -4.479937e-02 1.818211e-01 1.984457e-01 -1.606424e-01 2.070684e-01 -2.413555e-01 4.446685e-02 -3.743023e-01 -2.323382e-01 2.955722e-02 -2.837853e-01 1.195795e-02 9.632995e-02 -6.536319e-01 -6.476699e-02 1.073224e-01 -4.980071e-02 -9.217154e-02 7.737406e-02 6.202659e-02 1.650922e-01
1.153308e-01 -9.677209e-02 -3.061739e-01 1.139134e-01 8.769080e-03 3.351502e-02 -3.434261e-01 1.141180e-01 1.384276e-01 -2.189560e-01 5.210569e-01 2.473852e-01 -1.614030e-02 7.361066e-02 -2.230254e-01 2.766727e-01 1.470418e-01 -1.450775e-01 1.076937e-01 -9.589228e-02 2.688038e-01 -1.260160e-01 -3.684628e-01 4.058863e-01 -1.053085e-01 3.199683e-01 -1.158577e-01 -3.648210e-01 -8.382416e-03 1.306813e-01 -1.155722e-01 -2.956476e-01
-1.266487e-01 -3.932100e-01 -2.610865e-01 5.277475e-01 3.019532e-01 3.317586e-01 -1.037794e-01 -1.095265e-01 6.801203e-02 5.886569e-02 1.256769e-01 9.317924e-02 -5.372671e-02 2.491799e-01 1.531913e-01 -1.693310e-01 2.013366e-01 3.527245e-02 1.096245e-01 -3.796171e-02 1.324577e-01 1.350119e-02 -2.032985e-01 9.773999e-03 1.525197e-03 -3.480935e-02 6.602469e-01 -4.880390e-01 -1.999496e-04 -1.792579e-01 -2.810079e-01 -7.259682e-02
-1.024288e-01 2.312699e-01 -1.787604e-02 5.933803e-02 2.530253e-02 -1.579162e-01 5.718485e-02 -3.149897e-01 3.342519e-01 3.749747e-01 3.014091e-01 -2.126341e-01 1.156261e-01 -3.045079e-01 -3.392724e-01 -1.276532e-02 -1.797501e-01 -2.525020e-01 1.002139e-01 -2.319048e-01 -1.005411e-01 2.320757e-01 1.277955e-02 1.112837e-01 1.906607e-01 1.518296e-01 1.274337e-01 4.495623e-01 3.554316e-01 4.329889e-02 3.496590e-01 8.871549e-02
-4.219780e-02 -1.663840e-02 -3.389027e-01 -3.236763e-03 -3.559014e-02 -8.238585e-02 -2.365753e-01 -1.758327e-01 1.636691e-01 -3.377240e-01 3.092382e-01 2.603996e-01 3.167465e-01 1.871202e-01 -3.156618e-01 1.431973e-01 1.823218e-02 -3.534307e-01 -1.984200e-02 -4.733109e-01 -1.631075e-01 -2.669614e-01 -2.833956e-02 -1.446229e-02 -4.415812e-01 1.044987e-01 2.543303e-01 8.737183e-02 1.112587e-01 3.440005e-01 -2.974486e-02 -2.116154e-02
-3.572719e-01 -6.365290e-02 6.130285e-01 -2.197423e-01 1.308151e-01 2.645397e-01 2.107859e-01 1.214719e-03 -1.409435e-02 -1.492127e-01 -2.491269e-01 -4.128321e-02 -3.103011e-02 2.584900e-01 -1.426390e-01 9.928104e-03 6.209765e-02 3.027125e-01 6.905778e-03 3.436438e-01 1.208407e-01 -3.550278e-02 3.293559e-01 6.360591e-03 -3.367996e-01 -4.601589e-01 1.230919e-01 2.564632e-01 -2.310039e-01 6.663629e-02 -2.075755e-02 2.942848e-01
-1.691337e-01 -3.533026e-02 2.915132e-01 1.560586e-01 3.092607e-01 4.670770e-01 -1.428059e-01 -4.639482e-02 -1.672392e-01 -5.007928e-02 4.745125e-01 2.111525e-01 -1.431746e-01 -7.296044e-03 -2.839774e-02 -1.678244e-01 -1.377146e-01 1.169181e-02 2.016992e-02 -1.899630e-01 5.904606e-02 -3.064212e-01 -2.215799e-01 -9.262888e-02 -4.627196e-01 6.543352e-02 -1.396393e-02 -3.894247e-01 6.331813e-02 -2.063201e-01 4.053557e-01 2.738031e-01
2.716319e-01 5.213044e-01 4.553493e-01 -2.416540e-02 2.056878e-02 -6.721921e-02 -8.290581e-02 1.134922e-01 4.645510e-02 2.428259e-01 -4.635647e-01 2.389478e-03 1.796496e-02 -8.667529e-03 -1.668598e-01 7.423453e-03 2.066305e-01 4.365189e-02 4.462100e-02 -3.822532e-02 -3.918117e-01 5.957419e-02 1.033179e-01 -1.082382e-01 -4.869963e-01 -2.763480e-01 1.194805e-01 -6.121302e-02 -4.231128e-01 -1.623990e-01 2.887887e-01 1.752007e-02
7.287872e-01 -2.071514e-01 1.760413e-01 -1.356938e-01 1.153350e-01 8.880589e-02 -1.428546e-02 -2.779075e-02 -2.483139e-01 -5.940101e-02 2.054576e-01 -6.638015e-02 6.934544e-02 7.781348e-02 1.778109e-01 -3.014908e-02 3.489306e-02 8.528161e-03 -5.634702e-01 3.682243e-02 1.954034e-01 2.063745e-01 4.231496e-01 -1.741965e-01 -2.968016e-02 4.044010e-02 1.989838e-01 -9.219388e-02 6.815245e-02 -3.834515e-01 -7.668731e-02 -5.125297e-02
5.319790e-02 -1.362818e-01 1.348073e-01 3.939201e-01 -1.469063e-02 2.698628e-01 3.164971e-02 3.660398e-01 2.915731e-02 4.062188e-01 -2.447496e-01 1.151883e-01 -2.736374e-01 -3.030514e-01 2.548589e-01 2.273644e-02 3.971351e-01 2.046505e-01 7.318769e-02 1.042090e-01 8.650644e-03 1.927445e-01 6.197095e-02 1.350836e-01 4.004301e-01 3.148142e-01 4.697466e-01 2.664549e-01 -7.830023e-02 1.716424e-01 -1.730011e-01 1.271258e-01
-8.290429e-02 -4.248494e-01 2.837811e-01 1.811139e-03 1.468454e-01 -1.911922e-01 -1.195318e-01 5.277786e-01 -2.327617e-01 1.537611e-01 1.024496e-01 8.449508e-02 2.964622e-02 3.337258e-01 1.404442e-01 -3.105999e-02 8.002976e-02 -4.540550e-02 -9.963488e-02 2.329341e-01 -1.090076e-01 -1.597590e-02 -1.771182e-01 2.667613e-01 -1.702337e-02 -4.122363e-02 4.111348e-02 -5.017019e-01 6.588688e-01 -3.563605e-03 6.072098e-02 -1.849518e-01
1.345582e-01 -2.760340e-01 -1.841664e-01 -3.195149e-01 6.235451e-03 1.722542e-01 -2.674737e-01 3.016850e-01 -6.759575e-02 1.395823e-01 9.650281e-02 2.717597e-01 2.723859e-01 4.958035e-01 2.159858e-02 -1.167687e-01 -5.102426e-01 2.583186e-01 -2.345891e-01 6.207921e-02 -3.027102e-03 1.615906e-01 1.257244e-01 1.201441e-01 -3.938207e-01 -2.747465e-03 -4.933356e-01 1.029152e-01 -1.422310e-01 2.043069e-01 3.284098e-02 4.762901e-02
2.449142e-01 6.385705e-02 6.870013e-02 1.741990e-01 6.303695e-01 1.771091e-02 -1.454457e-02 -2.008963e-01 7.159948e-02 3.721810e-02 2.274515e-01 1.587982e-01 3.891394e-01 -2.022450e-01 -2.660607e-01 -1.562754e-01 -1.305556e-01 -2.755364e-01 2.960801e-01 1.579657e-01 -1.642951e-02 -1.430380e-01 1.042297e-02 2.089064e-01 -5.313723e-02 -2.111936e-01 2.601240e-01 -2.641292e-01 -4.082431e-01 -4.176348e-01 -1.726652e-01 2.820111e-01
1.168868e-01 -1.627389e-01 -2.053231e-04 4.821400e-01 -3.436434e-01 -2.670818e-01 -1.919258e-01 1.553219e-01 -3.591002e-01 -4.812879e-02 -5.024713e-02 1.424994e-01 2.532307e-01 2.463198e-01 2.446539e-01 1.128174e-01 -2.843679e-01 1.066901e-01 1.298677e-01 -3.737317e-02 -1.594773e-01 -4.776339e-01 -3.822808e-02 -2.173511e-02 2.748492e-01 9.469383e-02 -1.940581e-01 -5.453150e-02 -1.345816e-01 -1.975109e-01 5.268261e-01 -1.396688e-01
-3.104458e-01 -2.652780e-01 4.276258e-01 -3.192269e-01 1.610914e-01 2.943404e-01 4.131370e-02 2.777808e-01 -6.408222e-02 1.392440e-01 3.404794e-01 -6.872239e-02 -2.332121e-01 9.287584e-02 9.490656e-02 -1.927668e-01 -2.067247e-01 -1.776958e-02 -4.129066e-01 -5.372525e-01 1.662934e-02 6.509081e-02 1.873140e-01 -2.778505e-02 5.585765e-01 -7.455242e-02 1.072685e-01 -2.027118e-01 6.809076e-03 1.136118e-02 1.027987e-01 -2.672363e-02
-1.687821e-01 5.474385e-01 -2.532398e-01 -2.071592e-02 3.168709e-01 -1.691615e-01 1.239850e-01 -2.602990e-01 3.459131e-02 -2.067690e-02 2.032233e-01 -1.096496e-01 6.259878e-02 1.705424e-01 -9.151395e-02 3.759452e-01 -1.351298e-02 2.210626e-02 7.721291e-01 4.864461e-02 -4.526104e-02 -1.254127e-02 1.031086e-02 -2.228525e-01 -4.536056e-01 1.919786e-02 7.562117e-02 -4.648802e-02 7.971428e-02 2.833719e-01 -7.789734e-03 -6.966444e-02
-1.069342e-01 -1.675324e-01 1.850003e-01 -3.593622e-01 -2.652411e-01 -1.587270e-01 8.198560e-02 -4.554560e-02 5.086184e-01 -2.944017e-01 -4.035209e-01 -9.200929e-02 -3.184020e-01 -1.196770e-01 3.087454e-02 -3.343579e-02 3.317937e-01 7.994450e-02 1.078793e-01 2.120906e-01 -1.194832e-01 -1.965367e-01 1.120346e-01 3.878503e-02 6.670308e-01 3.257893e-01 5.048700e-02 1.016626e-01 -2.222826e-01 -1.973937e-01 2.063364e-01 -3.150534e-02
2.110396e-01 3.285964e-01 -1.227740e-01 5.570613e-01 2.682293e-01 1.951620e-01 -3.821733e-02 3.645658e-02 -4.010252e-01 1.479806e-01 1.534132e-01 -3.798170e-02 1.901248e-01 2.362724e-01 -5.081849e-02 -8.336011e-02 -1.801516e-01 -3.574885e-02 -9.043197e-02 -2.339811e-01 3.525019e-02 -2.963984e-02 -9.804865e-03 -2.278854e-02 -4.758452e-01 -4.341993e-01 -2.090286e-01 -2.112849e-01 2.540982e-01 2.161258e-01 -4.142310e-01 1.194097e-01
-2.017207e-02 -6.770231e-02 -1.671706e-01 -4.582617e-02 1.892763e-01 4.545257e-01 -3.032186e-01 1.275280e-01 -1.807274e-01 8.310391e-02 3.935606e-01 1.015521e-01 -2.484842e-01 -6.367247e-02 -1.259186e-02 3.798078e-02 7.661442e-02 8.897498e-02 -1.619982e-01 -1.419620e-01 1.850655e-01 -5.722946e-02 2.843305e-02 -8.043361e-02 3.359720e-01 8.274169e-02 3.021232e-01 1.128801e-01 -8.330646e-02 -1.042056e-01 3.806685e-01 -5.826705e-01
6.489153e-02 -7.737395e-02 1.611155e-01 -2.946218e-01 1.359710e-01 2.707101e-02 4.196760e-01 8.631021e-02 1.546048e-01 2.559434e-01 3.594828e-01 -3.681310e-01 -3.026253e-01 -2.233547e-01 1.203021e-01 3.634138e-02 -2.948937e-01 1.569405e-01 1.500930e-01 -1.591253e-01 1.823258e-01 -1.981978e-01 -8.758659e-02 -1.395101e-01 9.927696e-02 -1.778780e-02 2.057610e-01 -2.856606e-01 -2.230493e-01 6.083227e-01 -1.546180e-01 -3.050547e-02
4.755380e-02 5.224470e-01 -2.045851e-01 4.234230e-01 1.996789e-01 1.095061e-01 -4.388269e-02 -3.879072e-02 -4.149090e-01 7.214298e-02 1.155815e-01 -6.816591e-02 -9.546423e-02 2.034071e-01 1.076525e-01 -2.985086e-01 -1.583145e-01 -3.499440e-01 5.594239e-01 -3.207570e-01 9.469108e-02 8.249071e-02 -8.603960e-02 -1.528772e-02 9.984407e-02 5.260722e-02 3.782775e-01 -4.703947e-02 2.673960e-01 4.419934e-03 2.790468e-01 1.128658e-01
2.987503e-01 9.915207e-02 -1.607966e-01 5.203024e-01 2.556851e-01 4.790215e-02 -3.847244e-01 -1.487892e-02 -3.232984e-01 2.547909e-01 2.979753e-01 -2.218282e-02 4.878164e-02 9.758212e-04 4.595458e-02 -1.617371e-02 3.301379e-01 -1.095763e-02 -1.773727e-01 3.142206e-01 2.156357e-02 4.231996e-02 5.323653e-01 -2.922029e-01 -1.297311e-01 -3.856979e-05 2.108602e-01 3.545398e-01 3.275622e-02 -2.019583e-01 2.555242e-01 5.979146e-02
-2.946192e-01 7.129136e-02 4.220362e-01 -2.602734e-01 4.566872e-01 1.605234e-01 1.557150e-01 -6.104625e-02 6.352097e-02 -2.861201e-01 1.976383e-01 2.558541e-02 -7.125935e-02 -1.612267e-02 -3.714719e-01 2.273017e-02 -1.614866e-01 -3.272306e-01 8.708064e-03 -9.931699e-02 -2.437590e-01 2.345251e-01 1.604037e-01 9.539717e-02 -2.344520e-01 3.316021e-01 2.237073e-01 -2.992710e-01 2.006356e-01 -4.059579e-02 -1.720782e-01 4.340473e-01
2.079730e-01 -1.282992e-01 5.121671e-01 4.152323e-01 -2.553622e-01 4.160075e-03 3.651882e-01 1.493795e-01 5.823543e-03 3.702691e-01 -5.135012e-02 -7.141620e-03 1.339619e-01 6.020617e-03 -6.490722e-02 1.603192e-01 6.323045e-01 -3.906279e-01 -2.500350e-02 -2.242892e-01 -8.300018e-02 1.066621e-01 -1.544427e-01 9.637281e-02 1.570748e-02 4.381645e-02 2.972827e-01 -8.846428e-03 -1.489021e-02 -2.198953e-01 -6.773800e-02 2.424576e-01
-2.584712e-02 4.133420e-02 -2.768479e-01 4.783058e-01 -9.532633e-02 5.743591e-02 2.174700e-01 5.981746e-02 3.745829e-01 2.534427e-01 4.760910e-02 -1.692109e-01 -3.257083e-01 -1.953045e-01 -3.167070e-01 -1.896001e-01 1.692789e-02 3.502820e-01 1.073706e-01 -7.584482e-02 -2.950103e-01 -4.113212e-03 1.985742e-01 3.159618e-03 4.895223e-02 -5.391002e-02 1.568379e-01 -9.563359e-03 6.580808e-01 -2.202049e-01 -1.432245e-01 -3.504375e-01
1.328794e-01 -1.919862e-01 -1.251298e-01 5.183998e-01 8.333190e-02 -4.222923e-02 3.295854e-01 -2.539770e-01 -3.830338e-03 4.165953e-02 -1.777482e-01 -3.274886e-01 -3.227771e-01 -2.661039e-01 -1.720797e-01 1.355040e-03 4.527837e-03 4.367347e-02 -1.294405e-01 9.349319e-02 -3.955513e-01 2.396265e-02 2.662531e-01 -1.773142e-02 4.825550e-02 -2.093467e-01 2.881506e-01 -3.670610e-02 2.594450e-01 -3.736959e-01 -4.561313e-01 -3.575021e-01
2.733747e-01 1.109543e-02 -2.953295e-01 2.030859e-01 6.174926e-01 1.037156e-01 -1.982200e-01 -5.582672e-02 -1.477638e-01 9.605908e-02 1.215039e-01 2.587387e-01 4.164349e-01 -1.195299e-01 5.897027e-03 6.161140e-02 -1.591786e-01 1.850634e-01 8.409633e-02 4.559507e-01 -1.261145e-01 -2.791537e-01 -1.010758e-01 -1.519898e-01 -1.158556e-01 -3.428170e-01 -6.033593e-02 -1.003043e-01 -1.954513e-01 -3.611879e-01 3.070675e-01 3.628985e-01
-3.614437e-01 -6.020656e-02 4.172912e-01 -3.477676e-02 -2.579619e-01 -3.400682e-01 1.464829e-01 4.438510e-02 -5.929748e-02 2.164295e-03 4.089286e-01 -2.920713e-01 1.066837e-01 2.333515e-01 1.246067e-01 -6.429622e-02 -1.945532e-02 -1.978334e-01 2.081359e-01 2.722518e-02 -3.022419e-02 1.013410e-01 -3.899812e-02 -4.546780e-02 -1.672294e-02 -6.861694e-01 -9.848736e-03 2.693545e-01 -6.104355e-02 -4.496542e-01 5.415224e-02 -2.369414e-01
-1.516391e-02 3.624703e-02 5.300716e-01 -2.583026e-01 -5.519997e-02 3.945279e-01 -1.508714e-01 3.060077e-01 1.447032e-01 -2.667126e-01 -1.970256e-01 -6.094116e-02 4.175080e-02 2.350596e-01 1.952524e-02 -7.114065e-02 1.771281e-01 -4.891933e-02 -2.535411e-01 3.714193e-02 -1.762854e-01 -2.495404e-01 1.711852e-01 2.229877e-02 -2.030643e-02 -3.899764e-02 1.267451e-02 3.600566e-01 5.978767e-02 -2.720726e-02 3.871261e-01 -5.500301e-01
-4.033951e-01 3.663795e-02 -2.378758e-01 -1.673566e-01 3.895666e-01 4.245253e-02 -4.185867e-02 -1.297985e-02 -1.777466e-01 8.985968e-03 3.238953e-02 -3.242351e-01 4.311232e-02 1.361147e-04 2.531076e-01 -2.619145e-01 -2.210653e-01 3.739066e-02 -9.163739e-02 -5.176147e-02 -2.591381e-01 1.565726e-01 -3.871884e-02 7.434355e-01 -4.715250e-02 -2.451251e-01 6.973906e-02 -4.411048e-02 7.289463e-02 -6.329872e-02 1.812980e-01 1.365315e-01
3.303800e-02 3.608147e-01 6.114320e-02 1.153664e-01 -7.220521e-02 3.505027e-01 1.914164e-01 1.287497e-01 -1.011919e-01 2.658053e-01 -3.214812e-01 -1.827071e-01 3.495815e-01 -7.098094e-03 4.436661e-01 2.149279e-01 3.213265e-03 -7.445988e-02 -2.485111e-01 1.144735e-02 9.611338e-02 9.782843e-02 -1.989930e-01 2.860591e-01 2.348567e-01 -4.181117e-01 5.505244e-02 1.274882e-01 -3.661454e-01 -3.420480e-01 1.306232e-01 9.672568e-02
-1.565771e-01 -1.888983e-01 -3.311475e-01 1.392557e-01 2.535565e-01 -6.550694e-02 2.940867e-02 -2.628336e-01 -1.206236e-02 -1.864598e-01 5.757107e-01 2.906366e-01 3.748063e-02 2.554406e-01 -1.965361e-01 1.440961e-01 -3.489515e-01 -2.193159e-01 -7.098997e-04 8.789239e-02 3.761131e-01 -1.296690e-01 5.068769e-02 1.972936e-01 4.540210e-01 2.407073e-01 -3.774585e-01 1.281003e-03 1.094537e-01 2.248272e-01 -1.437216e-01 -7.689416e-02
4.024598e-01 -9.870557e-02 -1.433548e-01 2.528146e-01 -2.043624e-01 1.920320e-01 1.335716e-01 -4.048894e-01 -7.213360e-02 -1.107927e-01 1.046862e-01 -3.783424e-01 -1.052463e-01 4.652525e-01 4.518162e-04 1.214903e-01 -5.954886e-02 -1.482840e-01 -1.502835e-01 3.827342e-01 -4.069030e-02 -2.266465e-01 -9.493014e-02 -3.595869e-01 -2.635311e-01 -4.928622e-01 -1.999280e-01 3.628840e-01 -5.267176e-02 1.498722e-01 -5.321745e-04 2.254011e-01
2.169486e-01 -2.473390e-01 5.366795e-01 -3.098901e-01 8.300204e-02 -1.658112e-01 3.647565e-02 2.170933e-01 2.877069e-01 -4.594320e-02 -3.500092e-02 -2.082678e-01 3.874021e-02 2.603956e-01 -1.512050e-01 -2.393407e-01 -3.178067e-01 1.739256e-01 3.702391e-02 -3.990238e-01 1.024028e-01 -1.046422e-02 3.174602e-01 -1.291265e-02 -8.918788e-02 -3.888010e-01 -1.694017e-01 -2.270836e-01 2.297196e-01 -4.138488e-03 1.995260e-01 -3.874817e-01
3.978334e-02 1.331121e-01 2.015996e-01 1.898464e-01 1.028673e-02 1.604347e-01 4.116232e-01 2.723682e-01 7.254662e-02 2.394789e-01 -2.681423e-01 -1.377238e-01 2.569554e-01 -2.255147e-01 4.109516e-01 2.507997e-01 -6.743001e-03 2.935007e-01 3.093698e-02 -3.922716e-01 -3.434630e-02 1.015082e-01 -1.465290e-01 -2.931616e-02 3.767312e-04 4.153126e-01 -2.587886e-01 1.169057e-01 -2.895353e-01 2.741091e-01 3.489194e-01 2.254091e-01
1.522434e-01 3.060774e-01 2.105739e-02 2.645282e-01 5.032914e-01 5.095161e-02 -6.331546e-02 -2.927423e-01 9.365020e-02 1.778797e-01 9.821048e-02 -4.416311e-02 3.279152e-01 -3.021050e-01 3.014776e-01 -8.472356e-02 -1.958249e-02 3.145666e-01 3.033025e-02 -1.757074e-01 -1.402255e-02 6.739969e-01 2.387611e-01 -1.042948e-01 8.026318e-02 1.204291e-01 -9.242779e-02 -2.318851e-01 -1.359314e-01 -9.147281e-02 3.157265e-01 -9.144270e-02
3.050194e-01 1.047357e-01 2.068367e-01 1.686213e-01 4.440647e-01 5.309642e-02 -6.467320e-02 -9.680332e-02 2.526670e-02 -1.188939e-01 1.190468e-01 4.787662e-02 1.671934e-01 -1.804074e-01 6.102247e-01 -2.521437e-01 1.806993e-01 3.815061e-01 -1.090441e-02 -1.431132e-01 1.478288e-01 4.053271e-01 -5.477729e-02 -2.216481e-01 3.996791e-01 1.222031e-01 6.815814e-02 -2.939306e-01 -2.929806e-01 -2.227981e-01 1.872350e-01 -6.749786e-02
-2.696300e-01 -1.206768e-01 -1.890316e-01 2.529944e-01 4.739679e-03 3.368908e-01 4.835584e-01 1.272612e-02 -9.229390e-02 1.834177e-01 -2.663371e-01 1.683383e-01 6.530517e-02 -1.387877e-02 -1.131340e-01 -3.843067e-01 7.192498e-02 2.347080e-02 5.869482e-01 -1.249748e-01 -3.285469e-02 -6.637584e-02 -1.647754e-02 -6.547554e-04 2.885366e-01 5.036455e-01 3.090352e-02 3.290297e-01 -2.042526e-01 2.846725e-03 -1.281649e-01 2.819661e-02
1.821637e-02 4.569924e-01 5.149146e-02 1.261438e-01 -1.195046e-01 -1.015373e-01 2.973957e-01 -1.377875e-01 3.235272e-01 -5.593368e-02 3.506688e-01 1.601653e-01 6.015415e-02 6.612794e-02 -3.937806e-01 2.617064e-01 1.649865e-01 1.777721e-03 1.249491e-02 1.616329e-01 5.179277e-01 -1.744639e-01 -1.367463e-01 -2.013622e-01 -6.362703e-01 1.242856e-01 7.178104e-02 -5.328236e-02 1.174989e-02 -1.510625e-01 6.481139e-02 -7.294365e-02
5.647367e-01 1.597911e-01 -3.816144e-01 -1.495405e-01 -3.047167e-02 -8.882933e-02 -3.125212e-01 -4.576510e-02 -1.004416e-01 1.293818e-01 2.740063e-01 4.400433e-02 2.677695e-02 -8.212037e-02 -1.382316e-01 8.955088e-02 1.439646e-01 -2.773965e-01 -1.105658e-01 -1.208403e-01 -1.857854e-01 2.525222e-02 -4.791152e-01 1.549832e-01 3.299927e-01 2.965269e-01 7.784382e-03 -8.405266e-02 3.739257e-01 -8.551005e-02 2.879422e-01 -1.325302e-01
2.976515e-02 -3.755662e-01 9.849101e-02 1.495298e-02 2.008971e-01 -3.573873e-01 2.449140e-01 1.286943e-01 2.023971e-01 9.593626e-02 2.313284e-01 4.711710e-01 -3.562497e-01 2.694505e-01 1.647607e-02 1.959798e-01 5.367436e-01 4.864501e-02 1.071620e-01 -2.585127e-01 7.543925e-02 1.859917e-01 -7.678686e-03 -4.407430e-02 2.568064e-01 -1.455553e-01 5.431841e-02 2.158562e-01 2.685537e-01 -5.598803e-01 3.843333e-02 -6.321396e-03
-3.140788e-01 -2.853663e-01 3.759817e-01 5.149079e-03 -2.393755e-01 -2.659257e-02 6.203780e-02 -1.442105e-01 -5.899536e-02 3.651121e-01 -1.373508e-02 1.912142e-01 -1.395404e-01 -1.211593e-02 -1.275105e-01 1.601342e-01 -9.055258e-02 5.850031e-01 1.588255e-01 -3.091919e-02 -1.704135e-02 6.767580e-02 1.901281e-01 1.802559e-02 -8.687964e-02 -3.952070e-01 2.071757e-01 5.371475e-02 -3.431965e-01 1.088899e-02 1.618255e-01 2.292897e-02
2.512878e-01 -6.524664e-02 -1.182681e-01 -7.001156e-02 2.451479e-01 2.651291e-02 5.939847e-01 -1.152853e-01 6.031398e-02 1.684527e-02 5.356641e-01 -7.349338e-02 1.154350e-01 -2.880886e-02 -1.560417e-01 -2.617647e-01 -5.416993e-02 -1.021485e-01 -3.433945e-01 6.165525e-02 -2.804503e-01 4.240781e-01 -8.658937e-02 7.386972e-02 1.153186e-01 -1.013593e-01 -4.267574e-02 8.470467e-02 3.186050e-01 -1.133171e-01 -3.427951e-01 3.162589e-01
4.323374e-01 4.721687e-02 5.601345e-01 -1.560016e-01 7.540415e-02 1.972663e-01 -3.606091e-02 1.863177e-01 9.437519e-02 -2.163248e-01 -3.219928e-01 -1.068574e-01 -1.959306e-02 6.489005e-02 -3.158613e-01 -1.014209e-02 1.396600e-01 1.824262e-01 5.085744e-02 7.626148e-02 -1.676926e-01 2.882419e-02 3.275296e-01 -1.786896e-01 -3.670334e-01 -1.726985e-01 2.689277e-01 -3.057253e-02 -4.509927e-01 -8.171434e-02 3.070674e-01 2.057831e-01
-2.222120e-01 -9.673826e-02 9.421860e-02 -1.607090e-01 1.052899e-01 2.635859e-01 -2.770116e-01 5.968615e-01 -3.020846e-01 -1.482643e-01 1.772204e-01 1.619980e-01 -4.707216e-02 2.973506e-01 -1.055787e-01 -1.852817e-01 -4.188101e-01 8.423269e-02 6.440427e-02 -2.796645e-02 -1.762942e-01 1.292066e-02 -8.123853e-02 -4.112125e-02 -2.327541e-01 2.557360e-01 -2.777573e-01 -4.830210e-01 3.689029e-01 2.392534e-01 1.744967e-01 -1.491243e-01
-5.163486e-02 -2.594508e-02 -4.154575e-01 -8.026975e-02 4.301116e-02 -1.761602e-02 5.141652e-01 -2.398089e-01 -3.521563e-01 -1.014804e-01 1.772754e-01 1.050424e-01 3.133071e-01 1.410242e-01 2.202458e-02 2.716303e-01 -1.568524e-02 9.604792e-02 -1.356748e-01 2.511393e-01 -7.724208e-01 2.734865e-01 -5.447225e-02 3.642404e-02 -3.231426e-02 1.387514e-02 2.081564e-01 -1.058902e-01 -3.003431e-01 5.084354e-03 4.140225e-02 -1.302380e-02
-6.075949e-02 3.179332e-01 -1.754782e-01 6.837159e-02 -2.670460e-01 4.288749e-01 -2.266878e-01 -2.904581e-01 -2.950162e-01 -1.926088e-01 -2.473201e-01 -2.970439e-01 1.986851e-01 -1.668526e-01 -7.411907e-02 -2.383973e-02 -5.637980e-02 -2.304590e-02 3.155522e-02 2.769079e-01 -7.579624e-02 -9.129226e-02 6.838675e-01 3.249506e-03 3.997382e-01 -2.483899e-02 -4.163415e-01 5.004450e-03 2.109872e-03 -3.064590e-02 1.058746e-01 9.833475e-03
2.814509e-03 -4.074837e-01 1.681743e-01 -3.898735e-01 -1.705868e-01 -6.706660e-02 -3.385611e-02 8.992841e-03 5.055047e-01 -1.135163e-01 -1.102100e-01 8.961096e-02 1.423454e-02 -2.073364e-01 -1.226364e-01 3.374563e-01 1.647815e-01 3.512268e-01 -6.245929e-01 1.705332e-01 -1.498468e-01 -1.176531e-01 6.565871e-02 4.062260e-02 -1.342078e-01 -2.513580e-02 -2.986802e-01 4.708491e-02 -3.244124e-01 5.413592e-03 -2.059390e-01 -6.405619e-02
2.927954e-01 3.975585e-01 -2.167069e-01 3.433707e-01 -1.330560e-01 -9.974901e-02 -1.254410e-01 -1.507725e-01 2.480607e-01 -2.783092e-01 -3.313672e-01 -1.668999e-01 2.758736e-01 1.957791e-01 -1.366354e-01 -1.217343e-01 -3.530912e-01 -9.307082e-02 3.762335e-01 1.625614e-01 1.480492e-01 -9.708931e-02 -1.950523e-01 2.656682e-01 2.451307e-01 -6.324721e-03 -2.673157e-01 -2.013454e-01 -3.968528e-01 -1.689710e-01 3.174866e-01 -3.187216e-02
-3.277983e-02 -1.056391e-01 3.295451e-01 -6.191499e-02 2.520794e-02 -3.550205e-02 4.236183e-02 4.567683e-02 6.496362e-02 6.120095e-01 3.122621e-01 -1.479103e-01 -2.943808e-01 -2.402575e-01 1.263206e-02 8.616509e-02 -1.812334e-01 -2.338387e-01 -1.265862e-01 1.178984e-01 -2.791611e-01 3.308840e-02 8.455422e-02 1.796829e-03 2.493348e-01 1.005569e-01 5.715231e-01 2.688373e-01 -5.032008e-02 -1.201993e-01 -2.781721e-01 8.824515e-02
-5.576467e-02 -3.145292e-02 7.130044e-01 -1.771826e-01 1.486046e-01 -1.825135e-01 2.498678e-02 1.935830e-01 -3.402055e-03 -2.170320e-01 -4.167072e-01 -3.156260e-02 9.413964e-02 1.050140e-01 -1.848933e-01 4.948392e-02 -1.495531e-02 1.772277e-01 -1.046693e-01 -4.401984e-02 -2.433053e-02 1.399069e-01 2.274959e-01 6.866685e-01 -1.243487e-01 -2.523758e-01 1.964632e-01 1.700845e-01 2.242746e-01 2.415930e-02 -3.194139e-01 -2.823032e-02
1.408508e-01 -3.504594e-01 -2.680821e-01 -4.434390e-02 -2.786725e-01 -1.513288e-01 -1.507508e-01 2.424610e-01 4.306922e-01 2.246823e-01 -2.414083e-01 -1.581496e-01 3.977554e-02 -1.724403e-02 -1.842647e-02 2.453503e-01 2.274240e-01 -1.404401e-01 3.932547e-01 2.510441e-01 -1.109016e-02 1.908605e-01 -9.304765e-02 1.667357e-01 6.053026e-01 2.774245e-02 -1.774680e-01 1.407769e-01 1.360963e-01 2.008335e-02 -9.282047e-02 -3.604135e-03
1.144547e-01 -1.991042e-01 -2.180206e-02 1.113674e-01 -4.188744e-01 4.998323e-01 2.286104e-02 5.244592e-01 3.436507e-02 -1.578002e-02 1.781957e-01 2.752878e-01 -1.207395e-01 -1.736473e-01 -1.876017e-01 -1.184163e-01 3.517609e-02 5.198044e-02 -2.252534e-01 1.181980e-01 -1.875060e-01 -1.727412e-02 4.006978e-01 2.491756e-01 -6.516889e-02 -4.086052e-01 -3.558173e-01 -4.625855e-02 1.463850e-01 1.121562e-01 1.235622e-01 -5.137371e-01
-2.129882e-01 -2.007384e-01 2.860034e-01 -2.128906e-01 -7.824910e-02 -2.130430e-01 1.964650e-01 -3.143563e-02 5.964996e-02 -3.720410e-01 4.704676e-01 -7.164966e-02 8.325723e-02 4.212858e-01 1.343943e-01 5.371988e-02 5.010998e-02 -1.013332e-02 9.517541e-02 7.863914e-03 1.391389e-01 3.663509e-01 -1.982729e-02 -2.680544e-01 -2.138492e-01 -6.248915e-01 -3.574074e-01 2.243872e-02 -2.124907e-02 -2.375680e-01 -8.439166e-03 -2.141792e-01
-3.523383e-02 3.657928e-01 -3.593199e-01 2.368321e-01 6.012302e-02 -2.680880e-01 -2.091708e-01 -9.039240e-04 -1.532724e-01 4.105518e-01 2.508192e-02 2.018303e-02 1.539242e-01 -2.897428e-01 -1.927211e-01 -5.259921e-02 5.761444e-01 -1.255834e-02 7.684498e-02 -2.570362e-03 -2.314535e-01 1.409800e-01 -1.328363e-01 -3.174970e-01 4.351535e-01 -3.294856e-01 -2.917496e-01 -3.311583e-02 1.123891e-02 -1.929314e-02 2.112122e-02 2.421072e-02
3.287172e-02 4.482309e-01 1.366322e-01 -4.840460e-03 9.077778e-02 5.095809e-01 -5.449230e-03 -4.264911e-01 -2.965347e-01 3.103170e-01 3.235919e-02 -1.694389e-01 -1.381266e-01 4.539282e-02 1.021712e-02 8.950675e-02 3.404355e-01 -3.810256e-02 -2.779934e-01 1.070132e-01 4.493251e-02 -5.230157e-01 1.831367e-01 -1.810359e-01 -3.174145e-01 -4.878284e-02 -1.968856e-01 4.172522e-01 -6.289086e-02 -2.328868e-01 -3.739450e-02 -1.837977e-02
4.084558e-01 1.211635e-01 -3.225278e-01 1.630236e-01 3.979708e-01 1.329944e-01 -3.098498e-01 1.009742e-01 -1.925930e-01 2.922792e-01 6.922098e-03 2.618747e-01 3.028707e-01 -5.103539e-02 -7.383516e-02 -1.858453e-03 -1.716048e-01 -6.123622e-01 3.746412e-03 -3.478817e-02 -9.277992e-03 1.336911e-01 1.589287e-03 7.776696e-02 2.316601e-01 -5.140241e-02 1.777918e-01 1.815502e-01 1.252156e-02 -4.534225e-01 -1.452162e-01 2.867357e-01
-2.132035e-01 -2.467659e-01 3.762167e-01 -4.000949e-01 -1.935887e-01 -9.019729e-02 -8.422781e-02 4.925977e-02 3.124902e-01 -1.732045e-01 -2.930604e-01 -2.373920e-02 4.841971e-01 -9.560455e-02 8.952329e-02 5.297166e-03 3.003315e-02 -1.760378e-02 -1.187700e-01 2.628844e-01 -1.222107e-02 5.993950e-02 1.670275e-02 6.692358e-02 -4.676497e-01 -2.776950e-01 -6.098051e-01 -1.905007e-01 1.265453e-01 2.727975e-01 2.217682e-01 -1.882087e-02
1.497646e-01 1.511494e-01 -1.045013e-01 5.469484e-01 2.560617e-01 2.863148e-01 -6.432818e-02 -1.901402e-02 -4.071270e-01 2.040214e-01 3.824095e-01 5.940525e-02 1.561904e-01 1.193389e-01 -4.788835e-02 2.374119e-02 -1.671669e-01 -3.894101e-02 -6.865939e-02 -2.588130e-01 3.038321e-02 1.033349e-01 -1.119706e-01 7.634251e-03 -7.955706e-01 -1.664440e-01 -1.212995e-03 6.194119e-02 1.952388e-01 1.678813e-01 -2.583061e-01 -7.878483e-03
1.623040e-01 -3.304841e-01 1.343513e-01 1.452256e-01 1.870658e-02 -3.353685e-01 1.455763e-01 1.331982e-01 4.003742e-01 2.423296e-01 1.318776e-01 2.004601e-01 -1.565992e-01 2.817270e-01 2.875699e-01 3.845999e-02 2.734581e-01 -1.029855e-01 -1.085363e-01 -4.443357e-01 2.099196e-01 1.520584e-01 -5.450550e-01 1.492716e-02 -2.689550e-01 -2.195184e-02 3.850825e-01 -8.564405e-04 -2.652433e-02 -6.712268e-02 -1.023851e-01 3.853409e-02
2.839295e-02 -1.815514e-02 -4.027679e-01 2.135096e-01 -2.372734e-02 1.524454e-01 -1.651442e-01 -5.581679e-02 1.929772e-01 -3.378104e-01 4.648104e-01 1.932101e-01 8.564348e-02 2.028556e-01 -3.619078e-01 2.804530e-01 1.581632e-01 -1.614910e-01 3.515244e-02 -3.630572e-02 2.906553e-01 -1.025152e-01 -4.124670e-01 2.588735e-01 -6.677105e-02 4.557080e-01 3.854287e-03 -4.512021e-01 -6.863301e-02 8.655319e-02 -1.860062e-01 -3.175926e-01
4.738124e-01 3.746562e-01 1.877576e-01 -2.621385e-01 -1.882376e-01 -3.732568e-01 -3.679381e-01 6.105497e-02 -9.326410e-02 -2.064865e-01 -5.354834e-02 -9.378929e-02 -7.476211e-03 -8.848740e-02 1.888588e-01 4.166143e-02 -3.264378e-02 -1.662126e-01 8.860941e-02 2.316526e-01 1.327207e-01 -1.364937e-01 -1.785207e-01 -3.465686e-01 -9.164922e-02 1.319429e-01 1.417519e-01 1.084367e-01 -3.770416e-01 2.129937e-01 -5.664248e-01 2.353625e-01
-1.042529e-02 4.145590e-01 3.229726e-01 2.180434e-01 -2.770062e-01 -1.853702e-01 1.870545e-01 2.462042e-01 2.340677e-02 -1.234275e-01 4.146325e-01 2.861562e-01 -3.078107e-02 2.741467e-02 -1.597225e-01 1.669441e-01 5.148243e-01 -9.398806e-02 -1.543484e-02 1.140880e-01 2.610298e-01 -6.403340e-02 -6.372529e-02 -6.160080e-01 -1.184971e-01 3.361586e-01 6.440624e-02 -4.657838e-04 -5.053481e-02 1.876559e-02 -4.693844e-02 -7.430193e-02
-1.182796e-01 4.041456e-01 7.945434e-02 1.290213e-01 -2.233459e-01 3.606766e-01 -8.393717e-02 -1.702369e-01 -1.925532e-01 5.837169e-02 -1.520748e-01 -3.425569e-01 5.031995e-01 -1.251422e-01 6.711248e-02 -1.510863e-01 -4.163837e-01 -7.093459e-02 -1.964511e-01 4.110799e-01 -9.841454e-02 5.668450e-03 -1.134565e-01 1.721601e-01 -3.621891e-01 -3.656221e-02 -9.298986e-02 -2.914487e-01 -1.635751e-01 4.116778e-01 8.211392e-02 -2.079905e-01
-2.890737e-01 -1.206463e-01 3.993616e-01 2.662481e-01 -3.056967e-01 -1.300577e-01 2.883204e-01 2.348491e-01 2.981467e-01 8.378269e-02 2.265855e-01 -1.386792e-01 -2.463166e-02 -2.510831e-01 -1.464630e-01 -4.721614e-02 -2.598387e-01 5.395355e-02 3.487033e-02 -1.938610e-01 -5.986974e-02 1.058061e-01 7.570168e-02 3.166754e-01 -4.990269e-01 1.644731e-01 1.573877e-02 3.085102e-01 -2.699483e-01 2.696101e-01 3.147544e-02 -2.889057e-01
1.377099e-01 -1.596442e-01 -1.272513e-01 2.176078e-01 -3.241087e-01 3.535867e-01 2.356711e-01 5.125536e-01 1.028836e-01 1.718011e-01 1.870561e-01 1.806448e-01 -5.281730e-02 -1.849903e-01 -2.433122e-01 -2.920647e-01 1.984469e-02 1.802367e-02 6.002653e-01 -3.237424e-01 -2.521569e-01 8.875718e-02 6.898229e-02 3.685703e-02 -1.792212e-01 5.406987e-01 4.528897e-02 1.571238e-01 -5.512572e-02 1.557567e-02 5.624724e-02 8.921574e-02
6.647554e-02 3.197984e-02 5.395672e-01 1.348888e-02 3.187037e-01 4.395732e-01 5.293081e-02 -1.341188e-01 -5.254507e-02 -2.324658e-01 5.242261e-02 -9.579309e-02 -2.095840e-01 2.294047e-01 3.996832e-01 -1.518799e-01 1.014881e-01 6.046274e-03 2.287542e-01 -2.694089e-01 -1.398018e-01 2.777406e-01 6.288996e-03 2.283800e-01 8.016306e-02 3.066711e-01 -1.309090e-01 -3.294083e-01 2.010467e-01 5.366599e-02 -8.129556e-02 6.151763e-01
3.312146e-01 2.397551e-01 -2.016872e-01 -4.752089e-02 3.671058e-01 3.758213e-01 -1.056292e-01 -3.384413e-01 2.149405e-01 2.342379e-02 3.390121e-02 -1.759094e-01 2.884862e-02 -2.509250e-01 1.160728e-03 -3.521098e-01 -6.385970e-03 -2.647473e-02 -8.868880e-02 3.494866e-02 2.366667e-01 4.739382e-01 -2.592786e-01 7.280693e-02 -3.997231e-01 7.693112e-03 -5.228312e-01 1.508598e-01 5.561778e-02 -1.455078e-01 -1.210293e-01 3.162035e-03
-2.276791e-01 -1.480680e-02 -1.120977e-01 1.677030e-01 -2.566382e-01 1.450876e-01 1.120472e-01 3.517746e-01 -2.875284e-02 1.884907e-01 -3.124777e-01 -2.970693e-01 -1.508573e-01 -6.439689e-02 -1.355618e-01 2.165698e-01 2.825645e-01 -1.663980e-01 3.306958e-01 2.689139e-01 -1.352881e-01 -2.445275e-01 1.028064e-01 -6.479704e-02 1.152272e-02 -3.294898e-01 1.505440e-01 -9.187964e-02 1.467820e-01 -6.871206e-02 1.653166e-01 -2.309446e-01
-3.458586e-02 -7.763526e-02 -2.970423e-01 3.348351e-02 1.554979e-01 2.472496e-01 -4.254754e-01 2.090778e-01 4.986372e-03 -3.120667e-01 5.358475e-01 -4.890994e-02 -9.911346e-02 3.225503e-01 -8.261340e-02 -1.018183e-02 1.211124e-02 -2.476068e-01 -3.776410e-03 3.214713e-02 -3.771807e-02 -2.485566e-01 1.034290e-01 -4.578853e-02 -2.806229e-01 -1.763192e-01 4.462841e-01 -3.195778e-01 -2.046696e-01 -1.369813e-01 -4.238841e-01 -3.586002e-01
6.533130e-01 3.207107e-01 -2.848956e-01 -1.599562e-02 -4.568861e-02 -2.169970e-01 -1.291601e-01 -1.082652e-01 -9.262177e-02 1.718806e-02 4.084450e-02 1.933260e-01 1.593623e-01 -7.294743e-02 1.841639e-02 2.242884e-02 -6.603554e-02 -4.040785e-01 7.551124e-02 -9.564603e-02 3.086944e-02 -6.051567e-02 -4.599685e-01 1.122804e-01 2.058176e-01 4.273587e-01 -2.274982e-01 -9.647235e-02 1.933677e-01 6.686103e-03 -1.834745e-01 -1.138239e-01
-4.795617e-02 4.446267e-01 -3.827646e-02 1.172699e-01 -3.220418e-01 2.127654e-01 8.470870e-02 -3.089513e-01 -2.667970e-01 4.701923e-02 -1.393992e-01 -4.210301e-02 3.591462e-01 -2.902423e-01 -3.123883e-01 -9.483682e-02 -1.395100e-01 -1.339352e-01 2.418460e-01 3.472062e-01 -1.568366e-01 -2.272448e-02 6.047782e-01 -3.820449e-02 3.423589e-01 2.606429e-01 -2.376097e-01 -9.855593e-03 -6.125106e-02 -7.492021e-02 1.014779e-02 6.544024e-02
-3.264472e-01 -2.698526e-01 3.005218e-01 -2.680555e-01 3.357629e-01 1.107028e-01 3.964565e-02 2.520545e-01 -1.357651e-01 3.095123e-01 3.203329e-01 2.199701e-01 -1.623766e-01 -1.335492e-01 2.620625e-01 2.021162e-01 3.010986e-01 4.034146e-03 -2.312105e-01 7.081718e-03 -4.424816e-01 1.110026e-02 2.010718e-01 -1.068062e-01 -2.709796e-01 1.238664e-01 2.307275e-01 3.153495e-01 4.238019e-01 9.865131e-02 -3.172683e-01 -9.129999e-02
-1.908421e-01 -3.246392e-01 2.145832e-01 -1.230621e-01 3.789226e-02 2.073203e-01 1.315391e-01 -6.307263e-02 1.918899e-01 2.379575e-02 -7.857636e-03 -1.750400e-01 -1.737686e-02 4.495988e-01 5.540983e-01 -1.717550e-01 3.105837e-01 1.575062e-01 3.368028e-02 1.132653e-01 2.474460e-01 5.816476e-01 -2.846320e-02 1.838942e-01 1.704627e-01 9.948636e-02 -5.185889e-02 -2.085175e-01 2.587015e-02 1.987478e-01 -3.918919e-01 2.224517e-01
6.639791e-02 6.474998e-03 4.204091e-01 8.404553e-04 1.204533e-01 -3.297453e-02 2.329314e-01 1.745012e-01 -2.023226e-01 3.731267e-01 -2.883699e-01 -2.261174e-01 -3.209094e-01 -1.689460e-01 3.811409e-01 -2.549899e-01 1.769357e-02 3.370845e-01 2.080303e-02 4.452147e-01 2.520541e-01 3.406342e-01 3.081366e-02 -4.933429e-03 5.339562e-01 -9.547137e-02 -1.639623e-01 -9.584688e-02 -1.664033e-01 -3.272897e-01 1.317408e-02 8.469031e-03
1.105264e-01 2.440362e-01 1.019423e-01 6.508590e-01 1.823039e-01 2.424549e-01 1.683374e-02 2.643085e-03 -7.905953e-02 -7.241871e-02 1.105161e-01 -6.663276e-02 -5.194418e-01 -2.679015e-02 4.341123e-02 -8.865650e-02 7.445887e-02 2.555328e-01 3.075791e-01 -6.062978e-01 6.225797e-02 7.699405e-02 -4.193272e-02 -8.151708e-02 4.094071e-01 -7.909651e-02 2.262237e-01 -2.566727e-01 4.026391e-03 1.549220e-01 -4.981058e-03 4.379408e-02
-1.314471e-01 1.938216e-03 1.028065e-02 -4.162442e-01 -1.527366e-01 -3.797755e-02 -3.722050e-01 1.289043e-01 -3.064495e-02 -4.303358e-02 4.484503e-01 2.395628e-01 2.021044e-01 4.176478e-01 -8.352155e-03 -1.022248e-01 7.314332e-02 -4.062619e-02 1.633096e-02 -1.631717e-01 3.980739e-01 9.657127e-02 -2.547711e-01 -1.669884e-02 -5.361960e-02 1.515403e-01 -2.557665e-01 6.196463e-02 -1.010013e-01 2.478868e-01 6.387577e-01 3.006306e-01
-2.734416e-01 -1.133318e-01 4.259625e-02 8.147214e-02 1.866987e-01 -7.698070e-02 7.056829e-02 -3.110087e-01 -1.108614e-02 2.900699e-01 5.742322e-01 -2.523666e-01 -2.204735e-01 -3.167486e-01 -1.625969e-01 -3.724287e-02 5.564740e-02 2.191725e-01 4.745390e-01 -9.867579e-02 -2.900969e-02 -1.059984e-01 1.970356e-01 5.980049e-03 -1.137932e-01 -7.075656e-02 1.698513e-01 1.488847e-01 5.362586e-01 -6.351989e-03 8.159201e-02 2.766085e-01
1.093310e-01 5.494795e-01 -4.447205e-02 5.256497e-01 8.599576e-02 2.575973e-01 -8.219471e-02 1.180103e-01 -2.574947e-01 7.599358e-02 1.589011e-02 -6.723525e-02 4.506095e-02 3.619155e-01 -5.363322e-02 -7.272218e-02 -1.463234e-01 -4.000350e-02 -2.399867e-02 -3.881821e-01 -2.620461e-02 -1.486106e-01 -1.170806e-01 -1.855961e-02 -5.240499e-01 -2.223399e-01 -9.039463e-02 -2.066056e-01 3.232355e-01 2.063413e-01 -4.055375e-01 5.268799e-02
-5.883249e-02 -1.035769e-01 1.781779e-01 -1.848980e-01 -2.774666e-01 -6.982081e-02 -4.131847e-01 -1.804139e-02 -2.985772e-01 -5.845202e-02 2.061509e-02 5.714093e-01 2.718110e-01 2.438717e-01 1.579830e-01 8.154715e-02 2.034322e-01 -2.511381e-01 -3.907546e-01 1.246117e-01 6.034246e-02 2.415584e-01 2.153800e-01 9.785061e-02 2.145037e-01 5.719375e-02 -1.769195e-01 4.217265e-01 -2.354383e-01 -1.958485e-01 2.303236e-02 -3.025731e-01
2.270154e-01 -2.585922e-01 8.221621e-02 -3.739869e-01 3.235601e-03 1.928051e-01 -2.970035e-01 1.848057e-01 5.161376e-02 -1.863050e-01 1.924604e-01 4.289565e-01 1.954536e-01 2.945389e-01 1.072088e-01 -1.108089e-01 -8.359889e-03 -2.031680e-01 -7.298299e-02 2.008369e-01 2.298236e-01 -2.375971e-01 3.812721e-01 9.814183e-02 -6.153060e-01 -7.925442e-02 1.154620e-01 -2.298444e-01 6.028735e-02 -2.358923e-01 -1.799087e-02 -7.618903e-02
-1.685316e-01 3.027075e-01 -8.735718e-02 4.128585e-02 -1.968054e-02 1.648514e-02 3.762440e-02 -1.407673e-01 5.194806e-01 6.077773e-02 1.729098e-01 -2.214196e-01 2.715544e-01 -4.038674e-01 -3.302974e-01 1.852340e-01 -5.160592e-01 -2.932762e-01 2.921572e-01 -4.412542e-02 -7.688435e-02 2.088521e-01 1.125003e-01 1.363016e-01 1.556706e-01 5.578074e-02 1.123344e-01 8.609907e-02 2.008405e-01 -1.352295e-01 4.042371e-01 2.269401e-02
2.700015e-01 4.123648e-01 4.248712e-01 -4.941949e-02 2.601115e-02 1.537127e-03 5.293610e-03 2.321142e-01 3.666949e-02 1.685596e-01 -4.460720e-01 -7.661124e-02 1.832930e-02 -1.106864e-01 -2.791497e-01 -2.324605e-01 2.704556e-01 2.019432e-01 -1.336572e-02 -2.781218e-02 -4.904400e-01 8.940228e-02 1.030426e-03 -2.003150e-01 -4.184618e-01 -3.199048e-01 2.304104e-01 4.808068e-02 -2.059682e-01 -1.382125e-01 1.151236e-01 -3.213574e-02
-2.394372e-01 2.384889e-01 6.809380e-02 -3.554069e-01 1.155484e-01 2.339565e-01 8.568192e-02 -2.809083e-01 4.625167e-01 -8.660343e-03 -7.370877e-02 -8.154724e-02 -2.688199e-01 -4.202903e-02 -1.580115e-01 -1.221997e-02 -5.083487e-01 1.683447e-01 -1.807847e-01 -2.685174e-01 2.847989e-01 2.662250e-01 1.436641e-01 -3.500334e-01 1.882684e-01 -6.719683e-03 -7.831837e-02 1.795427e-01 -2.174649e-01 -5.911738e-02 -9.355442e-02 1.213071e-01
-7.758767e-02 -1.414951e-01 8.716114e-03 4.931974e-01 -4.577458e-03 -6.373665e-02 4.901088e-01 -2.001954e-02 2.488429e-02 1.246746e-01 -3.456876e-01 -1.752430e-01 -1.721154e-01 -3.633235e-01 -1.485805e-02 8.793634e-02 -9.402193e-03 1.891458e-01 2.186251e-02 2.199308e-01 -4.274847e-01 -3.587114e-02 2.195574e-01 4.531597e-02 -4.378136e-03 -8.104936e-02 4.067242e-01 -6.962416e-02 1.644688e-01 -2.319826e-01 -5.163024e-01 -3.101276e-01
-3.181780e-01 2.837915e-02 4.687687e-01 -2.095750e-01 3.951171e-02 -2.439542e-01 1.327167e-01 -4.390749e-02 -1.615478e-02 -3.212354e-01 3.793903e-01 -7.820109e-02 4.828502e-02 4.575064e-01 -8.183488e-02 2.981419e-02 1.153449e-01 -7.199220e-02 1.403798e-01 -7.921367e-02 1.142596e-01 1.451420e-01 -1.015309e-01 -2.744673e-01 -2.195694e-01 -6.435233e-01 -4.194400e-01 7.082878e-03 -5.881836e-03 -2.589884e-01 6.342079e-02 -2.556306e-01
-1.600874e-01 1.275404e-01 -1.190924e-01 -3.326716e-01 6.064773e-01 2.777084e-01 1.620551e-01 2.685693e-01 2.473625e-01 -1.295017e-01 1.637600e-01 -1.668805e-02 -2.233080e-01 -1.213078e-01 -2.061493e-01 2.543031e-02 6.282277e-02 -1.674159e-02 -4.085949e-01 -4.088593e-01 5.320573e-01 9.304545e-02 7.932959e-02 -2.840182e-01 8.627202e-03 -8.330692e-02 2.356556e-01 7.682597e-02 3.172386e-01 1.465940e-01 -1.417000e-01 1.474789e-01
-7.269227e-02 -4.368320e-03 6.589836e-02 -2.009542e-01 4.053059e-01 -1.509446e-01 -1.528334e-01 2.103797e-01 1.278105e-01 -3.418719e-01 8.320288e-02 1.349514e-01 -3.187878e-01 4.280021e-01 2.442522e-01 2.326975e-01 2.067106e-02 1.531628e-01 -1.040556e-01 -1.475430e-01 1.189739e-01 1.721266e-01 -2.526154e-01 1.327487e-01 -6.753916e-02 -8.965150e-02 -6.857047e-01 -2.404163e-01 -3.233715e-02 2.942712e-01 1.749546e-01 -1.415824e-01
3.895979e-01 -4.921235e-02 -1.901126e-01 -1.471029e-01 3.023638e-01 1.706123e-02 1.972475e-01 6.103222e-01 6.771623e-02 -1.212329e-01 2.678105e-01 -3.787733e-02 9.918137e-02 8.742042e-02 -1.542838e-01 -9.030104e-03 -1.116051e-01 -1.721642e-01 -3.825386e-01 1.562738e-01 -2.613585e-01 3.772884e-01 -8.274021e-02 1.294706e-01 1.417309e-01 -8.301732e-02 2.266948e-01 1.354825e-01 2.107169e-01 1.900000e-02 -2.867261e-01 2.400052e-01
-2.513121e-01 3.895236e-01 1.736413e-01 3.888875e-01 4.445516e-01 -4.002327e-02 6.462544e-02 -9.826025e-02 -1.432043e-02 -2.497038e-02 8.679709e-02 1.615981e-01 3.269479e-01 -3.197730e-01 2.166796e-01 -3.867187e-02 3.682963e-03 7.708976e-02 2.048229e-02 -9.524547e-02 -9.311528e-02 7.245540e-01 1.560908e-01 -1.394749e-01 1.797161e-01 1.837519e-01 -7.536105e-02 -6.426493e-02 -2.310622e-01 -2.459857e-02 3.876686e-01 -7.408915e-02
-1.799735e-01 5.869496e-01 1.578625e-01 3.703361e-01 4.037737e-01 7.521589e-02 -1.285161e-02 -1.066169e-01 -5.510617e-02 5.739238e-02 5.822182e-02 1.501929e-01 3.187560e-01 -2.011711e-01 1.741404e-01 1.505737e-02 4.330222e-03 1.639002e-01 6.461164e-02 -6.902471e-02 -1.489154e-01 7.262180e-01 2.448949e-01 -1.104359e-01 1.099884e-01 -3.312737e-02 -7.755870e-02 -5.248340e-02 -1.164958e-01 -1.385100e-02 4.257940e-01 -1.897723e-01
3.146069e-01 4.203608e-01 -2.683363e-01 2.722490e-01 -1.760778e-01 -1.231140e-01 -1.499847e-02 1.818604e-02 -2.728017e-01 1.093110e-01 -2.734252e-01 -1.860549e-01 1.233152e-01 -4.399345e-02 7.837979e-02 -1.546237e-01 5.795655e-02 -4.104577e-02 5.710642e-02 2.644804e-02 2.805061e-01 -2.384657e-01 5.943023e-02 -6.363984e-02 2.144358e-01 1.360535e-02 -9.956736e-02 7.990775e-02 -1.861750e-01 6.204837e-02 5.660031e-01 -4.059356e-01
4.485827e-02 4.382481e-02 -3.577200e-01 -1.042034e-01 -1.365409e-01 -4.097492e-02 -3.961923e-01 1.654945e-02 2.473657e-01 -2.271781e-01 4.274745e-01 2.647172e-02 1.175259e-01 2.611065e-01 -2.907706e-01 3.753235e-01 -1.479968e-01 -2.735124e-01 -2.747754e-01 -2.167295e-01 -2.951317e-01 -1.993995e-01 -4.327878e-02 1.068440e-02 -6.329722e-01 -3.133549e-02 1.142024e-01 1.716591e-01 2.807248e-01 1.698412e-01 3.951407e-02 6.164113e-02
-2.003714e-01 -1.139936e-01 1.563734e-01 -3.826505e-01 -2.963914e-01 -9.636486e-02 -4.713714e-02 -3.610719e-02 4.906309e-01 -3.482825e-01 -3.609341e-01 3.859712e-04 -2.175371e-01 -1.609294e-01 -2.496836e-02 -5.850174e-02 1.942776e-01 5.036260e-02 1.536697e-01 1.397844e-01 -1.055675e-01 -1.426516e-01 4.173174e-02 -1.902497e-02 8.121655e-01 2.504361e-01 8.415817e-02 -8.394336e-03 -1.727366e-01 -1.274309e-01 1.247743e-01 3.679356e-02
-3.200635e-01 -6.581862e-03 2.555601e-01 2.094888e-01 1.121411e-01 3.220823e-01 7.111169e-02 5.829471e-01 9.302294e-03 1.094784e-01 -5.561507e-02 -7.316545e-02 -6.752106e-02 2.016432e-01 8.388873e-02 1.152668e-01 4.295065e-01 2.292247e-01 5.855662e-02 -2.291275e-02 2.618718e-01 2.231812e-01 -1.421422e-01 -4.179687e-02 2.646005e-01 -4.035923e-01 1.111748e-01 3.952746e-01 -9.279466e-02 2.711986e-01 -7.771713e-02 2.809711e-03
-3.910109e-01 5.362328e-01 2.085651e-02 -2.938904e-03 5.592257e-02 -3.812098e-01 1.522359e-01 -4.559845e-02 -2.484590e-01 -5.532855e-02 2.410900e-01 -1.627693e-01 -9.999952e-02 1.855700e-02 1.299615e-01 3.009214e-01 -4.676772e-02 3.209151e-02 6.197193e-01 6.605258e-02 -3.123443e-01 -1.796316e-02 6.975912e-02 -2.549656e-01 -4.553892e-01 2.325113e-02 6.708918e-02 1.200867e-01 3.475710e-03 2.782668e-01 2.222322e-01 -3.709615e-02
2.625386e-02 2.727675e-01 -1.137244e-01 4.491823e-01 -2.465317e-02 -1.739292e-01 2.627876e-01 -2.697006e-01 -3.534700e-02 1.990899e-01 -2.967623e-01 -3.005233e-01 -3.118834e-01 -3.081550e-01 -1.289915e-01 4.958792e-02 4.721549e-02 1.334291e-01 1.986070e-02 -2.099033e-01 -2.391262e-01 2.484470e-01 -3.490024e-01 -1.501736e-01 6.178544e-01 3.933888e-03 -3.350054e-02 2.693603e-01 1.435497e-01 2.289681e-01 -8.950904e-02 1.132168e-02
-1.101115e-01 4.732570e-01 -2.981489e-01 2.881731e-01 2.941312e-01 -5.703112e-03 -1.317014e-01 -2.836469e-01 -3.922374e-02 -2.534058e-01 2.819835e-01 1.027877e-01 -4.418655e-02 2.068841e-01 2.484800e-02 1.633320e-01 2.788754e-03 4.556298e-02 6.731851e-01 3.884580e-02 -4.378011e-02 -2.680004e-03 1.637951e-02 -2.351089e-01 -6.084575e-01 5.104676e-02 4.808896e-02 -5.848930e-02 5.825718e-02 1.073338e-01 -9.259839e-02 -1.388884e-01
6.969422e-01 4.246365e-02 -6.167667e-02 -3.441580e-01 -2.283540e-01 1.564466e-01 -2.442503e-01 4.586765e-02 2.833493e-01 6.867675e-02 -2.070522e-01 6.634441e-02 1.006138e-01 -5.033722e-02 -9.078182e-02 6.329671e-02 -3.129804e-01 5.243074e-02 -7.724805e-02 8.216745e-02 3.634711e-01 2.282898e-02 7.275078e-03 2.080244e-01 3.051470e-01 6.839768e-02 -4.996673e-01 -2.428208e-01 -5.968821e-02 -9.300543e-02 -2.552611e-01 1.999475e-01
3.400733e-01 2.249929e-01 -1.483963e-01 -2.875085e-01 1.928095e-01 1.269142e-01 1.083107e-01 -2.894027e-02 -7.421783e-02 2.984395e-01 -2.812887e-01 -1.735457e-01 2.210247e-01 1.602883e-01 5.539068e-01 6.740239e-03 2.877199e-02 2.923592e-01 4.913121e-02 -5.150836e-01 -3.501677e-03 2.050439e-01 2.595365e-01 -3.859437e-01 -2.660006e-01 -3.741206e-01 1.229398e-01 -1.918444e-01 -1.303582e-01 -9.687266e-02 9.021021e-02 -1.740687e-01
-5.407508e-02 1.083254e-01 3.167762e-01 -1.859234e-01 -1.680352e-01 1.660691e-01 -1.987109e-01 2.325203e-01 1.437116e-01 -4.691058e-02 -2.641669e-01 1.041712e-01 2.843631e-01 2.567381e-01 3.067270e-01 4.084902e-01 4.940664e-02 -2.451215e-01 -5.460158e-02 4.110404e-02 3.786294e-01 -2.082140e-01 2.246934e-01 3.566759e-01 -6.431945e-02 -1.762766e-01 2.612598e-01 2.716192e-01 -1.977304e-01 2.668794e-02 1.309515e-01 -2.355586e-01
-5.649586e-02 -2.139398e-01 6.532177e-01 1.283029e-01 -5.838846e-02 2.584310e-01 7.575094e-02 -1.002734e-01 1.380881e-01 -1.415735e-01 -7.699777e-02 4.743415e-02 -2.533932e-01 2.824534e-01 3.726107e-01 6.060086e-02 2.832159e-02 4.435954e-01 1.335820e-01 1.943096e-01 -1.795992e-02 7.032568e-03 3.505362e-01 -2.913238e-01 -3.459014e-01 -3.005271e-01 1.523599e-01 -2.469908e-01 -3.776159e-01 6.951713e-02 4.066379e-02 7.473990e-02
1.291489e-01 1.307111e-01 1.598724e-01 3.430324e-01 -1.045400e-01 -4.917014e-02 4.497745e-01 2.088040e-03 1.427636e-01 2.803152e-01 -2.871097e-01 -1.865987e-01 -1.387800e-01 -3.478336e-01 2.368395e-01 2.269134e-01 3.843593e-01 -2.841938e-01 4.182070e-01 -1.450159e-01 -1.022671e-01 -1.171757e-01 -9.798861e-02 -3.245295e-01 4.223555e-02 2.381549e-02 2.824436e-01 -6.413875e-03 3.579896e-01 -2.199327e-01 8.186150e-02 -1.457935e-02
2.102130e-01 3.528168e-01 1.572092e-01 1.354099e-01 -5.207735e-02 -4.134332e-01 4.706593e-01 -2.360842e-01 1.138580e-01 9.402767e-02 -2.135123e-01 -1.738920e-01 8.758113e-02 -1.882092e-01 1.965448e-01 1.137267e-01 2.691668e-01 5.063243e-03 8.246122e-02 -8.498641e-03 2.828179e-01 6.473479e-02 6.649713e-02 -3.231485e-02 5.022668e-02 -9.890373e-02 4.179740e-01 4.497479e-01 -3.507487e-01 -2.629088e-01 -1.076801e-01 2.298027e-01
-2.888201e-01 5.956138e-01 5.541423e-02 -1.476122e-02 -1.411198e-02 2.324717e-01 -2.451650e-01 -7.776558e-02 -3.534338e-01 -2.725017e-01 -9.026403e-02 -2.804165e-01 1.045685e-01 -1.523165e-01 -6.121776e-02 1.089196e-01 -5.198175e-01 9.237219e-02 2.650464e-03 2.905751e-01 -3.547776e-03 -1.384588e-01 4.194159e-01 4.171833e-02 2.910331e-01 -2.967741e-02 -5.071012e-01 5.631512e-03 3.314496e-02 3.974362e-02 1.970871e-01 5.535252e-02
-2.503789e-01 -4.370183e-01 -4.127875e-01 4.391571e-02 -4.681318e-02 4.329970e-02 6.884394e-03 -2.216549e-01 -4.912221e-02 -1.969178e-01 5.254955e-01 3.662099e-02 -3.714006e-02 5.793380e-02 2.465581e-01 1.680528e-01 -2.909692e-01 -2.048585e-01 -3.826496e-02 6.642965e-02 5.330203e-01 -1.167737e-01 1.864612e-02 2.032809e-01 4.162402e-01 2.317248e-01 -2.245278e-01 -4.903702e-02 2.585217e-01 1.552910e-01 -1.362541e-01 4.311065e-02
8.676265e-02 8.963802e-02 9.781885e-02 1.439298e-01 -8.039407e-02 3.122592e-01 1.631340e-01 -3.397490e-01 -3.592714e-01 -8.568086e-02 3.788912e-02 -3.619888e-01 -1.958071e-01 3.841526e-01 4.107540e-01 9.601328e-02 -1.677767e-02 4.104230e-02 -6.249826e-02 5.295790e-02 7.496195e-01 -4.087588e-01 2.529194e-01 1.616185e-01 2.581840e-02 -8.871663e-02 -2.610020e-01 2.684293e-02 2.101251e-01 -2.915105e-02 4.664965e-02 5.782788e-02
-3.066365e-01 9.405608e-02 4.770088e-02 8.354261e-02 5.370239e-01 -6.980107e-02 -1.549609e-01 3.159512e-01 1.262663e-01 -3.186370e-01 -1.045675e-01 3.264193e-01 -1.364735e-01 -1.688792e-01 2.347837e-01 -1.786072e-01 -1.899995e-02 -1.744927e-02 -1.255654e-02 1.201889e-01 -6.559488e-01 1.666632e-01 -1.453084e-01 -4.042824e-01 -4.512496e-02 -7.309180e-02 8.160643e-02 -1.648020e-01 -5.032121e-01 5.978364e-03 -3.256692e-02 3.128639e-02
-2.137810e-01 -3.032160e-01 2.328252e-01 -3.753075e-01 3.223150e-01 3.433983e-02 2.547038e-01 2.718371e-01 -7.805971e-02 8.219978e-02 3.879629e-01 -1.169117e-02 2.717025e-02 -4.967638e-02 2.262896e-02 -2.496464e-01 -2.125857e-01 7.548467e-02 -5.111614e-01 -4.291677e-01 -3.721702e-02 1.236613e-01 3.121328e-01 6.376506e-02 3.886358e-01 -6.773885e-02 1.477262e-01 -2.029371e-01 1.141220e-02 1.453806e-01 1.346067e-01 1.548352e-02
-2.520057e-01 -3.385081e-01 8.404395e-02 -3.644872e-01 4.351957e-01 8.801529e-02 1.184158e-01 2.448620e-01 9.510626e-02 3.253780e-01 3.544543e-01 -1.511737e-01 -2.094375e-01 -2.180199e-01 -8.870063e-03 1.107006e-01 3.316072e-01 -2.958344e-04 -3.675871e-01 -1.222459e-01 -6.839829e-02 9.322563e-02 2.101765e-01 -1.564526e-01 -2.613123e-01 -1.657917e-02 3.198183e-01 1.849983e-01 4.650128e-01 2.301737e-01 -3.252100e-01 -1.495403e-03
-1.955280e-01 2.733966e-01 4.558073e-01 1.048520e-01 2.152862e-01 6.516875e-02 9.794810e-02 -1.805723e-01 -2.967964e-01 -2.914861e-01 2.175091e-01 9.855079e-02 -1.739562e-03 -1.232171e-01 5.234621e-02 -2.765984e-01 -2.507147e-01 1.139528e-01 -4.270035e-01 -2.246822e-01 -1.531998e-02 -5.281899e-02 3.448943e-02 -1.546161e-01 -4.888609e-01 -6.749209e-02 1.102416e-01 -1.085934e-01 -1.892051e-01 2.282500e-03 1.507181e-01 9.147083e-02
-3.321575e-01 3.002970e-01 -3.777526e-02 -6.118293e-02 -1.467266e-01 1.136228e-01 -1.029928e-02 -9.258685e-02 -2.478563e-01 -3.332799e-03 9.181680e-03 -6.431771e-02 5.970403e-01 -1.348846e-02 8.525620e-02 -4.665455e-01 -4.189474e-01 8.291599e-02 -1.664786e-01 4.183702e-01 -6.262626e-02 -4.184123e-02 -3.261867e-01 -3.149493e-02 -4.335798e-01 2.940910e-02 -1.102740e-01 -1.588654e-01 6.970374e-02 4.124661e-01 1.652770e-01 -1.704864e-01
-1.726492e-01 -3.864231e-01 3.562167e-01 -1.561966e-01 -3.601195e-01 -3.229800e-02 2.080127e-01 5.375203e-01 -8.889610e-02 5.802367e-02 -2.012724e-01 9.327051e-02 9.715430e-02 -1.342925e-01 -1.036344e-01 -1.012892e-01 2.112340e-02 -9.162571e-02 -6.187145e-01 -1.354433e-01 5.147544e-02 9.505004e-04 2.420731e-04 3.886829e-01 4.355664e-01 -4.123884e-02 -2.474580e-02 6.648184e-02 6.308407e-02 3.995248e-02 1.184141e-01 3.978408e-01
2.147047e-02 -1.188462e-01 2.544619e-01 -1.508701e-02 -2.442876e-01 -2.906159e-01 4.347827e-01 -3.163716e-01 -5.717446e-02 2.342965e-01 -3.607132e-01 2.028388e-01 1.447003e-01 -2.343391e-01 2.252913e-01 -6.941224e-02 -3.432408e-02 2.027842e-01 2.084103e-01 -1.411574e-01 -1.376919e-01 3.527334e-02 -1.777346e-01 2.639283e-01 -3.045340e-01 7.694554e-02 -1.127111e-01 -2.474276e-01 1.717405e-01 3.000260e-02 -5.183753e-01 5.007025e-01
-5.155943e-02 4.231040e-01 -1.707740e-01 -1.173704e-01 -3.600051e-01 -7.336662e-02 -1.627365e-02 2.344224e-01 4.690627e-01 5.697281e-02 -8.966742e-02 5.949966e-04 -3.636383e-01 7.427849e-02 3.005254e-01 1.984199e-01 2.618468e-02 3.169892e-01 3.825243e-01 -9.218407e-02 2.259160e-01 -2.135262e-01 -2.794233e-01 4.097808e-02 -1.530139e-02 7.525969e-02 1.039014e-01 -1.785982e-01 -2.865487e-01 3.731159e-01 2.651195e-02 -3.820547e-01
2.429892e-01 -9.931536e-02 1.421975e-01 4.654473e-01 -4.320984e-01 -3.771294e-02 1.624231e-02 2.523020e-01 -1.089815e-02 -6.846985e-02 1.281984e-01 3.642935e-01 -2.401729e-01 9.080233e-02 -5.492567e-02 2.264904e-01 2.909332e-01 -1.045363e-01 8.027528e-02 2.492890e-02 1.057074e-01 -1.225533e-01 -6.237800e-02 -7.798550e-01 1.155817e-01 1.639601e-01 -5.235665e-02 1.926468e-01 -1.589103e-01 1.355244e-01 -2.112158e-01 -7.080953e-02
-1.129884e-01 2.678407e-01 3.133188e-01 7.970354e-02 3.239899e-01 -1.941054e-01 1.625235e-01 3.312977e-01 3.037565e-01 -1.556708e-01 -3.657803e-01 1.986704e-03 2.657330e-01 -9.438273e-02 -9.562063e-02 -1.006024e-01 1.726574e-02 4.275700e-01 -1.669626e-02 3.539544e-01 -1.044473e-01 4.971287e-02 -2.102210e-01 -8.724704e-02 -1.216503e-01 2.199957e-02 7.957553e-02 5.024359e-02 -6.365001e-02 3.872203e-01 -3.231948e-01 3.932023e-01
1.512578e-02 7.449403e-02 2.802085e-01 3.281240e-01 -2.313608e-01 2.696678e-02 1.232620e-01 6.910551e-02 1.632516e-01 6.782225e-01 -4.610730e-02 -1.310447e-01 -1.389495e-01 1.737063e-01 -9.489133e-02 3.811411e-02 -3.368759e-01 -6.565236e-02 -2.089823e-01 -7.443670e-02 5.550166e-02 -7.773024e-02 -1.858395e-01 1.636654e-01 -7.654600e-03 -3.992075e-01 9.680384e-02 -6.503374e-02 -2.988989e-01 -5.830522e-01 5.699271e-02 1.318651e-01
4.328434e-01 1.935089e-02 -2.922340e-01 2.337182e-01 -2.183394e-01 -2.279207e-01 -1.706268e-02 -6.922284e-02 -1.868458e-01 -1.617121e-01 -1.263061e-01 1.303904e-01 5.106859e-01 -6.781814e-02 2.013838e-01 1.072771e-01 4.581512e-01 -1.184336e-01 3.884631e-01 4.009666e-01 -1.360419e-01 -2.598309e-01 -1.251395e-01 2.621223e-01 -3.952659e-01 1.010893e-01 -2.211312e-02 2.636393e-02 1.567499e-02 1.844659e-01 6.423992e-02 1.390213e-02
2.671993e-01 1.652835e-01 -1.608951e-02 -9.606102e-02 1.297170e-01 1.883617e-01 -3.794511e-01 -9.896919e-02 -8.785586e-02 -6.088451e-02 -1.230545e-01 1.904242e-01 5.926807e-01 1.608175e-01 3.144064e-01 2.417345e-01 -2.481553e-01 4.029747e-01 -2.546190e-01 2.807043e-01 8.226746e-02 2.558577e-01 -4.953123e-02 -9.386364e-02 -2.587107e-01 2.683637e-01 -4.271158e-01 1.498544e-01 -1.626737e-02 1.294748e-01 1.047179e-01 -2.673122e-01
2.087178e-01 1.492665e-01 -1.879495e-01 4.330774e-01 2.092090e-01 6.051562e-02 -2.689142e-01 1.581106e-02 -3.426586e-01 3.489819e-01 2.892399e-01 -2.300935e-03 3.025834e-01 2.325984e-01 -2.471741e-02 1.620690e-01 2.443003e-01 -9.893785e-02 -2.371370e-01 2.183339e-01 1.348504e-01 8.288112e-03 4.391599e-01 -4.677253e-01 -2.522971e-01 1.802338e-01 2.143897e-01 2.933793e-01 -2.825264e-02 -1.726513e-01 1.039699e-01 1.365190e-01
1.466968e-01 4.711608e-02 3.269397e-03 -1.920589e-01 -1.022519e-01 1.121436e-01 -5.957862e-02 2.406390e-01 -2.216951e-01 -3.201112e-01 -3.737810e-01 4.025566e-01 3.877441e-01 1.206133e-01 1.523194e-01 3.123500e-02 -1.411572e-02 1.328277e-01 -2.740353e-01 2.558288e-01 2.373434e-01 -8.381622e-02 -1.898716e-01 -2.145084e-02 8.535190e-02 1.265269e-01 2.399388e-02 -4.737751e-01 -3.512310e-01 -2.567066e-01 -1.875364e-01 3.932398e-02
-8.009700e-02 -3.674165e-01 -2.455810e-01 -5.566924e-02 -3.414652e-02 -3.999382e-01 7.024092e-02 5.230068e-01 3.446800e-01 -2.443139e-01 -6.451921e-02 1.380012e-01 1.118734e-01 -3.635153e-02 -5.822606e-02 -1.442629e-01 -2.881485e-01 2.315434e-02 2.042871e-01 -8.988148e-02 -1.502368e-01 5.179446e-01 -1.227482e-01 1.818161e-01 3.200237e-01 2.015311e-01 1.802559e-01 -4.172277e-01 4.696037e-02 2.189884e-01 3.048338e-02 -1.985132e-02
-1.302633e-01 1.984561e-01 5.375934e-02 -3.771507e-01 -9.721465e-02 9.113239e-02 -2.294709e-01 3.447661e-01 -1.976797e-02 5.488326e-02 1.541284e-01 3.103941e-01 3.917209e-01 3.019566e-01 3.425196e-01 1.066249e-03 4.996285e-03 -1.020291e-02 9.510494e-02 -4.370931e-02 3.939806e-01 -6.695011e-02 -3.928572e-01 -1.829415e-02 -1.031014e-01 2.249243e-01 -1.781620e-01 7.327976e-02 -2.578909e-01 2.396348e-01 4.908914e-01 3.526560e-01
2.649521e-01 2.796891e-01 1.939278e-01 1.203119e-01 4.358971e-01 1.908991e-02 -6.638060e-02 -1.340742e-01 -5.600442e-02 3.190249e-02 1.373929e-02 2.865724e-02 2.376866e-01 -1.199732e-01 6.261591e-01 -1.469825e-01 2.411768e-02 4.082276e-01 7.002065e-02 -3.365702e-01 8.620401e-02 4.547476e-01 1.310766e-01 -3.306947e-01 1.456324e-01 -1.715345e-01 6.567147e-02 -2.322547e-01 -2.358299e-01 -1.922501e-01 1.524245e-01 -1.449369e-01
-3.587477e-01 -2.184050e-01 2.102453e-01 7.600864e-02 -2.177483e-01 -1.796671e-01 5.111970e-01 -1.696555e-01 9.053204e-02 9.409210e-02 -3.220139e-01 -2.132484e-01 -1.615341e-01 -1.347526e-01 8.074194e-02 -1.619475e-01 1.315625e-02 3.499221e-01 -1.857259e-03 2.031443e-02 -1.527689e-01 3.517738e-02 -1.109758e-01 -3.955989e-01 -1.535355e-01 2.853830e-02 3.002770e-01 6.993941e-03 7.242433e-03 2.654360e-01 -5.379530e-01 2.591143e-01
3.576536e-01 2.828013e-01 -2.669762e-01 3.632884e-01 -2.375294e-01 -1.466313e-01 -1.529611e-01 -2.352151e-01 -1.023926e-01 -1.776878e-01 -3.111811e-01 1.960827e-01 3.160784e-01 4.900172e-03 5.513513e-02 2.062806e-01 3.707747e-01 -1.700346e-01 5.003987e-01 4.558523e-01 -8.290650e-02 -1.739803e-01 -2.422496e-01 7.689018e-02 -4.263607e-01 1.395519e-01 -5.835968e-02 8.046327e-02 1.352375e-02 -3.021772e-02 -6.383687e-02 1.105847e-02
-1.045715e-02 1.889928e-01 1.034155e-01 5.955531e-02 -1.593282e-01 -1.470556e-01 -1.054345e-01 5.593042e-01 -8.276303e-02 -3.353253e-01 3.727233e-01 -6.141173e-02 -7.097200e-02 1.236011e-01 3.372861e-03 -3.947666e-01 -3.107588e-01 2.490743e-01 3.017308e-01 1.150718e-02 -1.899354e-01 2.785007e-01 4.950324e-02 2.781730e-02 -2.098016e-01 1.959368e-01 -1.080181e-01 -3.158689e-01 4.991776e-01 -1.615967e-01 1.480685e-01 -1.689196e-01
1.878297e-01 1.310078e-01 -1.225168e-01 7.867187e-02 -3.088418e-01 2.913133e-01 4.395932e-02 -2.678817e-01 -2.489090e-01 1.928564e-01 -1.712151e-01 -2.653505e-01 4.875252e-01 -3.435515e-01 4.544457e-02 -1.998954e-01 -6.233773e-01 -7.841010e-02 -2.372421e-01 2.152501e-01 -6.529770e-02 -4.182643e-02 -6.353042e-02 5.287161e-02 -4.622503e-01 -4.452735e-03 -5.451277e-02 -2.769047e-01 -1.747312e-01 2.642788e-01 8.375667e-02 -1.027870e-01
4.192813e-01 2.132749e-01 -7.529600e-02 -1.444233e-01 2.054851e-01 1.462015e-01 -3.430631e-01 1.588395e-01 -8.542603e-02 -8.039252e-02 3.748512e-01 2.705339e-01 3.401170e-02 2.033357e-01 -6.853560e-02 9.072943e-03 -1.848533e-02 -3.978072e-01 4.826215e-03 -2.055292e-01 1.059655e-01 -7.330197e-02 1.584302e-01 2.001263e-01 2.857333e-01 -3.761565e-02 -2.587258e-01 -8.652118e-02 -8.440093e-02 -2.208622e-01 5.365264e-01 -2.206891e-01
2.112852e-01 2.533239e-01 -1.399939e-01 4.569701e-01 -3.441454e-01 -2.094725e-01 -2.176092e-01 -2.342883e-03 -2.035186e-01 -2.455448e-01 -3.306358e-01 1.248412e-01 2.738516e-01 1.113157e-01 2.646060e-02 -4.809831e-02 -2.889616e-01 4.690498e-02 2.677196e-01 1.208430e-01 -1.622677e-03 -2.698740e-01 -4.641442e-02 8.490093e-02 2.865598e-01 5.567996e-02 -2.659317e-01 -1.581514e-01 -3.396065e-01 -1.837491e-01 5.587827e-01 -4.767626e-02
7.963836e-02 3.249044e-02 4.278723e-01 2.952507e-01 1.323930e-02 5.628487e-02 -3.308591e-01 1.047493e-01 3.444827e-01 -2.237366e-01 -1.673085e-01 -1.080034e-01 -3.032800e-01 5.667919e-02 2.579219e-01 -3.391154e-01 4.327518e-02 -3.902983e-01 1.491197e-01 3.355518e-01 -1.097492e-02 1.560413e-01 -8.270484e-02 -2.853104e-01 -2.257122e-01 -4.452458e-01 -1.402197e-01 4.535167e-01 4.026670e-02 1.410874e-02 5.152561e-02 -2.517465e-01
-1.132627e-01 -1.949326e-01 9.852044e-03 1.811195e-01 -1.490152e-01 -2.749821e-02 -3.936526e-01 -9.221753e-03 -1.350573e-01 -2.741911e-01 -1.786165e-01 5.296255e-01 3.448524e-01 2.965533e-01 -1.287461e-01 -6.392145e-02 1.933265e-01 -1.143965e-01 -3.938985e-01 -9.744337e-02 -8.881015e-02 2.168879e-01 2.457971e-01 4.324054e-02 -2.119929e-02 3.370022e-01 -3.730997e-02 2.440429e-01 -3.490117e-01 -1.351684e-01 1.127556e-01 -3.966458e-01
-8.665040e-03 2.601707e-01 5.525444e-01 -5.494933e-02 1.676054e-01 3.527948e-01 -1.674957e-01 3.188922e-01 1.198123e-01 -5.493828e-02 -3.148084e-01 -1.231787e-01 -2.099986e-02 5.101999e-02 -1.553236e-02 1.218481e-01 1.859249e-01 -1.492931e-01 -1.050023e-01 -1.177393e-01 -1.319893e-01 7.206684e-02 7.181018e-02 -5.024145e-02 -3.195083e-02 4.380705e-02 -6.271084e-02 3.148790e-01 1.685355e-01 2.497806e-01 1.379535e-01 -7.121344e-01
-4.313290e-01 3.136548e-01 2.747185e-01 -3.289734e-01 7.093996e-02 -1.423264e-01 4.854122e-01 -6.860091e-02 -1.740467e-02 2.864625e-02 5.342348e-02 -4.423529e-03 2.511833e-01 -4.492417e-02 -2.181911e-01 2.194645e-01 -4.011996e-03 -1.842584e-02 4.260419e-01 -6.367434e-03 -1.327386e-01 -2.322295e-02 4.154459e-02 -5.818360e-02 -9.431646e-02 -2.647211e-02 -5.608018e-02 5.241168e-01 1.355997e-01 6.204518e-01 1.145354e-01 -7.813102e-03
9.602539e-03 9.457037e-02 -5.777918e-02 1.817777e-01 4.507440e-01 -3.217637e-02 -1.523943e-01 -1.766827e-01 1.204881e-02 2.804120e-01 2.150292e-01 -1.289902e-01 5.611346e-01 -1.137268e-01 2.949376e-01 -8.183929e-02 -3.528054e-02 3.657403e-01 -1.057048e-01 8.508559e-02 -2.334824e-01 -2.586530e-01 9.975070e-02 4.804077e-02 -2.556015e-01 -3.556166e-01 1.856822e-01 -1.644922e-01 -1.382982e-01 7.580886e-02 2.181894e-01 5.248479e-01
-3.233327e-01 -5.683478e-03 5.354570e-01 6.606329e-03 -2.144304e-01 8.383060e-02 2.122316e-01 -1.706838e-01 -3.505930e-01 4.522215e-01 -7.722475e-02 -8.521729e-02 -5.389380e-02 5.259755e-02 -9.547886e-02 1.211205e-01 -2.084577e-02 -1.205569e-01 1.972704e-01 2.134692e-02 -4.033419e-02 9.408909e-02 2.284575e-01 -1.143718e-01 -3.191401e-02 1.180807e-01 4.710947e-01 2.346102e-01 -6.815550e-02 9.210663e-02 -4.493759e-01 5.088715e-01
-1.907327e-01 -9.869803e-03 1.088666e-01 -3.215535e-01 -1.981179e-01 4.612610e-01 1.335978e-01 2.232543e-03 1.523045e-02 -2.020216e-01 2.517802e-01 -6.984093e-02 -1.125684e-01 2.551345e-01 -4.725361e-03 -6.591393e-02 9.125481e-02 -5.282288e-02 4.092332e-02 -1.793858e-01 -2.820822e-02 2.890001e-01 4.936239e-02 3.389395e-01 1.184960e-02 3.782156e-01 3.408698e-02 -3.244135e-01 1.423928e-01 1.451738e-01 -1.482060e-01 2.938442e-01
3.362840e-01 -1.740347e-01 4.927334e-01 -3.109715e-01 6.152887e-02 -2.067125e-01 1.201019e-01 1.762604e-01 -1.826324e-01 5.712322e-02 -3.219845e-01 8.134627e-02 -4.856592e-02 2.598317e-01 -2.755894e-01 -4.203047e-02 3.249195e-01 -3.351699e-01 -3.594428e-01 -1.728207e-01 -2.326977e-01 -2.400812e-03 3.775901e-01 4.570459e-02 1.336589e-01 1.945382e-02 -1.986005e-01 2.141119e-01 1.925310e-01 -3.513628e-02 2.259407e-01 -2.788875e-01
6.303704e-01 5.295813e-02 4.227701e-01 -3.005671e-01 -2.678856e-04 2.411298e-01 8.840933e-03 1.779711e-01 -1.651748e-02 -1.861253e-01 -1.571254e-01 1.483706e-02 -1.623450e-02 1.937663e-01 -2.324662e-01 -5.313470e-02 1.878144e-01 4.404830e-02 1.394682e-02 -6.942844e-02 -4.810700e-01 6.709734e-02 1.333165e-01 -1.972401e-01 -3.515456e-01 -3.734796e-01 1.190872e-01 -1.091062e-01 -3.867300e-01 -2.235927e-01 2.259919e-01 -2.604204e-02
-2.888629e-02 2.620572e-01 -8.747280e-02 2.416736e-01 -1.869658e-01 -7.478026e-02 -1.764210e-01 -8.865098e-03 1.208535e-01 -3.567645e-01 4.666129e-01 5.155521e-03 -1.478061e-01 1.718180e-01 -1.430210e-01 -2.832038e-01 -9.667605e-02 1.591688e-01 2.906686e-01 3.110211e-02 -3.077466e-01 2.141511e-01 -1.023941e-01 -1.112870e-01 -1.628103e-01 2.752579e-02 -2.884840e-01 -2.255179e-01 4.137988e-01 -7.787625e-02 1.574362e-01 -2.310457e-01
4.478363e-01 -9.161197e-02 6.682813e-03 -2.559461e-01 1.763869e-01 -2.085562e-01 -4.592478e-01 -1.206685e-01 -8.488858e-02 -9.880702e-02 5.759738e-02 -1.316227e-01 7.996017e-02 -8.331873e-02 1.191384e-01 5.288879e-01 8.653428e-02 -5.806557e-01 2.241064e-01 -1.243851e-01 3.902428e-01 -1.183136e-01 -3.140194e-01 6.766369e-02 -7.078122e-02 2.486040e-01 1.404711e-01 -4.716815e-03 -3.321519e-01 -7.780969e-02 -1.221565e-01 -9.890333e-02
3.690432e-01 2.794975e-01 2.121762e-02 6.506117e-03 2.041871e-01 -4.902140e-02 3.666149e-01 -1.645588e-02 3.974601e-01 -4.709787e-02 -1.619899e-02 -3.474342e-01 -3.218004e-01 -1.986351e-01 -2.676087e-01 -1.958719e-01 -8.397406e-03 -4.270200e-02 1.382676e-01 -1.429662e-01 -4.333166e-02 -2.457643e-01 -1.756292e-01 -1.313321e-01 -2.258324e-01 -1.750717e-01 2.272955e-01 -1.774861e-01 1.513857e-01 5.239747e-01 -5.250771e-01 4.272101e-02
2.800398e-02 2.673742e-01 -1.241101e-01 -3.838755e-03 -3.638621e-01 2.316536e-02 -4.063626e-01 6.940874e-02 -1.703413e-01 -1.454774e-01 -2.345005e-01 5.322788e-01 2.213354e-01 2.789443e-01 7.745545e-02 -1.580841e-02 2.422154e-01 -8.679697e-02 -3.663102e-01 2.075900e-01 -2.422615e-01 2.409333e-01 1.313866e-01 1.861068e-01 -2.077391e-01 -2.141137e-01 -2.237047e-01 2.596089e-01 1.773408e-01 -4.640010e-01 1.918521e-01 -1.012101e-01
1.943087e-01 5.764747e-02 -3.570183e-01 -1.341506e-01 2.256007e-01 -1.146289e-02 -2.715320e-02 7.062064e-01 5.863717e-02 7.443185e-02 2.432500e-01 -1.660481e-01 6.231814e-02 7.565466e-02 1.165316e-01 9.285779e-02 1.156197e-02 -6.513740e-01 -4.754887e-01 -6.093220e-02 1.783769e-02 -4.987646e-02 -1.688342e-01 1.080069e-01 -1.151567e-02 -1.422335e-01 5.848667e-02 1.388295e-01 -1.973417e-01 -5.793449e-02 1.317033e-01 -1.577211e-01
-4.368868e-03 -2.932364e-01 -3.415981e-01 5.408500e-02 -6.985123e-02 -2.007034e-01 -3.980380e-02 1.201510e-01 9.030177e-02 4.172066e-01 -7.444263e-02 -5.759530e-02 3.317398e-01 3.289416e-02 -2.085930e-03 4.286532e-01 -2.808102e-01 2.139236e-02 3.055641e-01 -4.636968e-03 -1.606747e-01 4.512753e-01 3.466939e-01 1.255339e-01 2.065447e-01 8.741954e-02 -1.972960e-01 1.824797e-01 1.913160e-01 5.771097e-03 -2.209688e-01 -1.182844e-01
-3.015675e-02 -3.351612e-01 6.616786e-03 1.892471e-02 -1.111444e-01 -1.648447e-01 -2.997878e-01 -1.387411e-02 4.169715e-01 -1.831199e-01 9.934705e-02 -3.084913e-01 4.444335e-01 -2.721937e-01 1.992591e-02 1.175730e-01 2.622182e-01 -1.138204e-01 3.007226e-01 2.675914e-01 4.198445e-02 1.785669e-01 -1.640052e-01 5.394866e-02 6.822802e-01 5.483542e-02 1.296382e-02 -9.596718e-03 2.509113e-01 -4.446491e-02 -9.195513e-02 -3.282564e-02
3.563956e-01 6.443964e-02 -1.357119e-01 2.470506e-01 4.576815e-01 1.257736e-01 3.017051e-02 -8.325538e-02 -1.031538e-01 1.928233e-01 6.260197e-02 1.452453e-01 4.883623e-01 -2.365981e-01 7.897875e-02 -2.080983e-01 2.454366e-01 -2.770217e-02 1.031737e-01 1.144254e-01 4.568437e-02 1.449120e-01 -3.596373e-01 -2.463814e-01 2.090599e-01 -3.189592e-01 3.267227e-02 -1.700250e-01 4.295479e-02 -5.855221e-01 -2.305422e-01 1.352030e-01
-3.460099e-01 2.815286e-02 -1.135350e-01 -2.417070e-01 1.233345e-01 -2.750764e-01 7.069587e-02 4.665142e-01 2.036752e-01 2.011963e-01 1.022013e-01 3.636001e-01 -4.340132e-02 -3.574105e-01 -1.272846e-01 3.964920e-02 -1.347471e-02 1.646604e-01 -6.030770e-02 -2.455441e-01 -8.972149e-02 1.592556e-01 1.606187e-01 2.748595e-01 2.924747e-01 5.036307e-01 3.283967e-01 -4.639123e-01 -9.877562e-02 -1.491008e-02 -5.033213e-02 -1.660069e-02
2.375198e-01 -3.494230e-01 -8.074637e-02 2.398952e-01 5.803197e-01 -3.263439e-02 -1.451914e-01 -4.236795e-03 -3.375855e-01 -1.097007e-01 1.528938e-02 -2.316764e-02 3.503043e-01 -6.079052e-03 -2.043298e-03 -1.715821e-01 -2.616610e-01 -5.794142e-01 -2.485362e-01 2.202233e-01 -6.594071e-02 1.071990e-01 -1.796770e-02 1.276457e-01 1.155830e-01 -1.161291e-01 3.461246e-01 -1.423485e-02 9.204683e-02 -4.255196e-01 -5.998381e-02 5.690902e-02
2.708070e-01 9.513617e-02 -1.335399e-01 -2.241473e-01 3.177242e-01 -4.389044e-02 -6.910513e-02 5.162901e-01 -4.817379e-02 -2.281205e-02 8.207067e-02 -9.620233e-03 2.168228e-01 -5.846376e-02 -2.529731e-01 2.902480e-01 -5.597857e-02 -3.016790e-01 -3.032375e-01 -3.126927e-02 -3.591265e-02 1.723004e-01 2.118795e-01 1.412486e-01 3.781021e-02 -1.939930e-01 -5.799301e-02 5.408367e-01 -7.813494e-02 -1.725197e-01 -2.804174e-02 1.958018e-01
-2.487473e-01 -7.994805e-02 5.716820e-01 2.249271e-02 -2.805855e-01 -4.368337e-02 -8.780664e-02 -1.022893e-01 -1.213267e-01 -2.059487e-01 -4.921914e-01 1.095867e-01 2.226093e-02 2.918003e-02 -1.697732e-01 -4.421556e-02 9.633946e-03 6.648516e-01 3.850022e-01 7.993961e-02 -8.118755e-02 1.279960e-01 1.521171e-01 -1.035905e-01 6.227495e-02 1.536667e-01 -8.581814e-02 -1.406611e-01 1.852226e-01 2.265689e-01 -1.868795e-01 1.966504e-01
-1.321801e-01 2.192652e-01 -1.485675e-01 1.045593e-02 5.319948e-01 1.724228e-01 7.588828e-03 -1.818895e-01 -1.500819e-01 3.618810e-01 6.871106e-03 9.839751e-03 4.071760e-01 -1.036810e-01 2.087118e-01 1.685830e-01 1.428189e-01 9.396794e-02 6.552201e-02 -7.812489e-02 2.123159e-02 -8.853145e-03 -3.767208e-01 -9.392405e-02 -7.360359e-02 -2.615218e-01 4.026861e-01 1.397385e-01 -5.094842e-02 -6.056862e-01 7.575966e-02 7.496592e-02
1.974466e-02 -4.456609e-01 1.779470e-01 -2.593791e-01 -4.271552e-02 -7.546248e-02 2.887658e-02 1.869317e-01 4.952634e-01 2.026245e-01 -2.598380e-02 1.247670e-01 1.246922e-01 -2.321853e-01 -7.106147e-02 1.842873e-01 -1.134546e-01 2.000287e-01 -2.033027e-01 2.065904e-01 8.099524e-02 -4.197450e-01 4.612031e-02 -1.277933e-01 2.283060e-02 -3.036735e-01 -1.606483e-01 3.654286e-01 -3.664301e-01 -2.254222e-01 -1.889667e-01 -8.062252e-02
5.326791e-02 -4.666599e-02 5.932704e-02 -1.701399e-01 6.730843e-02 1.364934e-01 -3.737338e-01 3.018695e-01 2.848924e-02 -1.963507e-01 1.984098e-01 3.551537e-01 4.881673e-01 2.677757e-01 2.406891e-01 8.058960e-02 -1.999113e-01 3.115028e-01 -7.307148e-02 3.592263e-01 3.514528e-02 2.132784e-01 -3.874170e-02 -1.542510e-01 -4.624702e-01 -6.385843e-02 -4.735380e-01 -7.113590e-03 -7.180235e-02 1.999173e-01 -5.746777e-02 -1.572748e-01
3.685745e-01 4.708264e-02 -4.911727e-02 1.183772e-01 6.172498e-01 -7.753402e-02 9.807727e-02 -1.884148e-01 3.862369e-02 -1.406013e-01 1.563286e-01 1.439498e-01 3.437370e-01 -2.247953e-01 -2.047437e-01 5.955360e-03 -6.135809e-02 -1.072625e-01 2.380666e-01 -3.481716e-02 7.830444e-02 -2.024558e-01 -3.317109e-02 1.376281e-01 3.063372e-02 -2.170272e-01 5.065320e-01 1.130970e-02 -2.524308e-01 -4.317508e-01 3.221956e-02 4.165246e-01
-1.368163e-01 -1.967693e-01 -1.895111e-01 3.728710e-01 8.142731e-02 -4.361045e-02 2.164632e-01 -2.184824e-01 -1.766934e-01 1.824967e-01 2.706746e-01 -2.201785e-01 -1.587759e-01 -6.880750e-02 -2.923746e-01 -2.768942e-01 8.073197e-02 3.140112e-01 -5.492297e-03 -2.404394e-01 -3.539140e-01 3.066728e-01 -2.249517e-01 -2.232912e-01 1.924928e-02 1.363186e-01 -2.624039e-01 -9.569921e-02 4.876921e-02 -3.145042e-02 -1.907732e-01 2.518129e-01
-2.271966e-02 -2.406263e-02 4.025665e-02 6.497636e-02 3.033275e-01 -2.304402e-01 -7.916903e-02 9.048407e-02 2.284707e-01 -1.253404e-01 3.659365e-02 3.529579e-01 -4.166610e-01 5.400522e-01 1.617763e-02 2.547130e-01 5.179791e-01 1.827220e-02 3.613662e-01 -2.770717e-01 1.453474e-01 -9.911878e-02 1.560561e-01 -3.783709e-02 5.051287e-01 4.354130e-02 1.043606e-01 5.496544e-02 9.142529e-02 -2.194473e-01 -2.410046e-01 1.027092e-01
-1.255449e-01 7.845774e-02 -1.234981e-01 1.818617e-01 -2.161505e-01 -1.423579e-02 -3.118621e-01 -1.357761e-01 -2.013054e-01 -6.017786e-02 3.067026e-01 -1.073500e-02 5.791836e-01 9.707218e-02 -8.414420e-02 -2.151557e-01 2.419045e-01 1.188250e-01 5.635075e-02 2.429489e-01 -2.700531e-01 1.165396e-01 -1.735021e-01 2.883855e-02 1.979024e-02 2.657608e-01 -1.752055e-01 -2.557964e-01 5.772901e-01 -7.577242e-02 1.899190e-01 -1.707183e-01
-2.670567e-01 -2.093188e-01 2.706410e-01 -3.636759e-02 -1.517659e-01 7.955491e-02 2.907468e-01 -2.619646e-02 9.114087e-02 2.199074e-02 2.985934e-03 -3.313448e-01 -7.667030e-02 1.829411e-01 6.000245e-01 -2.329127e-01 -6.127775e-01 -4.586620e-02 1.037928e-01 -3.700602e-01 1.448954e-01 -1.050064e-01 -1.458188e-01 4.888325e-02 -1.804661e-01 1.852596e-01 1.609382e-01 1.218025e-02 -1.880945e-01 2.201128e-01 -7.453074e-02 7.374872e-02
1.680350e-01 -2.679121e-01 2.389479e-02 3.330078e-01 -3.570872e-01 -2.856098e-01 -1.849537e-01 -6.471940e-02 -1.556990e-01 4.941509e-02 1.558354e-02 1.410850e-01 3.604234e-01 3.522142e-01 3.364556e-01 -8.813224e-02 -7.521337e-02 9.866717e-04 4.102530e-01 9.590502e-02 -3.011865e-01 -2.703553e-01 -1.464767e-01 4.304201e-01 1.219457e-01 2.150933e-02 -3.352270e-01 -1.367850e-01 -2.249955e-01 -2.033238e-01 2.417645e-01 -2.266405e-01
-2.642036e-02 1.009512e-01 -1.986505e-01 5.499262e-02 -1.756835e-01 3.717504e-02 -2.632371e-01 3.517494e-01 8.824681e-02 -3.751172e-01 4.667568e-01 -2.185622e-01 -8.175507e-03 1.783491e-01 8.270851e-02 -3.210696e-01 -2.310779e-01 2.627906e-01 3.547437e-01 -1.778760e-02 -1.729812e-01 2.201888e-02 1.648631e-02 1.311145e-01 -2.238782e-01 -1.210671e-02 -2.483307e-01 -3.398610e-01 3.742024e-01 -3.231539e-01 1.269533e-01 -1.865493e-01
-2.583835e-01 3.451020e-01 5.731160e-02 -6.067316e-02 1.536652e-01 1.106121e-01 -1.542456e-01 -3.387139e-01 -8.702193e-02 3.924215e-01 -3.809696e-01 -2.570119e-02 -3.492873e-03 -1.486818e-01 -1.420633e-02 2.201034e-01 -1.735055e-01 -9.962698e-02 2.174816e-01 -2.619994e-01 -2.988310e-02 2.249532e-01 -2.966702e-01 9.045456e-02 -2.757352e-01 -2.236847e-01 -2.569964e-01 -3.160587e-01 -8.291000e-02 2.140049e-01 -3.220295e-01 2.252805e-01
-3.683759e-02 2.602064e-01 1.797483e-01 1.081353e-01 1.709230e-01 5.174780e-01 1.897333e-02 -3.989997e-01 -4.138699e-01 1.248757e-01 -1.111006e-01 -2.025003e-01 -1.184090e-01 1.223855e-02 2.877604e-01 1.095337e-01 5.036379e-01 -5.520361e-03 -7.600166e-02 9.852245e-03 1.038909e-01 -4.087860e-01 5.464171e-02 -1.853375e-01 -2.493195e-01 -1.884458e-01 -2.369259e-01 4.179691e-01 -2.217013e-02 -2.744609e-01 1.343125e-02 -3.783440e-02
2.783339e-01 9.692047e-03 5.022684e-02 -2.216953e-01 5.721679e-02 -2.912598e-01 -4.824384e-01 -6.679568e-02 6.802320e-02 -1.540484e-01 2.357426e-01 -1.690662e-01 2.450178e-02 2.119144e-01 4.611629e-02 5.547907e-01 -6.150685e-02 3.076193e-03 -7.086185e-01 1.310346e-01 3.154784e-02 -3.946826e-02 1.517939e-02 1.261938e-02 -2.221736e-01 -5.403154e-01 -2.512709e-02 -1.670825e-01 1.429394e-01 -2.158832e-03 1.084888e-01 -5.523280e-02
-1.368833e-01 -3.158870e-01 3.576317e-01 -5.179729e-02 4.408416e-01 -4.314663e-02 -2.808361e-01 -7.643200e-02 2.990937e-01 -2.110023e-01 2.313614e-01 1.489228e-01 -5.496375e-03 -3.960444e-02 -1.183474e-01 1.002009e-01 -3.732476e-02 1.579442e-01 7.255738e-03 -1.918609e-02 -4.141240e-01 2.684619e-01 -1.250011e-01 6.470051e-02 -1.919702e-01 -1.718418e-01 -2.035396e-03 -8.300034e-02 2.079502e-01 -9.068553e-02 -4.822732e-01 3.797866e-01
-6.280706e-02 -1.741429e-01 4.805501e-01 4.823515e-02 3.420524e-03 -1.483903e-02 4.148734e-01 -5.207979e-02 1.865588e-01 -1.294865e-01 -3.091248e-02 -3.132807e-02 -2.288186e-02 1.728849e-01 5.748261e-01 -1.703337e-01 -4.470410e-01 -4.119244e-02 -6.721334e-03 -1.216186e-01 3.721758e-01 -7.289860e-02 -1.328723e-01 3.740156e-01 -3.455693e-01 3.011367e-01 3.334050e-01 -6.162696e-02 -2.302857e-01 1.381367e-01 -7.911453e-02 6.133239e-02
-7.917993e-02 -1.165042e-01 5.573112e-01 -7.799954e-02 -2.422452e-01 1.902857e-01 -1.463240e-01 1.411899e-03 6.062555e-02 1.565516e-02 7.534781e-02 -3.623899e-01 -1.670450e-01 4.140069e-01 1.887549e-01 1.449647e-01 1.724075e-01 3.461991e-01 -2.213600e-01 2.667637e-01 -1.757136e-01 1.411161e-01 4.579590e-01 -1.497814e-01 -1.083135e-01 -4.625359e-01 2.265915e-01 5.402863e-02 1.677864e-02 2.623308e-01 -1.666495e-03 1.748876e-01
-4.028309e-02 -1.706198e-01 6.519400e-01 -3.650391e-02 -2.799478e-01 1.188553e-01 1.842837e-01 7.281909e-02 -4.869592e-02 1.462249e-01 6.630701e-02 -3.177420e-01 -8.851713e-02 1.864420e-01 1.913762e-01 -7.870843e-02 -5.883098e-01 1.627561e-01 -4.265603e-02 -2.355581e-01 3.779586e-01 -2.291560e-01 -5.727889e-02 1.376676e-01 -3.468569e-02 3.891302e-01 1.810156e-01 9.523113e-02 -1.746726e-01 1.553763e-02 -7.122418e-02 5.353204e-02
5.477168e-01 3.305851e-01 -9.856109e-02 -2.110328e-01 1.608711e-01 -2.246819e-01 -1.348130e-01 -7.185668e-02 2.511367e-01 3.490332e-01 -1.393384e-01 -1.636857e-01 1.292760e-01 1.157681e-01 -9.882136e-02 8.827518e-02 1.187933e-01 -4.078600e-02 -7.722052e-02 2.265724e-01 6.448438e-02 1.627560e-01 1.866191e-01 2.037656e-01 3.823917e-01 -1.388867e-01 -2.441885e-02 3.847622e-01 1.320239e-01 2.064244e-01 -3.975515e-01 -3.116865e-01
2.618016e-01 2.562644e-01 -2.082771e-01 -5.540001e-02 1.869913e-01 3.475388e-01 2.933545e-01 -1.533553e-01 2.884919e-01 2.943051e-02 2.707532e-01 8.954469e-02 2.597246e-01 -4.827132e-02 -2.507707e-01 4.174130e-01 -1.290557e-01 3.845778e-01 2.215023e-01 1.248870e-01 2.026706e-01 4.514416e-02 -3.168956e-01 3.937219e-03 -4.109639e-01 3.371827e-02 -3.280815e-01 -7.927918e-02 3.236088e-01 -1.975536e-01 9.379147e-02 -3.693497e-01
6.392410e-01 2.527852e-02 1.507297e-01 -1.835006e-01 1.633172e-01 2.452202e-01 -1.659722e-01 2.105746e-01 -1.308423e-01 -2.297884e-01 1.589875e-01 7.360539e-03 9.096821e-02 2.625117e-01 -2.506136e-01 -1.208735e-01 1.731191e-02 -6.996484e-02 3.142160e-03 -3.000129e-01 -3.372172e-01 -7.444897e-02 2.091136e-01 2.646995e-02 -5.167723e-05 -3.392076e-01 1.095176e-02 -3.466806e-01 -3.233568e-01 -1.793495e-01 3.299980e-01 -1.840889e-01
2.777432e-01 -1.758294e-02 9.256675e-02 6.559632e-01 3.096965e-01 2.850014e-01 -1.323586e-01 -3.198885e-02 -2.812413e-01 -4.161612e-03 1.009995e-01 -8.606045e-02 9.976845e-02 1.024279e-01 -1.315973e-01 -2.500805e-02 3.969565e-01 2.982348e-02 -2.895898e-01 1.436229e-01 1.294049e-01 3.268576e-02 3.620884e-01 -3.583438e-01 -5.136527e-02 -7.302818e-02 2.550029e-01 1.933473e-02 9.214209e-02 -5.154734e-01 1.251175e-01 2.654089e-02
-3.563534e-02 -1.779563e-01 -6.343901e-03 1.508757e-01 -1.208572e-01 -3.234864e-02 -3.074327e-01 -4.757148e-02 -9.396031e-02 -2.389461e-01 -1.621294e-01 5.225623e-01 4.452446e-01 3.257094e-01 -1.727753e-01 -8.704075e-02 1.268204e-01 -9.699690e-02 -5.760365e-01 1.962273e-01 -1.869003e-01 1.981356e-01 1.572348e-01 7.833272e-02 -1.108050e-01 -1.102804e-01 -1.354701e-01 4.060480e-01 2.571484e-02 -1.631260e-01 7.111861e-02 -3.627770e-01
-1.749590e-01 7.261092e-02 6.239713e-01 -3.193770e-01 1.037971e-02 -8.580013e-02 3.038200e-01 -6.161277e-02 3.263034e-02 -3.626415e-02 -2.059682e-01 2.482912e-01 -1.597239e-01 1.741533e-01 -1.674148e-01 1.554670e-01 -1.321358e-01 1.287998e-01 2.960584e-01 3.432139e-01 -1.442242e-02 -1.573773e-01 1.220757e-01 2.310591e-01 -3.693237e-01 -3.374061e-01 6.887390e-02 7.705925e-03 -4.480116e-01 -1.134413e-01 -2.048461e-02 2.666202e-01
-3.525754e-02 2.710804e-01 5.566073e-01 -8.383259e-02 9.139421e-02 1.368999e-01 2.453913e-03 -1.105866e-01 -1.481863e-02 -2.975579e-01 1.005518e-01 1.229287e-02 -2.479955e-01 -2.278381e-01 6.989345e-02 -3.313802e-01 4.103042e-01 -2.480377e-01 -3.393382e-01 4.018212e-02 1.501389e-01 -3.128372e-01 -2.287284e-01 -1.779281e-02 -1.089747e-01 -1.762711e-01 1.042575e-01 -3.038948e-02 -2.722304e-01 -2.153916e-02 3.280989e-01 2.053089e-01
1.129377e-01 5.064489e-01 1.187835e-01 -2.848480e-01 -1.764044e-01 -3.917924e-01 -1.261812e-01 2.536731e-01 -2.726464e-03 -4.963638e-02 3.438665e-02 -2.218619e-01 -6.750275e-02 -2.136533e-01 4.133727e-01 1.820053e-01 -4.006116e-02 -5.756241e-02 -6.460117e-02 3.543326e-01 1.287695e-01 -1.075794e-01 -7.777965e-02 -2.575740e-01 -1.316904e-01 9.681595e-02 1.961109e-01 7.958238e-02 -4.119014e-01 2.626684e-01 -5.209522e-01 3.442299e-01
4.275938e-01 -1.866102e-03 -2.800063e-01 -7.066175e-02 1.898510e-01 7.099096e-02 -1.304541e-01 6.447737e-01 4.874486e-02 -1.050089e-01 -2.379747e-01 -1.049311e-02 3.471323e-02 1.716392e-01 2.474505e-02 1.580925e-01 -4.255794e-01 -5.517058e-01 -3.649751e-01 -1.235527e-01 -1.210456e-01 1.640220e-01 1.447630e-01 1.500624e-01 2.116304e-01 3.350063e-02 -2.728896e-02 2.140308e-01 -1.268081e-01 -7.704861e-02 -2.283465e-01 1.694751e-02
-6.517388e-03 -3.554886e-01 1.627538e-01 -8.111879e-02 2.718013e-01 -3.772547e-01 5.644368e-02 3.106737e-01 4.107263e-01 1.172177e-01 1.999390e-01 1.684112e-01 -2.000013e-01 2.499163e-01 2.018728e-01 4.970605e-03 9.705278e-02 2.015914e-02 -1.304769e-01 -3.761088e-01 1.123197e-01 1.335173e-01 -6.460688e-01 -5.948990e-03 -3.522794e-01 -9.403746e-03 3.934548e-01 -3.267046e-02 -6.254207e-03 -3.821343e-03 -1.179945e-01 -1.583297e-03
1.163640e-01 -1.382243e-01 -4.803441e-02 4.530272e-01 -3.341666e-01 -2.710707e-01 -1.897818e-01 1.092939e-01 -2.147271e-01 8.726911e-02 -1.445704e-02 1.494475e-01 4.000824e-01 1.928639e-01 3.422449e-01 8.722905e-02 -1.898621e-01 -2.377398e-03 3.443234e-01 -6.709509e-04 -9.229600e-02 -4.454145e-01 -1.475690e-01 2.448230e-01 2.785443e-01 8.708379e-02 -2.581922e-01 -2.255125e-01 -2.224602e-01 -2.004813e-01 3.715616e-01 -2.258321e-01
3.975401e-01 -1.049462e-01 -2.369155e-01 -1.558651e-01 3.066075e-01 6.062994e-02 3.885073e-01 1.178186e-01 8.737434e-02 -1.081088e-01 5.481244e-01 -5.336859e-02 5.779071e-02 4.276674e-03 -8.381728e-02 -1.485098e-01 -1.058233e-01 -1.940960e-01 -2.744324e-01 2.648676e-01 -2.426456e-01 3.532749e-01 -7.835452e-02 1.039482e-01 1.772063e-01 -1.864403e-01 3.651788e-01 1.155877e-01 2.403312e-01 2.024378e-02 -2.619268e-01 1.357259e-01
-2.643882e-01 -4.614234e-03 8.286162e-02 -1.398413e-01 -3.210486e-01 1.217576e-01 -4.141964e-01 4.286496e-02 -2.670364e-01 -4.771340e-02 -1.904328e-01 5.517813e-01 2.876360e-01 5.211177e-02 1.903015e-01 8.575340e-02 2.178625e-01 -7.295602e-02 -2.850824e-01 1.090877e-02 9.270123e-02 1.506618e-01 9.118132e-02 5.752906e-02 1.208519e-01 1.549677e-01 -1.982375e-01 4.588893e-01 -1.629123e-01 -4.721240e-01 3.209056e-01 -2.427705e-01
1.216576e-01 -7.227477e-02 6.253597e-01 -3.688145e-01 -1.896575e-03 -2.330416e-01 1.352433e-01 1.917682e-01 2.102172e-01 -6.131630e-02 -3.857923e-01 -2.034677e-02 9.784240e-02 1.328079e-01 3.118115e-02 -1.923470e-01 5.903374e-02 1.868130e-01 -4.304066e-02 -1.049023e-01 -1.391164e-01 2.635311e-01 4.170554e-03 6.115567e-01 1.587266e-01 1.076033e-01 9.750978e-02 4.935809e-01 1.636005e-01 1.692124e-01 -2.178032e-01 7.114948e-03
1.966549e-01 -8.552341e-02 6.264900e-01 -3.687037e-01 -1.423658e-02 -8.616868e-02 3.564964e-02 2.596699e-01 1.861003e-01 -1.009920e-01 -1.042358e-01 -3.070452e-01 2.844878e-02 1.683557e-01 5.808019e-02 -1.664588e-01 -4.807601e-01 2.126531e-01 1.754832e-03 -3.470431e-01 3.620509e-02 -1.424571e-02 3.684119e-01 3.715430e-02 -2.909492e-02 -2.694233e-01 -9.970991e-02 -2.206478e-01 1.278265e-01 -2.877241e-01 1.955133e-01 -2.957315e-01
-2.416236e-01 1.888435e-01 -2.201736e-01 5.330638e-01 -1.061560e-01 5.837117e-02 1.206421e-01 6.691701e-02 3.034894e-01 8.107643e-02 1.078975e-01 -1.692959e-01 -2.847093e-01 -2.366526e-01 -3.407925e-01 -1.814024e-01 1.178104e-02 2.229164e-01 8.487585e-02 -1.958268e-02 -3.953415e-01 -3.560958e-02 1.618739e-01 -8.836603e-02 1.422535e-02 -2.977068e-02 3.239132e-01 -2.635613e-02 6.418576e-01 -2.551742e-01 -9.702942e-02 -2.947846e-01
1.134690e-01 1.066543e-03 6.540515e-02 -1.761780e-01 2.589265e-01 -2.472358e-01 -4.494426e-01 -3.360206e-01 -9.086306e-02 -9.760168e-02 4.654378e-02 -1.529945e-01 7.720956e-02 2.748851e-01 1.550021e-01 5.456492e-01 -3.772449e-02 1.761985e-02 -6.516472e-01 2.115721e-01 1.857906e-01 5.354403e-03 -8.263310e-02 2.505220e-02 -2.016553e-01 -5.822654e-01 -3.791392e-02 -6.318094e-02 8.301861e-02 -9.764044e-03 -6.428953e-02 -8.481105e-02
1.783261e-02 2.286789e-01 1.441692e-02 1.446629e-01 -3.960349e-01 1.622208e-01 2.162405e-01 -2.972890e-01 -1.549537e-01 2.951878e-01 -1.133594e-01 -1.075876e-02 4.327734e-01 -2.204017e-01 -2.347115e-01 -2.119610e-01 -1.349290e-01 -2.539882e-01 3.145398e-01 1.553773e-01 -2.005360e-01 5.156025e-02 4.967918e-01 -5.532346e-02 2.080043e-01 2.870412e-01 9.849492e-02 -8.213258e-02 -1.476923e-01 -2.520904e-01 -4.895888e-02 1.509382e-01
-3.104876e-01 5.625443e-01 8.390588e-02 -1.592200e-02 8.403444e-02 1.693947e-01 -1.475903e-01 -1.334984e-01 -1.740697e-01 -9.557950e-02 -1.484118e-02 -2.910578e-01 4.521583e-01 1.406536e-02 -1.153337e-02 2.216271e-01 -2.089647e-01 -1.307722e-02 -2.408827e-01 4.611571e-01 -3.010162e-02 -1.930606e-02 -5.796379e-02 -8.639321e-02 -4.034584e-01 -7.845822e-02 -2.155578e-02 -4.006636e-01 -1.438250e-01 3.037994e-01 1.513031e-01 -3.067649e-01
1.149416e-01 -9.310246e-02 3.194723e-01 -1.764419e-01 -3.879540e-03 8.096127e-02 3.378753e-01 -7.339081e-03 -2.383915e-01 3.782226e-01 -3.187131e-01 -3.440000e-01 8.687641e-02 2.212072e-01 2.576902e-01 -1.853956e-01 -1.420860e-02 3.391757e-01 9.698450e-03 5.333919e-01 1.979892e-01 1.476440e-01 5.084132e-02 6.841546e-02 1.591691e-01 -1.740725e-01 -4.315507e-01 -6.998648e-02 -8.018938e-02 -4.441983e-01 7.024181e-02 2.783706e-03
1.378235e-01 -7.774742e-02 6.267086e-01 -3.925063e-01 6.166154e-02 -8.278544e-02 -4.105252e-02 2.942799e-01 9.210514e-02 -1.743281e-01 -2.614235e-01 -1.093160e-01 2.734347e-02 2.232805e-01 -1.241744e-01 -1.846773e-01 -4.451362e-01 1.245814e-01 5.719731e-02 -3.053742e-01 1.942689e-02 -5.110117e-02 3.353616e-01 9.034201e-02 -1.129578e-01 -1.107490e-01 -7.851524e-02 -3.901486e-01 2.879006e-01 -5.973364e-02 1.975821e-01 -3.870992e-01
-3.178279e-02 -2.126119e-01 6.672248e-01 -1.347081e-01 1.840586e-01 1.558583e-01 -1.982871e-01 -1.789788e-01 -1.709175e-01 2.423618e-02 6.429128e-02 -4.946324e-02 -1.937665e-01 2.115352e-01 2.947573e-01 4.881848e-03 1.144764e-02 -7.018690e-02 3.848934e-01 -6.868967e-02 -1.539425e-01 6.397768e-02 4.688272e-01 1.996938e-02 -1.392038e-02 3.410303e-01 2.425809e-01 -2.952295e-02 -2.088182e-01 2.060015e-01 -1.570679e-01 3.803019e-01
5.605536e-01 -3.791541e-01 2.775585e-02 -1.216961e-01 -1.790745e-01 3.205148e-01 -1.938322e-01 3.488063e-02 1.876305e-01 2.357339e-01 -2.557223e-01 -6.148661e-02 1.499422e-02 -9.543110e-02 -2.888033e-03 -1.660377e-01 -3.804748e-03 -1.628949e-02 -6.164170e-01 -1.375883e-02 1.338752e-01 1.493352e-02 -7.486390e-03 1.460635e-01 6.060006e-01 -8.824019e-03 -1.705425e-01 -2.589421e-02 -3.402022e-02 -3.186558e-01 -8.768506e-02 3.053860e-02
2.737860e-01 -1.122536e-01 2.062471e-01 1.735048e-01 3.936079e-02 -5.946406e-02 3.463084e-02 -5.448940e-02 5.486581e-02 -3.809481e-01 -6.815486e-02 -1.133846e-02 -1.587210e-01 -1.613334e-01 -3.205717e-01 5.262203e-01 3.824694e-01 -1.082116e-01 9.377072e-02 9.248122e-02 2.932270e-02 -6.120471e-02 -1.004606e-02 1.601444e-02 -8.008787e-02 4.783436e-01 1.045163e-02 7.749538e-02 5.989207e-02 6.058015e-01 -2.925158e-02 -8.295339e-02
3.910571e-01 -2.407464e-01 -3.527512e-02 3.224884e-01 -2.842295e-01 -1.290005e-01 -2.615535e-01 3.040213e-01 -2.620001e-01 -9.864117e-02 -1.451212e-01 2.670499e-01 -2.734336e-02 2.862792e-01 8.507852e-02 -1.768856e-01 -1.240938e-01 3.216083e-02 1.976732e-01 7.262839e-02 -1.647985e-01 -6.322637e-01 6.371258e-02 1.007102e-01 1.907562e-01 3.561895e-02 -1.277171e-01 -1.576086e-01 -1.392721e-01 -7.108036e-02 4.953397e-01 -1.255102e-01
3.639264e-02 -5.113851e-02 -2.448514e-01 -1.230052e-01 1.999030e-01 9.468614e-02 6.455574e-01 1.251744e-01 -3.189245e-01 -1.432166e-01 3.290653e-01 7.332887e-02 8.914085e-02 3.440852e-01 -3.300998e-04 5.052804e-03 -2.940129e-01 -4.020721e-02 -5.858940e-01 2.823125e-01 8.734521e-02 -4.235661e-02 4.341321e-02 6.676167e-02 2.394673e-01 -6.150971e-02 -8.347354e-02 -3.445469e-01 -7.266900e-02 3.370098e-01 2.573436e-01 1.487415e-01
-1.338576e-01 3.103226e-01 -1.101737e-02 -3.640359e-01 2.965243e-01 3.499509e-01 7.554357e-02 -2.659576e-01 4.133865e-01 -8.636796e-02 -8.628882e-03 -8.953158e-02 -3.298978e-01 -1.267571e-01 -1.687181e-01 -1.839242e-02 2.950596e-02 -1.031029e-01 -1.467053e-01 1.923754e-02 1.980153e-01 5.460397e-01 -1.082452e-01 1.606122e-04 -3.221585e-01 -4.756989e-02 1.041300e-01 5.598148e-02 5.221131e-02 1.346499e-01 -5.650581e-01 1.297832e-01
1.243226e-03 -1.625816e-01 7.051071e-01 -2.947403e-01 1.109805e-01 2.412247e-01 2.437402e-01 -8.504163e-02 1.716288e-02 -1.147788e-01 -1.229591e-01 -7.978142e-02 -6.842634e-02 3.384921e-01 -4.948497e-02 4.895602e-02 6.535919e-02 3.869535e-01 -2.495432e-02 4.495010e-01 2.933024e-02 5.494630e-03 2.916332e-01 -1.180347e-01 -3.325599e-01 -4.038150e-01 9.698910e-02 1.714375e-01 -2.829444e-01 1.024307e-01 -7.654132e-02 2.521836e-01
5.645873e-01 1.437678e-01 -3.745869e-01 1.428843e-01 -2.442377e-01 -1.993733e-01 -3.825037e-01 -1.315281e-01 -5.977899e-02 1.911187e-01 1.108885e-01 5.603494e-02 4.668989e-02 -9.866828e-02 1.484304e-01 6.777328e-02 -4.671229e-02 -2.593820e-01 -1.763710e-02 -1.499620e-01 -2.075070e-01 5.398824e-02 -3.421337e-01 -5.290746e-02 4.545000e-01 4.463500e-01 -9.120982e-02 -2.580876e-01 2.404719e-01 9.280242e-03 -4.204772e-02 -2.882312e-01
2.074060e-01 5.177213e-02 -3.679107e-01 3.692619e-01 -1.376277e-01 -2.489516e-01 -1.718501e-01 -4.072560e-02 -9.513808e-02 4.378123e-01 -3.734658e-02 -2.656429e-02 -2.072632e-02 -3.560196e-01 2.381995e-01 -3.099762e-02 7.304372e-01 -6.705025e-02 -2.719084e-02 2.042544e-02 -1.496477e-01 2.751243e-02 -1.528875e-01 -8.210574e-02 4.404418e-01 -3.133111e-01 -1.942917e-01 -5.760582e-02 6.152503e-02 1.208573e-01 -2.858121e-02 -9.264519e-03
-2.521850e-01 9.676889e-02 -3.675839e-01 2.926243e-01 -1.690909e-02 5.753076e-02 3.196474e-02 -3.067710e-01 -2.663028e-01 1.158404e-01 -4.973972e-02 3.252743e-01 -1.365107e-02 -2.648669e-01 -8.565470e-02 3.022919e-01 3.620844e-01 -2.414437e-01 -1.032963e-01 2.506427e-01 -1.528521e-01 4.889708e-02 -2.615640e-01 -1.030640e-01 1.058036e-01 4.456739e-01 1.291404e-01 2.231014e-01 -1.514317e-01 2.241304e-01 -1.764649e-01 2.946253e-01
3.000747e-01 8.290653e-02 -1.479825e-01 3.659349e-01 5.964683e-01 6.317132e-02 -3.763271e-02 -6.235579e-02 -7.400443e-02 -1.058182e-01 8.882290e-02 1.610357e-01 3.584129e-01 -2.168666e-01 -5.200788e-02 -1.251534e-01 8.004998e-02 -6.733616e-02 2.429391e-01 -5.692399e-02 -1.097683e-01 -5.518818e-02 -2.505885e-01 -1.628567e-02 -8.865184e-02 -2.181069e-01 4.078013e-01 -2.116368e-01 -1.114507e-01 -5.643443e-01 -2.087744e-01 2.193304e-01
-3.159723e-01 -5.975332e-02 1.945617e-01 -4.085913e-01 -2.282808e-01 -2.999798e-02 4.747258e-01 8.840933e-04 2.983178e-01 -2.935000e-01 -3.144215e-01 3.048559e-02 -5.700746e-02 1.730005e-02 -9.244236e-02 3.051674e-03 -3.140618e-01 3.059355e-02 1.443667e-01 -3.502811e-01 -3.874294e-03 -5.412245e-02 -5.490475e-01 2.903355e-01 1.723414e-01 -2.510498e-02 -1.905752e-01 -3.625741e-01 -1.621453e-02 1.203773e-01 -2.304412e-01 -4.853886e-02
2.249270e-01 -2.002771e-01 2.298698e-01 -2.890419e-01 2.008052e-01 -1.203271e-02 -8.817650e-02 3.765043e-01 3.190312e-01 1.208524e-01 -1.970116e-01 -2.067109e-01 3.690097e-01 5.466776e-02 7.506470e-02 -3.454143e-01 -2.142793e-01 -1.578237e-01 -1.352149e-01 -2.092633e-01 7.393922e-01 -1.045541e-01 1.516192e-01 -2.465496e-01 1.852373e-02 1.051026e-01 -1.619415e-01 -1.348952e-01 9.420323e-02 -5.428096e-02 3.551678e-01 1.040413e-02
5.655269e-02 -9.161580e-02 -1.197229e-02 -2.225125e-01 1.887734e-01 -1.647736e-01 -3.076713e-01 -2.088150e-01 -1.238480e-01 6.088075e-02 4.396296e-01 1.428389e-01 5.329945e-02 -1.962880e-01 -2.856751e-01 -1.053708e-01 -2.032390e-01 1.278082e-01 7.881412e-02 2.391126e-01 1.395516e-01 -1.743641e-01 7.659212e-03 -1.986650e-02 -2.033406e-02 4.716480e-02 -1.751172e-02 -1.243387e-01 3.786518e-01 6.775457e-02 -2.390835e-01 3.925300e-01
5.227087e-01 5.146112e-02 2.175613e-01 3.447656e-01 1.829100e-01 2.983923e-01 1.922691e-03 -1.802898e-01 -2.475524e-01 1.338799e-01 3.059159e-02 -2.817473e-02 -2.152047e-01 -2.244262e-02 8.169366e-02 -1.443087e-01 3.122973e-01 1.408038e-01 1.751909e-01 3.038330e-01 9.786743e-02 -1.813529e-02 4.730156e-01 -1.609485e-01 -4.299633e-02 -2.218043e-01 4.669826e-02 2.467024e-01 6.152871e-02 -3.817368e-01 3.575038e-01 1.072129e-02
3.386728e-01 -1.695682e-02 -2.505980e-01 9.564942e-02 4.056006e-01 8.177359e-02 -2.625375e-01 -1.863249e-01 -1.691810e-01 3.770462e-01 1.029080e-01 2.251302e-01 2.616622e-01 1.649217e-01 -1.876460e-02 3.173910e-01 2.596577e-01 -3.965249e-02 2.022482e-01 -2.986851e-01 -2.344451e-01 -8.261348e-02 4.435881e-02 -1.167478e-01 -2.685528e-01 1.611492e-03 2.433746e-01 -8.407301e-02 3.523767e-02 -6.494662e-01 7.129250e-02 -7.091068e-02
3.547371e-01 -2.006555e-01 -7.376640e-02 -2.848980e-01 9.222058e-02 2.392631e-01 -3.168709e-01 2.784829e-01 1.663138e-01 1.035688e-01 3.436475e-02 2.539078e-01 4.162393e-01 2.065866e-01 1.678140e-01 -5.709093e-02 -3.568338e-01 2.569067e-01 -1.463403e-01 1.762617e-01 -3.579906e-02 1.711264e-01 4.500507e-02 -3.487007e-03 -3.470609e-01 1.610378e-01 -5.877629e-01 2.389883e-01 4.813417e-03 2.146822e-01 7.868205e-02 -1.017427e-01
-3.660514e-02 6.413914e-01 -1.034075e-01 1.624951e-01 2.618013e-01 3.865289e-02 1.632269e-01 -1.576506e-01 2.790900e-01 4.066533e-02 1.432807e-01 -8.319239e-02 1.601207e-01 5.895546e-02 -2.232583e-01 3.520370e-01 -1.852447e-01 1.325422e-01 2.510867e-01 2.167400e-01 4.338716e-01 1.712778e-01 -1.440670e-01 -1.721279e-02 -4.115835e-01 1.888563e-01 -4.760422e-01 5.821798e-02 1.856198e-01 -8.343880e-02 5.043659e-03 -1.735685e-01
-5.547667e-02 7.780036e-02 -1.969041e-01 5.672101e-02 -9.798183e-02 6.661602e-02 1.171777e-01 -2.850032e-01 5.390050e-03 5.412230e-01 -3.030341e-01 2.187150e-01 -1.043188e-01 -2.539549e-01 5.396160e-02 3.964765e-01 -1.053381e-02 -5.324855e-02 1.998754e-01 8.460662e-02 8.008851e-03 9.259804e-02 -3.114123e-01 2.310302e-01 -2.621299e-01 -9.439637e-02 -1.625042e-01 -8.168124e-02 1.300819e-02 8.619367e-02 -6.967723e-01 2.712043e-01
2.314944e-01 1.598468e-01 5.355408e-02 -6.047601e-02 1.013381e-01 8.154584e-02 -9.264331e-02 9.736808e-02 -1.133192e-01 -1.335527e-02 -3.636948e-01 3.182359e-01 4.284874e-02 1.526072e-01 6.053432e-01 -1.473350e-01 -2.586372e-01 -6.325884e-02 -1.070561e-01 3.271321e-01 3.500066e-01 -4.426718e-01 -4.914353e-02 -2.817327e-02 1.175899e-01 -2.953115e-01 2.474568e-01 -1.572359e-01 -1.152183e-01 3.237523e-03 4.504993e-02 -4.271100e-01
-1.626798e-01 4.941054e-02 -4.241268e-01 3.681238e-01 1.215395e-01 1.677744e-01 -1.886290e-01 -2.230797e-01 -2.721728e-01 1.319793e-02 4.178606e-01 7.712133e-02 -9.989937e-02 -1.907024e-01 -8.728367e-02 2.793278e-01 -5.347437e-02 -1.720151e-01 2.988041e-02 1.568458e-01 3.188276e-02 -3.092884e-01 -1.893925e-02 -4.195437e-01 -1.472466e-01 6.228442e-02 -6.170326e-02 -5.941060e-01 -2.066406e-01 -1.455691e-01 2.421838e-01 3.680005e-02
-1.177798e-01 -7.475780e-02 -2.725469e-01 -3.846120e-01 -4.809258e-02 -3.056322e-01 1.559337e-01 5.820138e-02 -1.824695e-01 1.706478e-01 6.888650e-02 2.565692e-01 4.985488e-01 -1.834258e-01 -1.300016e-01 2.345121e-01 -1.697903e-01 2.971732e-01 -5.045752e-02 -4.374112e-01 1.220077e-01 1.555499e-02 -2.783880e-02 3.296546e-01 2.469837e-01 2.509256e-01 2.129623e-01 -4.754433e-01 1.505149e-03 -6.678434e-02 -9.025513e-02 2.086029e-01
2.176951e-01 -7.669121e-02 1.889997e-01 5.346683e-01 2.551404e-01 4.003990e-01 1.151461e-02 -7.053118e-02 -2.609904e-01 6.031969e-02 2.798058e-01 2.515848e-02 -1.475470e-01 5.572900e-02 -9.365046e-03 -2.013190e-01 -2.474301e-03 -2.139091e-03 -9.619619e-02 -1.058697e-01 1.716189e-02 1.524626e-02 2.818109e-02 -1.413766e-02 -7.565541e-01 -1.765416e-01 -9.523383e-02 1.202931e-01 1.889515e-01 1.446635e-01 -4.577129e-01 1.263685e-01
3.087319e-01 4.736262e-01 -2.411941e-01 3.727685e-01 2.134616e-01 1.994061e-01 -1.239238e-01 2.131194e-01 -1.169778e-01 -1.166549e-01 2.717591e-01 -2.023159e-01 -3.633744e-02 1.393340e-01 -8.918494e-02 1.910789e-02 2.778956e-02 -6.708439e-02 1.193787e-01 -2.423811e-01 -5.147213e-02 9.361935e-02 -1.628491e-01 1.111030e-01 -7.055739e-01 -6.325930e-02 -1.237990e-01 -1.152302e-01 3.748554e-01 2.387002e-01 -1.299476e-01 1.245278e-01
7.989131e-02 -3.530228e-01 -2.667092e-02 -1.509858e-01 8.964705e-02 -3.852120e-01 2.258323e-01 1.825458e-01 2.573968e-01 1.780833e-01 2.027181e-01 4.236666e-01 -8.086324e-03 1.360130e-01 1.423718e-02 -2.857386e-01 2.346522e-01 8.670704e-03 1.004562e-01 -3.365590e-01 -9.484192e-02 2.765044e-01 -4.735185e-01 -8.989941e-03 -3.294354e-01 7.668460e-02 4.525208e-01 -2.924099e-02 -6.075379e-03 5.239750e-02 -2.314156e-01 -3.196570e-02
3.422725e-01 -4.436848e-02 -4.171855e-01 5.358159e-01 -2.835789e-01 -1.829350e-01 -2.849716e-01 -1.394341e-01 -1.126046e-02 1.305190e-01 -5.723726e-02 -1.493671e-02 1.472095e-01 -4.973648e-02 2.799255e-01 -3.994332e-02 -1.467924e-01 -1.654111e-01 6.798220e-02 -2.456886e-01 5.119795e-02 6.952814e-02 -1.712960e-01 -2.366322e-01 3.842695e-01 5.362408e-01 -1.714277e-01 -2.064326e-01 2.563543e-01 2.951995e-01 -1.736991e-01 -2.226459e-01
-4.286529e-02 -2.619259e-01 5.869592e-01 9.233844e-02 -2.211759e-01 -1.401094e-01 3.575731e-01 5.164209e-02 5.095107e-02 1.654412e-01 5.185129e-02 -8.233012e-02 -1.127430e-01 8.757959e-02 3.961290e-01 -9.265997e-02 -4.498803e-01 6.482713e-02 -5.721171e-02 -2.865322e-01 4.120683e-01 -2.567697e-01 -1.262102e-01 2.811824e-01 -4.318323e-02 3.767391e-01 1.992964e-01 4.653411e-02 -2.427637e-01 7.189025e-02 -2.528904e-02 1.917803e-01
4.338743e-01 -3.022828e-02 -1.650705e-01 -2.507634e-01 1.731890e-01 -2.757125e-01 -3.952711e-01 -1.690826e-01 6.626925e-02 -1.159882e-01 3.414612e-03 -2.373128e-01 5.519993e-02 -1.466545e-02 1.621417e-02 5.044984e-01 1.926657e-01 -4.651491e-01 1.562485e-01 -2.269994e-01 2.678552e-01 -1.476964e-01 -3.926227e-01 4.518561e-02 -4.995967e-02 2.668197e-01 3.297245e-01 -1.627426e-01 -3.091654e-01 -1.353174e-02 -1.658688e-01 -6.988142e-02
4.245859e-01 2.378235e-01 3.331869e-02 1.267954e-01 6.166534e-01 -2.998020e-04 2.267517e-01 -2.618572e-01 1.576900e-01 -4.402212e-02 1.820214e-01 1.952391e-02 3.371099e-02 -1.777444e-01 -2.798473e-01 -1.599598e-02 -2.614376e-02 -2.140721e-01 1.024902e-01 1.233964e-01 1.699859e-01 -7.823686e-02 6.755549e-02 4.332152e-02 8.545764e-02 -4.256030e-02 6.396096e-01 -2.223304e-01 -4.151010e-01 -3.657957e-01 -5.592534e-02 1.760325e-01
-1.280009e-01 7.524253e-02 6.441298e-01 -1.386601e-01 5.356702e-01 3.679764e-03 5.718582e-02 -8.799422e-02 1.095876e-01 -2.728968e-01 9.546265e-02 3.336969e-02 -9.013398e-02 -4.267562e-03 -1.532065e-01 -4.962360e-03 9.161220e-02 -3.108351e-01 1.043299e-01 -7.415131e-02 -1.708961e-01 2.442410e-01 2.362720e-01 2.104363e-01 -9.419336e-02 5.109590e-01 -7.484297e-02 -3.035556e-01 2.243615e-01 2.148603e-01 -4.349391e-02 3.096547e-01
-1.444229e-01 7.811023e-02 -2.327523e-01 -3.108307e-01 4.788950e-01 1.407067e-01 -1.163218e-01 -2.980786e-01 2.744962e-02 5.523827e-02 -2.060392e-01 -3.572344e-01 2.116369e-01 1.590472e-03 3.861623e-02 -2.349278e-01 -2.319645e-01 7.868755e-02 -9.142239e-02 -3.341960e-02 -1.063736e-01 1.232642e-01 6.460790e-02 7.825346e-01 -6.490293e-02 -1.814498e-01 1.491702e-02 -1.073406e-01 1.939522e-01 -1.067000e-01 2.358630e-01 6.996465e-02
-1.774676e-01 -8.853012e-02 3.287933e-01 -2.338074e-01 -1.221915e-01 4.303084e-02 -6.271605e-02 6.091298e-01 -6.136989e-02 -1.280435e-01 1.310131e-01 -4.932814e-02 1.098957e-02 3.708456e-01 -4.958177e-02 -2.100693e-01 -3.631990e-01 7.718288e-02 -3.616905e-03 -7.933010e-02 -1.193270e-01 -4.098579e-03 7.032047e-02 5.968489e-02 -2.698336e-01 2.958831e-01 -1.546403e-01 -5.151529e-01 4.471153e-01 -6.063271e-02 1.458226e-01 -2.184693e-01
-1.628334e-01 3.209278e-01 2.237158e-01 3.077749e-01 4.690947e-01 2.926887e-02 -5.470312e-02 -9.496425e-02 5.209308e-03 -2.547940e-02 1.558014e-01 1.260475e-01 3.424426e-01 -2.487585e-01 4.198257e-01 -1.153591e-01 3.290347e-03 1.157752e-01 6.541488e-03 -2.210789e-01 -3.676742e-02 6.707357e-01 -1.204071e-02 -2.495196e-01 2.918825e-01 1.711239e-01 1.350520e-01 -1.183491e-01 -3.007909e-01 -1.009626e-01 2.993200e-01 -9.962033e-02
1.143405e-01 -1.445012e-01 4.919752e-01 1.276062e-01 1.967774e-01 7.210832e-02 3.529459e-01 1.192789e-01 -3.690840e-01 -5.936066e-02 -1.170077e-01 -7.155020e-02 -3.078065e-01 -2.376740e-01 2.146117e-01 -2.992025e-01 1.016120e-01 3.541273e-01 5.501495e-02 3.772306e-01 2.080747e-01 1.931271e-01 1.168421e-01 4.161689e-02 3.712430e-01 5.632967e-03 -4.727641e-01 -1.237105e-01 -2.769891e-01 -2.937404e-01 5.478386e-02 8.372772e-02
-5.214199e-02 -3.727115e-02 -3.433311e-01 1.580950e-01 2.768659e-01 3.760034e-01 -3.214758e-01 2.766363e-01 -2.613999e-02 -1.962013e-01 4.080912e-01 -1.480774e-01 -6.715094e-02 3.544142e-02 2.732722e-02 -1.919424e-01 4.244230e-02 5.791476e-02 -8.866021e-02 1.881293e-02 1.108174e-01 4.043624e-03 5.151501e-02 -2.209384e-01 2.374808e-01 1.739828e-01 2.087624e-01 6.046762e-02 -2.463123e-02 -8.252237e-03 6.033232e-01 -5.334636e-01
5.997628e-02 8.386580e-02 4.016522e-01 -9.318240e-02 -6.811170e-02 -1.330634e-01 3.997643e-01 -2.669311e-01 -1.679789e-01 2.821401e-01 -4.197673e-01 2.579819e-01 2.250241e-02 -2.102564e-01 -7.443773e-02 3.482198e-02 4.167532e-03 3.810008e-01 6.627536e-03 4.119305e-02 2.960307e-01 7.922295e-02 -1.810467e-01 2.155341e-01 1.795904e-01 2.739853e-01 4.468556e-02 2.348329e-01 5.825880e-02 2.527533e-01 3.123783e-01 2.725856e-01
-2.199614e-02 1.677599e-03 -2.635430e-01 1.763337e-01 2.944449e-01 1.807060e-02 -3.141420e-02 -7.811665e-02 -2.837283e-01 2.350866e-01 3.941376e-01 1.509658e-01 3.710825e-01 1.939671e-01 8.921418e-02 4.605969e-01 -1.360049e-01 1.728508e-01 4.001232e-01 -4.640137e-01 -1.670376e-01 -2.332894e-01 1.950220e-01 -4.258193e-02 -2.392636e-01 -2.113664e-01 -1.792513e-01 -1.954250e-01 7.986670e-02 2.474118e-01 4.604441e-02 1.927708e-01
-3.534677e-01 3.325817e-01 2.123173e-01 -1.226296e-01 2.649793e-02 -5.283999e-02 -1.023353e-01 -7.937571e-03 3.067140e-01 2.842310e-01 3.418165e-01 2.317189e-04 2.399624e-01 8.579849e-02 -2.002345e-01 1.521275e-01 -3.332325e-01 -2.556564e-01 -2.568490e-01 -1.984531e-01 -2.968390e-01 1.915168e-02 -1.683163e-01 1.167818e-01 -1.080646e-02 9.559176e-02 -3.920022e-01 4.190843e-02 -6.466895e-02 2.891999e-01 -1.884419e-01 -1.192148e-01
1.672471e-01 1.782435e-01 -9.851754e-03 3.350918e-01 5.400003e-01 -5.073824e-02 5.829042e-02 -2.795609e-01 1.397804e-01 4.659478e-02 9.871096e-02 4.482105e-02 3.574580e-01 -3.698550e-01 2.836914e-01 -7.795506e-02 5.267549e-02 2.540427e-01 -1.333778e-02 -8.090304e-02 5.177405e-02 5.990608e-01 7.371072e-02 -3.481913e-02 1.871223e-01 3.694018e-01 -1.732024e-01 -2.268268e-01 -1.969074e-01 -3.974185e-02 4.472700e-01 2.867685e-02
-7.094374e-02 5.460104e-01 -2.431749e-01 1.286487e-01 2.659875e-01 -1.995852e-01 -7.050467e-02 -3.512915e-01 -8.206342e-02 -5.468927e-02 2.831015e-01 -1.547837e-01 -1.218124e-01 1.360614e-01 1.657457e-01 2.994015e-01 -3.796815e-02 6.944534e-02 6.309459e-01 1.110138e-01 -1.267388e-01 -8.898925e-03 2.492966e-02 -4.041862e-01 -5.254464e-01 4.339790e-02 5.106162e-02 -5.934531e-02 -1.917454e-02 9.881028e-02 -2.776280e-03 -1.973582e-01
3.277950e-02 2.828639e-01 -8.481218e-02 9.289442e-02 -2.135121e-01 -5.644635e-02 5.438712e-01 -2.057513e-01 -9.873229e-02 1.654962e-01 1.675861e-01 1.492256e-01 2.342172e-01 -3.430435e-01 -2.841722e-01 -2.249081e-01 1.031675e-03 -4.910286e-02 2.214727e-01 1.579594e-01 -2.707680e-01 -8.372927e-02 1.124747e-01 -1.562674e-01 9.336464e-03 3.900195e-01 4.115405e-01 4.581737e-01 4.663095e-02 -1.070780e-02 -3.657035e-01 1.377346e-01
4.786707e-01 1.045183e-01 1.163199e-01 -2.033083e-01 1.832128e-01 -4.731642e-02 -1.552967e-01 -2.268039e-01 -3.058030e-01 -1.900432e-01 -7.159143e-02 1.611459e-01 1.933401e-01 1.517987e-01 4.733931e-01 4.355032e-02 1.827471e-01 1.128735e-01 -3.079781e-01 4.785550e-02 2.416905e-01 3.186013e-01 -1.177300e-01 -1.287010e-02 -2.788981e-01 5.577961e-01 2.185842e-02 2.082396e-01 -1.516317e-01 1.804414e-01 -3.262257e-02 1.536423e-01
-2.033775e-01 3.180209e-02 4.454606e-02 -1.046616e-01 2.041135e-01 -2.429636e-01 -1.737927e-01 3.825204e-01 4.555760e-01 2.271557e-01 4.468606e-02 3.306534e-01 -5.642508e-02 -3.131435e-01 -2.627091e-01 -3.727935e-04 8.919562e-02 7.583429e-03 1.164708e-01 6.412104e-03 -7.728829e-01 2.761340e-01 -2.574821e-01 -3.355840e-01 -3.236292e-02 -9.583203e-03 1.311022e-01 -7.581402e-02 -1.754467e-01 -1.364637e-02 -9.998438e-02 -3.249127e-02
1.780147e-01 -3.646145e-02 -4.564910e-02 -1.441324e-01 -3.531068e-01 -3.830065e-02 7.421396e-02 2.279195e-01 -6.033482e-02 1.785991e-01 -2.127549e-01 -2.859053e-01 -1.902905e-01 -2.027492e-01 5.383337e-01 1.547491e-01 1.487771e-01 2.651586e-01 -8.767539e-02 -1.102852e-01 -3.091517e-01 -2.705404e-01 2.762685e-02 -1.117688e-01 -1.528115e-01 -3.003740e-01 2.306485e-01 1.882311e-01 3.925136e-02 -2.307547e-01 2.099693e-01 3.089203e-02
-1.151084e-01 3.038059e-01 1.340438e-01 -3.533324e-01 2.799583e-02 1.610630e-01 -2.058282e-01 2.631033e-01 -1.023644e-01 -1.167232e-02 -1.390020e-01 3.104566e-01 3.652054e-01 9.968533e-02 4.226647e-01 1.347225e-01 -2.474691e-02 -6.587952e-02 5.903965e-02 -6.186754e-02 4.031550e-01 -6.349485e-02 -2.386270e-01 2.391897e-02 -6.228189e-02 1.589440e-01 -2.914430e-01 5.803905e-02 -3.362868e-01 1.930115e-01 4.675505e-01 4.359683e-01
3.174451e-02 5.693886e-01 -1.645433e-01 3.125252e-02 -1.428628e-01 -2.723753e-01 1.038860e-01 9.818316e-03 4.247869e-01 -6.336250e-02 3.283564e-01 1.032479e-01 -4.292567e-02 -2.649210e-03 -1.384385e-01 3.072593e-01 1.004876e-01 1.333101e-01 -1.038200e-01 2.435941e-01 3.167907e-01 -6.640576e-02 -2.236798e-01 -2.371034e-01 -7.265738e-01 8.660490e-02 2.337116e-02 -3.749088e-02 5.797883e-02 8.861504e-02 -1.228422e-01 -8.451815e-02
-2.131643e-01 1.372961e-01 2.764323e-01 -2.969924e-02 2.313144e-02 2.817312e-01 1.457953e-01 -2.453225e-01 2.787005e-01 -3.178278e-03 -1.904062e-01 -4.845750e-02 -3.501026e-01 3.598334e-01 -1.832724e-01 -1.926055e-01 -4.210931e-01 7.928815e-02 -3.073861e-01 -2.393493e-01 2.321002e-01 2.278917e-01 8.536474e-02 -3.605337e-01 1.686562e-01 -1.133466e-02 1.979225e-02 9.593686e-02 -5.814315e-02 -2.924898e-01 -3.839683e-01 -9.966985e-02
-1.411303e-01 -1.297803e-01 1.169758e-01 -3.700719e-01 -2.009951e-01 -1.298883e-01 2.068864e-01 1.662408e-02 4.550319e-01 -3.184430e-01 -3.494234e-01 -7.279527e-02 -2.882638e-01 -2.482761e-01 -5.829038e-03 -1.637361e-01 -2.299432e-01 4.444391e-02 2.700361e-01 -1.804142e-01 -1.350548e-01 6.967407e-02 -4.153653e-01 4.696455e-01 1.814633e-01 -1.845836e-01 -1.755925e-01 -3.012362e-01 2.186161e-02 2.338625e-01 -1.211454e-01 -1.790133e-01
5.148254e-03 -2.164875e-01 -8.077550e-02 -3.356785e-01 1.718208e-01 9.072629e-02 -1.881842e-01 2.993488e-01 8.041864e-02 1.333309e-01 3.382843e-01 2.129743e-01 3.999393e-01 4.263614e-01 1.437555e-01 4.493653e-03 -3.708368e-01 2.327030e-01 -2.086734e-01 1.175205e-01 -6.236537e-03 1.782342e-01 4.431454e-03 1.447003e-01 -2.920828e-01 -1.253585e-01 -5.942683e-01 2.619030e-01 -1.299769e-01 2.421249e-01 5.783859e-02 -1.712063e-02
3.167750e-01 1.786956e-01 2.161796e-01 3.366275e-01 -1.514360e-01 -8.541992e-02 1.722852e-01 3.416955e-02 4.251103e-02 -1.623932e-02 -2.551415e-01 -1.452835e-01 5.022395e-02 -3.685374e-01 2.658013e-01 5.320902e-02 2.709991e-01 -1.353288e-01 3.170093e-01 2.045870e-02 -3.472625e-02 -7.696064e-02 -4.264903e-02 -2.801405e-01 2.615891e-01 2.100618e-01 3.441874e-01 -8.400773e-02 2.912891e-01 -3.666585e-01 -1.321890e-01 -6.117002e-03
-3.735087e-02 -2.555705e-01 1.026938e-01 1.681115e-02 2.905036e-01 -1.929904e-01 -1.634448e-01 2.088834e-01 2.768807e-01 -8.795176e-02 1.061510e-01 2.058578e-01 -4.017799e-01 5.523600e-01 1.308191e-01 2.201594e-01 4.833135e-01 -1.133010e-02 4.448317e-01 -2.022892e-01 1.500993e-01 -3.891315e-02 1.025547e-01 -8.201423e-02 5.234527e-01 3.490642e-02 1.033806e-01 -6.843695e-03 1.091572e-01 -1.923093e-01 -3.015747e-01 1.509081e-01
-6.912431e-02 1.082044e-01 2.262187e-02 -5.727524e-02 -3.923006e-01 4.049926e-02 -4.477745e-01 1.131441e-01 -3.129355e-01 -2.374313e-02 -1.210487e-01 5.596065e-01 2.730905e-01 1.738941e-01 1.119965e-01 7.753988e-03 1.709491e-01 -1.072966e-01 -4.014950e-01 -6.396318e-02 -3.296815e-02 1.810767e-01 1.781214e-01 1.042817e-01 5.898273e-02 2.827594e-01 -1.065429e-01 1.889966e-01 -4.525201e-01 -2.350963e-01 2.364956e-01 -3.480470e-01
3.897197e-01 8.077887e-02 -2.911921e-01 -1.905804e-01 2.657664e-01 9.230813e-02 -1.077248e-01 6.254511e-01 1.139450e-01 -1.337690e-01 -2.456528e-01 1.020722e-01 9.554294e-02 7.154624e-02 1.086917e-02 -5.366639e-02 -2.669546e-01 -6.427678e-01 -3.834090e-01 -1.567254e-01 -1.112532e-01 6.227265e-02 6.553531e-02 3.272071e-01 2.027327e-01 -3.302335e-02 -1.673023e-02 7.933392e-02 -4.254523e-02 -4.586309e-03 -2.197371e-01 8.639399e-02
-7.920653e-02 -2.612912e-01 -1.863129e-01 -2.063121e-01 3.706461e-01 -1.670096e-01 3.645408e-01 2.041798e-01 4.828019e-03 2.268747e-01 1.793907e-01 2.797684e-01 9.340002e-02 -3.427851e-02 9.726745e-02 1.205659e-01 -1.234361e-01 -3.664804e-02 -2.542135e-01 3.117237e-01 -5.355768e-01 3.119808e-01 -3.213775e-01 -8.601043e-02 4.066299e-02 5.820653e-02 2.155098e-01 -1.955114e-01 -2.483383e-01 5.612405e-02 1.696751e-02 2.711999e-02
-3.333176e-01 8.834376e-02 1.351199e-01 9.323496e-02 1.982795e-01 -1.124024e-01 -1.028867e-01 3.792144e-01 8.579154e-02 6.118445e-02 7.637984e-02 4.717329e-01 7.404511e-02 -3.954970e-01 -7.225939e-02 -8.873471e-02 6.485525e-03 9.451554e-02 -5.493086e-02 -1.899164e-01 2.594896e-01 3.796121e-01 9.126519e-02 -1.341278e-02 4.621755e-01 3.216415e-01 1.738752e-01 -2.521706e-01 -1.806807e-02 -3.470076e-01 3.197414e-02 -1.197019e-01
4.046290e-01 -2.566434e-01 -1.777428e-01 3.065863e-02 1.633208e-01 -1.314924e-02 -6.679439e-02 -1.981697e-01 -6.292102e-02 1.458995e-01 -1.729799e-01 3.042657e-01 -7.642999e-02 -3.200151e-01 -9.309474e-02 3.892648e-01 -2.617881e-01 -4.237918e-03 -9.319117e-02 -1.775602e-02 -1.033506e-01 -1.882322e-01 -3.429284e-03 -1.011786e-03 -8.400790e-02 3.743459e-01 4.038265e-02 -2.787537e-01 8.788425e-02 3.568684e-01 4.221247e-01 1.838219e-01
1.068246e-01 2.235984e-01 -1.313092e-01 9.826095e-02 -2.617278e-01 1.893362e-01 4.490262e-01 -3.309381e-01 -2.787634e-01 1.232482e-01 -6.819478e-02 2.462748e-02 2.828916e-01 -3.579258e-01 -2.825396e-01 -1.084190e-01 5.579498e-03 -9.794957e-02 2.360306e-01 3.757889e-01 -4.129052e-01 -1.285973e-01 4.654974e-01 -1.056894e-01 2.741172e-02 1.883190e-01 2.485874e-01 3.477116e-01 4.446986e-02 -4.983943e-02 -1.476062e-01 1.061899e-01
-2.597401e-01 -2.511768e-01 1.948470e-01 2.591529e-01 -3.642280e-01 8.066987e-02 -3.644156e-02 1.121700e-01 3.727928e-01 4.372920e-02 4.300687e-01 -2.815450e-01 -1.192867e-01 -1.366983e-01 -1.519876e-01 7.397794e-02 -2.107259e-02 -3.281549e-01 -1.027691e-01 2.067925e-02 1.299209e-03 -6.910427e-01 -2.874307e-01 -4.642555e-03 5.694232e-02 1.205886e-01 3.767247e-01 2.550089e-03 -5.648970e-03 1.555748e-02 -1.660324e-01 2.479883e-01
-2.252070e-01 -7.707797e-02 2.438098e-01 -1.958438e-01 -1.835725e-01 2.646282e-01 7.705043e-02 -2.144053e-01 -3.010209e-01 6.349549e-02 1.481619e-01 4.483265e-01 -2.524402e-01 -9.048288e-02 9.174548e-02 1.053040e-01 2.335010e-01 1.158910e-02 -3.364199e-01 -1.826700e-01 8.355314e-05 2.373921e-01 8.670558e-02 -1.331719e-01 -1.313495e-01 -2.108100e-02 1.532611e-01 1.949999e-01 6.791721e-02 7.967642e-02 -5.756775e-01 3.206556e-02
1.350111e-01 -1.074978e-02 -1.184947e-01 7.860617e-02 -2.287349e-01 2.183776e-02 3.405618e-01 1.667516e-01 -6.385287e-02 5.098872e-01 -3.579820e-01 -4.369069e-01 -1.595024e-01 -7.101424e-03 -1.834800e-02 -7.878093e-02 1.926126e-01 -4.238382e-01 1.081523e-01 -1.685338e-01 -1.774984e-02 -3.006463e-01 9.830768e-02 2.838128e-01 2.674338e-01 2.800885e-01 2.604736e-01 2.022289e-01 1.898810e-01 -1.485951e-01 2.172693e-01 1.016091e-01
4.242227e-01 -2.511643e-03 9.466339e-02 -1.773301e-01 -7.384197e-02 1.767650e-01 -1.006116e-01 3.104921e-01 -2.010070e-01 -1.849634e-01 -4.329028e-01 2.016067e-01 2.800637e-01 1.746318e-01 1.340140e-01 1.025819e-02 -2.004291e-01 -2.900944e-02 -3.533368e-01 2.793173e-01 2.350840e-01 1.546416e-02 -2.243124e-01 -1.261469e-01 -1.872494e-02 1.312460e-01 -1.111523e-01 -2.989566e-01 -3.644016e-01 -1.235923e-01 -5.113833e-02 -2.822573e-01
5.231575e-02 5.009562e-01 1.895341e-01 -3.256111e-02 6.535382e-02 2.991700e-01 8.264414e-02 -3.942192e-01 -4.046545e-01 -1.547295e-03 -4.762667e-02 -1.485827e-01 -1.112457e-01 3.640780e-01 -4.803271e-02 1.407716e-01 -6.066931e-02 1.311824e-01 5.984647e-02 -7.008034e-02 4.603038e-01 -3.788303e-01 2.849355e-01 -1.414778e-01 2.352325e-01 -2.044342e-01 -5.452597e-01 -9.061934e-02 2.002211e-01 4.502246e-02 1.023913e-01 9.876773e-02
-2.369827e-01 -8.696915e-02 3.659256e-02 -1.709961e-01 6.748681e-02 -1.358334e-01 -2.413673e-01 -1.059987e-01 -4.016148e-01 4.293811e-02 1.906753e-01 1.902750e-01 5.691564e-01 1.071748e-01 -2.236041e-01 -1.506873e-01 1.768443e-02 2.955982e-01 -1.375845e-01 -8.826032e-02 -3.335598e-02 2.240587e-01 1.754818e-01 -1.642983e-03 -2.862816e-01 2.528104e-01 -5.831028e-02 8.530322e-03 -1.488040e-02 -8.667509e-02 5.303236e-01 3.914845e-01
1.794466e-01 1.149197e-01 1.186410e-01 4.129293e-01 9.627965e-02 4.794992e-01 -2.230730e-02 -2.673670e-01 2.924771e-02 -1.926109e-01 -1.006519e-02 -3.163873e-01 -3.534020e-01 1.887556e-01 3.796198e-02 -1.266389e-01 1.819903e-01 -2.540842e-01 -6.588667e-02 4.495401e-01 -1.759111e-02 -1.208868e-01 9.480517e-02 -2.696911e-01 -3.159239e-01 -1.525728e-01 -2.152394e-01 5.299779e-01 -1.678667e-02 9.560072e-02 1.103069e-02 -8.943813e-02
1.120021e-01 -3.140201e-01 -4.706769e-02 6.002426e-03 4.192458e-01 1.579187e-01 1.843707e-01 -2.286644e-01 -3.267969e-01 -1.309060e-02 3.903214e-01 3.315356e-02 3.186656e-01 -7.251219e-02 -3.045146e-01 -1.277627e-01 -3.372255e-02 -2.618527e-01 -3.928400e-01 7.402468e-02 -2.212117e-01 2.422038e-01 2.744154e-01 -7.017256e-02 -2.656922e-02 -1.936730e-01 -7.857037e-02 2.127349e-01 2.676429e-01 -3.758468e-01 -1.635489e-02 2.874679e-01
3.682489e-01 -3.429867e-01 2.793463e-02 4.019955e-01 -1.823065e-01 1.974036e-01 -3.728175e-01 1.019573e-01 2.853081e-02 5.285636e-02 -1.590802e-01 3.106476e-02 -1.900735e-01 7.629170e-02 2.466090e-01 -3.373511e-01 1.815721e-02 -1.174322e-02 -7.399493e-01 -2.750173e-02 4.462375e-02 2.150262e-02 -2.362736e-02 1.868715e-01 2.578152e-01 -9.651403e-03 -3.782758e-02 -1.438497e-01 -1.264702e-01 -5.019792e-01 -8.384763e-02 3.648949e-02
4.177749e-02 -2.541450e-01 -3.174368e-02 1.013428e-01 -4.091067e-01 5.151165e-01 -8.857333e-03 4.730273e-01 9.453166e-02 1.640754e-01 1.662134e-01 2.661895e-01 -1.389316e-01 -1.398313e-01 -2.136728e-01 -5.898457e-02 2.223727e-02 4.937273e-02 -2.352976e-01 1.296689e-01 -4.654422e-01 1.128450e-03 3.100650e-01 3.564801e-02 -3.157668e-01 -4.462229e-01 -2.207264e-01 3.866444e-02 1.244639e-01 1.582705e-01 -5.631977e-03 -3.892437e-01
4.657224e-02 -1.504009e-01 4.511689e-02 3.828360e-01 -1.434281e-01 -3.099319e-02 1.390334e-01 2.316163e-01 4.621072e-01 2.866486e-02 1.896099e-01 -2.456447e-01 -3.761810e-01 -8.392622e-02 -2.065866e-01 -3.471107e-01 9.691840e-03 1.329980e-01 6.638489e-02 -1.687052e-01 -3.223144e-01 -1.462940e-03 1.477278e-01 7.023751e-02 1.689371e-02 -1.821333e-01 4.159244e-01 -7.083343e-03 4.609791e-01 -2.112170e-01 -9.956482e-02 -4.650876e-01
-1.017413e-01 1.871038e-01 -3.542639e-02 -3.310056e-01 2.266644e-02 -1.562700e-01 -8.736662e-02 -2.059536e-01 -5.391621e-02 -3.552457e-01 2.630106e-01 -1.884267e-01 3.728290e-01 4.185092e-01 -2.398989e-01 -4.632063e-02 -2.487493e-01 -1.556010e-01 -8.380342e-02 -1.065371e-01 7.842166e-02 -1.341187e-01 -1.274866e-01 -1.706770e-01 -4.476808e-01 -4.951867e-01 -3.876365e-01 -2.017912e-01 7.515844e-02 -1.172776e-01 1.377379e-01 -1.312046e-01
-5.300572e-02 5.645040e-01 -7.965612e-02 5.392527e-01 4.407305e-02 6.337047e-02 -5.897500e-03 -2.490581e-02 -4.056429e-01 -1.899262e-01 9.386842e-02 -1.483497e-01 -1.807317e-01 1.058274e-01 7.908728e-02 -1.875390e-03 2.159689e-01 -3.036744e-01 3.519123e-01 -3.496721e-01 3.487122e-02 3.944140e-01 -5.317133e-02 2.096791e-01 -5.010081e-02 5.560265e-02 1.723650e-01 -3.079368e-01 3.039201e-01 1.341466e-01 2.626657e-01 1.130610e-01
-1.613674e-01 -2.156708e-03 5.859326e-01 -4.444772e-01 2.462255e-02 -6.722545e-02 -1.473133e-01 2.180539e-01 1.512646e-01 -2.130976e-01 -1.633140e-01 1.430703e-02 4.237293e-02 2.522246e-01 -7.744269e-02 8.286934e-02 2.949345e-02 8.292142e-04 -4.981762e-02 -1.579670e-02 -3.976797e-01 -1.269332e-01 2.742206e-01 4.505106e-01 -7.690153e-02 -2.901219e-01 2.617760e-01 9.336997e-02 3.086858e-01 1.851207e-01 -1.848425e-01 4.728454e-02
1.114359e-01 4.023781e-02 -3.289696e-01 -2.084022e-01 -4.224698e-02 -7.557900e-02 -3.229553e-01 -2.489201e-01 3.247394e-01 1.190176e-01 1.820571e-01 -1.631985e-01 3.076215e-01 3.908306e-01 -2.367142e-01 2.925175e-01 -3.790082e-02 -2.402172e-01 -2.777375e-01 -1.309291e-01 -5.406385e-03 -2.953675e-01 -1.245955e-01 -2.368846e-02 -5.874562e-01 -1.286514e-01 3.214057e-01 1.030711e-01 2.704948e-01 2.278109e-01 -9.321982e-02 -1.188951e-01
5.467662e-01 -4.072463e-01 -1.466220e-01 -2.524315e-02 9.351483e-02 9.661732e-02 4.782908e-02 2.333011e-02 -3.414460e-01 -2.551553e-01 -1.962162e-01 4.810157e-02 -6.616194e-02 -3.731180e-02 1.918440e-01 -1.511978e-01 3.314451e-01 1.099712e-01 -2.803256e-02 1.566282e-01 2.850605e-01 2.701296e-02 3.372647e-01 -1.766740e-01 9.376422e-03 -3.446806e-04 4.619955e-01 -8.004337e-02 7.502334e-02 -3.673177e-01 1.856057e-01 1.180671e-01
-4.572269e-03 7.668873e-01 1.410751e-01 1.407897e-01 3.028480e-01 5.700432e-02 -1.530664e-01 4.215307e-02 -9.708224e-02 1.902386e-01 6.576179e-02 1.446601e-01 2.078966e-01 -1.216099e-01 1.422557e-01 1.328357e-01 4.698128e-03 3.191368e-01 2.523332e-02 -6.020754e-02 -1.485901e-01 6.719825e-01 2.012923e-01 -2.025793e-02 8.326024e-02 -1.606176e-01 -6.847543e-02 -8.382744e-02 -2.660407e-02 -1.411679e-02 3.849024e-01 -3.203841e-01
1.942899e-01 1.980590e-01 2.102146e-01 -3.305003e-01 -8.725987e-02 9.036085e-02 -1.758088e-01 2.101763e-01 1.128815e-01 -2.566348e-01 -2.964939e-01 3.249342e-01 1.290730e-01 6.240905e-02 4.639426e-01 1.816831e-01 -1.918367e-01 -2.478647e-01 -4.994352e-02 3.113445e-01 4.070285e-01 -4.453518e-01 1.804025e-01 9.739110e-02 -3.266372e-02 -1.562065e-01 3.126800e-01 -2.704450e-03 -7.584028e-02 9.769126e-02 1.203550e-01 -3.703872e-01
-3.032787e-01 -1.764822e-01 2.722505e-01 -1.859342e-01 2.391632e-02 7.788268e-02 -8.066098e-02 1.004326e-01 -3.660120e-01 1.536482e-01 2.806407e-01 4.540853e-01 -1.542279e-01 -8.324784e-02 3.694814e-01 2.181307e-01 3.095996e-01 4.431554e-02 -2.015311e-01 6.552199e-03 -5.319326e-01 2.509824e-02 2.373491e-01 -1.612497e-01 -1.601685e-01 1.612366e-01 2.167854e-01 3.751977e-01 1.991154e-01 2.812477e-02 -3.447544e-01 -7.653378e-02
-2.230117e-01 -2.641870e-02 4.524502e-01 5.648530e-02 2.026598e-01 7.870305e-02 3.677247e-01 -8.211361e-02 -2.985732e-01 -4.340154e-02 -2.867370e-01 1.334313e-01 -1.824900e-01 -7.342036e-02 3.001526e-01 -3.560468e-01 -1.564872e-01 2.169504e-01 -5.534226e-03 8.206680e-02 -1.443560e-01 1.992256e-01 2.838806e-01 -2.844897e-01 -1.316669e-02 -3.735248e-01 -7.015387e-02 5.370389e-01 1.962919e-01 -1.078771e-01 2.106966e-01 3.713594e-01
-2.254188e-01 7.364568e-02 4.118230e-02 1.329139e-01 -1.868231e-01 2.458134e-01 5.558382e-01 1.619020e-01 2.635970e-02 7.402162e-02 -2.406721e-01 1.130878e-01 -1.518631e-02 -2.874629e-01 -5.783611e-02 -4.796320e-01 8.020172e-02 9.430204e-03 6.891203e-01 -2.276078e-01 -1.964228e-01 -3.445074e-02 8.783083e-02 1.297545e-02 3.671196e-01 3.700265e-01 -7.759660e-03 -5.053115e-02 -1.018097e-01 -1.021058e-02 7.693589e-02 6.422824e-02
-2.035022e-01 -9.233953e-02 -4.382838e-02 -1.202884e-01 -5.309550e-02 -4.243030e-01 -8.041663e-02 -8.442711e-02 3.219561e-01 -2.079683e-01 5.352175e-01 1.949545e-02 -7.885157e-02 -3.604089e-01 -1.691365e-01 5.167445e-02 -5.158297e-01 5.071331e-02 1.590007e-01 -4.171189e-02 -5.371191e-02 1.962760e-02 -2.120387e-01 5.834762e-01 3.087522e-02 -1.786116e-01 -7.082245e-02 -1.591172e-01 -3.797228e-02 3.132090e-01 -1.715613e-01 7.970573e-02
-3.126946e-01 -1.716974e-01 4.940712e-01 -3.022915e-01 2.333272e-01 2.642485e-01 1.354249e-01 1.275555e-01 1.864051e-02 -6.331490e-02 -8.489765e-02 -3.109418e-01 9.109446e-02 2.789664e-01 -1.601806e-02 -3.715213e-02 1.732724e-01 2.606700e-01 -1.831840e-01 2.971593e-01 1.770409e-03 9.834801e-02 4.675737e-01 -6.952007e-03 -1.930688e-01 -4.168800e-01 2.092651e-01 3.687103e-01 -1.791739e-02 1.639890e-01 -6.294276e-02 2.419145e-01
5.905999e-02 -1.775760e-01 1.578664e-01 1.488195e-01 -4.060091e-01 3.697747e-01 -3.118633e-01 -7.645682e-02 -5.994211e-03 -3.301166e-02 2.096640e-02 -3.942654e-03 -6.649278e-02 1.898756e-01 4.576783e-01 2.341478e-01 2.736796e-01 -4.300088e-01 3.665099e-02 7.757830e-02 -5.056617e-03 -6.153293e-01 -2.676995e-01 1.308914e-01 -1.538621e-02 -1.637928e-01 -2.984559e-02 -4.139850e-02 1.968637e-04 -9.103315e-02 2.067383e-01 -1.645120e-01
-1.449781e-01 -1.900550e-01 5.857546e-01 2.116370e-01 -3.716632e-02 1.179884e-01 3.117523e-01 -8.962579e-02 7.981365e-02 -1.708133e-01 -2.757482e-01 6.048139e-02 -7.840876e-02 1.856103e-01 3.951133e-01 -4.251557e-02 -6.756306e-02 3.805325e-01 1.453733e-01 1.893227e-01 1.481766e-01 1.982973e-02 4.001758e-01 -2.540142e-01 -2.604035e-01 -2.601560e-01 -2.856358e-02 -8.033974e-02 -4.564334e-01 9.719469e-02 -3.349346e-01 3.130618e-02
-8.443844e-02 -2.112920e-01 3.488841e-02 -1.912591e-01 9.932242e-02 1.820173e-01 -4.157541e-01 -6.432230e-02 -7.473794e-02 -1.264325e-01 5.959073e-01 1.320948e-01 6.829599e-02 2.439171e-01 -1.425933e-01 1.594834e-02 -8.173796e-04 -3.103001e-02 -6.624404e-04 6.857072e-02 -1.870136e-01 -3.662302e-01 1.044056e-01 4.169289e-02 -1.660290e-01 -2.870895e-01 3.356464e-01 -4.858938e-01 -2.128025e-01 -1.703092e-01 -3.132977e-01 -1.493073e-01
7.263683e-02 -5.116261e-02 6.564830e-02 2.977037e-01 -2.979795e-01 -3.173658e-01 4.236922e-01 -2.191131e-01 7.186534e-02 1.344490e-01 -2.641143e-01 -9.759394e-02 1.592911e-01 -2.120028e-01 3.446005e-01 -1.103496e-01 -4.028817e-02 1.047616e-01 3.116071e-01 1.359455e-02 -1.435031e-01 5.250091e-03 -1.114170e-01 7.878756e-02 -3.362833e-01 6.314237e-02 6.578998e-02 -3.065215e-01 1.196057e-01 1.866493e-01 -2.080724e-01 6.662461e-01
-1.308625e-01 2.413201e-01 -2.653441e-01 5.994077e-01 1.396301e-01 -6.327353e-02 2.136600e-01 4.653251e-04 -3.053763e-01 -1.750698e-01 -1.998302e-02 -1.683142e-01 -1.837520e-01 -2.219844e-01 8.893843e-02 -5.714840e-02 1.377075e-01 2.421680e-02 6.275445e-01 -2.057275e-01 6.091096e-02 3.828249e-02 -1.088407e-01 -3.650340e-02 -1.889847e-01 -2.607453e-02 1.606561e-01 6.799226e-03 1.408122e-01 1.758273e-01 4.049088e-01 1.751584e-02
5.863588e-01 2.160131e-01 7.168919e-02 -4.255566e-01 -3.060614e-01 -2.236193e-02 -1.289106e-01 3.678910e-02 1.926266e-01 -1.553321e-02 -2.327403e-01 2.826911e-02 1.074541e-01 -1.309368e-01 -1.329193e-01 1.304286e-01 -2.566708e-01 5.578120e-03 -1.971431e-01 5.911028e-02 2.551391e-01 -2.202012e-02 1.644872e-01 1.013258e-01 3.025513e-01 7.057748e-02 -6.819487e-01 3.371480e-02 -1.119801e-02 6.349368e-02 7.853918e-03 1.179805e-01
1.732825e-02 6.078113e-03 7.130002e-01 -1.013575e-01 1.203118e-01 -2.327566e-01 1.190221e-01 1.758858e-01 1.189178e-01 -1.598009e-01 -4.527186e-01 -1.137175e-01 1.026892e-01 3.272873e-02 -5.143674e-02 -6.936584e-02 -7.645106e-03 2.166800e-01 -9.147014e-02 -1.146465e-01 4.915005e-02 3.898298e-01 1.791342e-01 6.258203e-01 8.786474e-02 -2.555244e-02 4.224579e-02 2.858527e-01 2.324926e-01 7.195053e-02 -2.834975e-01 -5.403897e-02
-5.487808e-02 8.431295e-02 -1.660749e-01 2.809334e-01 3.360617e-01 2.043631e-01 -9.388229e-02 -1.058788e-01 -3.746777e-01 8.891848e-02 4.600202e-01 1.955141e-01 2.660275e-01 1.765554e-01 1.202228e-02 2.911994e-01 -1.314353e-01 3.339855e-02 9.026426e-02 -4.731691e-01 -8.859927e-02 -3.588150e-01 1.445802e-01 1.094260e-01 -5.255484e-01 -9.495932e-02 -1.135453e-01 -2.139259e-01 -4.546481e-02 1.139601e-01 1.261573e-01 2.674858e-01
-2.668500e-01 2.484010e-01 2.010847e-01 -6.201141e-03 2.783588e-01 3.159910e-02 -1.259108e-01 -2.705449e-01 1.066669e-01 -2.994139e-01 3.701102e-01 2.981045e-01 2.017144e-01 -1.556838e-01 3.461049e-01 2.353503e-01 -2.213162e-01 1.747255e-01 -1.780190e-01 -2.675984e-02 1.677176e-01 3.064534e-01 1.853477e-03 -3.935897e-01 -4.440780e-01 -2.446790e-01 -8.489461e-02 -2.290874e-01 -2.265704e-01 2.565387e-01 -6.185417e-02 7.776650e-02
-7.268906e-02 -2.347364e-01 1.434387e-01 -3.690415e-01 2.326695e-02 1.845624e-01 -2.628615e-01 2.668699e-01 -2.498181e-02 -1.267955e-01 3.212908e-01 2.959321e-01 3.691639e-01 3.139209e-01 1.582438e-01 -4.482397e-03 -2.718057e-02 -9.318770e-02 -2.603598e-02 2.120213e-01 2.497768e-01 -2.787799e-01 3.010018e-01 1.673432e-01 -5.838481e-01 -4.474100e-02 3.686245e-02 -2.322379e-01 -1.940470e-01 -1.988726e-01 6.659463e-02 1.803705e-03
-1.025518e-02 1.795198e-01 -2.042449e-01 2.026198e-01 2.732150e-01 7.462964e-02 6.051144e-01 -5.465373e-02 2.795922e-01 2.809071e-02 1.976874e-02 -3.694356e-01 -2.693213e-01 -1.657511e-01 -1.987154e-01 -5.716749e-02 -2.200018e-01 2.464418e-01 1.775061e-01 1.850270e-02 -1.182845e-01 -2.815895e-01 -2.534550e-01 -8.121773e-02 -3.521843e-01 -3.056071e-01 1.049538e-01 -1.915724e-01 3.763610e-01 2.802981e-01 1.762028e-01 2.101136e-01
-2.971550e-01 -2.067560e-01 3.717692e-01 -2.438654e-01 -6.228385e-02 2.155510e-01 1.675183e-01 1.134508e-01 -1.927840e-01 1.115586e-01 2.715708e-01 1.515703e-01 -3.189587e-01 4.009520e-01 4.145258e-02 -1.479544e-01 -2.170965e-01 -1.084997e-02 -3.904716e-01 -5.385494e-01 6.562272e-03 -7.021453e-03 2.463056e-01 2.208338e-02 5.163839e-01 1.834558e-02 2.239265e-01 -1.421625e-01 -2.139382e-02 -2.418193e-02 1.736286e-02 -6.033065e-02
6.161702e-02 3.119298e-01 -1.092522e-01 -2.234926e-01 -2.935167e-01 1.231904e-01 6.508614e-02 -2.940721e-02 9.073309e-02 1.385079e-01 1.604276e-01 -3.165121e-01 3.105568e-01 1.498350e-01 4.661145e-01 -2.474324e-01 1.986728e-01 1.577739e-01 -3.775753e-02 3.368495e-02 5.594395e-01 4.361791e-01 -1.274676e-01 6.070990e-02 2.089190e-01 1.281608e-02 2.692300e-02 -1.706088e-01 -1.168566e-01 1.060875e-01 -3.822538e-01 2.863752e-02
-4.148161e-02 -1.560780e-01 -1.580707e-01 1.144529e-01 7.928159e-03 4.736195e-02 -3.524448e-01 -6.668162e-02 7.321450e-02 -2.496613e-01 7.041428e-01 4.089335e-02 5.346090e-02 6.302361e-02 -8.435266e-02 1.339813e-01 -1.233633e-02 -1.586973e-01 2.456861e-03 4.339788e-02 -1.545638e-01 -2.711854e-01 1.428887e-01 -1.747350e-01 2.131579e-02 -2.328667e-01 8.719476e-02 -5.347507e-01 -2.854649e-01 -2.565824e-01 -1.253367e-01 -2.873867e-01
-9.683203e-02 5.324932e-01 -1.160673e-01 1.930582e-02 -2.119751e-01 2.497321e-01 -2.614834e-02 -2.607858e-01 -4.279847e-01 -1.543324e-01 -1.153371e-01 -8.266545e-02 2.681789e-01 -2.512152e-01 -2.247646e-01 -9.331652e-02 -1.718339e-01 4.192664e-02 1.562396e-01 3.603418e-01 -1.488583e-01 -6.115510e-02 6.125050e-01 1.997765e-02 3.173059e-01 -1.980031e-03 -4.774086e-01 1.961539e-02 3.206345e-02 7.660058e-02 8.471349e-02 -1.785167e-02
6.396936e-01 3.450130e-01 -5.268130e-02 -9.052014e-02 1.112949e-01 -2.054666e-01 -8.421125e-02 -1.678818e-02 -1.068500e-01 -5.402335e-03 2.007766e-02 3.095732e-01 8.134644e-03 -1.729567e-01 -2.624346e-01 1.568382e-01 1.989802e-01 -2.922066e-01 -4.096876e-02 -1.949576e-03 -4.538353e-02 -6.912097e-02 -6.123109e-01 1.767601e-01 1.179588e-01 3.867113e-01 -1.300488e-01 -3.171729e-01 1.684660e-01 -4.859457e-02 2.735603e-01 -7.811023e-02
5.089128e-01 -7.011634e-02 3.597645e-01 5.593720e-02 9.500082e-02 6.627935e-02 -1.667229e-01 2.259142e-01 -1.565638e-01 2.835553e-01 -4.324675e-03 -1.966196e-01 -1.326023e-01 2.799795e-01 -2.025348e-01 1.895701e-02 3.377323e-01 -1.428374e-01 -1.157402e-01 -9.724496e-02 8.244103e-02 2.476038e-02 1.680050e-04 -1.201370e-01 1.199691e-01 5.659983e-04 -7.447837e-02 2.738059e-01 1.366372e-01 1.546121e-01 1.258128e-01 -6.824964e-01
-9.582216e-02 -1.767585e-01 3.609826e-02 -2.650622e-01 2.936815e-01 1.565360e-01 -3.589231e-01 2.141565e-01 -1.856784e-01 -2.454354e-01 2.767614e-01 1.872390e-01 7.933751e-05 4.225953e-01 -1.631778e-01 -1.194505e-01 6.656490e-03 -2.196125e-01 1.099779e-02 -1.142306e-03 -1.547351e-01 -3.516214e-01 8.641109e-02 2.133176e-01 -4.152178e-01 -1.873752e-01 3.826362e-01 -2.269421e-01 -2.632761e-02 -1.794047e-01 -4.108984e-01 -2.440660e-02
4.709561e-01 1.199195e-01 -3.239412e-01 -1.163912e-01 3.527103e-01 9.310881e-02 -1.900987e-01 -1.979880e-01 -2.531322e-01 -2.462489e-01 -1.552721e-01 3.547769e-01 1.089652e-01 8.715965e-02 1.857997e-02 -1.446305e-02 3.068877e-01 -5.116411e-02 4.392347e-02 2.632153e-01 3.537122e-03 -1.029074e-01 -5.621286e-02 -1.848875e-01 4.481071e-01 -6.377687e-02 9.559208e-02 -4.645325e-01 2.234676e-01 -3.035734e-01 -4.229502e-02 2.341827e-01
-3.310253e-02 1.458660e-01 -1.546229e-01 1.920322e-01 6.587463e-01 9.008513e-02 -9.619536e-02 -4.971675e-02 -2.229355e-01 1.709384e-01 -1.068005e-01 -7.658810e-02 3.614815e-01 -1.173501e-01 1.284314e-01 -1.571695e-01 -1.822681e-01 -6.917542e-01 -2.678496e-01 2.072393e-02 9.021981e-02 -1.453658e-01 -4.713941e-02 1.035759e-01 1.522967e-01 -3.524559e-02 2.286806e-01 1.263837e-01 4.013399e-02 -3.601972e-01 1.229995e-01 1.075882e-01
-1.304171e-01 -1.470881e-01 1.300171e-01 -1.731309e-01 3.428737e-01 -2.115566e-01 -3.177293e-01 3.089170e-01 2.203028e-01 -2.402834e-01 6.105875e-02 5.724440e-02 -2.808837e-01 4.283172e-01 2.898032e-01 1.553435e-01 2.697848e-03 1.429661e-01 -2.009276e-01 -3.128284e-01 2.861016e-01 1.915616e-01 -4.309175e-01 1.491214e-01 -4.061664e-02 -1.609055e-01 -4.568373e-01 -3.618345e-01 -3.705088e-02 1.229553e-01 1.758213e-01 -1.135466e-01
1.624129e-01 -1.152014e-01 -1.265538e-01 -9.320171e-02 3.759250e-01 -4.419912e-02 -3.257110e-01 -1.302083e-01 -2.296044e-01 2.147025e-03 4.868118e-01 -2.045427e-01 1.016911e-03 -2.158742e-01 1.056010e-01 -1.070725e-01 -2.176280e-01 2.298576e-01 4.695854e-02 2.090410e-01 -2.241400e-02 -2.699746e-01 -6.240801e-02 -6.762127e-02 -2.286980e-01 -2.427718e-01 -1.265381e-01 -3.299950e-01 1.894768e-01 1.517944e-02 -3.407010e-02 5.371306e-01
3.240801e-01 -1.099564e-01 7.956727e-02 -1.856272e-01 6.590018e-02 3.950557e-03 -3.227460e-01 -2.190406e-01 5.553067e-02 -1.367112e-01 5.162529e-01 -1.678361e-02 2.955629e-01 2.497711e-01 4.067340e-02 -8.308926e-02 -7.612679e-02 -3.510293e-01 1.104227e-01 -1.320264e-01 1.844998e-01 -1.466450e-01 3.686016e-01 5.207814e-02 -4.694168e-02 -1.637835e-01 9.644796e-02 -2.102201e-01 -2.310982e-01 -1.416210e-02 5.712489e-01 -1.574244e-01
1.897025e-01 1.187939e-01 -2.213123e-01 3.252617e-01 2.379736e-01 1.442384e-01 -8.860326e-02 5.767095e-02 -3.856013e-01 3.961301e-01 4.152044e-01 4.495333e-02 2.989424e-01 1.141725e-01 7.745612e-03 7.372694e-02 -2.007769e-01 -5.534324e-02 -1.377697e-01 -1.932597e-01 1.164927e-01 1.930651e-01 -7.334177e-02 3.628758e-03 -7.744918e-01 -2.018584e-01 -4.314865e-02 2.409202e-03 2.092048e-01 1.194672e-01 -1.522900e-01 1.085411e-01
4.112617e-02 5.122635e-01 -2.245930e-01 -1.216199e-01 -6.747217e-02 2.095096e-01 8.909792e-02 -4.021052e-01 2.681937e-01 -8.923969e-02 -8.761906e-02 -5.340083e-02 -3.225048e-02 -3.968150e-01 -1.318410e-01 3.377820e-02 -9.846882e-02 5.591849e-02 9.275134e-02 -1.897978e-01 1.539288e-01 5.298868e-02 1.635017e-01 -2.903318e-01 1.398526e-02 3.094972e-02 -9.030318e-02 4.977766e-01 -6.192169e-01 -2.918955e-03 -6.725268e-02 2.048448e-01
7.896645e-02 3.889263e-02 -5.686380e-03 -7.468440e-02 5.676690e-01 -3.783929e-02 1.538346e-01 -1.669923e-01 1.594482e-01 -5.787561e-02 1.862207e-01 2.429462e-01 1.216528e-01 2.141523e-01 -5.103719e-01 -3.698805e-02 5.535301e-02 -4.593150e-01 1.063758e-02 -8.247609e-02 1.228619e-02 -2.166368e-04 -1.039419e-01 -2.165597e-01 2.555842e-02 8.534977e-02 -2.835634e-01 1.426323e-01 2.784002e-03 2.400346e-01 -1.127673e-01 -4.411206e-01
3.494086e-01 2.487819e-02 -1.659246e-01 2.427654e-01 -1.424446e-01 -1.572158e-01 4.154798e-01 -8.802909e-02 -8.327225e-02 1.536590e-01 -2.231505e-01 -1.319588e-02 7.392731e-02 -3.147830e-01 2.171475e-01 -1.344956e-01 9.980846e-03 1.429107e-01 1.412480e-02 -1.460657e-02 2.785973e-01 4.192569e-01 -2.855675e-01 -4.250069e-02 2.904394e-01 3.362314e-01 -3.022040e-01 3.171724e-01 -7.302895e-02 -4.206675e-02 1.511217e-01 -7.082099e-02
1.479434e-01 -2.939132e-01 3.659040e-01 2.285294e-01 -8.598042e-02 -1.731728e-01 3.739653e-01 2.585562e-01 1.357387e-01 3.302152e-01 3.522590e-02 2.084953e-01 -1.397529e-01 1.811522e-01 1.342771e-01 1.730042e-01 3.887624e-01 -2.288012e-01 -1.191076e-01 -2.873060e-01 2.443725e-02 1.842576e-01 -5.061156e-01 5.658383e-02 -1.728833e-01 4.630697e-02 4.542294e-01 7.724060e-03 -4.328249e-02 -1.076565e-01 -1.171045e-01 1.271644e-01
1.483612e-02 2.342989e-01 1.797948e-01 -1.670643e-01 6.278925e-02 3.368320e-01 -2.088514e-01 6.128474e-02 -2.032163e-02 9.702833e-02 -1.943848e-01 2.785175e-01 3.917897e-01 2.005101e-01 4.049917e-01 2.407300e-01 -1.237629e-01 -2.555803e-01 -1.134321e-02 3.475231e-01 2.637631e-01 -3.333777e-01 1.325979e-01 1.484363e-01 -7.677201e-02 -4.759352e-01 9.258857e-02 -1.163162e-01 -9.333607e-02 -3.075576e-01 1.642001e-01 -1.695817e-01
2.830365e-01 -2.477540e-02 -1.158743e-01 4.861576e-01 4.109782e-01 1.633709e-01 -8.444604e-02 7.051905e-03 -3.232693e-01 1.941882e-01 3.439618e-01 4.055597e-02 1.680922e-01 1.400885e-01 -6.525517e-02 -1.917071e-01 -4.225433e-02 -1.481231e-02 -1.812659e-01 -8.243276e-02 8.897665e-02 6.333996e-02 1.480113e-02 -4.813492e-02 -6.286508e-01 -4.329383e-01 -1.046724e-01 -3.297680e-02 1.938963e-01 1.141913e-01 -4.646678e-01 9.870721e-02
-2.412824e-02 4.043553e-01 2.364175e-01 1.066649e-01 8.316673e-02 -3.712346e-02 -3.162131e-01 2.379565e-01 2.401899e-01 3.638618e-01 2.494143e-01 -2.439993e-01 7.134967e-02 -1.077370e-01 -1.436060e-01 -1.186338e-01 -4.724068e-02 -7.280008e-02 -1.493165e-02 2.969880e-01 8.131719e-02 -1.291857e-02 1.162458e-01 6.058154e-02 2.983548e-01 -1.551840e-02 3.225010e-01 -5.180549e-02 -3.155962e-01 1.068018e-01 4.231596e-01 3.578950e-01
3.467776e-01 2.000999e-01 -2.650691e-01 -2.217165e-01 6.193440e-02 -1.129369e-01 -5.066619e-02 -5.929859e-02 2.385933e-01 3.809692e-01 -9.349220e-02 -9.994847e-02 9.163060e-02 -1.501814e-04 -8.582383e-02 4.824037e-01 5.635695e-02 -2.953048e-02 8.228809e-02 2.718574e-01 1.550487e-01 4.744182e-02 -1.095004e-01 1.211583e-01 2.504320e-01 -6.452759e-02 -3.507724e-01 3.644939e-01 1.494507e-01 1.266682e-01 -4.482021e-01 -7.259250e-02
-1.160343e-01 -1.873377e-02 5.592842e-01 -2.019049e-01 -2.429138e-01 1.306210e-02 4.257937e-02 -1.753391e-01 3.908995e-01 -3.592297e-01 -2.358589e-01 3.786961e-02 -6.913818e-02 -1.447220e-01 -1.562441e-01 -2.204063e-02 2.813623e-01 7.419591e-02 -3.022911e-01 5.564697e-02 -1.433973e-02 -6.667465e-03 8.483605e-02 6.896796e-02 -2.852130e-01 -1.351923e-01 -7.014028e-01 -1.226934e-01 -1.806242e-01 2.218740e-01 -1.545756e-02 -3.527103e-02
-1.213944e-01 1.549544e-01 3.528950e-01 4.345939e-02 1.448941e-01 2.307014e-02 2.924874e-01 7.086743e-02 -3.548067e-01 -5.059232e-02 -5.211237e-02 3.140278e-01 -2.035265e-01 9.570912e-02 1.792868e-01 -2.854629e-01 -2.489226e-01 1.856148e-01 -1.985973e-01 -2.721696e-01 -3.392742e-01 3.167895e-01 3.021726e-01 -2.185607e-01 -2.476189e-03 -4.695018e-02 -1.389177e-02 -2.855603e-01 -2.701023e-01 2.088480e-01 1.868981e-01 -5.362616e-02
-1.524105e-01 3.722503e-01 -1.592684e-01 -3.064407e-01 4.081162e-01 2.949932e-01 8.119212e-02 -9.300090e-02 4.804350e-01 -1.005175e-01 -1.771836e-01 -5.107331e-02 -7.634670e-02 -2.149590e-01 -1.603889e-01 -5.928523e-02 2.064446e-01 -2.140444e-01 4.738646e-02 2.647908e-01 2.235570e-01 5.908965e-01 4.935195e-02 1.926844e-01 -2.223808e-01 1.786974e-02 -1.575758e-01 -1.396998e-01 2.273385e-01 -1.130049e-02 -1.016247e-01 9.792946e-02
1.054777e-01 5.288026e-01 -1.450757e-01 5.208817e-01 9.306131e-02 9.378616e-02 -1.394618e-01 1.818077e-02 -3.537041e-01 1.326338e-01 2.418347e-01 -1.334272e-01 1.664537e-01 1.773076e-01 -1.269136e-01 1.243956e-01 -2.303710e-01 -8.355644e-02 -1.457880e-02 -3.490300e-01 -9.251073e-03 -2.948347e-02 -9.811378e-02 4.519762e-03 -6.159284e-01 -2.186033e-01 -6.612847e-02 -2.067460e-01 2.265097e-01 2.204531e-01 -3.393777e-01 -2.188610e-01
1.645432e-01 -3.751373e-01 4.091632e-02 -3.374938e-01 1.465743e-01 1.816314e-03 -2.413218e-01 3.270980e-03 2.475470e-01 -2.676142e-01 1.203327e-01 5.081274e-01 7.640062e-02 1.314113e-01 -1.799011e-01 -2.056293e-01 -3.025020e-01 2.971455e-01 -3.724768e-01 -1.571727e-01 -4.302152e-02 3.527643e-02 6.927562e-02 2.808385e-01 -1.232022e-01 5.745862e-02 -6.151416e-01 1.391076e-01 8.882364e-03 -9.153791e-02 -9.480096e-02 1.590856e-01
2.872798e-02 4.755417e-02 3.084652e-02 5.235259e-01 1.381246e-01 -2.501881e-02 4.338844e-01 -1.647196e-01 -3.689314e-02 4.836933e-03 -3.703737e-01 -2.748177e-01 -1.791484e-01 -3.741710e-01 -9.695621e-03 7.082505e-02 -3.892399e-02 8.045479e-02 -4.848921e-02 1.905939e-01 -4.427894e-01 -5.414852e-02 2.263191e-01 -8.533423e-03 1.985816e-02 -1.409034e-01 3.591914e-01 -5.263120e-02 1.208621e-01 -2.872618e-01 -5.890630e-01 -2.659765e-01
1.726292e-02 -2.478101e-01 5.872760e-01 4.512103e-02 -1.687109e-02 1.051585e-01 2.804870e-01 -1.190425e-01 1.828849e-01 -1.723807e-01 -2.774636e-02 5.620260e-02 -1.943471e-01 2.711355e-01 4.202438e-01 -6.758045e-02 -4.899871e-01 3.214797e-02 -1.707792e-01 -2.972297e-02 2.289808e-01 -1.834982e-01 3.580198e-03 4.038731e-01 -3.631316e-01 3.339736e-01 3.038789e-01 -3.207307e-02 -1.764641e-01 5.148966e-02 -3.008743e-02 8.502183e-03
1.197726e-01 -1.383782e-01 1.878479e-01 -3.175067e-01 -3.051480e-01 -1.280152e-01 2.184927e-02 1.919017e-01 3.909064e-01 -5.784078e-02 -3.647909e-01 -1.444841e-01 -1.876161e-01 -2.010042e-01 2.220544e-02 -2.885281e-01 1.581762e-01 -6.685743e-02 -6.092878e-02 4.046098e-01 1.080133e-01 3.817908e-01 -7.345977e-02 -1.175627e-01 5.845868e-01 8.330006e-02 3.957000e-03 1.838685e-01 -7.313015e-02 -9.568628e-02 -5.541797e-02 -1.786883e-01
1.291845e-01 2.431434e-01 6.840998e-02 4.383213e-01 8.936207e-02 4.959995e-02 3.936982e-01 -1.242187e-01 -1.996206e-02 1.704803e-01 -3.970422e-01 -1.454285e-01 -3.398284e-02 -3.852276e-01 2.446772e-01 1.175164e-01 7.228551e-02 2.513318e-01 -2.680572e-01 -2.642115e-01 -2.090694e-01 1.622135e-01 -3.164175e-01 -2.173506e-01 3.626435e-01 1.137114e-01 -1.570320e-01 1.359313e-01 -9.261827e-02 4.043022e-01 4.458447e-02 1.581749e-01
-3.124849e-01 6.392762e-02 4.733403e-01 -1.272057e-01 4.052459e-02 -1.809016e-01 3.061211e-01 -3.215059e-02 4.375560e-03 -2.702594e-01 3.907981e-01 8.516187e-02 1.090321e-02 4.052554e-01 8.409237e-03 -2.262162e-02 1.809957e-01 9.049048e-03 5.286187e-02 -6.625598e-02 1.566669e-01 1.853788e-01 -1.062198e-01 -3.006549e-01 -1.556742e-01 -4.338663e-01 -5.751059e-01 -3.664798e-02 -1.535679e-02 -3.271906e-01 -7.468471e-02 -2.104033e-01
3.105620e-02 -5.109182e-02 3.755831e-01 1.249752e-01 1.141075e-01 2.446968e-02 4.214724e-01 1.760441e-02 -2.524399e-01 2.241799e-01 -3.788013e-01 -3.822944e-02 -1.641808e-01 -2.886601e-01 2.738299e-01 -3.493687e-01 1.315120e-01 3.172351e-01 1.735603e-01 2.963608e-01 2.344364e-01 2.474166e-01 6.167836e-02 2.848578e-02 6.280182e-01 -3.510324e-03 -1.880940e-01 -1.773339e-01 -2.641375e-01 -2.046697e-01 2.052266e-03 -9.199961e-03
5.829531e-02 4.072983e-01 -6.196803e-02 3.670881e-01 3.483466e-02 1.116226e-01 -2.324722e-01 8.150469e-02 -3.073379e-01 2.583478e-01 3.397083e-01 -2.003628e-01 2.044041e-01 3.447730e-01 1.686948e-02 2.506327e-01 4.155769e-02 -5.748758e-02 -4.631505e-01 1.144002e-01 1.784852e-01 1.212616e-01 5.031589e-02 -4.382416e-01 -2.795276e-01 3.716778e-01 -2.808768e-01 1.571769e-01 -3.204000e-02 -1.993338e-01 -1.952568e-01 8.770922e-02
9.521833e-02 -6.479552e-02 -1.596693e-01 -7.062384e-02 3.363067e-01 2.178208e-01 4.189685e-01 -2.511432e-01 -7.178535e-02 1.944436e-02 6.046519e-01 -1.764873e-02 1.862855e-01 -3.662277e-02 -3.100897e-01 -7.945016e-02 -2.530921e-02 -2.023532e-01 -2.660896e-01 3.916754e-02 -3.082198e-01 1.897651e-01 5.359218e-01 5.795389e-02 1.906629e-01 -2.991739e-02 -6.887119e-02 3.058252e-01 1.186112e-01 -2.580133e-01 -1.242023e-01 3.786168e-01
4.940407e-02 1.181129e-01 -3.855345e-01 7.546346e-02 3.757114e-01 -6.369504e-02 -1.357278e-01 -4.784646e-02 7.171811e-02 -1.215112e-01 1.044519e-02 3.935369e-01 2.374655e-01 -7.375105e-02 -3.183628e-01 9.859850e-02 5.855965e-01 -1.099632e-01 3.062150e-02 3.231048e-01 -3.474187e-01 2.355241e-01 -2.504735e-02 -6.461480e-02 2.163599e-02 -3.169221e-01 -9.905516e-02 -1.498712e-01 1.020707e-01 -4.227162e-02 1.372940e-01 -9.069300e-03
3.024837e-01 -5.132764e-02 -3.345778e-01 -5.838699e-02 -9.918965e-02 -1.613798e-01 -3.997537e-01 8.049857e-02 2.301776e-01 -6.535397e-02 3.674139e-01 -8.822738e-02 1.156254e-01 6.764643e-04 -2.773447e-01 3.922795e-01 1.332140e-01 -2.573129e-01 4.714351e-02 -1.209605e-01 1.981084e-01 -2.057998e-01 -3.382943e-01 2.892812e-01 -1.906049e-02 3.628220e-01 1.053585e-01 -4.338382e-01 -2.415499e-01 9.344412e-02 -1.835321e-01 -3.100928e-01
-8.948218e-02 5.298533e-01 5.251952e-01 -2.677414e-01 -1.936545e-01 1.727922e-01 1.028898e-01 1.567700e-01 -7.819168e-02 1.856047e-01 -1.324796e-02 -1.710606e-01 -2.057597e-02 2.952447e-02 2.366489e-01 7.568885e-03 6.722189e-02 -6.510278e-03 -2.874220e-01 -8.364537e-02 2.151854e-01 2.025053e-01 -2.765114e-01 -4.526339e-02 9.578982e-02 1.133176e-01 1.540998e-01 -7.573391e-02 2.351043e-01 -2.625383e-02 -4.699939e-01 5.437581e-01
-1.363611e-01 6.447132e-01 -1.032210e-01 -1.565255e-01 4.172822e-02 2.098616e-01 -5.591428e-02 -1.607842e-01 2.194094e-01 -1.812319e-01 -1.862511e-01 1.595366e-01 6.270862e-02 -3.628636e-01 9.158757e-02 -4.019273e-02 -2.511584e-01 -5.310932e-02 3.619836e-01 -1.279194e-02 3.597687e-01 -5.816318e-02 -3.805096e-01 1.587096e-01 1.797724e-01 -5.413018e-02 -2.061923e-02 -1.383764e-01 -3.759206e-01 -4.763145e-02 8.677506e-02 6.298752e-02
3.588773e-01 4.808890e-02 -1.886723e-01 3.831949e-01 9.306266e-02 2.341918e-02 -2.950576e-01 -2.276598e-01 1.880699e-01 -2.488695e-01 -1.262498e-02 3.439606e-01 -1.614902e-01 3.467762e-01 4.769489e-02 -6.514338e-02 9.473750e-03 2.667382e-01 3.699722e-01 -3.274625e-01 6.620674e-02 4.367707e-03 -1.071020e-01 -2.668789e-01 -1.643696e-01 -6.929141e-02 8.888598e-02 -2.362354e-01 -2.104553e-01 -2.938340e-01 -2.332542e-01 -3.338725e-01
-2.177209e-01 8.483551e-02 -2.259608e-01 1.005411e-01 4.491412e-01 3.449522e-02 -1.264250e-01 -1.201949e-01 1.277331e-01 -4.229239e-02 4.950977e-01 2.172984e-01 1.754307e-01 1.046355e-01 -2.699546e-01 -1.472121e-01 -2.770537e-01 -2.181404e-01 -8.726107e-02 1.203990e-01 4.462065e-01 2.637235e-02 -4.966817e-02 2.983277e-01 4.489828e-01 1.442989e-01 -2.009925e-01 -1.178204e-01 1.339766e-01 2.513597e-01 -1.628887e-01 -2.610921e-02
7.382102e-03 -2.947288e-01 -4.766540e-02 -1.747416e-01 4.114560e-01 -1.926586e-01 -1.637934e-01 3.252851e-01 9.682220e-02 -2.763414e-01 7.317957e-02 2.160507e-02 -3.300799e-01 2.339883e-01 3.532959e-01 2.124486e-01 1.296560e-01 2.712669e-01 -2.362152e-01 -2.124325e-01 8.905482e-02 -1.900846e-02 -4.663571e-01 5.903973e-02 -2.618550e-01 -4.283846e-01 8.712141e-02 1.163938e-01 2.024638e-01 2.292345e-01 -5.202448e-03 -1.322319e-01
1.585854e-01 3.837388e-01 5.452643e-01 -1.275508e-02 1.684267e-01 -1.022824e-01 -8.586693e-02 1.108922e-01 9.771315e-02 2.582098e-01 -3.607045e-01 -8.383903e-02 4.136773e-02 -2.106421e-01 -3.345408e-01 -7.290338e-02 3.586360e-02 3.557831e-01 7.106890e-02 1.590029e-01 -1.027399e-01 3.152391e-02 5.219505e-01 -2.164835e-01 -2.298243e-01 -3.370166e-02 1.844474e-01 -9.594729e-02 -4.617300e-01 -6.636290e-02 3.145706e-01 1.228632e-01
-2.965484e-02 1.629086e-01 6.077990e-03 -1.212868e-01 -3.632506e-01 -2.876194e-02 -4.197965e-01 1.555523e-01 -3.020808e-01 -1.923157e-02 -1.595100e-01 5.614172e-01 2.800628e-01 7.709838e-02 1.436942e-01 1.064402e-01 1.355772e-01 -2.827447e-01 -4.961949e-01 2.978092e-01 -1.572213e-01 1.197957e-01 -2.852404e-02 1.233899e-01 2.290944e-02 1.997867e-02 -1.072381e-01 4.186684e-01 -1.764966e-01 -2.489616e-01 2.461526e-01 -2.167252e-01
8.547234e-02 -1.709976e-01 1.645238e-01 -3.608066e-01 1.671408e-01 6.364753e-03 2.197013e-01 1.510723e-01 -4.979839e-02 2.681053e-01 -2.854728e-01 -1.568051e-02 -2.139551e-01 -8.690208e-02 4.957129e-01 1.425687e-01 -2.827570e-01 -9.594400e-03 -2.000046e-01 -1.290251e-01 3.305594e-01 -2.075999e-01 2.168425e-01 5.989470e-02 1.769140e-01 -3.872795e-01 2.022114e-01 1.445671e-01 -4.005985e-01 -2.902330e-02 -3.857054e-02 1.313482e-01
3.804995e-01 5.797318e-01 -1.671460e-01 -2.472925e-02 6.658175e-02 -2.038400e-01 -2.718922e-01 -4.360075e-02 2.263101e-01 -1.614847e-01 1.788839e-01 -2.161266e-01 -2.073049e-01 -7.011333e-02 2.369490e-01 1.007930e-01 5.893286e-02 8.039754e-02 5.044487e-02 4.481353e-01 2.112227e-01 1.745605e-02 -3.092732e-01 -2.157222e-01 -3.200480e-01 1.198786e-01 -1.256767e-01 1.265064e-02 6.954156e-02 2.321315e-01 -5.152062e-01 2.119407e-01
3.432788e-01 -2.704966e-02 -2.203548e-01 2.414313e-01 1.136804e-02 1.449473e-01 -1.838732e-01 3.104745e-02 -1.854696e-02 3.787934e-01 -3.211392e-01 9.567536e-02 -7.021795e-02 -3.753006e-01 6.586912e-02 -6.322829e-02 1.315030e-02 7.476564e-02 -6.675289e-02 9.898807e-02 -1.388898e-01 -1.869642e-01 1.118960e-01 2.000045e-01 1.325634e-01 6.397381e-01 4.422182e-01 -5.831334e-02 1.736054e-02 1.862881e-01 -4.038880e-02 1.596887e-01
4.258439e-01 -2.115177e-02 5.525680e-01 1.389131e-01 2.510457e-01 -7.512321e-02 4.086924e-02 2.432358e-01 -2.034112e-01 2.319115e-01 -3.957345e-01 -9.334911e-02 -1.177650e-01 -4.670734e-02 -1.048242e-01 -5.893064e-02 2.121255e-01 -4.373172e-01 -1.048587e-01 -9.320491e-02 -3.398514e-02 2.734621e-01 2.694536e-01 -1.542076e-01 1.152462e-01 -6.290350e-03 -1.624135e-01 2.380788e-01 2.196339e-01 1.728071e-01 1.819944e-01 -5.543887e-01
1.754899e-01 3.759103e-01 -1.409224e-02 6.766500e-01 2.013514e-01 2.755279e-01 -5.462089e-02 6.046287e-02 -2.849959e-01 7.447895e-02 1.806285e-02 -6.677789e-02 5.531119e-02 2.219855e-01 -6.618398e-02 -1.188480e-01 -8.100905e-02 -1.822470e-02 -2.979882e-02 -3.324543e-01 -2.862737e-02 -1.524686e-01 -4.223458e-02 1.865822e-03 -4.525687e-01 -3.421477e-01 -1.681948e-01 -1.255832e-01 2.701721e-01 3.137569e-01 -4.982553e-01 -1.339538e-03
9.734568e-02 6.076186e-01 -5.815275e-02 3.651093e-01 -1.085563e-01 2.807135e-01 -1.788819e-01 1.114894e-02 -1.731880e-01 3.314535e-02 2.882859e-01 -1.649243e-01 1.153589e-01 2.137399e-01 -1.281514e-01 2.763501e-01 -1.025652e-01 -9.249564e-02 1.021692e-01 -3.406098e-01 -6.257908e-02 4.385223e-02 -1.536943e-01 3.384386e-02 -7.032530e-01 -2.600910e-02 -3.665125e-02 -2.014584e-01 3.348097e-01 2.127934e-01 -2.587170e-01 3.317574e-02
2.040740e-01 6.563238e-02 -1.728489e-02 7.177636e-01 3.072317e-01 1.255862e-01 -2.847443e-01 -3.661643e-02 -2.047761e-01 3.242869e-02 1.802237e-01 -8.679355e-02 6.575433e-02 -1.254950e-01 -1.539502e-01 -4.090383e-02 3.210793e-01 4.568869e-02 -3.662273e-01 2.421836e-01 6.329079e-02 7.457510e-02 3.876234e-01 -3.525135e-01 -5.833438e-02 -6.873645e-04 2.782171e-01 1.944005e-01 1.091494e-01 -3.618539e-01 2.195738e-01 7.187737e-02
4.804283e-03 -1.226855e-01 6.448555e-01 1.362534e-01 -2.288927e-01 1.640786e-01 -5.615801e-02 -2.021135e-01 -5.938131e-04 4.912307e-02 -2.971941e-02 -2.106835e-01 -3.269157e-01 1.178049e-01 3.779544e-01 -7.934359e-02 5.904086e-02 4.204435e-01 -1.204284e-01 1.046960e-01 7.396786e-02 1.789679e-01 2.479764e-01 -3.835397e-01 -2.346252e-01 -4.834074e-01 1.493002e-01 -7.072353e-02 -3.769872e-01 1.150193e-01 -2.739234e-02 -1.777913e-03
-1.653553e-01 2.179632e-01 2.551077e-01 4.480911e-01 -3.191610e-02 -2.004916e-01 3.567114e-01 -2.726919e-01 -7.402085e-02 -1.313479e-01 -1.145208e-01 -2.342738e-01 -1.939216e-01 -3.252084e-01 1.652895e-01 1.696775e-01 2.581298e-01 -1.941650e-01 3.184439e-01 -2.472823e-02 9.196774e-03 -1.396866e-01 -1.734321e-01 -1.956114e-01 2.384890e-01 -6.356928e-02 5.828960e-01 -1.124434e-01 2.711986e-01 -2.860445e-01 -1.173089e-01 5.920717e-02
1.947121e-01 9.085226e-02 3.161150e-01 4.791772e-01 -4.180919e-02 2.817747e-01 -2.661680e-01 -1.975686e-01 6.518476e-02 -2.100715e-01 -2.921150e-02 -1.798799e-01 -3.883561e-01 1.983660e-01 1.535058e-01 -2.225991e-01 1.676131e-01 -2.969966e-01 1.084925e-01 3.317486e-01 3.308324e-03 1.861080e-02 -8.580392e-02 -3.401518e-01 -2.430845e-01 -3.228983e-01 -2.509930e-01 5.346947e-01 5.033856e-02 3.500320e-03 6.608020e-02 -2.307129e-01
2.635374e-01 -3.118916e-01 -7.120933e-02 -3.417633e-01 1.320792e-01 -1.182370e-01 -1.216894e-01 -8.200698e-02 -2.485829e-01 1.542733e-01 1.608845e-01 1.334204e-01 5.696487e-01 2.440069e-01 -1.165370e-01 -9.965891e-02 7.916896e-02 2.435863e-01 -3.636157e-01 -1.529059e-01 5.159820e-02 3.746253e-01 4.058847e-02 1.401839e-02 -3.502919e-01 2.784587e-01 -5.563011e-02 9.206994e-03 -1.591500e-01 -1.962988e-02 3.418220e-01 2.482837e-01
-2.117788e-01 4.147287e-02 5.252551e-01 -8.916658e-02 4.583856e-01 1.957471e-01 1.166749e-01 -2.043429e-01 1.905372e-01 -3.808220e-01 6.873700e-02 1.156411e-01 -4.906982e-03 -5.511635e-02 4.766978e-03 -3.278161e-02 2.521800e-02 -1.235855e-01 5.238768e-02 -1.665310e-01 -2.277629e-01 3.492935e-01 4.511416e-02 3.133207e-01 -2.744625e-01 2.537217e-01 -5.181575e-02 -3.615300e-01 1.985640e-01 1.674830e-01 -1.094903e-01 4.316333e-01
-1.955745e-01 -1.684151e-01 -4.055057e-01 6.745258e-02 -2.201744e-01 -9.280114e-02 -1.859523e-01 -1.503217e-01 1.134668e-01 -1.792964e-01 4.823725e-01 -5.162395e-02 2.040878e-01 1.911288e-01 2.218092e-02 -2.009619e-01 -1.179458e-01 3.964617e-01 1.770719e-01 2.088649e-01 1.583687e-01 -3.559166e-01 -3.762395e-01 4.320441e-03 -2.423627e-01 -3.834523e-02 1.339177e-01 1.566107e-02 -2.760053e-01 -1.306546e-01 3.320231e-02 2.886964e-01
-2.390194e-01 -2.769347e-01 3.143772e-01 -1.563682e-01 -3.556009e-01 -1.050533e-01 3.153439e-01 5.322046e-01 -7.671119e-02 7.807777e-02 -1.412489e-01 7.448825e-02 1.222501e-01 -9.575304e-02 -1.569684e-01 4.980041e-02 3.273712e-02 -1.675272e-01 -3.754095e-01 -1.140209e-01 1.970071e-02 -1.945668e-02 2.316839e-02 3.205204e-01 3.651993e-01 -4.997608e-02 -1.631890e-02 1.114534e-01 1.246793e-01 1.335187e-01 2.214079e-01 5.946105e-01
-5.105906e-02 2.886477e-01 -3.809288e-01 -1.037806e-01 -3.112832e-01 -1.797829e-01 9.919533e-02 1.680406e-01 -9.023780e-02 2.029291e-01 5.923566e-02 -1.274797e-01 3.601394e-01 -1.948657e-01 -3.075760e-01 6.301525e-02 -1.822145e-01 -5.121319e-02 -1.741703e-01 2.040302e-01 1.297889e-01 -1.785363e-01 -1.707338e-01 -2.878910e-01 -1.075227e-01 -3.778608e-01 1.848088e-01 1.271888e-01 -1.310475e-01 -1.142378e-01 5.066217e-02 -4.621255e-01
-3.281712e-01 -9.813192e-02 1.705852e-01 5.563974e-01 -7.294420e-02 1.921141e-01 1.413099e-01 1.338748e-01 -2.371132e-01 5.075175e-02 3.701137e-03 3.361357e-01 -1.791903e-01 -3.757315e-02 1.888091e-02 -3.269185e-01 -3.047447e-01 5.260590e-01 7.091786e-02 3.027775e-01 -1.400051e-01 1.694292e-01 3.321800e-01 -3.012598e-02 -8.265447e-03 -2.724823e-01 -1.219865e-01 2.302310e-01 1.341075e-01 -1.378640e-01 9.627856e-02 1.996830e-01
-3.511527e-01 4.919407e-01 -1.083955e-01 -7.682315e-02 -2.834201e-04 7.519137e-02 -1.178433e-01 -1.425739e-01 -3.557465e-01 -1.969563e-01 -2.193087e-02 1.717812e-02 4.294850e-01 -2.843009e-02 -2.111831e-01 -3.227229e-01 -3.396842e-01 8.333483e-03 -1.307407e-01 4.152744e-01 -7.327859e-02 -8.020532e-02 -2.102618e-01 -1.143980e-01 -2.905950e-01 6.838378e-02 -6.896824e-02 -1.997397e-01 3.123659e-02 6.079500e-01 1.550403e-01 -2.038423e-01
-3.797345e-01 -1.797825e-02 -3.745321e-01 -4.195968e-01 4.915556e-01 -1.685186e-02 -3.281158e-01 -1.443376e-01 -1.387167e-02 -2.496433e-01 8.375713e-02 1.616195e-01 -8.164430e-02 1.100793e-01 -1.897452e-01 -1.046803e-01 5.784330e-02 3.727196e-01 1.518614e-01 1.230252e-01 -2.224781e-01 1.007696e-01 -5.042496e-01 -4.828946e-01 -1.415067e-01 5.487153e-02 2.550093e-01 -8.782053e-02 1.242483e-01 2.069691e-01 2.966120e-01 -1.234190e-01
4.823664e-02 -3.404175e-01 1.569545e-01 -8.894109e-02 -2.605252e-01 -1.392316e-01 -8.401711e-02 2.735510e-01 5.285748e-01 -1.852021e-01 -3.464071e-01 -1.059801e-01 -2.195215e-01 -1.768149e-01 1.005302e-01 -1.758973e-01 2.849823e-01 -4.704735e-02 2.104336e-01 3.185307e-01 1.212408e-01 1.881035e-01 -1.771484e-01 -8.159330e-02 6.426051e-01 7.987648e-02 1.429109e-01 1.740453e-01 6.424767e-02 -8.902653e-02 2.989555e-02 -1.422044e-01
4.497248e-01 -2.032731e-02 1.535564e-01 6.138719e-02 -1.621583e-01 1.485146e-01 -1.436581e-01 -3.033201e-01 -9.215870e-02 -1.423567e-01 -1.752109e-01 -4.081361e-01 2.511839e-01 3.561033e-01 9.792603e-02 -1.492251e-01 -7.841797e-02 -2.298290e-01 1.534413e-01 2.700950e-01 4.074647e-02 -4.496669e-02 -1.925038e-01 -2.011010e-01 -2.737706e-01 -5.190759e-01 -4.319362e-01 3.540019e-01 1.010698e-01 -2.351493e-02 5.122796e-02 4.161242e-05
2.091966e-01 -2.858825e-01 -1.001492e-02 4.457938e-01 -8.934721e-02 -1.914160e-01 -1.438257e-01 2.873491e-01 -3.485918e-01 5.016430e-02 -8.056203e-02 6.519051e-02 1.522976e-01 2.067942e-01 1.051636e-01 -2.264090e-02 3.660505e-01 -1.380649e-01 1.167355e-01 3.398785e-01 -2.743807e-01 -1.694336e-01 -1.730214e-01 2.882599e-01 -1.972399e-01 -2.170435e-02 7.386717e-02 -3.053792e-01 3.223611e-01 1.384312e-02 4.372161e-02 -1.943393e-01
4.906822e-01 2.466885e-01 -3.032497e-01 2.539812e-01 -2.514541e-01 -2.371897e-01 -1.545007e-01 -1.679786e-01 -5.330954e-02 2.905234e-02 5.947611e-02 3.730315e-01 -9.342964e-02 -2.175357e-01 -5.265056e-02 1.104852e-01 -1.542156e-01 -2.515261e-01 2.260305e-01 -1.970452e-01 4.142160e-03 -1.137136e-01 -5.290455e-01 2.043717e-02 1.595129e-01 3.825487e-01 -2.211353e-01 -4.110164e-01 -4.768715e-02 -1.430922e-01 4.006832e-02 -2.052263e-01
2.162403e-01 -4.204436e-02 4.735279e-01 1.975171e-01 4.807264e-03 5.095210e-02 3.778914e-01 -2.599792e-02 -1.002715e-01 4.838602e-02 -7.530168e-02 2.277145e-01 -2.015292e-01 -6.948674e-02 -2.976772e-01 2.980500e-01 3.471089e-01 -4.132358e-01 3.119424e-02 1.417178e-01 2.608128e-02 -2.885160e-02 1.354336e-02 5.808491e-02 -1.648449e-01 3.796726e-01 -2.223757e-01 6.544845e-02 -7.646592e-02 2.502901e-01 1.257881e-01 -4.767098e-02
-7.795551e-02 -1.179797e-01 2.269434e-02 1.126179e-01 -1.270736e-01 -1.893912e-01 5.022647e-01 -5.983619e-02 5.581444e-02 1.408977e-01 1.053114e-02 -2.629508e-01 -4.465913e-01 -1.353272e-01 -2.022945e-01 -2.251807e-01 4.211766e-02 -2.160240e-01 1.033495e-02 -4.117722e-01 -4.431393e-02 -2.378179e-01 1.055514e-02 1.928998e-01 3.685206e-01 -1.324937e-01 3.359538e-01 -3.251755e-02 7.870647e-02 -3.532925e-01 -5.101271e-02 3.096845e-01
-1.966651e-01 -3.021311e-02 -3.657381e-02 1.943723e-01 7.323886e-02 -1.181991e-01 6.499524e-02 -3.511044e-01 1.332372e-01 3.901399e-01 4.597155e-01 -2.873992e-01 -3.341383e-01 -1.160108e-01 -2.034073e-01 -5.619909e-02 1.196761e-01 -1.490999e-01 3.039015e-01 -2.848082e-01 -2.220193e-01 8.371665e-02 2.245718e-01 8.552305e-02 -2.986116e-02 -6.128785e-02 5.530434e-02 5.230334e-01 3.936462e-01 1.829240e-01 1.196775e-01 3.594487e-02
-1.575858e-01 1.005854e-03 1.406604e-01 9.810856e-03 -1.821677e-01 3.023112e-02 -9.622829e-02 7.027230e-01 -6.789917e-02 -1.974441e-01 3.479547e-01 2.590593e-02 1.196337e-01 1.990838e-01 -1.037253e-01 -2.134349e-01 -1.657519e-01 7.529153e-02 -1.071552e-01 4.298506e-02 -1.674523e-01 1.498584e-01 -1.211968e-01 -4.345608e-02 -2.897538e-01 4.236355e-01 -1.368411e-01 -4.183485e-01 5.331860e-01 -7.497121e-02 1.268782e-01 -7.749558e-02
-1.777390e-02 2.523718e-01 8.083826e-02 -1.073994e-01 6.706187e-02 1.436009e-01 4.808336e-01 -1.456413e-01 2.536028e-01 3.901247e-02 2.755965e-01 1.825472e-01 3.510374e-01 1.591083e-02 -3.755344e-01 3.224454e-01 -1.198957e-01 2.237452e-01 8.463802e-02 7.648529e-02 3.001306e-01 -7.807286e-02 -1.657334e-01 4.045398e-02 -6.528786e-01 8.368541e-02 -1.044549e-01 2.901207e-02 9.403978e-02 -1.497023e-01 2.431384e-01 -3.222747e-01
-6.722835e-02 -2.537473e-02 -1.457440e-01 1.019015e-01 2.841575e-01 -1.443468e-01 1.473872e-02 -1.394933e-01 6.157905e-02 -1.493846e-01 4.274282e-01 3.809056e-01 1.131942e-01 3.945341e-01 -3.299272e-01 -4.697301e-02 -5.448572e-02 -5.749676e-02 1.175720e-01 4.053184e-02 -8.197938e-02 -1.699804e-01 -7.023469e-02 2.114600e-01 4.468977e-01 9.998568e-02 -4.271230e-01 1.359690e-01 6.960961e-02 2.003694e-01 -1.355743e-01 -3.849151e-01
1.309509e-01 -2.191215e-01 1.432757e-01 -1.011505e-02 1.649645e-01 -1.260301e-01 5.528085e-01 3.443197e-01 -5.702513e-02 2.637573e-01 -2.069562e-01 -3.827771e-02 -1.840184e-01 -1.586252e-01 4.068951e-01 8.582354e-02 1.042025e-02 3.288523e-01 7.553570e-02 -1.431926e-02 2.570050e-01 2.663215e-01 -1.136405e-01 1.015572e-01 2.569281e-01 -1.785434e-01 -2.304491e-01 3.428086e-01 -4.379759e-01 -9.318919e-02 1.586588e-02 2.278922e-01
3.635201e-01 7.714023e-02 -2.317311e-01 3.155647e-01 1.177435e-01 -2.658440e-01 -2.384491e-01 3.313415e-01 -3.353848e-02 1.006715e-01 -2.755136e-01 -5.821966e-02 6.448723e-02 4.407011e-03 2.447990e-01 -1.481529e-01 7.395497e-02 3.829592e-01 1.503849e-01 4.859409e-03 1.750646e-01 -2.784824e-01 -2.130693e-01 1.354690e-02 1.991511e-01 -3.438561e-01 -2.778445e-01 1.566995e-01 -1.136460e-01 1.312649e-01 2.531460e-01 -3.029906e-01
1.549050e-01 2.663452e-01 -2.815036e-01 3.590859e-01 -1.475904e-01 -6.653624e-02 -2.266832e-01 -2.356260e-01 2.503354e-01 -1.715154e-01 -3.387417e-01 -1.764807e-01 1.100301e-01 -1.618870e-01 -5.193071e-02 2.211102e-01 1.706634e-01 -2.454882e-02 3.881100e-01 4.025744e-01 8.958735e-02 -1.172661e-02 -2.717707e-01 -9.531672e-02 -4.811187e-01 3.864300e-03 -2.361403e-01 2.810579e-01 -3.057193e-02 -1.458780e-01 -1.271005e-01 2.653038e-02
-1.272093e-02 4.315430e-01 -1.231839e-01 2.982532e-02 -1.852630e-01 1.908154e-01 3.426355e-01 -3.240432e-01 -3.592369e-01 -5.642145e-02 -6.829025e-02 4.517644e-02 2.584330e-01 -3.268822e-01 -3.085441e-01 -6.384090e-02 -3.173152e-02 5.033519e-03 1.967127e-01 4.966847e-01 -4.180332e-01 -8.084815e-03 5.224820e-01 -1.513202e-02 2.035027e-01 6.452045e-02 -2.564148e-01 1.920067e-01 3.881663e-02 4.842547e-02 -6.372036e-02 3.439815e-02
9.910264e-02 -3.858295e-01 -3.424702e-01 1.372654e-01 -1.101702e-01 4.983975e-01 2.401534e-02 1.518800e-01 -1.708371e-01 -7.056623e-03 1.377301e-01 3.850722e-01 6.565485e-02 3.936803e-02 -3.662866e-01 2.345295e-01 1.902554e-01 -4.117229e-02 -6.931959e-02 2.352576e-01 -3.853193e-02 5.589272e-02 4.725261e-02 1.946057e-01 2.698989e-02 -4.871796e-01 -7.178131e-02 -5.636671e-02 5.383672e-01 4.393067e-02 1.981097e-01 -4.380843e-01
2.096387e-02 8.124326e-02 -3.463145e-02 9.295137e-02 3.877510e-01 8.783758e-02 -2.441140e-02 -4.077958e-02 -3.534352e-01 2.719113e-01 5.777474e-01 2.398337e-01 2.763170e-01 2.045483e-01 -1.140546e-01 7.439132e-02 -1.910366e-01 1.085721e-01 1.109129e-01 -4.325705e-01 -3.496939e-01 -4.551781e-02 1.429693e-01 -7.791410e-02 -3.958790e-01 -1.327574e-02 -1.423611e-01 -5.202057e-01 1.020742e-01 -3.339821e-02 3.610506e-02 -5.503501e-02
3.537035e-01 -1.297980e-01 -2.576557e-01 1.419079e-01 -1.003326e-01 -3.048804e-01 -7.167514e-02 1.791579e-01 -3.095867e-01 -8.847869e-02 1.180596e-01 1.229185e-01 4.358330e-01 -3.646530e-01 1.598697e-01 1.538204e-01 4.235722e-01 -1.079524e-01 3.289163e-01 2.749128e-01 -2.369999e-01 -2.680744e-01 -8.555926e-02 4.033599e-01 -2.272383e-01 4.466222e-02 9.655098e-03 -5.605884e-02 2.528659e-02 3.029058e-01 3.091927e-01 5.850983e-02
-1.663581e-01 4.032002e-02 -9.220909e-02 4.319957e-01 -4.092161e-02 -1.147948e-01 4.393998e-01 -2.262022e-01 -1.808200e-01 -1.420217e-01 -1.678642e-03 -3.068018e-01 -2.633352e-01 -2.702979e-01 -1.828587e-01 -3.966421e-02 8.761295e-04 4.704272e-02 -1.304129e-01 6.760209e-02 -4.569668e-01 4.467831e-02 3.268651e-01 -4.946581e-02 3.713747e-02 -1.046567e-01 3.554751e-01 -1.091612e-01 2.398145e-01 -2.948835e-01 -4.763841e-01 -2.150550e-01
1.140712e-01 -1.692301e-02 -8.968018e-02 -3.033303e-01 1.036974e-01 3.383775e-02 -3.002706e-01 -1.696254e-01 -2.221046e-02 -2.224780e-01 1.171947e-01 2.257281e-01 1.185309e-01 6.924961e-01 5.505562e-02 2.375340e-02 -4.691311e-03 -3.488368e-01 -7.396463e-02 -1.471103e-01 4.532920e-01 6.123598e-02 -2.548941e-01 -4.477414e-02 7.276626e-02 -2.887927e-03 -3.333299e-01 1.332191e-01 -1.276856e-01 2.057785e-01 4.708995e-01 2.502627e-01
-6.551974e-02 -8.781314e-03 2.801473e-01 1.315280e-01 5.875822e-02 1.010451e-01 5.120836e-01 2.817209e-02 -2.078444e-01 5.388595e-02 -4.083802e-01 8.165623e-02 -9.477580e-02 -2.971843e-01 2.686077e-01 -3.983582e-01 1.379651e-01 1.772899e-01 3.567390e-01 7.825998e-02 8.654233e-02 1.298499e-01 7.013686e-02 1.057833e-02 7.525494e-01 8.883126e-02 -9.105609e-02 -1.300185e-01 -2.841804e-01 -1.068533e-01 2.706806e-02 -6.725204e-03
-1.368685e-01 -3.337559e-01 -1.080047e-01 -1.586831e-02 -5.216476e-02 -1.866443e-01 4.622331e-03 -1.887766e-02 2.178616e-01 1.198306e-01 5.524080e-02 -3.436551e-01 5.834250e-01 -2.971153e-01 -4.632115e-02 2.162581e-01 1.201050e-02 -2.122177e-01 1.584678e-01 1.758818e-01 -1.101889e-01 4.807846e-01 4.524454e-01 1.606409e-01 2.804359e-01 9.457783e-02 -1.751557e-01 2.495964e-01 3.324116e-02 -8.266527e-02 -6.653225e-02 -4.425528e-02
4.936756e-01 -1.693120e-01 -4.038285e-02 2.666939e-01 -1.066988e-01 1.636066e-01 -2.323874e-02 -2.295254e-01 -3.085295e-01 -1.742191e-01 5.831942e-04 -2.932188e-01 3.164484e-01 2.214627e-01 -8.450471e-02 1.119147e-02 2.737970e-01 -2.892937e-02 1.896355e-01 1.392123e-01 3.608613e-01 -2.214599e-01 7.639024e-04 -7.553512e-02 -2.494253e-01 -2.836347e-01 2.353694e-01 3.896482e-01 7.296371e-02 3.006737e-01 -2.243518e-02 1.962832e-01
-2.273288e-01 -5.076234e-02 6.578565e-03 -3.331287e-01 4.488550e-01 -2.462876e-01 3.127543e-01 1.097188e-01 1.264291e-01 1.918322e-01 1.427235e-01 -7.274065e-02 -1.393497e-01 -2.176880e-01 -3.133589e-01 -2.526073e-01 -4.403656e-01 3.751973e-01 -4.354129e-01 -2.061910e-01 8.764166e-02 4.015153e-01 2.822524e-01 -6.907448e-02 2.712390e-01 -1.285698e-01 4.622891e-02 -2.708510e-02 -1.861976e-02 3.266508e-02 1.225439e-02 4.609120e-02
2.045840e-01 5.998871e-01 -2.378373e-01 1.217399e-01 -1.607938e-01 5.656213e-02 6.899387e-02 8.848084e-02 -5.842832e-02 -8.610070e-02 2.466738e-01 -1.387608e-01 -1.718982e-01 3.658455e-01 1.812316e-01 -7.862528e-02 -2.705942e-02 -5.038330e-02 2.493420e-02 -2.589061e-01 -5.484977e-02 2.042906e-02 -1.096037e-01 5.478717e-02 -8.372446e-01 3.649718e-02 -1.852840e-02 -6.960600e-02 2.519203e-01 7.977805e-02 -2.373835e-02 2.245997e-01
-1.258150e-02 -3.312555e-01 8.252855e-02 6.908741e-03 2.031552e-01 -3.730911e-01 3.388539e-01 2.592716e-01 6.760333e-02 2.018063e-01 1.415359e-01 4.724326e-01 -6.590437e-02 2.736432e-01 4.875848e-02 9.432638e-02 2.347027e-01 3.096337e-02 -1.451910e-01 -2.125855e-01 1.235561e-03 2.958514e-01 -6.058040e-01 8.821183e-02 -2.094133e-01 3.730301e-02 4.583614e-01 9.942684e-03 -3.553223e-02 1.626599e-01 -2.278465e-01 -3.761532e-02
-1.951920e-01 -1.299243e-01 4.278947e-01 4.388748e-02 -8.959479e-02 -1.446112e-01 2.958574e-01 -6.175932e-02 4.490872e-02 -1.852722e-01 5.521356e-01 3.041837e-03 -3.468473e-02 1.951980e-01 3.997167e-01 -1.049982e-01 2.257324e-01 4.831649e-02 6.934246e-02 6.424114e-02 7.623398e-02 4.525004e-01 9.170768e-02 -1.815449e-01 -2.169652e-01 -3.842684e-01 -3.960008e-01 6.008362e-03 -5.814733e-02 -4.606065e-01 -6.696048e-02 -1.903431e-01
3.914317e-01 3.566324e-01 1.213553e-01 4.656915e-01 9.252064e-02 -6.205405e-02 4.834193e-03 -3.871982e-01 9.295994e-02 -2.227271e-01 1.621104e-01 6.095514e-02 8.739416e-03 1.692200e-01 -3.403970e-02 1.592872e-01 6.371291e-01 -1.294108e-01 7.074652e-02 1.294965e-01 3.756426e-01 -2.482426e-02 -1.232551e-01 -3.636608e-01 -1.533353e-01 2.763364e-01 -8.903028e-03 7.123602e-03 -9.948121e-03 4.388613e-02 -7.002686e-02 -6.709632e-02
7.419871e-02 1.336573e-01 -1.810310e-01 4.450595e-02 5.216979e-01 9.862833e-02 -1.501398e-01 -1.579129e-01 -4.152421e-02 3.686752e-01 1.809093e-01 -1.104334e-01 4.461747e-01 -4.730366e-03 3.126846e-01 9.137656e-02 1.345213e-01 9.724757e-02 1.471741e-01 -2.898792e-01 -2.759751e-02 -4.015397e-02 -1.445983e-01 -1.067162e-01 -2.076528e-01 -2.445806e-01 3.866532e-01 5.358656e-02 -1.958364e-01 -6.338027e-01 2.053048e-01 9.042811e-02
-2.410741e-01 -3.322054e-02 -1.741476e-01 -1.062981e-01 1.920450e-01 -3.810116e-01 1.202129e-01 5.146471e-01 3.685867e-01 -3.746343e-02 8.768000e-02 3.265357e-01 -5.142044e-02 -2.835867e-01 -1.811503e-02 6.017542e-03 7.785323e-02 1.404680e-02 5.998284e-02 4.372363e-02 -7.983556e-01 2.660408e-01 -3.091750e-01 -1.891403e-01 -4.551652e-02 -2.337372e-02 1.879887e-01 -5.865552e-02 -2.097265e-01 3.200750e-02 -1.214295e-01 -2.702465e-02
-1.772960e-01 1.032062e-01 -2.788981e-01 1.568199e-01 1.027400e-02 -8.156986e-02 -9.630056e-02 -5.975905e-02 4.294001e-01 -1.807408e-01 3.832369e-01 -3.618298e-01 -3.032176e-01 -1.316568e-01 8.178914e-02 1.023744e-01 -2.371865e-01 5.033020e-02 3.643210e-01 -1.798227e-01 -3.595784e-01 1.035719e-02 1.641608e-01 6.407789e-02 -2.648042e-01 -4.575520e-01 3.050282e-02 -4.721482e-02 1.540532e-01 2.130925e-01 1.355331e-01 1.321507e-01
8.598279e-02 5.169007e-01 -1.104535e-01 -5.135693e-02 4.808269e-03 1.822899e-01 1.569813e-01 5.223639e-02 -3.681191e-01 1.597689e-01 -2.549673e-01 1.859566e-01 -3.286967e-01 3.642926e-01 -1.170275e-01 -2.319930e-02 -1.977605e-01 6.736799e-02 -4.383417e-01 -2.012321e-01 2.462167e-02 -2.515159e-01 -3.111518e-02 1.863003e-02 -6.111716e-01 -5.945071e-02 1.238132e-01 6.718410e-02 -2.872930e-01 1.032858e-01 1.704694e-01 6.709664e-02
3.545133e-01 3.068482e-01 -2.799915e-01 2.578870e-01 -2.418985e-01 -1.205493e-01 1.048271e-02 -2.282186e-01 2.019703e-01 -2.996759e-01 -3.145171e-01 -2.528870e-01 2.172881e-01 1.247263e-01 -2.243824e-01 -2.342351e-01 -2.989199e-01 -3.482650e-02 2.705533e-01 -3.195664e-02 4.780185e-01 -1.378014e-02 -2.651913e-01 1.350817e-01 2.500867e-01 -1.349644e-01 -1.802056e-01 -3.505452e-01 -3.665242e-01 -6.807971e-02 2.859639e-01 8.216617e-02
-2.657109e-01 -2.921771e-01 -2.477532e-01 4.913891e-01 3.387680e-01 1.453892e-01 -8.334884e-02 4.582553e-03 -1.821820e-01 4.394303e-02 3.019407e-01 2.100415e-02 -8.538571e-02 1.777808e-01 2.178189e-01 -2.170337e-01 1.221523e-01 3.341749e-02 3.469945e-01 -2.551180e-02 -1.849630e-01 4.348678e-02 -1.829728e-01 -3.975345e-02 -2.357651e-01 -1.595313e-02 6.551986e-01 -3.624512e-01 -4.160473e-03 -1.803629e-01 -1.898271e-01 -9.519796e-02
-1.715750e-02 -2.055323e-01 5.211776e-01 -1.468851e-01 1.745562e-01 -6.532773e-02 -1.075694e-01 3.174150e-01 1.576487e-01 -3.179677e-02 7.463706e-02 -4.139369e-01 3.477075e-02 3.344753e-01 -2.344147e-01 -1.837085e-01 -2.951065e-01 1.488582e-01 -4.529673e-02 -4.055381e-01 -1.035255e-01 -1.056581e-01 3.267573e-01 4.389149e-02 -7.880346e-02 -3.912472e-01 -2.770095e-01 -2.682059e-01 2.069965e-01 -6.869972e-03 1.835411e-01 -3.211704e-01
8.932741e-02 1.369472e-01 8.874545e-02 3.071657e-01 2.361199e-01 5.374210e-01 3.303994e-02 -3.873316e-01 -2.783730e-01 -6.812517e-02 -4.435849e-02 -3.154648e-01 -1.798149e-01 2.895749e-02 2.425733e-01 1.132319e-01 4.322272e-01 -1.435754e-01 -8.754186e-02 2.774653e-01 1.876480e-01 -2.450247e-01 1.953384e-01 -1.804254e-01 -3.043282e-01 -8.652928e-02 -8.087213e-02 5.479874e-01 2.753614e-03 1.620624e-01 -9.751310e-03 1.205010e-01
-6.311299e-02 1.178099e-01 -2.993295e-01 -6.098613e-02 4.151358e-01 -2.992499e-01 2.978054e-01 1.459854e-01 -1.182691e-01 -3.055927e-01 1.298547e-01 2.633452e-01 2.501335e-01 -2.363196e-01 -3.156385e-01 -1.716852e-01 -1.713863e-01 3.438209e-01 1.293268e-01 -3.443769e-02 1.010831e-01 5.306662e-01 6.645481e-02 -1.798804e-02 -5.496258e-02 3.582328e-01 9.373826e-02 8.167768e-02 -3.768631e-02 6.240281e-02 -2.968349e-01 4.570581e-01
-1.418961e-01 1.963891e-01 3.064123e-01 2.601582e-01 -1.324089e-01 2.157324e-01 9.580217e-02 -8.532269e-02 4.251236e-03 1.609431e-01 6.440516e-02 -3.309536e-01 5.235075e-01 9.445523e-02 2.027936e-01 -4.712166e-02 -2.166543e-01 -1.559235e-01 -2.224763e-01 4.578944e-01 -1.605422e-01 8.057511e-02 -9.369420e-02 1.141998e-01 -3.725663e-01 -8.944034e-02 -1.018783e-01 -3.638684e-01 -9.553348e-02 3.081908e-01 8.915159e-02 -3.091767e-01
-1.010145e-01 -2.524439e-01 1.732970e-01 -2.116678e-01 -2.302998e-01 -1.278417e-01 -3.527070e-01 -1.610367e-01 -2.574351e-01 -9.139315e-02 4.305530e-02 5.165471e-01 2.444852e-01 2.805721e-01 2.265860e-01 1.301590e-01 1.578378e-01 -1.460013e-01 -2.199302e-01 2.176440e-01 2.499651e-02 3.497738e-01 1.513376e-01 7.516517e-02 1.912088e-01 -8.343203e-02 -2.141229e-01 5.769771e-01 -4.570396e-02 -3.478123e-01 3.186108e-02 -1.758962e-01
1.961369e-02 -2.057630e-01 -5.642036e-02 2.362539e-01 -2.943923e-01 -2.181884e-02 -3.126810e-01 2.598314e-01 -3.834088e-01 -1.087106e-01 1.670061e-01 1.142736e-01 1.995255e-01 -1.241632e-01 2.973682e-01 4.025753e-01 4.841426e-01 -2.597567e-01 3.112184e-01 1.168447e-01 -3.467176e-01 -4.727039e-01 -1.232948e-01 2.789887e-01 -8.978431e-02 5.958778e-02 -7.174710e-03 -6.957273e-02 3.542765e-02 4.706221e-02 2.651608e-01 2.168966e-02
1.045134e-02 1.873345e-01 2.104745e-01 3.135667e-01 5.614065e-01 3.477312e-02 7.670670e-02 -2.731164e-01 -1.688015e-02 -1.102954e-01 6.174274e-02 1.481717e-01 2.638698e-01 -2.206385e-01 4.046330e-01 -6.655748e-02 -1.559054e-02 3.253651e-01 4.543634e-02 -1.473375e-01 1.587916e-01 4.459597e-01 1.682148e-02 -2.586994e-01 2.008249e-01 1.253463e-01 6.625044e-02 -2.515430e-01 -4.473341e-01 -6.528424e-02 3.740126e-01 -5.875758e-03
-2.546200e-01 3.502173e-01 9.316039e-02 3.380589e-01 -8.808852e-02 -1.520862e-01 3.310714e-01 -2.637497e-01 -1.800540e-01 3.029009e-02 -9.480824e-02 -3.366118e-01 -2.885039e-01 -2.664920e-01 6.667830e-03 1.483856e-01 3.990981e-01 -2.971394e-01 1.756345e-01 -1.418289e-01 5.042829e-02 -1.524203e-01 -5.694756e-02 -8.621553e-02 2.934874e-01 -8.382463e-02 6.147168e-01 -2.360831e-01 -1.200214e-02 -1.929795e-01 -2.765827e-02 2.937878e-02
-1.883281e-01 1.861788e-01 -1.632233e-01 6.944160e-02 1.692908e-01 2.824033e-01 -3.879521e-01 -8.145090e-03 1.229394e-01 -1.136556e-01 5.335749e-01 -1.168704e-01 -1.446790e-01 1.105195e-01 -1.508595e-01 1.607000e-01 5.389253e-02 -8.441386e-02 -1.771776e-01 1.924466e-01 1.825994e-01 -2.918455e-01 8.721062e-02 -1.824471e-01 1.133434e-01 -9.854260e-02 1.316207e-01 4.481242e-01 -2.896295e-01 2.135830e-02 3.401307e-01 -2.425372e-01
3.195457e-01 -3.038379e-01 -1.703766e-01 9.783545e-02 -1.526981e-01 -8.883387e-02 1.295121e-01 3.635432e-01 9.496598e-02 -2.828081e-01 3.932658e-01 5.223488e-02 -3.377218e-02 1.499085e-01 1.793576e-02 -1.949919e-01 2.028655e-01 1.302586e-01 -1.877699e-01 2.290938e-01 -1.554155e-02 -1.636223e-01 2.292521e-01 -9.195355e-02 2.777494e-01 2.911502e-01 2.424164e-01 3.142419e-01 1.689800e-01 -1.860510e-01 2.470458e-01 -2.138782e-01
-1.266890e-02 -2.148231e-01 1.338181e-01 3.005429e-02 4.192522e-01 -3.570555e-02 4.102035e-01 -8.783621e-02 1.306663e-01 1.454948e-01 2.503081e-01 -4.449268e-01 -2.100583e-01 -2.440790e-01 -1.105161e-01 -5.499258e-03 -2.585974e-01 1.326349e-01 2.054652e-01 -2.538504e-01 1.646209e-01 -2.616070e-01 -7.020127e-02 -1.627647e-01 1.742452e-01 1.834312e-01 1.678089e-01 -2.302337e-01 -9.348894e-02 5.168409e-01 -2.338103e-01 9.722687e-02
1.645832e-01 4.987778e-02 1.173888e-01 1.563471e-02 5.955750e-01 -2.899824e-02 -2.016311e-01 -2.769686e-01 1.053294e-01 2.597839e-01 1.790808e-01 4.264687e-03 1.825026e-01 -1.623748e-01 -2.430696e-01 -1.566311e-01 -1.344979e-01 -3.170334e-01 8.431173e-02 2.547059e-01 -1.859435e-02 -8.436866e-02 -9.438793e-02 -7.110150e-02 1.233155e-01 -1.560695e-01 3.021122e-01 -2.515473e-01 -5.561678e-01 -1.593892e-01 -6.818902e-02 2.210031e-01
8.044426e-02 -3.231590e-01 -2.771863e-01 3.895082e-03 1.772041e-01 8.958034e-02 -3.333426e-01 1.502827e-01 -1.788660e-01 6.514119e-02 4.729102e-01 2.396719e-01 -2.334995e-01 -2.813732e-02 6.488685e-02 -6.827263e-02 -1.024584e-02 -1.906052e-01 -1.218051e-02 -6.346439e-03 -2.790538e-01 -4.127798e-01 1.196148e-01 1.685953e-02 -8.323270e-02 -3.361385e-01 2.096916e-01 -4.475628e-01 9.676688e-03 -2.773928e-01 -3.728786e-01 4.009345e-02
1.050495e-01 4.646361e-01 -4.894286e-04 4.585873e-01 5.413659e-02 2.025467e-01 -1.782874e-01 2.361396e-02 -2.934446e-01 2.193794e-01 2.769662e-01 -1.796990e-01 1.557921e-01 3.065434e-01 -4.292991e-02 2.458728e-01 9.255562e-02 -9.097029e-03 -5.745715e-01 6.255114e-02 1.118278e-01 1.426101e-01 1.718247e-01 -4.470541e-01 -1.153556e-01 1.852163e-01 -3.417377e-01 1.538437e-01 3.970597e-02 -3.341798e-01 -2.022573e-01 6.070254e-02
5.009141e-03 1.084691e-01 6.486967e-01 -1.494994e-01 9.621847e-02 -1.208595e-01 2.942171e-03 2.567907e-01 1.839481e-01 -2.498479e-01 -4.196324e-01 -2.458274e-01 1.699979e-01 1.953927e-02 2.287992e-02 -1.080596e-01 -1.297922e-02 1.607679e-01 -7.601528e-02 -9.361947e-02 -7.680521e-02 4.394521e-01 2.510020e-01 4.778532e-01 8.302642e-02 4.890747e-02 5.754009e-02 2.452339e-01 3.987809e-01 1.377859e-01 -3.170312e-01 -4.493720e-02
-3.293742e-02 -1.283094e-01 3.948429e-01 -3.952208e-01 1.034035e-01 1.858320e-02 -2.284745e-01 3.302482e-01 -6.002853e-02 -2.284862e-01 -3.042575e-03 1.245829e-01 5.391343e-02 4.088211e-01 -1.868608e-01 -4.677067e-02 4.126671e-02 -7.944934e-02 -2.973073e-02 -5.150770e-03 -2.851379e-01 -2.918391e-01 9.489091e-02 3.626817e-01 -2.618443e-01 -2.534248e-01 4.324619e-01 3.029941e-02 1.541337e-01 2.736870e-03 -3.556857e-01 4.113874e-03
8.989467e-02 2.193196e-01 4.010972e-02 6.997851e-01 2.481611e-01 2.197436e-01 -2.000477e-01 3.655981e-02 -2.579474e-01 1.541338e-01 1.530738e-02 -1.795692e-01 1.675566e-01 1.612403e-01 -1.450012e-01 1.081931e-02 2.831279e-01 3.016304e-02 -5.337800e-01 1.217365e-01 1.634992e-01 3.875389e-02 2.110907e-01 -3.854715e-01 -5.017851e-02 4.411204e-02 2.163095e-01 3.778061e-02 1.185008e-01 -4.915488e-01 4.426671e-02 2.109940e-02
6.544466e-02 -2.161564e-01 -1.811307e-01 1.332414e-01 3.312964e-01 -2.824377e-01 -2.142967e-02 4.553074e-01 2.930157e-01 1.211820e-01 6.579328e-02 -3.982526e-01 2.518492e-01 1.180217e-01 -4.410120e-03 3.998423e-02 -1.634488e-01 -3.945957e-02 2.640103e-01 1.598822e-01 -1.849575e-01 -4.380804e-01 1.510270e-02 9.036276e-02 1.365661e-01 5.178382e-02 -1.136523e-01 -1.970615e-01 1.136886e-01 -1.104908e-01 6.146284e-01 -8.694076e-02
1.047890e-01 -1.325642e-01 2.616348e-02 1.190685e-01 3.510167e-01 -8.569629e-02 5.037241e-01 -1.677985e-01 3.246735e-01 1.590842e-02 1.162055e-01 -4.398803e-01 -2.793339e-01 -7.671596e-02 -1.967427e-01 -3.607187e-02 -1.425487e-01 8.087171e-02 3.969298e-01 -1.811694e-01 1.924096e-02 -2.150092e-01 -4.797021e-02 -1.836502e-01 -5.051786e-02 -1.619618e-02 1.967380e-01 -2.179883e-01 2.595004e-01 4.268558e-01 -2.711465e-01 2.719978e-01
2.261128e-02 1.381934e-01 5.541013e-01 -3.452609e-01 9.355681e-02 1.708685e-01 -1.078168e-01 2.747353e-01 3.269931e-02 -2.568380e-01 -2.624545e-01 -5.154454e-03 -7.270541e-03 3.620620e-01 -1.363682e-01 -5.244540e-02 1.485497e-01 -2.510577e-01 -4.611350e-01 -9.184585e-02 -1.301026e-01 -3.447988e-02 2.763192e-01 5.971993e-02 1.619988e-01 -3.258802e-02 -2.050592e-01 2.398787e-01 3.980937e-02 -7.130260e-02 3.987738e-01 -3.923437e-01
-3.330786e-01 1.494557e-01 -4.391414e-02 -1.142340e-01 -4.732601e-03 -2.154477e-01 -4.176314e-02 1.323308e-01 -1.064141e-01 2.232409e-01 1.985213e-01 6.060995e-01 -1.473809e-02 -3.011437e-01 -5.497911e-02 1.459549e-01 6.965318e-02 3.023434e-01 -9.671315e-03 -4.578019e-01 4.470820e-02 6.083154e-02 1.229618e-02 2.810420e-01 2.416515e-01 3.261290e-01 3.082200e-01 -4.120467e-01 1.942488e-02 -8.228870e-02 -8.520676e-02 -6.842157e-04
1.881850e-01 -3.263547e-01 -4.406689e-01 1.636800e-01 -8.496807e-02 5.267476e-01 9.634488e-02 1.978504e-01 -1.927013e-01 -1.115893e-02 1.108872e-01 3.030290e-01 5.306999e-02 -2.000825e-02 -2.818556e-01 1.580695e-01 9.718949e-03 -6.264691e-02 3.281155e-01 -1.926780e-01 -3.880278e-02 -3.798378e-01 -2.553256e-02 9.081271e-03 4.194250e-02 4.204848e-01 5.770855e-02 6.674356e-01 -3.104049e-02 2.232620e-02 -1.734450e-02 1.042853e-01
4.717377e-01 1.069518e-01 -1.414991e-01 -4.825281e-02 -1.597927e-01 -2.104223e-01 -1.502573e-01 -3.889205e-01 -3.994298e-03 1.073677e-01 -9.092898e-02 -6.286572e-02 -7.210447e-02 -3.752855e-01 2.398514e-02 -1.462372e-01 -3.656749e-01 -1.730603e-01 -1.173358e-01 1.166199e-01 -2.734201e-01 -1.663668e-01 2.145413e-01 7.945167e-02 -1.764146e-01 5.740623e-01 1.553597e-01 -1.947309e-01 6.085263e-02 -2.302991e-01 7.328552e-02 1.318008e-02
2.909290e-02 4.248771e-01 3.474158e-01 4.584738e-01 9.437705e-02 1.813902e-01 -8.281301e-02 -7.859595e-02 -2.996790e-01 -2.178741e-01 3.245265e-02 -2.216681e-01 -8.784568e-02 2.528334e-01 3.756967e-02 -2.814800e-01 3.729656e-01 -8.854734e-02 7.012454e-01 -1.467801e-01 2.008180e-01 7.510781e-02 1.045263e-01 8.189935e-02 -1.308318e-01 -4.964699e-02 -4.458324e-02 -6.931047e-02 1.520887e-01 1.524072e-01 2.872110e-01 5.902576e-02
2.382528e-01 1.008836e-01 -3.238037e-01 -1.356277e-01 4.105587e-01 1.396718e-01 -1.032501e-01 -1.368439e-01 -3.669198e-02 2.346599e-01 1.121581e-01 -3.719100e-01 1.023540e-01 1.285004e-01 4.418094e-01 -3.644248e-02 9.982079e-02 6.889636e-02 -3.674507e-02 -2.394596e-01 8.953170e-02 -1.248751e-01 -2.886633e-01 -3.731865e-01 1.268680e-02 -2.206487e-01 3.297921e-01 1.091682e-01 -1.719890e-01 -4.971318e-01 2.637371e-01 1.948507e-01
-1.244014e-01 6.520846e-02 5.128564e-01 -3.922432e-02 7.232591e-02 4.337902e-02 3.282731e-01 5.765729e-02 -2.851970e-01 -8.920106e-02 -3.262759e-01 4.807082e-02 -1.526749e-01 -2.469056e-01 3.372686e-01 -3.260899e-01 -1.419113e-01 2.186698e-01 -2.277191e-02 5.990097e-02 -2.880222e-01 1.505265e-01 4.106547e-01 -2.512479e-01 5.783770e-02 -4.139941e-01 -7.168804e-02 4.392927e-01 1.566644e-01 -7.281406e-02 1.560360e-01 3.421029e-01
1.778909e-01 7.257862e-02 2.457042e-01 -2.102739e-01 2.503519e-01 -4.421156e-02 -2.077181e-01 -1.222728e-01 -2.005197e-01 -3.276590e-01 3.950836e-02 2.049488e-01 2.991926e-01 1.672746e-01 5.250229e-01 6.774694e-02 -3.956481e-02 2.824126e-01 -3.843782e-01 2.339039e-01 2.179748e-01 3.542230e-01 -2.024380e-01 4.427405e-02 -2.825719e-01 3.332587e-01 4.483166e-02 8.350860e-02 -1.329132e-01 2.928326e-01 -1.027957e-01 1.407750e-01
3.655609e-01 -3.021144e-02 2.340018e-01 6.741944e-02 -2.355411e-01 3.784285e-01 -1.666717e-01 -2.948771e-01 -2.060310e-01 7.123545e-02 -6.201860e-02 -3.823020e-01 -1.552449e-02 3.007284e-01 -8.388682e-02 -9.373970e-02 -5.681897e-02 -4.950486e-02 -3.146394e-02 -8.544075e-02 7.975587e-01 -2.270927e-01 2.239857e-01 6.115308e-02 5.078175e-02 2.556124e-02 -2.722515e-01 5.452929e-02 3.178279e-01 -1.220135e-02 6.589733e-02 1.642431e-02
2.426391e-01 -2.859508e-01 -3.509000e-01 1.167045e-02 4.801754e-01 4.517205e-02 1.950510e-01 -1.639584e-01 -2.206618e-01 5.736073e-02 4.493288e-01 5.872341e-02 2.378130e-01 -7.583353e-02 -1.394198e-01 -1.090092e-01 -8.287335e-02 -4.863503e-01 -3.505399e-01 1.769603e-01 -1.311518e-01 1.687652e-01 -1.866566e-02 3.642238e-02 -7.763263e-03 -3.417068e-01 1.384970e-01 8.079782e-02 3.298195e-01 -3.940082e-01 8.050419e-02 -1.832541e-02
6.243042e-02 -8.096986e-02 2.596673e-01 5.543545e-03 -1.130963e-01 -1.311822e-02 2.781638e-01 -5.216273e-04 -2.717561e-01 1.632420e-01 -2.855543e-01 4.267458e-01 4.410598e-01 1.139883e-01 -1.991908e-01 -3.431359e-02 2.608310e-01 -1.390983e-02 -3.096265e-01 1.787822e-01 2.657666e-01 1.325303e-01 -9.261024e-02 6.758299e-03 2.759221e-01 4.888469e-01 1.558149e-01 2.934148e-01 -1.742732e-01 -1.033645e-01 -9.428000e-02 -1.082750e-01
-2.187902e-01 1.428141e-01 -3.468817e-02 8.781169e-02 -4.011706e-01 -1.163850e-01 -8.777114e-02 -2.850800e-01 1.956806e-01 8.570939e-02 -1.877529e-01 -4.735227e-02 -2.595627e-01 6.090398e-02 4.698219e-01 -6.912080e-02 5.891510e-02 1.392758e-01 3.187512e-01 -6.492408e-02 2.688585e-01 -3.164379e-01 -3.036241e-01 -5.576333e-02 -6.180302e-02 7.846839e-02 5.021751e-02 -3.864579e-01 -1.591924e-01 2.468272e-01 1.434130e-01 -3.874904e-01
2.122943e-02 1.579409e-01 -9.256899e-03 -2.489197e-01 1.690100e-01 1.678174e-01 -2.069068e-01 -2.070669e-01 -2.966544e-01 1.193991e-01 -3.006146e-01 1.542841e-01 3.417851e-01 1.567791e-01 3.441378e-01 3.822638e-01 -6.289372e-03 -1.061199e-01 -1.223999e-01 -6.789365e-02 3.062156e-01 -1.886263e-04 -1.616342e-01 -1.978468e-01 1.066931e-02 2.888182e-02 -3.937798e-01 2.673782e-02 -5.169095e-01 1.468592e-01 2.174053e-01 3.793646e-01
5.425473e-02 5.186574e-01 -1.066217e-01 3.324750e-01 1.968033e-02 1.212188e-01 2.992156e-01 -6.703817e-02 -1.842508e-01 1.864480e-01 -3.700712e-01 -2.128647e-01 2.834120e-02 -9.159909e-02 2.910327e-01 1.052042e-01 9.053264e-02 -5.808947e-02 -2.540572e-01 -4.360760e-02 -7.369525e-02 2.670374e-01 -3.276631e-01 9.404171e-02 4.802860e-01 -3.804626e-01 -3.886104e-02 3.992034e-02 -1.680462e-01 -2.492819e-01 -8.946379e-03 1.037636e-01
2.406287e-01 6.036938e-01 6.965183e-03 -1.986704e-01 -9.571268e-02 -3.697521e-01 -2.034935e-01 1.281617e-01 1.316880e-01 -1.505348e-01 1.797998e-01 -1.873450e-01 -1.523929e-01 -1.071817e-01 3.108960e-01 1.426388e-01 3.128400e-02 3.011727e-02 7.097664e-03 4.154619e-01 1.593022e-01 -7.218719e-02 -2.257581e-01 -2.619744e-01 -1.932139e-01 1.488994e-01 9.626328e-02 3.594967e-02 -1.457023e-01 2.858564e-01 -5.943911e-01 2.376094e-01
5.228564e-01 7.333896e-02 1.144550e-01 1.616215e-01 2.369064e-02 -1.163377e-01 -1.241985e-01 5.732917e-02 3.448487e-02 4.190423e-02 -4.508847e-02 1.335144e-01 4.904647e-01 -1.317782e-01 2.650567e-01 -8.881407e-02 -2.823995e-04 -4.665699e-02 1.786652e-01 1.167557e-02 -3.007255e-02 -6.868330e-02 9.935503e-02 -3.581912e-01 1.729415e-01 2.917143e-01 1.268303e-01 -2.648368e-01 1.982652e-01 -5.379702e-01 -1.463055e-01 4.955124e-02
6.256609e-01 -1.822663e-01 2.950721e-01 -2.388823e-01 -3.197962e-02 -6.185820e-03 7.898478e-02 -8.317623e-02 1.134551e-03 -1.521432e-01 2.801376e-01 -1.616268e-01 -1.049173e-01 -3.288339e-02 1.339549e-01 -1.178305e-01 -8.739252e-02 5.550376e-02 -5.279659e-01 -2.534649e-02 7.988777e-02 4.741459e-01 2.283464e-01 -8.502176e-02 4.578784e-02 -3.427921e-02 -4.740938e-02 -2.384327e-01 4.710738e-02 -2.852616e-01 -9.871115e-02 -2.221973e-01
-1.045437e-01 -3.756523e-01 7.522385e-02 7.711618e-02 1.770369e-01 -2.592008e-01 8.380816e-02 -7.463437e-02 1.013487e-01 -1.065888e-03 5.451647e-01 -1.408828e-01 3.694456e-01 -3.991435e-01 5.039544e-02 2.484015e-02 -1.671869e-01 4.405295e-02 2.897375e-01 6.610031e-02 -1.971129e-01 4.578786e-01 4.041434e-01 -1.554067e-01 2.760780e-01 9.254667e-02 -2.549728e-01 1.049907e-02 2.574670e-01 -1.557127e-01 -2.277821e-01 -1.401183e-01
3.376504e-01 -3.443380e-02 -1.425208e-01 -4.604749e-03 5.047392e-01 -1.178531e-01 -3.730597e-01 -1.976975e-01 -1.785219e-01 -9.256192e-02 1.123098e-01 5.208332e-02 2.866431e-01 -9.344640e-02 9.542587e-02 5.893047e-03 -1.366756e-01 -1.737764e-02 -8.682474e-02 1.877140e-01 9.198317e-03 -2.286215e-01 7.590851e-02 -1.605929e-01 -8.134329e-02 -1.824964e-01 -8.096005e-02 -9.854721e-02 1.492770e-01 -6.828610e-02 9.783123e-02 7.224137e-01
-6.590769e-02 8.114439e-03 -3.003110e-01 1.561801e-01 1.904503e-02 2.067184e-01 -4.121938e-01 4.674378e-02 4.400172e-02 -1.978341e-01 5.977582e-01 2.997533e-03 -1.316801e-01 1.142959e-01 -1.471911e-01 2.909181e-01 -5.550126e-03 -1.141684e-01 -1.236286e-02 8.098345e-02 1.502454e-02 -3.871406e-01 1.375395e-01 -9.632061e-02 -2.878495e-02 -2.355609e-01 3.096902e-01 -3.889302e-01 -2.936124e-01 -2.223967e-01 -2.543591e-01 -4.616581e-01
-6.398584e-02 1.614817e-01 -3.382313e-01 5.133388e-01 -1.035198e-01 1.641091e-02 4.757789e-01 -1.176698e-01 -3.316396e-02 7.150780e-02 -1.868328e-01 -2.634582e-01 -2.181428e-01 -1.379265e-01 -2.371182e-02 7.132858e-03 3.562929e-03 1.713036e-01 -1.381179e-01 8.847453e-02 -3.259304e-01 -1.354548e-02 1.687346e-01 -9.447455e-02 3.811529e-02 -1.419875e-01 3.128440e-01 -6.785863e-04 2.893581e-01 -5.414180e-01 -3.395496e-01 -3.029549e-01
2.485814e-01 -3.918133e-01 -1.835895e-01 -3.284483e-01 -3.669676e-01 9.891586e-03 1.710745e-02 1.328634e-01 1.097678e-03 -4.635493e-02 -9.995386e-02 -7.677145e-02 -2.793570e-01 3.954978e-01 -4.929386e-02 9.210341e-02 2.584438e-02 -8.604912e-02 -4.132153e-02 7.439517e-02 5.291532e-02 -7.247894e-01 -2.252180e-01 6.418987e-02 -6.619725e-02 -8.161872e-02 1.420135e-01 9.993689e-02 1.364891e-01 3.268184e-02 -2.760356e-01 8.738973e-02
-2.125159e-01 -1.853171e-01 5.162719e-01 2.415134e-02 -2.716134e-02 -1.331650e-01 9.820271e-02 -8.666991e-02 -8.386736e-02 -1.089012e-01 5.254601e-01 -5.992913e-02 -1.113621e-01 3.007963e-01 3.200725e-01 1.069046e-01 2.788098e-01 5.400532e-02 1.862496e-01 6.636746e-02 9.374321e-02 3.748825e-01 1.517550e-02 -1.622624e-01 -1.473985e-01 -5.590692e-01 -4.120167e-01 3.952517e-02 -1.940738e-02 -3.105703e-01 6.259346e-02 -1.489905e-01
-2.582697e-01 -1.478477e-01 -2.960108e-01 -2.837405e-01 1.377524e-01 4.174016e-02 -1.483805e-01 -1.229678e-01 -6.221988e-02 8.127879e-02 3.097482e-01 1.590204e-01 1.040383e-02 4.676587e-01 -2.612424e-01 -5.086910e-02 -2.829239e-01 1.232997e-01 -2.870893e-01 -5.906864e-02 4.476633e-02 7.579106e-02 4.140229e-02 2.184259e-01 -2.588627e-01 -2.362806e-01 -3.542352e-01 7.913829e-02 -3.626260e-01 3.747550e-01 1.947395e-01 -5.415878e-03
-1.576335e-01 -2.088970e-01 4.150419e-01 -2.886251e-02 1.478660e-01 -5.959193e-02 -2.891729e-01 2.575343e-01 1.805051e-01 9.386451e-02 1.084162e-01 -2.865202e-01 -4.201128e-02 3.775002e-01 -1.783618e-01 -1.429383e-01 -2.138361e-02 -3.837000e-02 -4.008516e-02 -3.580935e-02 -2.468375e-01 -3.902539e-02 4.369558e-01 5.005467e-02 -2.420947e-01 -3.262355e-01 8.495974e-02 -3.297927e-01 2.551990e-01 -9.298685e-02 -3.462718e-01 1.153491e-01
-4.245835e-02 -3.593740e-01 3.388515e-01 -2.882702e-01 -2.146788e-01 -8.735463e-02 4.018844e-02 7.253827e-02 3.512052e-01 -1.077290e-01 -4.804700e-02 8.879395e-02 3.125411e-02 -2.646001e-01 -6.381182e-02 4.794987e-01 1.897256e-01 2.002264e-01 -4.501913e-01 2.416013e-01 -2.871969e-02 -3.898492e-02 7.322627e-02 5.284030e-02 -9.713823e-02 -1.126306e-01 -5.700551e-01 1.491814e-02 -2.254219e-01 2.863514e-02 -2.925991e-01 -6.806981e-02
-2.640490e-01 -1.446738e-01 4.481988e-01 -2.288857e-01 8.933226e-02 2.135484e-01 2.269739e-01 1.984706e-02 1.469411e-01 -3.324880e-01 4.798097e-02 1.077192e-01 2.514724e-02 4.721480e-01 -1.474311e-01 1.421897e-02 -7.380359e-01 7.528052e-02 -1.027484e-02 -3.677729e-02 1.202826e-01 -5.284801e-02 1.334324e-01 5.364114e-02 -4.049199e-01 3.673958e-01 1.236082e-01 7.509970e-02 -1.664224e-01 -1.077209e-01 2.084059e-02 1.027570e-02
-1.350370e-01 -1.767984e-01 -7.314478e-02 -3.789734e-01 -4.259717e-02 -8.955476e-02 -4.122730e-01 3.287940e-02 -2.505297e-02 -2.104127e-01 4.547715e-01 1.403520e-01 -1.132869e-02 3.713480e-01 -2.896483e-01 -1.569804e-01 -5.179912e-02 -2.944704e-01 1.868955e-01 3.269670e-01 1.818717e-01 -1.814130e-01 2.589707e-01 2.247676e-01 -2.993877e-01 -2.287083e-01 2.361930e-01 -9.254336e-02 9.611267e-02 -4.192069e-01 -1.212422e-01 -1.557123e-01
1.864413e-01 2.149780e-01 -3.780076e-01 -2.383043e-01 4.626388e-01 2.883267e-01 -4.421841e-02 -3.082610e-01 1.230806e-01 -1.966747e-02 2.054559e-01 -5.350570e-02 1.618720e-01 -1.195158e-01 -1.743222e-01 2.328491e-01 -7.004333e-03 6.674500e-02 6.394592e-01 5.467523e-02 -8.348631e-03 -9.959083e-03 -2.945900e-03 -3.347079e-01 -3.864479e-01 3.365051e-02 2.751886e-02 -1.706590e-02 1.028439e-01 1.177086e-01 -5.769052e-02 -4.398280e-01
-3.060322e-01 9.796034e-02 5.357224e-01 6.276806e-02 -4.140414e-01 -1.140122e-01 -2.364229e-01 -8.645213e-02 2.002984e-02 -1.180113e-02 -4.591964e-01 -4.955378e-02 -1.070004e-01 5.168033e-02 5.460656e-02 -4.083936e-02 1.289590e-01 4.124844e-01 3.471352e-01 -2.115870e-01 1.276165e-01 -1.553138e-01 4.940339e-02 -5.479425e-02 1.221695e-02 2.638705e-01 -3.360410e-01 -1.362827e-01 -3.049954e-01 3.406246e-01 -1.259880e-01 9.990184e-03
-1.337433e-01 -1.271135e-02 -1.918359e-01 1.826663e-01 1.784891e-01 -1.023934e-01 -6.497616e-02 -2.634305e-01 4.232777e-02 -1.057040e-01 5.246521e-01 3.588715e-01 8.941308e-02 3.429649e-01 -3.585782e-01 -1.201018e-02 -2.235194e-01 -1.781569e-01 1.294283e-01 1.153356e-01 2.216927e-01 -1.703743e-01 1.200278e-02 2.684463e-01 4.775866e-01 3.012504e-01 -3.655528e-01 8.542757e-02 3.980448e-02 2.460335e-01 -4.158346e-02 -1.626338e-01
-2.003806e-01 -2.379189e-01 7.055462e-02 -2.226463e-02 2.655353e-01 -3.581394e-01 1.572425e-01 2.640590e-01 9.145211e-02 -9.187057e-02 1.813157e-01 5.098836e-01 -3.696728e-01 2.213704e-01 -7.592788e-02 9.981904e-02 5.341266e-01 1.038794e-01 1.066786e-01 -1.852014e-01 6.565921e-02 1.044355e-01 -4.337789e-02 -4.433293e-02 3.671506e-01 -1.155262e-01 4.206613e-02 3.200364e-01 3.252602e-01 -3.580642e-01 2.174434e-01 2.367181e-02
2.213160e-01 -1.358096e-01 -3.130909e-02 -8.592044e-02 4.122109e-01 6.999624e-02 6.609108e-02 5.236125e-01 -1.545951e-01 -3.534017e-02 1.147606e-01 5.156086e-02 2.637044e-01 -9.635296e-03 -4.309633e-01 7.926324e-02 -6.362772e-02 -1.680825e-01 -3.280858e-01 4.100852e-02 -2.840114e-01 2.365808e-01 3.814562e-01 1.390584e-01 8.752841e-02 -1.220559e-02 -5.282782e-02 3.489380e-01 1.431663e-01 -2.347554e-01 -1.433159e-01 4.134911e-01
3.345901e-01 5.401411e-02 -2.200406e-01 7.936999e-02 6.141765e-01 -2.614159e-03 -2.234859e-01 -2.640457e-01 1.333045e-02 3.206762e-02 1.539019e-01 -1.236020e-01 1.701215e-01 1.057641e-02 1.279294e-01 -2.388228e-01 -2.691050e-03 -1.503772e-01 1.764542e-01 -6.060874e-03 1.898998e-01 -2.287336e-01 6.730873e-03 -2.207389e-01 6.460810e-02 -2.670485e-01 2.921517e-01 -1.161999e-01 -2.251558e-01 -5.104166e-01 3.881134e-02 4.174032e-01
6.787734e-03 -1.562154e-01 6.190561e-01 2.290593e-02 -1.486001e-01 3.296317e-01 -1.311497e-01 -1.567500e-01 8.933759e-02 -6.256420e-02 8.222150e-02 -1.429833e-01 -2.999476e-01 3.038606e-01 3.433016e-01 3.482846e-02 1.139442e-01 4.270993e-01 -3.664400e-02 1.893111e-01 -1.193434e-01 1.097827e-01 3.116231e-01 -3.283638e-01 -2.844236e-01 -4.120602e-01 2.362917e-01 -1.814414e-01 -2.946386e-01 1.107224e-01 1.157978e-01 9.210566e-02
8.296940e-02 4.327180e-02 5.470507e-01 -1.935104e-01 1.967886e-02 3.235509e-01 -7.468814e-02 3.519072e-01 1.357430e-01 -1.420795e-01 -3.586056e-01 -2.081959e-02 5.574176e-02 1.505589e-01 4.944031e-02 -1.258939e-01 2.115810e-01 -5.429688e-02 -1.925816e-01 -1.856561e-01 -2.893893e-01 7.762435e-02 1.950598e-01 -5.953657e-02 -1.133379e-02 2.173711e-01 1.387644e-02 2.019349e-01 3.073721e-01 3.686651e-02 2.631014e-01 -5.635661e-01
1.309740e-01 2.828972e-01 2.905530e-01 -1.410008e-01 -8.238763e-03 -3.005160e-01 -1.543268e-01 1.601534e-01 1.541494e-01 -1.329363e-01 -8.445577e-02 -2.888116e-01 -1.233855e-01 -2.260889e-01 5.075222e-01 -8.927654e-02 -9.365871e-02 -3.625629e-01 1.008030e-01 -1.102776e-01 4.313161e-01 6.899838e-02 -1.056820e-01 -1.460761e-01 -6.687204e-02 2.609979e-01 -1.912596e-01 1.848530e-01 -4.371907e-01 -1.551397e-01 2.018660e-02 9.182093e-02
4.335538e-01 -2.074473e-01 2.894165e-01 -2.493334e-01 -2.929252e-02 -1.859430e-01 9.820198e-02 2.249971e-01 -2.636145e-01 1.592100e-01 -3.087450e-01 -2.844855e-02 -5.205997e-02 2.150380e-01 -1.298059e-01 -2.392079e-01 3.333946e-01 -1.566979e-01 -2.159143e-01 -2.041362e-01 -2.609370e-01 1.985492e-01 2.535860e-01 -5.803632e-02 5.570166e-02 2.236861e-01 -7.805817e-02 1.227923e-01 4.235292e-01 5.640098e-02 1.196867e-01 -3.423238e-01
5.057085e-02 -1.642286e-01 2.870836e-01 -7.323335e-02 1.769445e-01 -9.767907e-02 3.105564e-01 -3.018847e-01 -1.011090e-01 4.432743e-01 -3.769627e-01 2.308337e-01 -2.449843e-02 -1.889191e-01 -7.754691e-02 2.669542e-01 2.286157e-01 -2.187342e-01 -4.197937e-01 3.852047e-02 1.808823e-01 4.299074e-02 -7.101470e-02 -1.431313e-01 2.566223e-01 4.214431e-02 2.958950e-01 3.697038e-01 -3.316656e-01 3.046926e-01 -1.175892e-01 1.867019e-01
-3.631505e-01 -4.006408e-01 4.960323e-01 -1.062649e-01 -6.886893e-02 -1.090766e-01 4.766401e-02 1.264134e-01 -4.265278e-01 2.823213e-02 -2.262519e-01 1.953940e-02 3.720931e-02 8.923476e-02 3.669479e-02 -2.417576e-01 -1.115269e-01 -2.626935e-01 4.234910e-02 -2.720019e-01 -2.278896e-01 -6.849726e-02 3.143958e-01 1.914942e-01 6.927152e-01 1.017689e-02 1.209350e-01 1.449659e-01 -1.668536e-01 3.520317e-02 1.474696e-01 7.254118e-02
-1.617012e-01 -3.054484e-02 -1.889440e-01 -2.193300e-02 -2.009215e-01 6.140295e-01 -8.037981e-04 3.281737e-01 2.239464e-01 1.552507e-01 -2.991924e-02 -1.633615e-01 2.097086e-02 -1.073406e-01 -1.675207e-01 -8.545553e-02 -2.052338e-01 5.177841e-02 4.274959e-02 -2.523992e-01 -1.253802e-04 -3.246884e-01 -5.885757e-02 8.172228e-02 -5.658383e-02 -2.270703e-01 5.910742e-02 -4.675296e-01 -8.107506e-02 5.322496e-01 4.393891e-02 1.062622e-01
-7.863402e-03 -3.288466e-01 -1.196112e-01 -3.125347e-01 1.217302e-01 7.316730e-02 -3.029356e-01 1.210011e-01 9.468222e-02 -9.822764e-02 1.938759e-01 4.095691e-01 1.884715e-01 4.043155e-01 -1.608065e-01 -1.475804e-01 -4.864463e-01 3.216838e-01 -2.263917e-01 5.541173e-02 -2.620043e-03 1.255387e-01 3.621104e-02 1.905220e-01 -2.840397e-01 -9.610557e-02 -5.646259e-01 5.766034e-02 -1.074644e-01 1.220067e-01 -5.047395e-02 2.822076e-02
1.827300e-02 -7.623090e-02 5.385146e-01 1.195773e-01 6.474887e-02 2.586602e-02 -4.558980e-01 1.358483e-01 3.178729e-01 1.297413e-01 -1.594147e-01 -1.336183e-01 -2.318816e-01 -5.865311e-02 6.012530e-02 -3.370149e-01 -1.150280e-01 -7.789414e-02 4.681268e-02 -2.001902e-01 8.791820e-01 -2.288969e-01 -6.196139e-03 -1.031606e-02 3.224671e-02 9.120559e-03 -1.645868e-01 2.857675e-02 2.095345e-01 -2.241934e-02 1.727233e-02 1.181748e-02
-2.003659e-01 -6.631158e-02 1.985069e-01 1.149308e-02 2.928353e-01 -2.431469e-01 -1.468220e-01 2.315708e-01 2.306249e-01 -1.753271e-01 1.685918e-01 2.671582e-01 -3.027571e-01 5.727379e-01 9.136273e-02 1.599220e-01 6.278642e-01 4.840749e-02 4.414719e-01 -7.789434e-02 1.365919e-01 -8.827180e-02 2.802284e-03 -1.247528e-01 4.281047e-01 -3.208090e-02 2.563067e-02 3.967595e-02 2.099380e-01 -1.484855e-01 -2.083104e-01 4.467136e-02
3.155413e-01 -2.193827e-03 -2.898732e-01 1.609306e-01 5.729365e-01 1.183029e-01 -2.386353e-01 -9.831401e-02 -1.394994e-01 1.828918e-01 1.121587e-01 2.504315e-01 4.034492e-01 -4.890480e-02 1.570825e-02 1.252654e-01 2.443199e-01 -6.663693e-02 4.027530e-01 -2.716938e-01 -2.225505e-01 -6.323802e-02 -4.536285e-02 -1.689806e-02 -2.788855e-01 -5.716208e-02 2.982107e-01 -9.214108e-02 -5.479148e-02 -6.163593e-01 -8.422559e-02 1.752096e-02
3.842698e-01 3.138679e-02 -1.339504e-01 2.492068e-01 6.054064e-01 3.740638e-02 6.121154e-03 -1.280530e-01 5.923799e-02 -4.913005e-02 1.923100e-01 1.307709e-01 3.201786e-01 -2.439733e-01 -1.787528e-01 -1.638863e-01 -6.287527e-02 -1.079266e-01 3.479582e-01 1.691803e-02 3.172103e-02 -1.559423e-01 -8.140990e-02 9.879220e-02 -7.681665e-02 -2.607485e-01 4.192830e-01 -1.458324e-01 -3.229275e-01 -4.935030e-01 -6.906745e-02 3.281110e-01
1.878455e-01 1.156888e-01 8.875091e-02 2.472532e-01 1.182137e-02 4.107606e-01 6.917626e-02 8.342423e-02 -3.150830e-01 2.794010e-01 -2.556840e-01 -5.665638e-02 1.674784e-02 4.678479e-01 1.663143e-01 -4.831428e-03 4.116678e-01 -4.354506e-02 -2.120037e-01 3.687492e-02 1.939041e-01 -3.356516e-02 2.761396e-01 -6.347468e-01 -2.966217e-02 1.263330e-01 -4.288883e-02 1.371109e-01 3.217895e-02 -3.155154e-01 2.221430e-02 -9.379675e-02
4.723488e-01 -1.233166e-01 -1.225532e-01 1.317647e-01 -3.822754e-01 -7.345209e-02 -2.974738e-01 2.776011e-02 -1.401997e-01 -1.058958e-03 4.018018e-03 3.089254e-02 3.107695e-01 1.254414e-01 4.554398e-01 7.323163e-02 5.123909e-01 -2.845722e-01 3.257907e-01 2.166453e-01 -1.623141e-01 -4.909623e-01 -1.151910e-01 3.432669e-02 -1.484017e-01 4.858118e-02 -1.537539e-02 -5.081330e-02 2.291828e-02 1.648609e-01 2.346565e-01 -2.767292e-02
2.171696e-02 2.509956e-01 3.981691e-02 4.086823e-01 1.481982e-01 -1.043012e-01 4.548335e-01 -1.796734e-01 -1.232323e-01 -1.039176e-02 -3.732756e-01 -1.464200e-01 -1.323126e-01 -3.699551e-01 1.654661e-01 8.470108e-02 -9.146953e-02 1.791960e-01 -3.177316e-01 -2.578745e-01 -1.507696e-01 3.140809e-01 -3.733696e-01 -2.532996e-01 4.088429e-01 3.806721e-02 -2.069903e-02 5.911624e-02 -8.306099e-02 1.791652e-01 7.984902e-02 1.413437e-01
5.214274e-02 7.116644e-01 -8.343013e-02 2.386826e-01 -2.313410e-01 3.078526e-01 -8.294383e-02 1.095979e-01 -7.735435e-02 -2.017208e-02 1.991614e-01 -3.800533e-02 -3.349431e-03 4.033838e-01 -3.985088e-02 7.031740e-03 -7.568305e-02 -9.017928e-02 6.400318e-02 -3.532147e-01 -6.772032e-02 3.654477e-02 -1.716984e-01 5.822608e-02 -7.267776e-01 1.225253e-02 1.193374e-02 -1.442633e-01 3.380452e-01 1.807107e-01 -1.722139e-01 1.921539e-01
3.610457e-02 9.119314e-02 -1.365208e-01 -6.658465e-02 -3.735859e-01 -1.162587e-01 -3.104036e-01 -3.625417e-02 -1.573905e-01 -1.048534e-01 -3.414139e-01 5.638211e-01 -9.023607e-02 1.033688e-01 8.887029e-02 1.662435e-01 2.091067e-01 -3.016233e-01 -2.615780e-01 3.560055e-01 -2.600566e-01 1.978125e-01 -4.003207e-02 1.920556e-01 -9.485357e-02 -8.938777e-02 -1.242394e-01 2.447800e-01 1.320872e-01 -4.892770e-01 1.719569e-01 6.165502e-03
1.164576e-01 -1.226690e-01 -2.027162e-01 5.408812e-01 3.765371e-01 1.172347e-01 -4.919827e-02 4.921672e-02 -2.016027e-01 -9.168152e-02 2.121942e-01 -2.853193e-02 -3.965638e-01 1.447129e-01 1.166439e-03 -1.018723e-01 -1.871647e-02 2.040303e-01 2.663833e-01 -4.371336e-01 4.483111e-02 -1.139380e-01 -8.155437e-02 -7.381171e-02 5.166172e-01 -1.140232e-02 4.013845e-01 -1.966276e-02 1.155609e-01 2.962515e-02 -2.311878e-01 3.246462e-02
1.987628e-01 2.408281e-01 1.401297e-01 3.680547e-01 -3.235651e-01 4.088753e-02 4.032408e-02 2.838612e-01 3.434699e-02 -6.145423e-02 4.631429e-01 3.591857e-01 -8.156294e-02 3.102929e-02 -7.881239e-02 2.296957e-01 6.323924e-01 -8.097760e-02 -5.065621e-02 1.286338e-01 1.252949e-01 -4.138822e-02 -1.061115e-01 -5.056190e-01 1.220251e-02 3.220576e-01 -6.847679e-02 -6.844832e-02 1.195933e-01 -3.602641e-02 -7.569630e-02 -1.190546e-01
-5.939859e-02 1.030311e-01 -2.798700e-01 2.176807e-02 3.461925e-01 3.049749e-01 -3.715775e-01 3.152970e-01 5.236883e-02 -2.970784e-01 2.834675e-01 -2.235214e-01 -1.265995e-01 2.791804e-01 -1.421062e-01 -7.564841e-02 1.927169e-02 -2.132612e-01 -2.090972e-01 1.157951e-01 1.617110e-01 -1.780948e-02 1.926684e-01 -2.225073e-01 2.717353e-01 -6.775635e-02 9.370838e-02 2.098229e-01 -1.324945e-01 -3.541472e-02 5.430267e-01 -5.389247e-01
7.663998e-02 -2.416157e-01 1.051982e-01 -1.181618e-01 -1.489019e-01 -2.111116e-01 9.621087e-03 4.336186e-01 3.314350e-01 -1.919967e-01 -3.456541e-01 -9.020726e-02 -9.318779e-02 -1.330856e-01 -3.876681e-02 -2.717896e-01 1.790369e-01 -1.062139e-02 7.183358e-02 2.379351e-01 -1.291784e-01 3.165136e-01 2.587898e-01 -1.405368e-01 2.984748e-01 1.159952e-01 6.061734e-02 1.725995e-01 -2.813843e-02 -2.602810e-01 -8.667834e-02 -4.590169e-01
-1.078735e-01 1.069126e-01 5.671240e-01 -3.317335e-01 1.591636e-02 1.750130e-01 2.745735e-01 -5.500480e-02 1.757218e-01 -3.239938e-01 3.890774e-02 -2.068542e-03 1.590548e-02 4.149182e-01 -1.956506e-01 -5.928233e-02 -6.648158e-01 1.075618e-01 -6.138571e-03 7.341467e-04 1.725676e-01 -5.444168e-02 8.811108e-02 1.587924e-01 -4.763219e-01 3.668375e-01 2.473011e-01 9.752310e-02 -1.343428e-01 -6.891499e-02 1.815154e-02 -1.763373e-02
-6.493524e-02 -8.601919e-02 5.015174e-01 2.249857e-01 1.366781e-01 -2.990190e-02 2.632512e-01 6.614338e-02 -3.447467e-01 1.824745e-02 -1.904851e-01 -9.666248e-03 -3.423642e-01 -3.002715e-01 2.492621e-01 -2.787340e-01 -2.074811e-01 2.340218e-01 1.696438e-02 4.999544e-02 -1.982473e-01 1.589472e-01 4.016979e-01 -1.740250e-01 5.526904e-02 -3.866048e-01 -9.705516e-03 4.894910e-01 8.907238e-02 -1.388064e-01 1.927585e-01 3.664966e-01
1.017343e-01 -3.980906e-02 3.577133e-01 -1.020319e-01 3.142705e-02 8.208007e-04 2.546209e-01 1.389419e-01 -1.997418e-01 5.190223e-01 -2.745745e-01 -3.542075e-01 -2.122699e-01 7.216254e-02 3.284362e-01 -1.805096e-01 -1.661484e-02 3.695307e-01 -3.411091e-03 5.177259e-01 1.948703e-01 2.818989e-01 3.083992e-02 2.071594e-02 3.324015e-01 -1.908735e-01 -2.970823e-01 -8.270627e-02 -9.689533e-02 -4.273221e-01 4.998343e-02 1.384319e-02
6.681862e-02 -8.187921e-02 6.623234e-01 -4.365633e-01 4.388389e-02 -2.140308e-01 5.449156e-02 1.931062e-01 5.303906e-02 -1.359117e-01 -2.596701e-01 7.247370e-02 6.534607e-02 2.405401e-01 -6.502081e-02 -6.935254e-02 6.907099e-02 1.097726e-01 -4.232281e-02 -3.142980e-02 -2.466415e-01 3.777565e-02 -2.897971e-02 6.470128e-01 6.213758e-03 -2.442051e-03 2.760863e-01 3.524717e-01 1.782273e-01 1.488155e-01 -3.001194e-01 7.037855e-03
4.730141e-01 -1.719973e-02 -1.201842e-01 2.199641e-01 5.341703e-01 1.751911e-02 -1.518427e-01 -1.386344e-01 -2.725334e-02 -2.955159e-01 1.688345e-01 1.429476e-01 1.841052e-01 -2.144539e-02 -1.366066e-01 -2.738724e-01 2.339362e-02 -1.745308e-01 2.939929e-01 1.779448e-01 1.140595e-01 -2.989884e-01 8.647110e-02 -7.347390e-02 3.312406e-02 -1.256073e-01 3.246265e-01 -2.728272e-01 -1.007911e-01 -5.324652e-01 -1.351414e-01 3.590165e-01
-6.185580e-02 2.889683e-01 -9.444471e-02 -7.330436e-02 -3.924610e-01 6.866573e-02 1.448943e-01 1.573013e-01 5.208046e-01 -1.128334e-01 -2.664550e-02 6.324705e-02 -3.592698e-01 7.249088e-02 -2.641039e-02 1.722118e-01 -4.083198e-03 6.580192e-01 3.177862e-01 4.205016e-02 9.689787e-04 8.146835e-02 -3.297011e-02 -1.447505e-01 2.350051e-02 1.380707e-01 -6.722480e-03 -1.212151e-01 2.301801e-02 2.973691e-01 -2.105226e-01 -1.166205e-01
-3.021815e-01 -1.645658e-01 4.611478e-01 1.154089e-01 -2.745982e-01 -2.536995e-01 2.176589e-01 9.593293e-04 -1.343523e-01 1.072813e-01 5.050595e-01 -1.129046e-01 1.574637e-02 2.876369e-02 2.424651e-01 -4.678184e-03 1.389190e-01 -1.210176e-01 3.016574e-01 1.261608e-02 -3.629930e-02 1.581805e-01 -4.489373e-03 7.776371e-03 -3.230665e-02 -6.531939e-01 -1.670152e-01 2.279857e-01 -8.327205e-02 -4.495895e-01 -1.464511e-02 -2.343616e-01
-1.721814e-01 2.906108e-01 7.785273e-02 -3.531959e-01 4.382082e-01 3.357762e-01 1.318276e-01 -3.771906e-02 1.889045e-01 -1.292643e-01 -3.837569e-02 -9.245580e-02 -3.529189e-01 -2.522356e-01 -3.002212e-01 5.756975e-02 6.466503e-02 -8.976108e-03 -4.408466e-01 -1.327308e-01 2.694750e-01 3.107880e-01 1.392480e-01 -3.747552e-01 -2.252249e-01 -2.129947e-02 2.777654e-01 1.935123e-01 2.299454e-01 1.819209e-01 -2.894589e-01 2.250826e-01
3.412723e-01 -2.368720e-01 -2.184869e-01 -2.907238e-02 4.875340e-01 1.911724e-02 1.309874e-01 3.763034e-01 -1.972193e-01 -6.526554e-02 1.857485e-01 4.908337e-02 2.808774e-01 1.256708e-02 -2.536596e-01 2.835451e-02 -1.262405e-01 -3.377978e-01 -4.340190e-01 1.743264e-01 -2.328437e-01 2.777837e-01 -3.023472e-03 4.853832e-02 8.048382e-03 -2.555110e-01 1.792283e-01 1.184103e-01 3.929517e-01 -2.779962e-01 2.377359e-03 1.604131e-01
-2.885276e-01 5.494675e-01 -1.568705e-01 -1.310001e-01 -1.697483e-01 1.119244e-01 -1.605694e-01 -2.025186e-01 -1.749885e-01 -1.188296e-01 -5.240313e-02 -7.097183e-02 3.944540e-01 -1.058158e-01 -7.086006e-02 -3.110105e-01 -5.534843e-01 1.497294e-01 3.431380e-01 1.517584e-01 -8.876097e-02 4.040967e-02 4.686729e-01 6.384012e-02 3.058232e-01 9.924704e-03 -1.842813e-01 -3.783970e-02 4.088152e-02 -1.410233e-01 5.198779e-02 9.882598e-02
-1.279215e-01 -1.606933e-01 1.099908e-01 -1.891774e-01 4.488671e-01 -3.433185e-01 -1.006375e-02 3.939985e-01 2.962363e-01 -1.006122e-01 1.892224e-01 1.193826e-01 -3.431569e-01 1.799871e-01 1.484572e-01 1.618658e-01 4.740347e-02 2.034647e-01 -3.241895e-01 -1.186410e-01 8.203994e-02 6.325037e-02 -7.070404e-01 -3.741156e-02 -2.818922e-01 -7.383022e-04 -1.105182e-01 2.444027e-02 7.361700e-02 3.102186e-01 -4.299748e-02 -7.623681e-02
1.178262e-01 -2.477970e-01 -3.104834e-02 -3.433071e-01 4.185928e-02 1.760143e-01 -2.472274e-01 3.582509e-01 1.819213e-01 1.333299e-01 1.426902e-01 2.668447e-01 4.611288e-01 2.735013e-01 2.199725e-01 -5.283717e-02 -5.628816e-01 3.044689e-01 -1.847971e-01 1.391836e-01 -1.877196e-02 1.585209e-01 5.802578e-02 1.604184e-01 -2.940677e-01 1.006154e-02 -5.350175e-01 1.609529e-01 -1.540525e-02 8.135650e-02 4.435853e-03 2.342435e-02
1.295965e-01 1.001132e-01 1.284107e-01 1.421619e-01 4.346518e-02 5.006703e-01 2.067101e-02 -3.947486e-01 -3.446949e-01 -2.615674e-02 -1.658289e-01 -3.139650e-01 -1.692638e-01 2.813141e-01 1.854376e-01 -7.036887e-02 3.427766e-01 -8.094671e-02 8.928298e-02 5.224618e-02 -1.120687e-01 -3.876676e-01 -6.393796e-02 -8.558214e-02 -3.802840e-01 -1.737916e-01 -3.604416e-01 4.692926e-01 6.088099e-02 -1.786765e-03 -1.128493e-02 -6.003060e-02
3.254877e-02 6.744786e-01 2.526800e-01 2.612324e-01 2.957935e-01 6.991345e-02 -4.326545e-02 -1.614875e-01 -3.929804e-02 2.311397e-01 8.367068e-02 -3.010720e-02 3.050742e-01 2.276797e-02 2.275140e-01 4.789296e-02 -8.092187e-02 2.183997e-01 2.556573e-01 -2.317923e-01 -1.225480e-01 5.182074e-01 3.775594e-01 -1.469196e-01 -1.518246e-01 -3.285300e-01 7.071384e-02 -3.595416e-02 -8.009022e-02 -3.867473e-03 3.043427e-01 -2.101661e-01
-6.896592e-02 1.089056e-01 3.329937e-01 5.057416e-01 1.456864e-01 2.597394e-01 -2.504143e-01 9.993556e-02 2.553093e-01 -2.867761e-01 -9.312689e-02 -1.353517e-01 -3.250176e-01 -2.165402e-01 1.627265e-01 -9.295005e-02 3.773351e-01 -2.408204e-01 5.405260e-02 3.145788e-01 2.159305e-01 1.318457e-01 1.872861e-01 -8.640472e-02 -2.519617e-01 -1.814066e-01 2.753248e-01 4.012543e-01 5.221378e-02 4.249663e-01 -2.130699e-02 1.515591e-02
2.971177e-01 3.960104e-01 2.350683e-01 -1.647755e-01 -2.239623e-01 -2.903646e-01 -1.905305e-01 2.796692e-01 -1.625673e-01 -2.304127e-01 2.278443e-01 8.417554e-02 -7.048229e-02 -6.813706e-02 2.422915e-01 1.395890e-01 1.078593e-01 -1.117529e-01 2.532532e-02 1.147528e-01 7.023077e-02 -1.263936e-01 -1.332609e-01 -5.130962e-01 4.243087e-03 1.979323e-01 6.810129e-02 1.566798e-01 -4.288329e-01 5.211599e-02 -4.260064e-01 4.614330e-02
3.995301e-01 5.334446e-01 -3.149260e-01 4.814492e-02 2.276306e-01 9.800121e-02 -2.228887e-01 -1.880024e-01 2.971592e-01 -9.843244e-02 1.302861e-01 -1.895926e-01 -1.239038e-01 -1.279349e-01 7.806049e-02 -6.745703e-02 1.185429e-01 3.535665e-02 -2.370787e-02 2.523830e-01 3.071975e-01 2.496874e-01 -2.911499e-01 -1.267550e-01 -5.761798e-01 1.106038e-01 -3.322060e-01 5.503030e-02 8.304623e-02 9.693164e-03 -2.498834e-01 4.975607e-02
4.457000e-01 -2.748767e-01 6.211850e-02 3.078712e-01 -3.009563e-01 -1.173317e-01 2.743765e-02 -1.276934e-01 -1.610323e-01 -1.121691e-01 -6.698589e-02 -2.425730e-01 -4.805835e-02 4.612154e-01 -2.536224e-01 -2.287612e-01 1.966418e-01 -2.031901e-02 -4.818023e-01 -1.140432e-01 7.488929e-02 2.712418e-01 2.549206e-01 -8.019347e-02 -1.119369e-01 -1.845926e-01 9.396072e-02 1.958727e-01 2.345407e-01 2.966357e-01 -4.148168e-01 7.887736e-02
1.281738e-01 -2.804498e-01 1.202627e-01 -6.566793e-02 -7.830533e-02 -1.517630e-01 -1.206034e-01 1.234654e-01 -4.818123e-02 -4.361185e-01 5.720868e-01 1.297931e-01 9.414089e-02 2.236057e-01 -3.039694e-01 8.713055e-02 4.126476e-02 2.826191e-02 1.060301e-04 1.113865e-01 -5.861120e-02 -2.806769e-01 1.483351e-01 -7.349593e-02 -1.103405e-01 -5.308285e-01 3.217891e-01 -8.824351e-02 -1.997322e-01 -2.590197e-01 -3.578007e-01 -2.853262e-01
-6.342708e-02 -1.696304e-01 5.458661e-01 -1.787851e-01 -6.948762e-02 2.010100e-01 3.680938e-01 1.319373e-02 2.333862e-01 -3.200696e-01 -1.852972e-02 -5.182277e-02 -4.612819e-02 3.913729e-01 1.056196e-01 -9.240581e-02 -5.566481e-01 3.689249e-02 -6.412162e-02 -9.929085e-03 2.127497e-01 -1.083777e-01 4.532905e-02 3.118586e-01 -4.585059e-01 3.588390e-01 3.218983e-01 9.758981e-02 -1.456191e-01 1.167959e-02 3.025360e-02 -4.778444e-02
-2.085201e-01 -4.288975e-03 -7.716672e-02 -3.799083e-01 5.035914e-01 9.880535e-02 1.353237e-01 1.987720e-01 1.680291e-01 1.451958e-01 1.745646e-01 -1.001705e-01 -2.578914e-01 -3.291187e-01 -3.346318e-01 4.831428e-02 1.651564e-01 -5.753775e-02 -5.298587e-01 -1.838957e-01 1.910092e-01 2.106639e-01 1.517598e-01 -2.659494e-01 -7.901929e-02 -1.707675e-01 2.404889e-01 6.071992e-02 1.643923e-01 3.390734e-01 -2.875653e-01 2.344826e-01
2.387037e-01 -2.010118e-02 -1.644864e-01 -1.594097e-01 1.425680e-01 -1.142098e-01 -8.928829e-02 8.136967e-01 7.144529e-03 -1.411211e-01 -4.535695e-02 -8.775527e-02 9.576444e-02 1.723984e-01 -5.285991e-02 9.913156e-02 -1.745089e-01 -4.711756e-01 -4.114375e-01 9.349006e-02 -1.726596e-01 2.480206e-01 -5.902710e-02 1.857693e-01 1.979168e-01 -1.214167e-01 4.191905e-02 -6.173858e-03 -1.163227e-01 6.846297e-02 -1.992206e-01 1.010319e-01
1.188600e-01 2.111419e-01 -1.611941e-01 2.228617e-01 2.140673e-01 1.281594e-01 4.405620e-01 1.123985e-01 2.775115e-01 7.336918e-02 -8.412594e-02 -3.869773e-01 -2.468653e-01 -2.462279e-01 -2.541831e-01 -1.546729e-01 -1.564620e-01 1.651022e-01 1.923667e-01 -2.718093e-01 -4.000486e-02 -2.793182e-01 -1.573463e-01 -8.889407e-02 -2.164974e-01 9.816042e-02 2.289917e-01 -5.368305e-01 1.025544e-01 3.176889e-01 -5.356292e-02 2.127979e-01
3.216604e-01 -6.874781e-03 -2.281332e-01 3.034317e-01 4.605038e-01 1.169139e-01 -2.519838e-01 -8.677389e-02 -1.626659e-01 3.129054e-01 1.257126e-01 2.370154e-01 2.668971e-01 9.595366e-02 -5.902742e-02 2.164505e-01 -6.324762e-02 2.553911e-01 4.371930e-02 2.625132e-01 -9.165903e-02 -2.354752e-01 -1.316562e-01 -1.934562e-01 -7.072856e-02 -4.001983e-01 -7.422163e-02 9.734239e-02 -1.748804e-01 -4.108613e-01 4.253786e-01 1.425214e-01
1.208595e-01 -3.785121e-01 5.189668e-02 -5.183652e-02 1.569014e-01 -2.821186e-01 8.167399e-02 1.193902e-01 4.876366e-01 6.300810e-02 1.372647e-01 2.489291e-01 -4.141173e-01 2.726272e-01 1.379088e-01 1.277501e-01 4.411884e-01 1.410609e-01 2.383845e-01 -3.810945e-01 5.049636e-02 1.588423e-02 4.571439e-02 -2.733466e-02 2.941963e-01 7.667159e-02 1.427725e-02 3.461983e-01 1.122004e-01 -4.714189e-01 -8.534481e-02 1.772664e-01
3.641799e-01 1.254963e-01 -2.140077e-01 4.329656e-01 2.811210e-02 -2.710662e-01 -5.304930e-02 1.998651e-02 -2.695039e-01 -1.388582e-01 -2.642956e-01 1.407772e-01 4.380992e-01 -8.412084e-02 1.248244e-02 2.886538e-02 4.004757e-01 -1.538300e-01 4.385001e-01 4.910105e-01 -2.015704e-01 -1.199024e-01 -1.810942e-01 1.997700e-01 -4.221843e-01 8.172077e-02 -7.629544e-04 -9.436122e-03 2.556436e-02 2.382667e-02 -1.622589e-02 5.091472e-03
-3.401572e-01 4.868599e-01 1.943731e-02 3.557317e-02 -5.417383e-02 2.320098e-01 -1.048036e-01 -9.475812e-02 -3.286702e-01 -1.413776e-01 -9.527671e-02 -2.320369e-01 4.724746e-01 -3.513161e-02 -7.935342e-02 -1.958622e-01 -3.756389e-01 -6.120304e-02 -1.773580e-01 4.306325e-01 -8.892999e-02 -4.621433e-02 -1.450687e-01 5.972604e-02 -2.886142e-01 -2.332912e-02 -8.618174e-02 -3.031963e-01 -6.779721e-02 5.250445e-01 1.246166e-01 -2.274623e-01
-8.616917e-03 -3.881734e-01 3.593271e-01 -1.843874e-01 -3.463853e-01 1.952038e-02 5.788270e-02 5.054627e-01 -1.127352e-01 1.154222e-01 -2.562575e-01 -4.219943e-03 4.790689e-02 -1.687120e-01 -3.696986e-02 -1.987534e-01 9.896322e-03 -3.929005e-02 -7.683414e-01 -8.904784e-02 4.562490e-02 1.225563e-02 -7.551355e-03 3.332423e-01 4.561298e-01 -2.398510e-02 -4.484164e-02 5.575379e-02 -2.865517e-02 -7.793392e-02 6.484717e-02 1.585444e-01
1.803300e-01 -2.252801e-01 -9.075503e-02 -3.580708e-01 -1.308858e-02 -1.353451e-01 -2.398572e-01 -1.379061e-01 5.289130e-03 2.168098e-01 1.696291e-01 4.932436e-02 6.219188e-01 3.033465e-02 -3.371184e-02 -1.921480e-02 4.028293e-02 1.106021e-01 -1.669642e-01 -5.417929e-02 -2.379830e-01 2.162343e-01 3.517742e-01 -2.195163e-01 1.011712e-01 2.964181e-01 -8.979833e-02 2.894257e-02 -1.271777e-01 5.499501e-03 3.068166e-01 2.313796e-01
1.150617e-01 -2.017867e-01 -3.958767e-01 -7.138535e-02 -2.330479e-01 -3.521467e-02 -2.633771e-01 -4.825228e-02 3.904625e-01 1.136372e-01 -1.569291e-02 -2.336626e-01 2.000299e-01 -1.107875e-01 -1.438430e-01 3.466069e-01 2.161435e-01 -1.798865e-01 2.784564e-01 3.022517e-01 3.341259e-01 -2.456868e-01 -3.035132e-01 2.093388e-01 5.212408e-02 2.774703e-02 -1.302199e-01 3.381732e-01 2.714816e-01 -1.615651e-01 -2.389649e-01 8.994758e-02
-2.715916e-01 -1.494777e-01 -1.019713e-02 -6.425064e-02 -3.010493e-01 1.062458e-01 -3.746581e-01 3.932137e-02 -3.666154e-01 7.415073e-02 -3.678120e-02 4.711921e-01 3.364663e-01 1.480140e-01 2.529976e-01 1.342926e-01 3.590527e-02 -3.317077e-02 -2.891591e-01 1.757729e-01 4.713399e-02 2.214316e-01 1.128491e-01 1.900020e-01 1.862958e-01 1.267237e-01 -3.114488e-01 1.955614e-01 -1.025342e-01 -5.225016e-01 4.560833e-01 -6.508684e-02
4.221626e-01 -3.181944e-01 2.358105e-01 2.010402e-01 -2.237872e-01 -6.518848e-02 2.953190e-01 1.195475e-01 1.794205e-01 2.822961e-01 -5.692267e-02 1.253599e-02 -2.401788e-01 -2.947866e-02 2.585346e-01 2.146291e-01 2.169115e-01 2.106704e-02 3.089548e-02 -3.321937e-01 1.624395e-01 5.757565e-02 2.290950e-01 2.297813e-01 2.004794e-01 -1.788667e-01 -5.718565e-02 1.777343e-01 -9.976678e-02 -5.364324e-01 -1.582171e-01 1.192683e-01
-3.672620e-01 5.065905e-01 -1.560506e-01 1.975960e-01 2.248977e-01 -2.588476e-01 1.277400e-01 -1.972050e-01 -8.164015e-02 -2.020861e-01 3.039517e-01 2.964775e-02 -5.867609e-02 2.057300e-01 -4.055435e-03 2.538276e-01 -2.926799e-03 1.136042e-02 6.741471e-01 2.860607e-02 -7.592060e-02 -1.341575e-02 1.662770e-02 -2.178469e-01 -6.082674e-01 1.756570e-02 1.126077e-01 -3.973498e-02 3.313873e-02 2.433205e-01 1.688422e-02 -3.728942e-02
5.749687e-01 -2.118446e-01 -8.760020e-03 -2.540829e-01 -2.789827e-01 2.962117e-01 -1.358323e-01 9.591477e-02 3.461113e-01 1.116250e-01 -2.509925e-01 1.175514e-01 1.128529e-01 -8.325048e-03 -1.569745e-01 -9.452900e-02 -1.041228e-01 -1.499604e-02 -3.950914e-01 -2.296100e-02 3.408081e-01 1.494630e-02 3.527555e-02 2.938586e-01 5.855297e-01 6.710190e-03 -3.083211e-01 -8.550365e-02 9.781757e-03 -1.164491e-01 -1.901956e-01 1.206090e-01
-2.262526e-01 -6.091259e-04 -2.639805e-01 4.544681e-01 3.131595e-01 4.903188e-02 1.709891e-01 1.151098e-01 -3.310097e-01 1.468729e-01 8.410400e-02 -2.223438e-01 -2.675024e-02 1.133360e-01 2.683136e-01 -2.711433e-01 -2.759782e-01 1.373188e-01 6.228484e-01 1.314304e-01 5.267169e-02 1.511302e-03 -9.422535e-03 -5.859148e-02 2.172385e-01 -2.156990e-03 5.848367e-01 1.431140e-02 8.481263e-02 -5.663090e-02 -6.776005e-03 2.773102e-02
-6.410685e-02 -2.097321e-01 5.699478e-01 -3.529512e-01 -2.407460e-01 -6.434656e-02 6.503417e-02 -9.690645e-02 3.542869e-01 -1.201190e-01 -2.794309e-01 -5.578793e-03 3.316614e-01 -9.419225e-02 -2.625135e-02 -1.149707e-02 2.067169e-01 -1.180401e-02 -3.094273e-01 3.458402e-01 -4.770530e-03 1.001044e-02 4.936015e-02 2.505156e-02 -2.200928e-01 -1.360374e-01 -7.586458e-01 -4.823133e-02 -1.321353e-01 9.403687e-02 -4.070930e-02 -5.335530e-02
-1.184088e-01 -6.010653e-02 -2.199828e-01 -2.274486e-01 -1.163097e-01 -3.851265e-01 7.857160e-03 4.565365e-01 3.921228e-01 8.764198e-02 3.669975e-02 2.813845e-01 9.658404e-02 -9.804691e-02 -3.070513e-01 -5.321430e-02 -3.461777e-01 6.219222e-02 -1.685405e-01 -1.273532e-01 -2.476840e-01 3.012148e-01 -1.145656e-01 1.612196e-01 3.121729e-01 2.072807e-01 9.537660e-02 -5.205641e-01 6.339165e-03 -4.934353e-02 3.485274e-02 -6.618243e-02
7.620613e-02 5.491075e-01 -1.425141e-01 2.749150e-01 -5.064342e-02 2.694949e-01 -1.734291e-01 1.689708e-02 -2.751950e-01 8.230791e-02 3.891518e-01 -8.489934e-02 2.136215e-01 2.234229e-01 -8.768097e-02 2.070187e-01 -2.273090e-01 -1.318956e-01 5.991901e-02 -1.948999e-01 8.755945e-03 1.626355e-01 -8.035860e-02 8.120208e-03 -7.258740e-01 -1.109124e-01 -1.122761e-01 -2.496886e-01 2.264304e-01 1.548262e-01 -2.277709e-01 1.534008e-01
4.935657e-01 1.095575e-01 -2.164078e-01 -4.214550e-01 8.870974e-03 -2.176712e-01 -3.139701e-01 -5.916217e-02 2.674891e-01 6.819373e-02 3.981195e-03 -3.061615e-01 1.444825e-01 -5.324714e-02 -8.395606e-02 2.668286e-01 2.453713e-01 -3.311247e-01 -1.091901e-02 -2.610056e-01 1.233882e-01 -2.340426e-01 -3.925782e-01 1.276246e-01 5.809661e-02 3.033442e-01 1.213205e-01 -4.356810e-01 -2.080288e-01 1.450608e-01 -1.459482e-01 -2.955287e-01
-1.915219e-01 4.294696e-02 -4.166417e-01 -2.299630e-01 -8.180406e-02 -7.116026e-02 5.857983e-01 1.533284e-01 -3.107134e-01 -1.402141e-01 -1.460392e-01 1.499586e-01 -5.987979e-02 -5.054195e-02 -2.220825e-02 -6.694379e-02 -2.325735e-01 -1.077973e-01 -2.442241e-01 -9.836800e-02 1.961961e-01 -6.586784e-02 -2.783806e-01 1.518605e-01 1.505993e-01 -8.461748e-02 -2.440430e-02 -1.058563e-01 5.534855e-02 6.825883e-01 -8.967611e-02 1.594854e-01
4.131893e-01 -2.731362e-02 4.751785e-01 -1.728511e-01 -3.679612e-01 -1.769876e-01 -1.571627e-01 1.924364e-01 -5.022326e-02 -5.820083e-02 -2.028210e-02 2.647727e-01 -1.006032e-01 -1.235123e-01 -1.030669e-01 2.565334e-01 -3.486964e-02 -9.899762e-02 5.722032e-02 2.853113e-03 8.878269e-02 -2.416005e-01 -2.092083e-02 -6.902747e-01 1.503985e-01 1.234357e-01 -4.637405e-03 1.901451e-01 -4.418514e-01 -3.172261e-02 -3.144931e-01 -3.391289e-02
-6.816328e-03 -1.279992e-01 -3.988494e-02 4.997595e-01 1.252540e-01 -1.024163e-01 2.267857e-01 -2.999328e-01 -7.537375e-02 -1.987522e-01 -1.424476e-01 -2.943019e-01 -3.819649e-01 -2.626995e-01 -3.054327e-01 -3.462423e-02 -2.366576e-03 1.024500e-02 -1.310255e-01 6.271193e-02 -4.835871e-01 3.547136e-02 3.160866e-01 -3.299193e-02 3.577663e-02 -1.910550e-01 2.893017e-01 -8.913264e-02 2.483251e-01 -2.499839e-01 -4.860708e-01 -2.894214e-01
4.944808e-01 2.423065e-01 -2.469209e-01 9.556057e-02 -2.030270e-01 -2.482040e-01 -8.785453e-02 -2.454630e-01 -3.079724e-02 2.571755e-01 -5.884954e-02 -3.970726e-02 4.898578e-02 4.055413e-02 3.887194e-01 2.079691e-02 -1.270638e-01 -3.102418e-01 5.348204e-02 -1.404569e-01 8.631885e-03 -3.081692e-02 -2.520770e-01 -2.338568e-01 3.628301e-01 5.627004e-01 -1.212293e-01 -1.622154e-01 1.628621e-01 2.194314e-01 -1.797716e-01 4.929808e-02
2.271987e-01 -3.485042e-01 2.911836e-03 4.477721e-02 4.704362e-02 -1.227168e-01 -1.768958e-01 7.216804e-02 -9.396286e-02 -3.097448e-01 5.966841e-01 -5.212792e-02 1.678348e-01 8.612055e-02 1.639597e-02 -3.637174e-01 1.147468e-02 -4.343664e-01 9.786739e-03 -4.156665e-04 -5.180497e-01 -7.636304e-02 1.254127e-01 7.605128e-03 -2.289063e-02 -1.562196e-01 2.022373e-01 -1.438605e-01 -5.745363e-02 -3.378380e-01 -3.753365e-01 -1.185400e-01
8.200379e-02 -1.070144e-02 6.303802e-01 -2.805987e-01 1.576446e-01 -8.214674e-02 2.602437e-02 2.445153e-01 8.448255e-02 -1.654545e-01 -4.186198e-01 -1.244822e-01 -1.353722e-02 1.370138e-01 -2.589360e-01 -5.131096e-02 -3.920094e-01 -4.150859e-02 1.207924e-01 -5.210277e-01 4.274581e-02 -6.102325e-02 3.680250e-01 1.041785e-01 -1.163914e-01 -1.722581e-01 -6.931144e-02 -2.578922e-01 1.410235e-01 5.490921e-02 1.392120e-01 -3.592593e-01
-1.173982e-01 1.651080e-02 5.020202e-01 9.825246e-02 1.746966e-02 -5.239303e-02 1.859247e-01 1.145012e-01 -2.764146e-01 2.562782e-01 -3.162130e-01 -8.264393e-02 -2.279827e-01 -2.664978e-01 2.688787e-01 -3.604325e-01 -1.965078e-01 2.595772e-01 -2.670860e-02 5.078467e-02 -2.812477e-01 1.251949e-01 4.333381e-01 -1.329248e-01 5.642205e-02 -4.467272e-01 -2.442689e-02 4.254802e-01 6.206220e-02 -9.003259e-02 1.473581e-01 3.462759e-01
1.532695e-01 4.767736e-02 -1.294782e-01 3.507988e-01 -9.730928e-03 -2.591256e-02 5.423833e-01 -1.746607e-01 -7.823726e-03 1.515823e-01 -1.882939e-01 -3.343477e-01 -1.288121e-01 -3.084845e-01 -4.617692e-02 1.317807e-01 -3.348225e-02 5.887221e-02 -5.918781e-02 1.041330e-01 -3.291440e-01 4.255721e-02 3.756396e-01 3.023590e-02 1.267396e-01 -1.911207e-01 1.599968e-01 -4.477564e-02 1.219928e-01 -3.306166e-01 -5.614840e-01 -3.230452e-01
7.048162e-01 -5.916600e-02 -1.211054e-01 -1.891903e-01 -1.200247e-01 2.749956e-01 -3.168437e-01 4.391209e-03 3.018759e-01 1.065674e-01 -2.081846e-01 9.718110e-02 8.570334e-02 -1.159824e-02 -2.473446e-03 -2.406181e-02 -2.722746e-01 7.430166e-02 3.362742e-02 7.868440e-02 3.076211e-01 4.445854e-02 -1.283464e-01 2.106002e-01 2.386428e-01 3.412472e-02 -2.644006e-01 -4.532166e-01 -1.226292e-01 -1.880943e-01 -3.987361e-01 1.759248e-01
-4.396661e-02 -1.519524e-01 6.720810e-01 -1.525892e-01 3.781139e-01 2.667774e-01 -9.384686e-02 -3.189337e-02 1.367859e-01 -3.473383e-01 4.113878e-02 -2.119412e-02 -5.833725e-02 6.762612e-02 1.469890e-01 -1.107620e-01 5.173469e-02 -5.636102e-04 2.109119e-01 -1.884328e-01 -9.689340e-02 2.247753e-01 -4.385218e-03 3.905702e-01 1.265580e-02 4.580930e-01 5.406874e-02 -3.972827e-01 9.698138e-02 2.000797e-01 -1.450062e-01 4.057090e-01
2.028678e-01 -2.482114e-01 1.649673e-01 -2.217537e-01 1.366133e-01 3.431588e-02 3.416696e-01 1.811479e-01 5.660709e-02 4.396079e-01 -3.833362e-01 -3.158923e-02 1.605633e-01 -1.064159e-01 7.885159e-02 1.613417e-01 1.252190e-01 -1.983223e-01 -3.093235e-01 -4.346458e-02 4.564918e-01 -9.224132e-02 -1.077536e-01 6.710326e-02 -1.278844e-02 -1.128155e-02 3.826755e-01 2.958480e-01 -3.811029e-01 1.163044e-01 -1.631767e-01 2.383761e-01
-9.207060e-02 5.141355e-01 -2.519194e-02 3.348840e-02 -2.339849e-01 3.285933e-01 -3.325631e-01 -1.943978e-01 -1.735957e-01 -2.399901e-01 -1.268277e-01 -3.909981e-01 6.862032e-02 -2.721591e-01 -2.334775e-03 -9.594868e-02 -3.297136e-01 -1.745175e-02 1.598355e-01 1.842550e-01 5.744304e-03 -2.147532e-01 6.202902e-01 -3.594403e-02 2.491080e-01 -3.189333e-02 -4.999566e-01 3.400142e-03 3.345883e-02 -1.322398e-01 2.055513e-01 2.895481e-02
5.990287e-02 6.903075e-04 2.089553e-01 -3.039708e-01 4.561692e-04 3.016268e-01 -2.613306e-01 3.065993e-01 -1.325126e-01 -1.411971e-01 -6.781606e-02 4.193001e-01 2.984808e-01 1.780873e-01 3.602484e-01 1.244821e-01 -8.086490e-02 -2.647327e-01 -1.449831e-01 3.628700e-01 3.647208e-01 -3.293811e-01 1.999874e-01 1.035845e-01 -3.342863e-01 -2.174641e-01 1.496179e-01 -1.799914e-01 -7.008276e-02 -3.905007e-01 1.134260e-01 -1.386324e-01
1.717119e-02 4.210842e-02 -1.436274e-01 -5.934488e-02 1.716893e-01 8.993309e-02 5.590857e-01 -6.334689e-02 1.499987e-01 1.444160e-01 1.277030e-03 -4.680017e-01 -2.748125e-01 -2.103236e-01 -1.022974e-01 -2.268564e-01 -1.194776e-01 3.768439e-01 2.998042e-01 1.849006e-02 -2.219866e-02 -8.659847e-02 -2.322661e-01 -3.566603e-02 -2.209800e-01 -5.176646e-01 -6.912269e-02 -1.087389e-01 3.558523e-01 -4.699078e-02 -1.101684e-01 2.976925e-01
2.125113e-01 5.893314e-01 -5.860396e-02 1.903574e-01 -1.521658e-01 -1.382989e-01 -7.848090e-03 -1.143855e-01 2.952686e-01 -9.824165e-02 3.780947e-01 1.349266e-01 -1.727097e-01 4.443274e-02 -1.318153e-01 2.143373e-01 4.029239e-01 -9.115599e-03 -4.802185e-03 2.593862e-01 3.679404e-01 -1.403561e-01 -2.108423e-01 -3.786810e-01 -4.733322e-01 1.048708e-01 1.251407e-01 -5.382070e-02 2.210998e-02 7.804607e-02 -1.303051e-01 -2.018611e-03
7.912770e-02 -5.860018e-02 -2.357064e-01 -9.705707e-02 3.525205e-01 1.950040e-01 3.046904e-01 -2.746416e-01 -9.704801e-02 1.065542e-01 6.336516e-01 -3.627399e-02 1.928995e-01 -4.680475e-02 -2.556260e-01 -4.319675e-02 3.701824e-02 -3.501329e-01 -2.492783e-01 1.582693e-02 -1.552410e-01 8.181013e-03 6.077475e-01 1.736215e-01 1.042163e-01 -1.241968e-01 -6.218270e-02 2.884608e-01 4.524833e-02 -2.594612e-01 -1.285234e-02 2.762981e-01
-2.655646e-01 4.884047e-01 2.497639e-02 -1.959027e-01 -4.195425e-01 7.991488e-02 2.020787e-01 -1.770717e-02 3.605045e-01 1.441973e-01 -6.384677e-02 4.029646e-02 -2.973497e-01 -6.109182e-02 -1.185155e-03 1.302914e-01 2.766213e-01 5.558787e-01 2.416782e-01 -2.180568e-01 9.146494e-02 -1.646356e-01 1.313333e-02 -1.160266e-01 -1.739205e-01 1.296530e-01 -3.253811e-01 2.406570e-02 1.707508e-02 2.959504e-01 1.588165e-01 -3.174808e-02
-3.282810e-02 -3.628999e-02 -7.802951e-02 3.902202e-02 -2.320272e-01 1.727414e-01 4.091544e-01 1.085904e-01 -4.728523e-02 -2.876137e-01 -3.343482e-01 2.354918e-01 -3.315601e-01 3.940836e-02 -1.358791e-01 2.737840e-01 -6.690529e-03 -3.258055e-01 -1.935992e-02 1.684663e-02 1.174938e-01 1.623324e-01 -1.244747e-01 -5.379388e-02 3.785492e-02 2.675006e-01 -1.479877e-01 1.877514e-01 -1.817099e-04 -1.731998e-01 -1.492900e-01 -4.619126e-01
-4.949960e-02 7.913916e-02 -1.898066e-01 2.751138e-01 -1.664985e-01 1.975186e-02 -3.692140e-01 -4.983993e-02 -1.172318e-01 -1.890776e-01 -3.288835e-01 4.222827e-01 4.073509e-01 3.100843e-01 -1.436542e-01 -9.329339e-02 2.921981e-01 -7.823829e-02 -1.801368e-01 2.050232e-01 -1.736916e-01 2.614964e-01 1.031067e-01 1.528638e-01 -1.607593e-01 -1.101726e-01 -2.222931e-01 2.840243e-01 2.671233e-01 -5.831701e-01 1.610348e-01 -4.753890e-05
-2.729954e-01 -4.435562e-02 -9.006575e-03 -1.259600e-01 4.172394e-02 2.249767e-01 -2.878881e-01 6.039507e-01 -2.009721e-01 -1.568820e-01 2.452614e-01 -1.287856e-02 5.649189e-03 3.199615e-01 -3.163338e-02 -1.295706e-01 -3.320923e-01 1.262770e-01 5.707699e-02 -8.847981e-02 -1.207514e-01 -4.377411e-02 8.277261e-02 8.449344e-02 -1.912792e-01 1.478795e-01 -3.309897e-01 -5.804249e-01 3.566070e-01 -2.986961e-02 1.679142e-01 -2.370724e-01
-3.250213e-01 -2.527311e-01 2.378351e-01 -1.804763e-01 4.638188e-01 2.839739e-01 9.827921e-02 7.423886e-02 -3.053055e-03 -2.755516e-01 2.966762e-01 1.658139e-01 -1.646157e-02 7.705058e-02 -1.459828e-01 7.368432e-02 -4.709088e-02 -2.735101e-01 7.075061e-02 -9.218206e-02 -3.561446e-01 -4.332203e-02 1.476922e-01 1.375732e-01 -1.126236e-01 1.279646e-01 2.942524e-01 -1.933872e-01 2.756684e-01 1.064474e-01 -1.535511e-01 5.360422e-01
-3.195836e-01 -1.971666e-01 4.434330e-01 -2.385299e-01 3.164793e-01 3.372362e-01 3.214577e-01 7.885465e-02 6.385044e-02 -2.364171e-01 -8.601717e-02 -1.323284e-01 -8.759512e-02 2.196762e-01 -8.575138e-02 -8.303022e-02 1.155247e-01 3.590301e-01 -3.248102e-02 2.419062e-01 1.364945e-01 5.347170e-03 3.774880e-01 -6.063952e-02 -4.249984e-01 -3.890175e-01 8.300200e-02 2.497984e-01 -2.476237e-01 3.633364e-02 -1.473641e-02 2.578304e-01
-2.659901e-01 1.216487e-01 4.621850e-01 -2.903664e-01 -2.066987e-01 2.535320e-01 5.213624e-02 -7.364559e-02 7.559583e-02 1.684423e-02 1.941136e-01 -1.295765e-01 3.300271e-02 2.823249e-01 2.542023e-01 -3.476572e-02 -1.348106e-01 6.696647e-02 -4.479790e-02 -4.828113e-02 -6.708050e-02 4.120294e-01 -2.461270e-01 -6.882628e-02 -9.722486e-02 -2.614496e-02 2.518851e-01 -1.162395e-01 5.461745e-02 -9.993663e-02 -5.529485e-01 3.536683e-01
3.104354e-01 3.081138e-02 1.045823e-01 -6.426225e-02 6.585925e-01 6.276957e-02 -1.212994e-03 -2.575110e-01 1.076276e-02 -1.916091e-01 9.274414e-02 1.289673e-01 -9.513732e-03 -1.335976e-01 -3.916873e-01 3.737197e-02 -1.159876e-02 -2.493456e-01 9.323806e-02 2.523748e-01 1.265545e-01 -2.272004e-01 3.854726e-02 6.233344e-02 2.851877e-01 2.101226e-02 5.711297e-01 -1.395838e-01 -2.852242e-01 -1.690257e-01 -1.315565e-01 3.357043e-01
1.921600e-02 -3.130319e-01 -2.185184e-01 -9.882559e-02 -1.356187e-01 -2.527712e-01 -3.531916e-02 -5.999623e-02 2.767377e-01 1.309984e-01 4.924864e-02 -1.108994e-01 4.820678e-01 -1.962506e-01 3.991917e-02 4.417493e-01 7.032634e-02 -6.060927e-02 2.503105e-01 1.979692e-01 -5.014180e-02 1.812162e-01 -1.013296e-01 7.081701e-02 5.157558e-01 -3.305286e-02 -4.796924e-01 1.625406e-01 2.171178e-01 1.094373e-01 -3.341490e-01 6.196131e-02
-7.057735e-02 -1.484015e-01 1.418191e-01 2.614240e-02 1.903827e-01 -3.211662e-01 6.463075e-02 1.644402e-01 3.701022e-01 -7.872013e-02 2.090507e-01 3.553930e-01 -3.292789e-01 4.125212e-01 1.346889e-01 3.135199e-02 5.557576e-01 1.788537e-01 1.769498e-01 -1.757970e-01 -4.400158e-02 -1.046345e-01 -9.496856e-02 -1.711858e-01 1.540000e-01 -1.438454e-01 -1.094285e-01 3.735075e-01 2.120598e-01 -3.848972e-01 8.752437e-02 6.554235e-02
1.772188e-01 2.510512e-01 6.988048e-02 -2.407842e-01 2.038467e-01 4.487054e-01 7.343437e-02 -3.283342e-01 2.128516e-01 -3.735522e-01 -4.697263e-02 -1.725551e-01 -2.770222e-01 4.721477e-02 -2.807309e-01 -2.107267e-01 1.582277e-01 -8.525109e-02 -4.103897e-01 -2.773001e-02 5.874210e-02 4.334302e-01 1.213295e-01 -9.196035e-02 -2.578926e-01 -1.523859e-01 1.405409e-01 2.590753e-01 1.492073e-01 3.064974e-01 -4.908903e-01 8.563999e-02
-1.199939e-01 -2.406585e-01 3.724700e-02 1.325589e-01 1.527138e-01 -3.286408e-01 3.291636e-01 2.074772e-01 -1.344210e-01 -7.719277e-03 1.466575e-01 4.823377e-01 -3.252578e-01 2.487619e-01 1.336252e-01 1.526994e-01 4.808924e-01 5.905243e-02 -1.445812e-02 -8.604842e-02 -9.759030e-02 -6.384070e-02 -7.992093e-02 -8.494044e-02 4.363716e-03 -5.286931e-01 3.558294e-02 1.434341e-01 3.030418e-01 -3.445146e-01 2.236244e-01 -4.046347e-02
9.103407e-02 -3.463745e-01 3.408732e-01 5.613744e-02 5.591916e-01 -7.017242e-03 -9.156938e-02 8.166341e-02 1.618842e-01 -2.057121e-01 3.307588e-03 1.312257e-01 -1.018432e-01 1.877140e-01 3.912065e-01 1.331083e-02 1.345384e-01 6.055720e-02 -3.001263e-01 -1.078749e-01 2.665549e-01 1.494101e-01 -3.503254e-01 1.722703e-01 2.372417e-01 1.281741e-01 -1.820293e-01 -2.022522e-01 3.815038e-01 9.338699e-02 -4.224426e-03 3.815371e-01
-2.701394e-01 2.407059e-01 7.932261e-02 -3.096760e-01 -5.646332e-02 -2.859408e-01 2.145385e-01 -1.189826e-01 3.470606e-02 -3.325281e-01 3.078040e-01 -1.071126e-01 1.680182e-01 4.793797e-01 -1.705744e-01 -6.927368e-02 -2.245573e-01 -1.679886e-01 -2.639417e-02 -8.320049e-02 7.974993e-02 4.152939e-02 -1.147569e-01 -2.326070e-01 -1.893781e-01 -6.214225e-01 -4.544671e-01 -9.105088e-03 2.866164e-02 -2.372594e-01 8.672099e-02 -2.137069e-01
1.136047e-01 1.271259e-02 -4.215966e-01 5.217721e-01 -5.846820e-02 -1.788112e-02 2.112178e-01 -2.929926e-01 -7.002522e-02 2.063107e-01 1.653514e-01 -6.670308e-02 -1.303288e-02 -3.803141e-01 7.341343e-02 9.741869e-03 -3.525298e-02 1.531791e-01 2.784914e-02 1.178344e-02 3.688267e-01 2.033096e-01 -1.239271e-01 -4.204538e-01 2.098591e-01 2.212742e-01 -3.746706e-01 -1.102240e-01 -2.814656e-01 -1.583144e-01 2.519411e-01 -7.132591e-02
4.928283e-01 -8.256769e-02 1.076220e-01 -1.559878e-01 -5.207322e-02 1.800392e-01 -2.573925e-02 3.568751e-01 -1.519410e-01 -2.049671e-01 -4.809917e-01 5.176096e-02 1.222371e-01 1.441648e-01 2.999219e-01 1.343940e-02 -1.077890e-01 3.282067e-01 -1.991469e-01 2.052167e-01 7.479206e-02 4.490912e-02 -1.243294e-01 -2.066773e-01 -2.853477e-02 4.207505e-02 -1.236751e-01 -2.295922e-01 -6.081789e-01 -7.638469e-02 2.005514e-01 -1.625051e-01
-2.776079e-01 5.918702e-01 4.970204e-02 3.437981e-01 3.016945e-01 -2.165190e-02 5.935865e-02 1.051342e-02 -6.334681e-02 1.215394e-01 1.520667e-03 2.140830e-01 2.628307e-01 -2.928478e-01 7.330416e-03 8.170098e-03 6.188022e-03 7.627621e-02 6.000987e-02 2.270102e-02 -6.967566e-02 6.603267e-01 2.430918e-01 -5.982016e-03 2.522424e-03 -3.759161e-03 -3.406966e-01 -1.286057e-02 -1.912153e-02 2.273772e-03 4.347480e-01 -2.752219e-01
1.850747e-01 6.407158e-01 -9.009205e-02 5.265495e-02 -8.929332e-02 3.230186e-01 -1.402072e-02 -4.338621e-02 -2.671509e-01 7.366535e-02 6.167962e-02 2.699368e-02 -1.359246e-02 3.456774e-01 -1.239993e-01 2.790177e-01 -3.959876e-02 7.672846e-03 -3.893883e-01 -1.650334e-01 1.425742e-01 -3.855982e-01 -2.864526e-01 1.098014e-01 -5.086033e-01 -1.076793e-01 2.535676e-01 -2.030700e-02 -2.334595e-01 1.633988e-01 1.286255e-01 1.189777e-01
3.654353e-01 -9.111613e-02 -3.497106e-01 1.847176e-01 1.081811e-01 -1.161850e-01 -3.680594e-01 -1.724565e-01 -2.577274e-02 -1.922640e-02 4.543713e-02 3.754760e-01 -1.363191e-01 -3.012763e-01 1.238459e-01 2.289028e-01 5.931585e-01 -1.248276e-01 -1.047916e-01 2.204551e-01 -1.322804e-01 5.646101e-02 7.450776e-03 1.015483e-01 2.584645e-01 -3.680689e-01 -1.577888e-01 -3.506202e-01 2.455693e-01 -1.059905e-02 -1.726780e-02 -3.766303e-02
5.601270e-01 5.590889e-02 -3.752382e-01 2.553337e-01 -1.297314e-01 -6.805547e-02 -3.541546e-01 -8.990906e-02 -6.887244e-02 3.517474e-02 -3.215100e-02 -1.722158e-01 1.734105e-01 1.933731e-03 3.273563e-01 -7.162587e-02 -3.338270e-02 -1.859353e-01 -1.277881e-01 -1.896580e-01 -2.939136e-03 8.359334e-02 -2.055079e-01 -2.289181e-01 3.553398e-01 4.918531e-01 -1.838910e-01 -1.273730e-01 3.508624e-01 2.644955e-01 -2.361273e-01 -1.652989e-01
-1.527841e-01 1.841534e-01 1.159880e-02 -1.692610e-01 -3.721824e-01 1.172133e-01 -3.798168e-01 7.914545e-02 -3.034613e-01 -4.250872e-02 -1.131608e-01 5.711992e-01 2.521048e-01 8.869296e-02 1.948067e-01 -2.017917e-02 1.551406e-01 -3.842187e-02 -4.965377e-01 1.729182e-01 2.233553e-03 1.921166e-01 5.953049e-03 9.499332e-02 -2.675402e-02 -1.627930e-01 -1.881172e-01 3.861611e-01 -1.342107e-01 -3.809121e-01 2.636517e-01 -2.811539e-01
-1.253754e-01 -3.048811e-01 4.886596e-01 -2.017041e-01 1.267061e-01 3.667381e-01 1.203806e-01 -8.107681e-03 9.695412e-02 -2.088243e-01 4.879561e-02 -3.024471e-02 -1.348844e-02 4.678038e-01 -4.084398e-02 5.488048e-02 1.032882e-01 4.663862e-01 2.941963e-02 3.100527e-01 6.728600e-02 1.126558e-01 5.002258e-01 -1.044514e-01 -2.810524e-01 -3.271860e-01 1.094161e-01 1.451065e-01 -2.045591e-01 8.492938e-02 -5.615515e-02 1.802225e-01
-8.770226e-02 -1.775849e-02 6.778183e-01 -1.343561e-01 1.568544e-01 -1.426842e-01 -1.022126e-01 2.284904e-01 2.466982e-01 -1.181948e-01 -2.473259e-01 -3.055190e-01 8.370491e-02 1.634779e-01 -1.020286e-01 -1.298396e-01 -3.581311e-02 7.765427e-02 -7.744991e-02 -8.116643e-02 -1.494851e-01 2.980864e-01 4.798020e-01 3.740266e-01 2.020597e-04 -1.542536e-01 1.060507e-01 -2.284755e-02 3.852795e-01 6.483592e-02 -4.156039e-01 5.222577e-02
3.486276e-01 -9.212695e-02 -5.995326e-03 -1.462281e-01 1.398246e-01 -4.825502e-02 6.172866e-02 -2.010823e-01 -1.589362e-01 1.148320e-01 -2.032358e-01 8.465334e-02 1.681022e-02 5.353286e-01 9.294003e-02 -1.549860e-01 2.065306e-01 9.273233e-02 -1.356496e-01 8.221915e-02 1.423270e-01 6.260373e-02 -4.229611e-01 1.155702e-01 2.423735e-02 -1.724747e-01 2.696148e-01 -2.204177e-01 -4.572529e-02 1.569260e-01 -2.340187e-01 3.032294e-02
1.828534e-02 1.696440e-01 7.183874e-01 -9.341222e-02 2.301040e-01 9.174694e-02 -3.205025e-02 2.221223e-01 9.725420e-02 -3.362438e-02 -4.484863e-01 -2.374835e-02 2.680559e-02 6.219447e-03 -1.864142e-01 9.450557e-02 1.987695e-01 -4.122595e-01 -2.089954e-01 -1.223384e-01 -1.502472e-01 1.259585e-01 2.683583e-01 -9.412107e-02 7.315895e-02 4.739480e-02 -1.590542e-01 2.353195e-01 1.668204e-01 1.717694e-01 2.158957e-01 -5.714476e-01
-3.067431e-01 -7.907264e-02 3.275613e-01 -1.067836e-02 -2.239963e-01 -1.754340e-02 1.485092e-01 -1.259655e-01 5.388867e-02 -1.447147e-01 4.173333e-01 -1.415053e-01 4.491123e-02 2.388653e-01 4.591814e-01 -2.877711e-01 2.175726e-01 -5.649745e-02 3.977949e-02 1.081215e-01 -2.802776e-02 2.928390e-01 3.813652e-03 -9.957952e-02 7.818817e-02 -3.195604e-01 -2.966864e-01 2.653264e-01 -5.272650e-02 -6.060686e-01 -1.587436e-01 -2.362551e-01
1.860734e-01 4.435223e-02 -3.041301e-02 6.868998e-01 3.016027e-01 2.052115e-01 -6.089801e-02 -1.768710e-02 -2.165493e-01 -1.611096e-02 2.254697e-01 -6.297587e-02 -1.948079e-02 1.241030e-01 -1.057107e-01 -1.965863e-01 -1.876380e-02 -7.657115e-03 -9.422258e-02 -1.601375e-01 2.403350e-02 -6.766528e-02 4.017547e-03 -3.089522e-02 -6.644471e-01 -2.940277e-01 -8.227048e-02 2.640890e-02 1.658585e-01 1.679249e-01 -5.289028e-01 1.429280e-02
2.055809e-01 -7.052214e-02 -3.171479e-01 -6.559792e-02 2.778498e-01 4.405984e-02 5.259843e-01 -8.183488e-02 1.663184e-04 3.539610e-02 5.738066e-01 2.453950e-02 1.511059e-01 -5.875130e-02 -1.047584e-01 -1.467923e-01 -1.545653e-01 -4.608623e-01 -3.467914e-01 -1.094883e-02 -2.016345e-01 2.828122e-01 -7.675371e-02 1.831407e-01 6.894486e-02 -1.991752e-01 -6.169472e-02 -1.534645e-03 2.501814e-01 -2.615809e-01 1.090248e-02 3.236668e-01
-1.349473e-01 -9.281424e-02 1.121442e-01 -7.609469e-02 -2.304546e-01 7.021230e-02 7.746463e-02 2.481432e-01 2.126960e-01 1.112313e-01 9.228952e-02 -3.105559e-01 1.892209e-01 -6.219089e-02 -2.801107e-01 3.474352e-01 2.454644e-01 6.332869e-04 1.529846e-01 -3.140460e-01 -2.450995e-01 3.739120e-01 1.518884e-01 1.232669e-01 -1.978838e-01 2.901464e-01 -2.091336e-01 1.462051e-01 9.878923e-02 1.180902e-01 3.236792e-03 3.664854e-01
3.634589e-01 -3.334383e-02 -1.887365e-01 7.014687e-02 4.502739e-01 9.382936e-02 -3.073825e-01 4.208918e-01 -6.862530e-02 -1.236733e-01 -2.847391e-01 1.886705e-02 1.146549e-01 1.034870e-01 6.138124e-02 -6.400335e-02 -3.193189e-01 -5.811664e-01 -2.885150e-01 2.920970e-03 -1.357780e-01 5.111855e-02 9.911928e-02 2.382669e-01 3.941140e-01 -1.162996e-01 8.199870e-02 5.692113e-02 -4.576507e-02 -8.147133e-02 -2.737325e-01 2.792256e-02
-2.458203e-01 -8.944190e-02 6.595433e-01 -1.146454e-01 -2.086473e-02 1.872233e-01 1.211502e-01 -1.367084e-01 -2.639325e-01 2.645019e-01 -1.150963e-02 -1.074262e-01 -6.726829e-02 1.442234e-01 1.181396e-02 1.472282e-01 -3.105602e-03 -1.310144e-01 6.126948e-02 -3.113157e-02 -5.099496e-03 1.565521e-01 3.969351e-03 -8.144566e-02 4.316472e-03 1.764066e-01 4.333155e-01 6.394261e-02 6.435028e-02 5.372584e-02 -4.377079e-01 6.154540e-01
1.059588e-01 1.784395e-01 2.592706e-01 2.460002e-02 -1.303788e-01 -2.609284e-01 5.651355e-01 7.260561e-02 -7.390735e-02 8.397905e-02 -4.449843e-01 1.789042e-02 -6.150773e-02 -2.042904e-01 7.205685e-02 4.441385e-02 7.059778e-03 1.349840e-01 -8.038067e-03 -1.406765e-02 1.217400e-01 2.804936e-01 -9.754305e-02 8.642529e-03 2.529430e-01 2.222992e-01 -2.520837e-01 5.424597e-01 1.392688e-01 2.297376e-01 2.645979e-01 1.587760e-01
1.131079e-01 -8.391364e-02 -1.962433e-01 2.852555e-01 2.179475e-01 -2.620713e-01 -1.695819e-01 -2.026607e-02 9.838590e-03 -7.251338e-02 -1.307844e-01 2.545821e-01 3.794507e-02 -2.918315e-01 -2.519085e-01 2.312751e-01 -1.218862e-01 -1.004718e-01 3.312563e-02 6.989131e-02 -2.023097e-01 -5.044743e-01 2.545440e-01 -6.510694e-02 -1.369166e-01 -8.882178e-02 -9.432995e-02 1.949863e-01 1.637126e-02 -3.142147e-02 3.051682e-01 -2.640419e-01
4.132631e-02 2.948314e-01 8.401313e-02 -3.317252e-01 1.336660e-02 1.649317e-01 -2.092764e-01 2.734695e-01 1.570898e-01 1.866329e-01 -3.572326e-02 2.641653e-01 3.756491e-01 2.426790e-01 3.147218e-01 6.253359e-02 -7.204569e-03 -4.426151e-02 1.321240e-01 1.220783e-02 3.966615e-01 -6.926568e-02 -3.464154e-01 4.521965e-02 -2.757074e-02 8.530630e-02 -2.734764e-01 1.173211e-01 -2.797624e-01 2.450821e-01 5.632082e-01 1.843035e-01
1.841143e-03 8.089729e-02 -2.738627e-01 3.004644e-01 -2.909770e-01 9.795052e-02 2.520702e-01 -2.598441e-01 1.396807e-01 4.730639e-01 -2.290903e-01 7.930808e-02 -6.009714e-02 -3.486781e-01 1.923866e-01 1.525158e-01 3.162399e-02 1.643763e-01 4.041938e-01 2.325398e-02 -9.384513e-02 7.289225e-02 -2.703930e-01 6.676500e-02 -3.083155e-01 -1.483268e-02 1.526779e-01 -2.159793e-01 1.516815e-01 2.318383e-01 -4.473790e-01 4.525464e-01
-4.264894e-02 -4.029723e-01 5.278756e-01 -1.764223e-01 -6.884024e-02 -1.367673e-01 1.237317e-01 -3.376413e-02 4.272778e-01 -7.536302e-02 -2.150600e-01 7.995841e-02 4.105708e-02 -1.927047e-01 -1.217581e-01 4.282914e-02 3.677187e-02 1.707626e-01 -1.659337e-01 1.342178e-01 2.565933e-01 -3.974204e-01 6.336787e-02 -3.252463e-03 -1.113646e-01 -5.091611e-01 -2.915363e-01 2.286378e-01 -3.787883e-01 -1.228413e-01 -1.600131e-01 -8.839694e-02
4.170524e-02 7.701369e-02 -3.904940e-01 -6.218411e-02 -1.908627e-01 -7.876188e-02 -4.035946e-01 -2.860515e-02 3.560246e-01 1.208407e-01 2.388790e-01 -5.831390e-02 3.166050e-03 1.650763e-01 -3.023648e-01 4.768661e-01 -1.656702e-01 -2.064823e-01 -2.901583e-01 -1.359016e-01 -3.075905e-01 -1.185759e-01 -1.417766e-01 1.565233e-02 -5.211012e-01 -1.606667e-01 3.286788e-01 8.747451e-02 3.872069e-01 2.083948e-01 -5.884760e-03 -7.600422e-03
3.122410e-02 -2.757925e-01 -2.318132e-01 -1.408731e-02 -6.698351e-02 -4.239650e-01 3.251988e-02 3.837297e-01 5.165562e-01 -2.347231e-01 1.092469e-01 4.095482e-02 7.621832e-02 3.551356e-03 -2.151850e-01 -7.454860e-02 -5.026985e-01 -3.342643e-02 1.897645e-02 1.862052e-01 -7.837360e-02 4.561542e-01 3.313594e-03 8.412333e-02 2.492790e-01 1.626829e-01 2.096124e-01 -3.646007e-01 3.388330e-02 2.808331e-01 3.030870e-02 1.356810e-02
-4.022307e-01 -1.076699e-01 1.098550e-01 -6.182486e-02 1.711240e-01 2.101391e-01 1.146126e-01 4.458193e-01 -2.254661e-02 -1.191356e-01 6.079853e-02 4.316190e-02 1.598437e-01 4.700660e-01 -1.216228e-01 1.247910e-01 3.187394e-01 1.961270e-01 7.671409e-02 -1.369705e-01 2.588265e-01 1.657210e-01 -2.106893e-01 -8.092751e-02 1.874902e-01 -6.389833e-01 -1.097138e-01 2.015910e-01 -6.260297e-02 2.719844e-01 -7.220422e-02 2.643415e-03
1.017123e-01 3.685703e-01 -8.246331e-02 1.236745e-02 1.213400e-01 1.108587e-01 -2.092453e-01 -1.876159e-01 -1.794837e-01 -1.063549e-02 -1.373823e-01 2.197126e-01 5.292785e-01 1.169595e-01 2.729819e-01 3.774270e-01 -1.827603e-01 3.020208e-01 -2.743411e-01 1.730045e-01 2.633808e-01 2.335735e-01 -1.731028e-01 -7.630650e-02 -1.816750e-01 1.033166e-01 -4.295900e-01 -6.299035e-02 -8.279751e-02 1.684738e-02 3.840975e-01 -1.872468e-01
9.751832e-02 3.722966e-01 -1.307082e-01 -6.936664e-02 -4.594979e-02 -1.986394e-02 3.189900e-01 -2.513323e-01 5.930863e-03 -9.358269e-02 -3.264284e-01 2.927671e-01 -9.153682e-02 -3.329821e-01 1.319385e-01 2.161033e-01 1.511166e-01 -1.790517e-01 8.375507e-02 9.037286e-02 2.804860e-01 -4.417369e-02 -5.572146e-02 9.014755e-03 -4.193182e-02 2.142712e-01 3.830600e-01 1.993298e-01 -4.104258e-01 6.573951e-02 -2.527382e-01 2.839148e-01
-2.101333e-01 2.518336e-01 -3.435712e-02 8.493845e-02 -1.357878e-01 1.461543e-01 8.673485e-02 8.129919e-02 5.102201e-01 -1.747585e-01 -2.645104e-02 -1.348707e-01 2.224433e-01 -3.351843e-01 -1.914046e-01 3.383085e-01 -5.392659e-01 -1.516966e-01 2.201786e-01 2.196806e-02 -2.171196e-01 1.572076e-01 3.472520e-01 3.387599e-02 8.835655e-02 2.665660e-02 1.049277e-01 6.436502e-02 -7.682443e-02 -1.877623e-01 2.613249e-01 -1.733781e-01
-2.264462e-03 -1.527032e-01 5.467813e-01 -1.249722e-02 3.934123e-01 1.993487e-01 3.941608e-02 -6.425936e-02 1.461033e-01 -2.295878e-01 -1.010035e-02 3.350161e-02 -1.433840e-01 1.335810e-01 4.874213e-01 -1.549484e-01 2.152524e-01 3.873219e-02 1.320058e-01 -1.827478e-01 6.752126e-02 2.723541e-01 6.049659e-02 4.363508e-01 1.685601e-01 3.421617e-01 -1.418118e-01 -3.464078e-01 1.783191e-01 3.006841e-01 -2.974204e-02 2.997343e-01
1.335163e-02 1.733911e-01 2.423502e-02 4.394581e-01 2.004385e-02 1.278575e-01 2.901272e-01 7.878511e-02 2.286118e-01 -2.728399e-02 -2.341527e-01 -1.456069e-01 -4.680983e-01 -1.451638e-01 1.439686e-01 7.515720e-02 -2.280772e-02 -3.339946e-02 1.659575e-01 1.174664e-01 3.561752e-02 -3.333304e-01 -1.116917e-01 5.091025e-02 2.231013e-01 -3.805161e-01 1.328436e-01 -6.323744e-03 1.121260e-01 3.050774e-03 -4.438684e-01 -3.273249e-01
1.344166e-01 3.381906e-02 5.530747e-02 -3.773305e-01 8.863877e-02 -5.618638e-02 -1.310304e-01 3.018653e-02 6.247422e-02 6.964646e-02 1.951236e-01 2.651303e-01 3.691464e-01 5.831511e-01 1.361039e-01 9.972829e-03 -1.156976e-02 -3.524058e-02 3.138845e-02 -1.901313e-02 5.025691e-01 6.848395e-03 -3.202611e-01 5.035025e-02 -2.165555e-02 1.078608e-01 -2.806002e-01 8.272910e-02 -2.327927e-01 2.673413e-01 4.853730e-01 2.846353e-01
3.922590e-01 6.510933e-02 -9.694466e-02 -2.925315e-01 1.593675e-02 -2.231181e-01 -3.629650e-01 -1.734696e-01 2.983214e-01 3.522957e-02 1.513781e-01 -2.771900e-01 -6.590775e-02 1.996464e-01 -1.603891e-01 4.323737e-01 -1.114009e-01 -1.029187e-01 -5.830112e-01 8.596357e-02 -8.322357e-02 -3.833688e-02 -1.067023e-01 -6.434340e-02 -2.368012e-01 -4.217809e-01 1.713996e-01 -3.565757e-01 3.245661e-01 6.526038e-02 -7.657492e-02 -1.379074e-01
1.171091e-01 4.833882e-01 4.697874e-01 1.811012e-02 1.494498e-01 -1.342588e-02 -1.441206e-01 1.559110e-01 1.630178e-01 2.937899e-01 -3.033543e-01 -1.507334e-01 6.228613e-02 -1.718504e-01 -2.794951e-01 -1.358334e-01 1.024621e-02 2.394691e-01 2.694697e-02 2.262027e-01 -7.563298e-02 3.655292e-02 3.971966e-01 -1.384688e-01 -2.526758e-01 -1.002548e-01 2.939495e-01 -1.218831e-01 -4.481264e-01 1.614523e-02 3.592960e-01 2.529513e-01
2.248696e-01 -6.172128e-02 2.863968e-01 -1.737282e-01 1.184231e-01 -3.286266e-02 -2.435928e-01 3.608610e-01 4.352416e-01 4.528871e-02 -3.013165e-01 -2.218669e-01 2.604525e-01 7.207148e-03 2.352605e-01 -4.089702e-01 -5.861919e-02 -4.743109e-01 2.104723e-01 3.480709e-01 -5.898149e-02 2.546790e-01 -1.822204e-01 -1.223227e-01 -6.303867e-02 -2.635281e-01 -5.398195e-01 2.147810e-01 2.553426e-02 -2.224626e-01 4.910609e-02 -1.465811e-01
1.895332e-01 1.092492e-01 -1.063932e-01 -6.125445e-02 2.451285e-01 7.991502e-02 6.066898e-01 -1.957914e-01 6.521438e-02 3.916495e-02 5.237554e-01 -3.371293e-02 1.219687e-01 -8.185667e-02 -2.834278e-01 -8.490048e-02 -1.093750e-01 -9.036542e-02 -3.252036e-01 -1.043005e-01 -2.824700e-01 2.828587e-01 6.281002e-02 1.227823e-01 2.110930e-01 9.272259e-02 -7.447209e-02 2.758611e-01 9.059636e-02 -1.825075e-01 -1.764105e-01 5.331217e-01
-8.058277e-02 -9.751423e-02 -2.345217e-01 -3.824479e-02 4.610844e-02 -3.137324e-01 -3.673863e-02 3.957991e-01 4.120032e-01 8.494791e-02 -2.238172e-02 3.301004e-01 1.548297e-01 -3.192800e-01 -2.927826e-01 -1.511501e-01 7.721054e-02 -1.454662e-02 2.746404e-02 -2.346559e-02 -7.354209e-01 3.774643e-01 -2.495848e-01 1.230248e-02 -5.022937e-02 8.787181e-02 3.625167e-01 -4.050660e-03 -1.590385e-01 1.857161e-02 -9.050792e-02 -5.794270e-02
1.259553e-01 2.566295e-01 3.064318e-02 3.911176e-01 3.674019e-02 3.719435e-01 -4.266265e-02 9.961338e-02 -3.151025e-01 3.243182e-01 -9.242503e-02 -2.217070e-01 1.162228e-01 4.592823e-01 9.347442e-02 1.180130e-01 2.717656e-01 -3.876650e-02 -4.176080e-01 4.049295e-02 2.315202e-01 -4.567698e-03 2.332429e-01 -6.330909e-01 -5.039188e-02 1.696867e-01 -1.334627e-01 1.433902e-01 3.919367e-02 -2.786455e-01 -1.317842e-01 4.479639e-03
-2.150889e-01 -1.308305e-01 2.188020e-01 -3.184747e-01 8.362006e-02 2.455757e-01 -2.556596e-01 5.581540e-01 -1.674659e-01 -1.079606e-01 5.621959e-03 3.781637e-02 -9.401288e-03 3.815768e-01 -9.722097e-02 -1.371555e-01 -4.391148e-01 9.198076e-02 1.381256e-02 -9.558833e-02 -1.691178e-01 -9.820461e-02 1.504573e-01 8.509977e-02 -1.723114e-01 1.121772e-01 -2.786601e-01 -5.754514e-01 2.595848e-01 1.154387e-01 1.674291e-01 -2.565937e-01
6.876756e-02 1.092254e-01 1.330364e-01 -1.264493e-01 2.143079e-01 1.418333e-01 -2.066783e-01 4.722084e-01 1.073978e-02 -3.873951e-01 2.873335e-02 -1.824479e-01 2.316861e-02 3.293203e-01 -1.216579e-03 -3.118456e-01 1.300235e-02 -5.274740e-02 -3.067280e-01 -1.021495e-01 -2.359595e-02 7.123075e-02 2.592664e-01 -2.235643e-01 2.023370e-01 9.897442e-02 1.026099e-02 1.288439e-01 7.204541e-02 -2.750943e-02 6.699049e-01 -3.289914e-01
-1.965951e-01 3.195191e-01 2.034148e-01 3.000059e-01 5.095436e-01 2.026828e-02 1.926920e-02 -2.969219e-01 3.073556e-02 3.314459e-02 1.680858e-01 1.557408e-01 3.584945e-01 -2.762094e-01 2.134040e-01 -1.107419e-01 -9.188315e-02 2.611257e-02 1.489648e-02 -1.520056e-01 9.584357e-03 7.265995e-01 -5.285680e-02 -8.467773e-02 1.681640e-01 2.836342e-01 -3.046237e-02 -2.023621e-01 -3.779112e-01 -1.215491e-02 2.357953e-01 4.532463e-03
2.271027e-02 -1.426458e-01 -1.124748e-01 -1.013392e-01 -5.932850e-02 -2.855076e-01 4.806554e-01 -4.341833e-02 -2.696656e-01 1.973784e-01 7.250698e-02 1.651876e-01 -1.983134e-01 3.077467e-01 -2.900072e-01 -1.972406e-01 -2.397074e-01 2.923055e-01 -4.828527e-01 -2.653629e-01 -1.192998e-01 -2.479693e-02 5.750463e-01 -3.451453e-02 2.387249e-01 3.522658e-02 1.255579e-01 -5.641729e-02 4.007369e-02 4.103097e-02 1.345162e-02 -4.855721e-02
2.444618e-01 -7.428916e-02 -3.441471e-01 3.811992e-02 8.480372e-02 -2.577155e-01 -2.921774e-01 -2.254238e-01 1.862877e-01 8.327813e-02 2.412948e-01 -7.584137e-02 -9.618214e-02 4.698582e-01 -3.079975e-01 1.660260e-01 1.224484e-01 -2.343080e-01 -3.080617e-01 -2.180255e-01 4.446819e-02 -1.284721e-01 -1.305840e-01 -1.706458e-02 -2.729193e-01 -2.805397e-01 4.602259e-01 7.545347e-02 1.154672e-01 3.587568e-01 -3.598649e-02 -1.090386e-01
-1.165254e-01 5.218174e-02 -2.323174e-01 4.295942e-01 3.588555e-02 -1.685878e-01 2.663645e-01 -3.432518e-01 -7.913440e-02 3.322096e-01 -1.795636e-02 -3.466669e-01 -2.136371e-01 -9.289734e-02 -2.938350e-01 -1.475807e-02 1.563687e-01 1.606854e-01 6.323915e-02 -3.401526e-01 -3.232705e-01 4.687397e-01 -3.638673e-01 -1.202192e-01 1.929939e-01 9.578717e-02 -2.435680e-01 1.660470e-01 1.182904e-01 -8.238453e-02 -8.518137e-02 1.635462e-01
5.153365e-02 -8.326992e-03 1.194000e-01 -2.271234e-01 -1.258671e-03 4.360463e-02 -1.387351e-01 5.697911e-01 9.179683e-02 -2.441360e-01 2.094139e-01 -2.979818e-01 2.375542e-02 3.237898e-01 1.355848e-01 -3.277999e-01 -3.655855e-01 2.498515e-01 3.105602e-01 -1.333685e-01 6.042632e-02 -7.018340e-02 1.124023e-01 2.185308e-01 -2.845108e-01 -7.596643e-02 -1.620839e-01 -3.737554e-01 2.540568e-01 -3.091114e-01 1.451726e-01 -1.813491e-01
-3.273388e-01 4.009646e-02 2.727418e-01 -4.120176e-02 -3.970657e-01 1.271675e-02 1.729607e-01 1.316014e-01 8.727901e-02 2.323325e-01 -5.856390e-02 -2.381701e-04 -9.151970e-02 -6.733038e-02 2.952760e-02 8.664569e-02 -3.399870e-02 7.773293e-02 -6.013938e-02 -8.493512e-02 1.796173e-02 3.127897e-01 1.407289e-01 1.994693e-01 -2.363873e-02 1.595505e-01 -1.430875e-01 1.297760e-01 8.107147e-02 3.748282e-01 -4.926514e-02 -2.885040e-01
-3.328078e-01 2.872998e-01 -4.790874e-02 -2.913747e-01 3.620394e-01 1.950447e-01 -3.710863e-02 9.054659e-02 2.599835e-01 7.897132e-02 4.700105e-02 3.045225e-01 1.912236e-02 -3.164523e-01 1.734177e-01 2.113831e-01 -2.646067e-01 -4.154998e-02 3.600186e-01 -5.360892e-02 6.742731e-02 -3.329162e-01 -2.646095e-01 1.913179e-01 1.276241e-01 1.682913e-01 -1.241397e-01 -1.143441e-01 -1.493315e-01 -1.873647e-01 3.936263e-01 -1.450954e-01
1.200600e-01 4.575534e-01 1.023244e-02 2.607714e-01 -2.418239e-02 1.940366e-01 2.544769e-01 -7.821741e-04 -9.480937e-02 2.505713e-01 -3.279406e-01 -2.711899e-01 1.915551e-01 -1.925587e-01 3.564609e-01 1.785213e-01 2.913004e-02 2.148032e-01 -2.495770e-01 -1.174912e-01 -6.399386e-02 4.474768e-02 -3.341097e-01 4.986921e-02 4.387868e-01 -3.399080e-01 1.023016e-01 2.669457e-01 -2.686394e-01 1.733419e-02 1.775765e-02 2.223798e-01
-1.932447e-01 -8.571854e-02 -3.481541e-01 1.181334e-01 4.646997e-01 -8.728960e-02 9.371105e-02 -1.610133e-01 -9.230789e-03 -1.030602e-01 5.641823e-01 2.717839e-01 6.087402e-02 1.329205e-01 -1.987058e-01 -1.594842e-02 -2.981392e-01 -2.695054e-01 -1.452437e-01 4.490616e-02 3.601756e-01 1.042294e-02 -6.098631e-02 1.084031e-01 4.896653e-01 2.893237e-01 -1.817778e-01 1.261945e-01 2.243235e-01 2.378270e-01 -2.423049e-01 -1.079305e-01
-7.584592e-02 1.605719e-01 1.636266e-01 -2.919227e-01 -3.595436e-02 1.391116e-01 -2.855442e-01 3.801471e-01 -5.151378e-04 -1.981756e-01 -7.887894e-02 3.271886e-01 3.825773e-01 1.410656e-01 3.454715e-01 9.135835e-02 -2.802568e-02 -7.866113e-02 2.704461e-02 -5.602259e-02 2.332695e-01 -1.867020e-01 -3.148202e-01 -1.186045e-01 -1.339949e-01 1.523574e-01 -1.021094e-01 6.836295e-02 -2.871792e-01 1.978045e-01 6.388528e-01 3.207541e-01
1.927839e-01 1.407961e-01 8.040889e-02 1.786255e-01 7.078068e-02 1.969462e-01 1.765932e-02 -5.799485e-04 4.823629e-02 3.753403e-01 -1.140144e-01 4.939096e-02 4.419901e-01 -1.030272e-01 4.746629e-01 1.338448e-01 4.538950e-02 6.859532e-02 -2.000810e-01 -2.995108e-01 -8.020125e-02 -2.664738e-01 -4.136085e-01 -3.032312e-02 -8.274186e-02 9.521562e-02 -1.524444e-01 3.501780e-01 -1.850333e-01 1.469162e-01 1.535123e-01 -4.575448e-02
5.450501e-01 -3.757081e-01 -1.913975e-01 2.258982e-01 2.777286e-03 3.740604e-01 -3.862120e-01 1.356892e-02 1.189565e-01 8.026494e-02 -1.105584e-01 3.333830e-02 -6.696491e-02 2.159255e-02 1.290776e-01 -2.082459e-01 2.012479e-02 -3.036907e-03 -4.875454e-01 -2.328893e-02 1.912244e-01 2.648379e-02 -6.063905e-02 7.704705e-02 2.023458e-01 -2.705865e-04 1.349577e-02 -4.254807e-01 -4.368943e-02 -5.898988e-01 -2.030942e-01 4.846936e-03
2.258946e-01 2.667373e-01 -8.911838e-02 4.346042e-01 -3.508628e-01 -1.452142e-01 -1.665036e-01 -1.339621e-01 -1.274951e-01 -1.764606e-01 -2.929828e-01 1.809905e-01 4.172463e-01 2.178713e-01 1.259858e-01 -5.827329e-02 -2.123339e-01 -4.509860e-02 5.052071e-01 1.334236e-01 -3.002358e-02 -2.057442e-01 -1.404322e-01 3.473454e-01 2.285499e-01 7.062121e-02 -2.230064e-01 -1.949574e-01 -3.029297e-01 -1.943952e-01 3.358145e-01 -1.351873e-01
3.122843e-02 -1.359199e-01 2.061989e-01 -3.299772e-01 9.582876e-02 2.978408e-01 -2.969202e-01 1.923028e-01 -1.672288e-02 -2.016412e-01 1.817299e-01 3.523649e-01 4.145514e-01 2.366626e-01 2.280257e-01 4.263965e-02 -6.503740e-02 -1.631827e-01 -9.631595e-02 2.554260e-01 2.425273e-01 -2.645387e-01 3.997643e-01 1.832605e-01 -5.220310e-01 -1.921739e-01 8.262829e-02 -2.065070e-01 -9.410802e-02 -3.133973e-01 7.665429e-02 6.247537e-03
7.015970e-02 4.821687e-01 7.462543e-02 5.244584e-01 2.142558e-01 1.426422e-01 -3.002631e-02 -1.602158e-02 -3.977178e-01 3.952058e-02 6.285215e-02 -1.674472e-01 -7.125369e-02 2.167832e-01 1.239046e-01 -2.341315e-01 2.902543e-02 -3.029377e-01 7.008434e-01 -2.529015e-01 2.070971e-01 8.590931e-02 7.390583e-02 6.348150e-02 1.102013e-01 -1.595285e-02 2.130790e-01 -5.700741e-02 2.695443e-01 5.620144e-02 2.004244e-01 1.139839e-01
-2.527771e-01 -2.646154e-01 5.063026e-01 1.322492e-01 -2.132463e-01 9.080596e-02 1.571220e-01 2.031530e-02 9.077950e-02 -5.572219e-02 -1.351696e-01 -1.295927e-01 -3.511427e-02 2.851070e-01 3.724695e-01 -9.390387e-03 -7.297149e-02 3.428156e-01 3.725326e-02 2.334860e-01 2.654817e-02 9.334611e-02 5.634943e-01 -2.206063e-01 -1.253710e-01 -3.591241e-01 4.898723e-02 7.228613e-02 -1.828552e-01 2.035723e-01 -2.782268e-01 1.060984e-01
-7.399809e-02 4.270844e-01 2.010033e-01 2.954821e-01 4.517773e-01 1.142305e-02 -5.441969e-02 -1.467048e-01 -6.957224e-03 8.761986e-02 1.219271e-01 7.854905e-02 3.611064e-01 -1.848081e-01 4.109890e-01 -7.381678e-02 -7.527778e-02 1.407661e-01 6.237796e-02 -3.005726e-01 -4.522385e-02 6.664420e-01 1.835538e-01 -2.725086e-01 1.135075e-01 -7.920502e-02 1.407928e-01 -1.086606e-01 -2.450001e-01 -7.050475e-02 2.920972e-01 -1.402071e-01
3.444943e-01 -1.083703e-01 -2.346744e-01 -8.697610e-02 7.867416e-02 -2.322412e-01 -4.621474e-01 -9.179249e-02 7.774790e-02 -2.490970e-02 2.781073e-01 -1.535090e-01 1.089909e-01 -4.282489e-03 -2.394294e-01 5.334812e-01 1.309663e-01 -3.191695e-01 1.320290e-01 -1.474182e-01 3.334806e-01 -1.560565e-01 -4.263014e-01 1.709154e-01 -2.434019e-02 3.563265e-01 2.769023e-01 -2.588633e-01 -2.990633e-01 -1.390405e-03 -1.353171e-01 -1.928782e-01
-2.329835e-01 -1.110414e-01 7.501417e-02 -2.586022e-01 5.278158e-01 -2.859405e-01 -2.341239e-01 2.054897e-01 2.380148e-01 2.677695e-02 -1.776227e-01 2.277903e-01 1.947967e-01 -3.292291e-01 1.087920e-01 5.237819e-02 5.192194e-02 -1.224528e-02 1.053215e-01 8.981402e-03 -7.202652e-01 3.924920e-01 -1.291177e-01 -2.735454e-01 -4.662756e-02 3.892652e-02 2.692026e-01 -5.739309e-02 -3.233395e-01 -3.146992e-02 -3.633901e-02 -2.209201e-02
1.707421e-01 1.842015e-01 -2.611538e-02 5.914290e-02 1.307489e-01 3.223606e-01 6.476874e-02 3.030352e-02 -2.042510e-01 5.323100e-02 -4.414636e-02 4.119350e-01 -3.394779e-01 3.718399e-01 8.082294e-02 -1.834199e-01 -6.071499e-02 3.044745e-01 1.117891e-01 -2.641981e-01 -1.042921e-02 -4.074599e-01 -2.958707e-01 -9.238753e-02 -2.455104e-01 -8.588015e-02 8.187374e-02 -2.487353e-01 1.305548e-01 1.664169e-01 1.581783e-01 1.614947e-01
7.934624e-02 5.422972e-01 -1.768624e-01 3.465483e-01 2.675014e-02 1.116030e-01 -1.518414e-02 1.153656e-01 -3.818704e-01 2.029160e-01 2.064604e-01 -6.266366e-03 1.453363e-01 3.567548e-01 1.454189e-02 -1.215709e-01 -2.375320e-01 -8.730236e-02 3.495512e-02 -3.375780e-01 -5.633137e-03 1.908638e-02 -1.338281e-01 1.562784e-02 -7.575431e-01 -1.548607e-01 -1.929286e-02 -1.206670e-01 2.581993e-01 1.662858e-01 -9.293582e-02 -4.082638e-02
1.987587e-01 9.683113e-02 -4.850715e-02 2.261792e-01 -3.127517e-01 3.859255e-01 1.846037e-01 -3.171945e-01 -3.356943e-01 -3.747362e-02 8.673981e-02 -2.398345e-01 -1.489343e-01 3.856302e-01 3.999212e-02 2.868831e-03 -4.815662e-02 1.485078e-02 -1.260671e-01 2.942316e-02 7.196212e-01 -3.830361e-01 1.922860e-01 2.286114e-01 5.299809e-02 -6.339239e-02 -2.974149e-01 3.011261e-02 2.659031e-01 2.875578e-02 4.058417e-02 2.970578e-02
3.458138e-01 1.466114e-01 1.707748e-02 1.421550e-02 2.114860e-01 -1.757063e-01 4.074080e-01 -1.257977e-01 2.205897e-01 5.353589e-02 1.969735e-01 -3.491406e-01 -2.631746e-01 -1.297528e-01 -3.174210e-01 -1.894445e-01 -1.027055e-01 -3.044341e-03 2.115511e-02 -1.547657e-01 -4.060876e-02 -3.255738e-01 -1.235797e-02 -5.386759e-02 -9.713070e-02 -1.832785e-01 8.116053e-02 -2.622601e-01 -7.780742e-03 6.362798e-01 -4.101961e-01 -2.397554e-02
-5.395610e-02 1.514124e-01 3.338355e-01 -7.919847e-02 -2.698395e-02 1.255257e-01 1.484613e-01 2.613121e-01 -1.456887e-01 3.826984e-01 -2.860595e-01 -2.660592e-01 -2.911547e-01 -2.922591e-01 4.156003e-01 -1.220521e-02 -9.664590e-02 3.665214e-01 3.711974e-02 4.710209e-01 1.528761e-01 2.571109e-01 7.549591e-03 1.385776e-02 4.313873e-01 -1.161494e-01 -2.594280e-01 -8.180328e-02 -6.802617e-02 -4.333531e-01 2.743073e-02 1.385425e-02
3.544218e-01 1.342239e-01 -5.940211e-02 -1.433721e-01 5.896520e-01 -1.242544e-01 -1.045377e-01 -2.226855e-01 -2.363441e-02 7.392357e-02 8.641346e-02 1.587522e-02 1.916912e-01 -1.240106e-02 -1.918827e-01 2.789175e-01 -1.475376e-02 -9.926303e-02 6.200993e-02 -1.383483e-01 1.959375e-01 -5.298622e-02 -2.057782e-02 -3.897124e-02 8.971128e-02 -1.895585e-01 6.260542e-01 5.458750e-02 8.739039e-02 -3.104371e-01 1.760877e-01 2.449211e-01
-1.047643e-01 -6.861177e-02 1.062967e-01 5.018390e-01 -2.413122e-01 -6.882401e-02 2.001752e-01 -2.350920e-01 -2.166100e-02 -1.190937e-01 -2.684449e-01 -9.128978e-02 -1.039297e-01 2.552161e-01 -1.768304e-01 -1.470266e-01 -1.128598e-01 4.870766e-02 -3.469672e-01 -1.968929e-02 4.702903e-02 2.841945e-02 2.457441e-02 1.116870e-01 -4.888642e-02 8.341409e-02 8.632740e-02 1.580673e-01 -3.861819e-03 -9.032513e-02 -4.719247e-01 -6.109909e-01
7.478458e-02 2.582495e-01 5.233647e-01 -1.183232e-01 2.004984e-01 2.166615e-01 1.163998e-01 1.637085e-01 -2.018240e-02 1.016804e-01 -4.253953e-01 8.081086e-06 -1.877135e-01 -1.645565e-01 5.247104e-02 2.180676e-01 1.312302e-01 -2.654243e-01 -2.220397e-01 -2.145314e-01 -2.268991e-01 2.690553e-01 3.269721e-01 -2.519548e-02 2.511528e-01 9.276292e-02 -1.233652e-01 4.529437e-02 2.800498e-01 1.191288e-01 -1.373368e-02 -3.863266e-01
2.574385e-02 5.245130e-01 8.343503e-03 4.245531e-01 1.521771e-01 7.625191e-02 -1.047730e-01 -7.916186e-02 -3.540649e-01 -1.996861e-01 5.917067e-02 -1.197546e-01 -1.146087e-01 2.770469e-01 7.039931e-02 -3.486723e-01 1.190005e-01 -2.494256e-01 6.536546e-01 -2.639022e-01 9.221753e-02 8.323373e-02 -1.013341e-01 -3.174661e-02 -1.123116e-01 -7.456824e-03 1.140347e-01 -6.802860e-02 2.314985e-01 1.186037e-01 4.387868e-01 8.042519e-02
7.220203e-02 -1.080762e-01 -4.848894e-02 -1.777298e-01 3.943306e-01 2.557942e-01 -3.545896e-01 2.349713e-01 -1.329382e-01 -1.943309e-01 2.885028e-01 6.186465e-02 -1.269564e-01 2.749077e-01 -2.227356e-01 -1.028067e-01 5.585216e-02 -1.461446e-01 -3.171073e-01 -3.112655e-02 1.261281e-01 4.982336e-02 1.349106e-01 -9.468246e-02 3.870111e-01 6.352056e-03 -1.024954e-01 2.464892e-01 -8.709450e-02 -1.445264e-01 2.918751e-01 -6.359860e-01
2.082041e-02 -1.833391e-01 6.434395e-01 -1.061800e-02 -4.164269e-02 2.596797e-01 3.596357e-02 -1.136471e-01 -4.471735e-02 -1.239650e-01 7.144216e-02 -1.631537e-01 -1.671127e-01 3.607643e-01 3.178112e-01 -3.539116e-02 -5.382339e-01 9.718597e-02 -1.632503e-01 -3.014576e-03 2.774173e-01 -2.141729e-01 1.500774e-03 3.080654e-01 -3.476274e-01 3.106785e-01 3.002630e-01 -5.732183e-02 -9.815168e-02 -1.688180e-02 -6.698786e-02 1.253525e-02
4.265077e-01 -1.534831e-01 8.162963e-02 1.168489e-01 3.045944e-02 -1.164905e-01 3.063612e-02 1.132519e-01 7.743497e-02 6.065107e-03 -5.729228e-02 3.667186e-02 -4.791712e-01 -1.402354e-01 -1.847296e-01 5.598185e-01 3.962671e-01 -1.693841e-01 1.057020e-01 -3.986786e-01 7.586426e-02 3.696941e-02 4.275281e-01 6.897295e-02 4.144205e-01 -8.662765e-02 8.766230e-02 1.055465e-01 -1.281804e-01 -3.819124e-01 -1.598122e-01 1.354769e-01
-7.369387e-02 -8.653150e-02 -4.167356e-02 5.240401e-01 -3.131084e-03 -1.371268e-01 2.569416e-01 8.950094e-04 2.162913e-01 7.196701e-02 1.745881e-01 -2.231894e-01 -4.139099e-01 -1.052264e-01 -3.173164e-01 -3.040034e-01 2.310675e-02 9.293174e-02 4.507468e-03 4.642829e-02 -3.590350e-01 3.839299e-02 1.555100e-01 7.084303e-02 1.662729e-02 -1.850793e-01 4.383824e-01 -4.023311e-02 4.044153e-01 -1.513250e-01 -3.102245e-01 -4.735932e-01
-1.135558e-01 -2.350303e-01 -4.537351e-01 1.868688e-01 -7.938030e-02 -7.417379e-03 -2.046378e-01 -1.534988e-01 -4.533434e-02 1.977787e-01 5.903076e-01 9.839670e-02 -1.272893e-01 1.396114e-01 -7.919048e-02 4.268017e-03 8.835363e-03 -1.946374e-01 5.957100e-02 9.361451e-02 -1.392937e-01 -4.235374e-01 -1.313642e-01 -4.230994e-01 -1.985235e-01 -1.138661e-01 -1.093382e-01 -4.628218e-01 -2.311647e-01 -1.576777e-01 1.546586e-01 2.894001e-02
4.337420e-01 8.307395e-02 -2.211502e-01 -4.200172e-03 1.865480e-01 1.344289e-01 -3.323727e-01 1.148570e-01 -7.000160e-02 -2.662381e-01 4.455491e-01 -5.960190e-02 2.627051e-01 2.986237e-01 -2.028475e-01 -9.290621e-02 -1.007247e-01 -1.097151e-01 8.103301e-02 -2.211445e-01 1.595175e-01 -1.070380e-01 2.873180e-01 2.539446e-01 -9.866132e-02 -1.419107e-01 -6.779505e-02 -3.176343e-01 -2.860537e-01 -1.359003e-01 5.451847e-01 -3.573659e-01
4.107166e-01 1.779353e-01 4.980772e-02 3.910587e-01 1.919917e-01 1.342430e-01 -1.562205e-01 1.090936e-02 -3.553923e-01 2.033998e-01 2.625151e-01 -1.885385e-01 1.647084e-01 3.006359e-01 4.630284e-02 1.225849e-01 2.178668e-01 -1.131952e-01 -4.083865e-01 1.328108e-01 2.669055e-01 8.086096e-02 3.701485e-01 -4.483813e-01 -1.539761e-01 1.570747e-01 3.923459e-02 2.044022e-02 5.246919e-02 -4.036432e-01 -5.276977e-02 2.102846e-02
3.013859e-01 -1.091813e-01 -1.539761e-01 2.194915e-01 6.324629e-01 6.607246e-02 -1.828902e-01 -1.237510e-01 -7.299142e-02 -1.917416e-02 1.613395e-01 1.925831e-01 4.094173e-01 -1.379225e-01 -1.699178e-01 -5.129635e-02 -4.782103e-02 -1.031889e-01 3.556388e-01 -3.197264e-02 -5.335246e-02 -2.167067e-01 2.564551e-02 5.440640e-02 -1.357965e-01 -2.335041e-01 4.031533e-01 -4.906137e-02 -2.329955e-01 -6.089088e-01 -8.302912e-02 2.421894e-01
-1.835186e-01 9.437574e-02 -1.916173e-01 5.233808e-01 1.016004e-01 -9.868708e-02 3.355758e-01 2.828271e-02 2.520359e-01 2.471485e-01 -8.503111e-02 1.798657e-03 -1.567597e-01 2.047193e-01 -2.803021e-02 -2.868604e-01 7.670258e-03 5.299061e-01 -8.830058e-02 2.554311e-02 1.441679e-01 3.315550e-02 6.690605e-02 1.913018e-01 7.349430e-02 -1.547392e-01 6.137171e-02 1.328888e-02 4.758012e-01 -4.620608e-01 5.247748e-02 -1.496038e-01
2.764327e-01 -6.416302e-03 -1.243937e-01 9.726602e-02 5.890268e-01 3.403831e-03 -1.220737e-02 -1.066788e-01 -1.256063e-02 -1.154810e-01 2.233787e-01 1.413216e-01 4.948342e-01 -2.939823e-01 -2.861782e-02 -1.182403e-01 4.834276e-02 2.431684e-01 -7.571755e-02 3.412098e-01 -1.627468e-01 -3.622088e-01 -2.144558e-02 -5.850101e-02 -2.383218e-01 -2.559442e-01 5.196583e-02 -7.485121e-02 -1.143093e-01 -4.699063e-02 3.420759e-01 5.159902e-01
-3.544927e-02 2.015926e-01 -1.507341e-02 1.173855e-01 2.040985e-01 3.759548e-01 2.937718e-02 -2.647290e-01 -3.631067e-01 3.069398e-01 3.752013e-01 1.917818e-01 1.237198e-01 1.177331e-01 3.143536e-02 2.398988e-01 -1.648277e-01 3.060290e-02 -1.439571e-01 -2.772818e-01 1.336043e-01 -2.922378e-01 -2.158590e-01 9.956799e-02 -3.367180e-01 -1.552197e-01 -1.377990e-01 -1.763676e-01 8.413179e-02 2.579090e-01 1.201296e-01 4.858514e-01
1.854301e-01 8.728418e-02 -3.340662e-01 -3.428250e-02 -1.083531e-01 -1.168895e-01 -8.074935e-02 1.706163e-01 4.013972e-02 3.690793e-01 -9.487751e-02 -6.799046e-02 1.664077e-01 1.807785e-01 -4.866330e-03 5.749984e-01 8.482794e-02 3.956664e-02 2.650065e-01 4.717163e-02 -9.617705e-02 1.437930e-01 3.300792e-01 1.200803e-02 2.137408e-01 -4.914891e-02 -3.682187e-01 2.603883e-01 -7.307351e-02 1.069836e-01 -3.861426e-01 -2.084095e-01
-1.155167e-01 -1.721506e-01 -3.960662e-02 -1.843163e-01 1.481150e-01 -3.510727e-01 -1.412487e-01 4.242532e-01 4.212771e-01 8.112440e-02 -3.426760e-02 3.363869e-01 1.140255e-01 -3.299495e-01 -2.399045e-01 -9.954514e-02 2.099023e-02 -5.482429e-02 4.817471e-02 -2.587386e-02 -7.237855e-01 3.849759e-01 -2.691030e-01 -2.006279e-01 -5.087537e-02 7.855815e-02 2.868354e-01 -4.169729e-02 -2.429256e-01 1.740894e-02 -7.016066e-02 -5.767541e-02
-2.227128e-02 -3.488192e-01 9.477930e-02 7.632862e-02 -1.925588e-02 -1.360024e-01 -2.213401e-01 -8.503903e-02 3.251348e-01 -1.553771e-01 4.077507e-01 -2.812066e-01 4.221305e-01 -3.360325e-01 6.966735e-02 1.051301e-01 2.738136e-01 -7.890759e-02 4.808380e-01 1.926663e-01 8.560591e-02 8.814275e-02 4.867969e-03 2.878457e-03 4.889784e-01 9.021270e-02 2.379797e-02 -6.816436e-02 2.909544e-01 -1.483789e-01 -1.524847e-01 -1.718420e-01
2.153564e-01 -2.911376e-01 8.289476e-02 -5.580307e-02 -3.608961e-02 -4.235929e-02 -6.376641e-02 4.798363e-02 -4.011485e-01 -4.584348e-02 -2.271545e-01 1.933453e-01 -2.166831e-01 5.121607e-01 3.112590e-01 -2.080986e-01 5.355009e-01 2.729532e-01 -2.833470e-01 3.767575e-02 9.107354e-02 -1.189211e-01 -1.345013e-01 -8.273406e-02 -1.663268e-01 -2.690540e-02 -6.967746e-02 -1.135895e-01 -1.761405e-01 1.613190e-01 -3.991739e-01 -6.284782e-02
1.705986e-01 8.729809e-02 -3.151116e-02 5.396779e-02 3.111780e-01 -6.495070e-02 6.334552e-01 -2.084979e-01 2.515717e-01 -6.177935e-02 9.906859e-02 -2.476467e-01 -3.138510e-01 -4.385125e-02 -2.331806e-01 -1.529783e-01 -8.589311e-02 9.293620e-02 4.936421e-02 4.257030e-02 -1.134372e-01 -1.739423e-01 -9.613152e-02 -1.774590e-01 -2.852468e-01 -5.667593e-01 8.901585e-02 -1.843195e-03 2.794666e-01 4.518497e-01 -2.474244e-01 9.037070e-02
-3.727081e-01 -2.051028e-02 1.526613e-01 -1.654577e-01 -1.065508e-01 -9.075712e-02 -1.739370e-01 -6.273856e-03 2.302861e-01 -3.454313e-02 -1.893777e-01 -4.375120e-02 2.194417e-01 1.018707e-02 -2.063913e-01 4.037512e-01 6.173823e-02 8.186232e-03 1.408122e-01 1.281219e-01 -2.485769e-02 -5.224673e-02 -2.242350e-02 1.510380e-02 7.444808e-01 1.360444e-01 6.115042e-02 -4.869836e-02 -1.683599e-01 -4.226921e-02 3.910024e-01 -2.561334e-01
-3.862399e-01 1.311972e-01 -1.672832e-01 -6.952576e-03 3.330264e-01 -2.224012e-01 7.743175e-02 2.850328e-01 1.188923e-01 -1.041822e-01 9.509084e-02 4.586022e-01 -2.308466e-01 -2.635144e-01 1.802754e-01 9.221096e-02 1.007754e-01 3.503545e-02 6.140750e-02 1.051310e-01 -8.080471e-01 1.839630e-01 -2.196861e-01 -1.776112e-01 -4.140969e-02 -4.822940e-02 1.764624e-01 -6.885884e-02 -3.053254e-01 1.869702e-02 -1.146113e-01 2.563338e-03
1.420180e-01 2.314678e-02 -3.955270e-01 -3.250882e-01 -4.154908e-02 -6.140366e-02 -2.063569e-01 -1.921487e-01 3.234862e-01 1.882268e-02 1.387138e-01 -9.651256e-02 3.397902e-01 2.428113e-01 -2.551469e-01 3.170611e-01 2.254141e-01 -3.186712e-01 -5.541771e-02 -9.169927e-02 2.705859e-01 -1.342695e-01 -4.487734e-01 9.880802e-02 -7.039294e-02 3.838384e-01 4.498606e-02 -4.036375e-01 -1.111276e-01 1.287552e-01 -1.496564e-01 -2.929546e-01
-5.165667e-02 -1.162334e-01 1.793087e-01 8.095184e-02 -1.350853e-01 -9.818508e-02 -4.123523e-01 -8.629823e-02 -1.219482e-01 -2.137802e-01 5.136985e-02 5.341803e-01 2.503898e-01 2.380419e-01 1.288919e-01 2.981046e-01 1.262352e-01 -3.880498e-01 -3.435338e-01 -2.031690e-02 3.442804e-02 1.045073e-01 2.907830e-01 6.892467e-02 2.237812e-01 4.732075e-01 7.890812e-02 8.628389e-02 -2.254255e-01 5.377080e-02 1.005184e-01 -3.266277e-01
5.962124e-02 -2.861829e-01 -7.646596e-02 1.767938e-01 5.793296e-01 -6.945651e-02 -1.848239e-01 -7.341159e-02 -3.927300e-01 7.034464e-02 2.150993e-02 -1.623924e-01 3.692856e-01 1.750115e-02 2.056314e-01 -1.483538e-01 -1.138546e-01 -7.287302e-01 -2.705766e-01 1.244404e-01 3.336593e-02 -9.771678e-02 -5.503734e-02 1.081678e-01 3.375695e-02 -1.049411e-01 2.384102e-01 4.002272e-02 -9.966686e-02 -3.298019e-01 1.711261e-01 -1.034120e-01
2.367384e-02 2.297015e-01 8.955043e-02 4.672960e-01 -4.285201e-02 -1.423313e-01 3.288398e-01 -2.955602e-01 -7.669595e-02 -6.091557e-02 -2.232352e-01 -2.364423e-01 -3.288794e-01 -3.560881e-01 -3.361981e-02 1.003569e-01 4.698588e-01 -2.662131e-01 2.940700e-01 -4.969585e-02 -3.539429e-03 -1.408555e-01 -1.440619e-01 -3.036752e-01 2.172274e-01 3.905141e-02 4.969064e-01 -1.804285e-01 1.478501e-01 -1.363730e-01 -2.567897e-02 -5.745172e-02
9.072301e-02 1.492029e-01 -2.333969e-01 1.533200e-02 2.708420e-01 -6.489547e-02 1.064709e-01 -8.762525e-02 -3.260691e-01 3.735275e-01 3.609918e-01 7.583686e-02 3.942595e-01 1.948558e-01 -6.411783e-02 2.164817e-01 -3.029749e-01 1.077572e-01 1.216375e-01 -2.332371e-01 -2.991018e-01 1.919012e-01 2.227467e-01 -5.939256e-02 -1.012850e-01 -1.460409e-01 -2.992815e-01 -2.682233e-01 -3.846767e-04 3.636242e-01 -1.150865e-01 1.039745e-01
-3.538912e-01 -1.760284e-01 -1.595503e-01 -3.893054e-02 -5.228931e-02 -3.757473e-01 1.830301e-01 -1.172798e-02 1.289315e-01 4.809548e-02 -1.662329e-01 -7.698882e-02 9.235135e-02 2.724703e-01 -1.066027e-03 6.283298e-01 -7.168074e-01 1.916123e-01 3.293633e-02 -1.695918e-02 -2.592542e-01 -4.350161e-02 9.531622e-02 4.690590e-01 -2.996975e-02 -2.015579e-01 6.444727e-02 -1.884614e-01 6.650949e-02 4.331199e-02 9.406035e-02 5.918941e-03
2.348288e-01 -2.140566e-01 -1.591716e-01 2.024514e-01 -1.016440e-01 -1.185322e-01 -1.113518e-01 3.795094e-01 2.103160e-01 -2.857256e-01 5.476943e-01 -4.197886e-03 1.407222e-02 5.915810e-02 9.663460e-02 -3.257873e-02 2.760949e-02 9.357605e-02 1.046047e-02 -6.749018e-02 -1.985732e-01 -2.297943e-02 1.919241e-01 -2.444923e-01 1.779173e-01 -3.053112e-01 -2.347099e-01 -1.565129e-01 -1.875281e-01 -3.948296e-01 -2.930921e-01 -3.438467e-01
-9.159674e-02 4.188582e-01 8.965075e-02 -1.165434e-01 -3.147996e-01 2.483433e-01 -3.506937e-02 -4.241287e-01 -2.481556e-01 -1.800578e-01 -1.745752e-01 4.257345e-01 -1.996359e-01 -2.118480e-01 -3.250850e-02 -1.906551e-02 1.476214e-01 -4.718532e-03 -6.523088e-02 -1.976640e-01 2.411755e-01 5.095603e-01 -3.372560e-02 -3.999488e-02 -1.184202e-01 -3.769662e-02 8.062058e-02 6.554879e-02 -2.093084e-01 9.024584e-02 -6.141969e-01 1.657574e-01
9.546350e-02 1.313129e-01 2.205424e-01 3.391280e-01 1.146622e-01 5.027456e-01 -8.819045e-02 -3.742580e-01 -2.194529e-01 -1.005349e-01 -1.022950e-01 -2.459837e-01 -2.989927e-01 1.806386e-01 2.396687e-01 -2.768840e-02 3.331335e-01 -1.485831e-01 -8.150486e-03 1.803489e-01 1.348400e-02 -2.557283e-01 -4.942846e-02 -3.030456e-01 -2.627650e-01 -3.012184e-01 -3.232694e-01 5.217308e-01 3.595046e-02 -1.235318e-01 7.796368e-02 -1.249665e-01
1.061363e-01 6.424420e-01 -5.247279e-02 4.139060e-01 2.618765e-02 2.176774e-01 -1.465044e-01 -2.415882e-02 -3.061888e-01 -1.612821e-01 1.636523e-01 -1.459142e-01 -1.420039e-01 2.243401e-01 8.851621e-02 7.458413e-02 1.976347e-01 -3.271390e-01 3.596915e-01 -3.511119e-01 -9.826889e-03 3.687523e-01 -8.194802e-02 1.817785e-01 -3.380325e-02 1.250640e-01 1.847380e-01 -3.221796e-01 3.134816e-01 1.090335e-01 2.659671e-01 1.294476e-01
1.338314e-01 -1.036471e-01 -3.601708e-02 6.201464e-02 -4.671192e-01 3.452182e-01 1.333169e-01 5.722661e-01 5.523640e-02 -3.967514e-02 1.807100e-01 2.147116e-01 -9.886968e-02 -1.728516e-01 -2.358013e-01 -1.680895e-02 3.584104e-02 -5.321617e-02 4.125642e-01 -2.776425e-01 -4.308702e-01 -2.517768e-01 2.742433e-01 -2.637616e-02 1.556813e-01 3.026014e-01 1.950307e-02 -7.279008e-03 -7.601674e-03 1.124839e-02 3.021446e-01 1.288727e-01
-1.067726e-01 2.679548e-01 7.368328e-02 5.992708e-02 -1.933953e-01 -2.138028e-01 3.284042e-01 -8.629526e-02 3.308275e-01 -2.292588e-01 9.793703e-03 -3.222461e-01 4.071440e-01 2.253416e-01 -2.198537e-01 1.123065e-01 2.041859e-01 -1.198708e-01 1.001192e-01 -6.517619e-02 4.764351e-01 -2.302317e-02 5.840528e-02 4.257525e-01 -1.117913e-01 -9.418143e-02 4.571491e-01 1.869245e-01 2.752320e-01 -1.872645e-01 -2.066938e-02 1.594231e-01
1.377114e-01 -2.555506e-01 -1.360774e-01 -3.037805e-01 3.297048e-01 -1.524237e-02 4.673095e-01 -1.090473e-01 8.536180e-02 -2.353575e-01 -1.151697e-01 3.029100e-01 1.604935e-01 6.785070e-02 7.793149e-02 -1.179658e-01 2.070515e-02 -8.476947e-02 1.353345e-03 2.170408e-02 -5.486502e-02 4.961843e-03 -2.622505e-01 -3.022126e-01 7.416619e-02 4.673457e-03 -4.188246e-01 -8.516345e-02 3.665700e-02 9.431792e-02 -4.318457e-01 -5.008415e-01
-1.538016e-01 -2.831608e-02 6.184494e-01 -2.295699e-01 2.693989e-02 3.661908e-01 4.427866e-02 -1.814763e-02 1.250606e-02 -1.205369e-01 4.193685e-02 -2.050270e-01 -2.753077e-02 3.888620e-01 1.825178e-01 -9.123063e-02 -6.787686e-02 8.611187e-02 -3.460259e-02 -7.710695e-02 -5.541310e-02 3.718532e-01 -3.390700e-01 4.017051e-02 1.007093e-01 1.382404e-01 2.451255e-01 -2.083724e-01 1.061280e-01 -3.319959e-02 -4.495886e-01 5.225264e-01
-2.884963e-01 -3.967002e-02 3.746697e-01 7.182841e-02 2.844982e-01 5.369254e-01 1.204811e-02 -4.061444e-02 -8.949357e-02 -8.664265e-02 3.173769e-01 1.903366e-01 -1.674679e-01 -2.316281e-01 1.001590e-02 -2.304757e-01 -1.675136e-01 -9.075279e-03 -8.188786e-02 -2.368953e-02 9.197140e-02 -1.779858e-01 -3.612992e-01 -1.079556e-01 -3.429262e-01 -1.209944e-03 -9.432983e-03 -3.208842e-01 1.630468e-01 -1.556162e-01 4.386318e-01 4.450455e-01
-1.434914e-02 -6.378123e-02 3.910423e-01 1.145180e-01 5.701892e-02 8.376627e-02 3.984462e-01 2.343434e-01 -3.467622e-01 -2.236670e-01 -1.525085e-01 1.852363e-01 -1.830996e-01 -2.710164e-01 2.272730e-01 -3.394587e-01 4.907179e-02 2.410055e-01 2.133420e-01 1.768784e-01 -3.871864e-02 2.469948e-01 1.778526e-01 3.453999e-02 5.315076e-01 8.574765e-02 -4.172516e-01 -7.977528e-02 -2.937742e-01 -2.644140e-01 9.783995e-02 1.441680e-01
-2.463872e-01 2.562785e-01 -8.938396e-02 4.128461e-01 -1.369105e-02 -2.575063e-01 3.201525e-01 -1.569700e-01 -1.441744e-01 1.550143e-01 -1.870520e-01 -3.537108e-01 -2.885316e-01 -2.787341e-01 -1.100219e-01 5.798568e-02 2.245930e-02 1.585258e-01 3.802260e-02 -1.636560e-01 -2.086051e-01 2.310228e-01 -4.251070e-01 -1.307531e-01 6.406620e-01 1.070514e-01 -7.703920e-02 2.208011e-01 -6.745603e-02 2.452289e-01 -2.712590e-02 2.880619e-02
6.486672e-01 -1.092028e-01 4.303587e-01 -2.523111e-01 -6.893074e-02 2.730158e-02 4.933249e-02 7.583666e-02 -9.456896e-02 -2.476345e-01 1.574487e-01 4.973122e-02 -1.302892e-01 1.675862e-01 -1.348080e-01 -1.712799e-02 1.213997e-01 -9.678297e-02 4.269775e-02 -1.523511e-01 -3.909195e-01 -1.775798e-01 2.924978e-01 -3.353387e-01 -8.157730e-02 -2.323496e-01 6.296603e-03 3.985209e-02 -2.848327e-01 -1.926335e-01 4.763393e-01 -1.448368e-01
3.083875e-01 -2.698918e-01 1.267666e-01 -3.798079e-01 1.631331e-01 -1.862655e-02 -2.029642e-01 1.641182e-01 1.390656e-01 -1.388957e-01 1.824532e-01 4.274469e-01 2.771979e-01 2.106536e-01 1.442025e-01 -1.421822e-01 -1.760098e-01 2.755246e-01 -3.489885e-01 -5.805378e-02 1.919331e-02 1.470200e-01 -1.304313e-02 2.523401e-01 -2.584786e-01 1.357754e-01 -6.022592e-01 2.578993e-01 -2.808521e-03 -7.645606e-02 -1.136914e-01 1.634324e-01
-3.169279e-01 1.489061e-01 -3.421953e-02 -2.035930e-01 5.125988e-01 -1.337983e-01 3.628293e-01 -1.517968e-02 1.032252e-01 9.297399e-03 1.177854e-02 1.444864e-02 -1.606599e-01 -2.258837e-01 -4.333397e-01 -1.513824e-01 -4.947557e-01 4.044812e-01 -3.282371e-01 -1.227326e-01 9.488210e-02 5.519629e-01 1.324417e-01 3.602028e-02 1.102877e-01 -6.631061e-02 2.359443e-02 4.181968e-02 -1.709178e-02 -3.633386e-02 -2.037909e-01 6.962982e-02
-1.345596e-01 2.229364e-01 5.777236e-01 -1.971096e-01 4.481615e-01 9.852674e-02 1.699577e-01 -9.171525e-02 1.065188e-01 -3.888373e-01 6.849333e-02 1.992824e-02 -1.404598e-02 -5.150608e-02 -2.344573e-01 -7.059032e-02 -1.150329e-01 -2.279167e-01 2.800956e-02 -1.308571e-01 -3.185351e-01 3.823214e-01 1.177815e-02 2.121769e-01 -1.969991e-01 3.714913e-01 -1.247942e-02 -3.547219e-01 2.433459e-01 1.950742e-02 -1.443926e-01 3.913140e-01
-2.421137e-01 9.377723e-02 3.971123e-01 1.533797e-01 -1.676598e-01 -1.532987e-01 1.430619e-01 -1.037705e-01 -1.294742e-01 9.578168e-03 5.399681e-01 -1.632178e-01 -2.350937e-01 3.870815e-02 3.607869e-01 -1.688851e-01 1.568467e-01 -1.049217e-01 2.374598e-02 2.358847e-02 1.023457e-03 3.680883e-01 2.641153e-03 -1.159574e-01 -4.279363e-02 -5.622687e-01 -2.293454e-01 1.229595e-01 -3.755664e-02 -5.785277e-01 -1.286666e-02 -5.084425e-02
1.961437e-01 -2.774495e-01 5.164943e-01 2.928397e-01 -1.303442e-01 -9.530994e-02 3.408712e-01 2.116091e-01 1.890219e-01 3.554327e-01 -7.289581e-03 1.669762e-02 -4.729214e-02 1.109361e-01 6.511466e-02 2.604745e-01 4.377852e-01 -4.149426e-01 -1.064406e-01 -2.913952e-01 -5.048817e-02 1.349950e-01 -3.647147e-01 7.426096e-02 -6.578437e-02 1.731310e-02 4.110697e-01 -2.917580e-03 -2.725815e-02 -2.364342e-01 -2.618157e-02 2.698897e-01
3.620166e-01 1.645312e-04 -1.548397e-01 2.606531e-01 3.976452e-01 3.680107e-02 1.557375e-01 -9.425294e-02 -7.131837e-02 8.807049e-02 9.440514e-02 3.340178e-01 4.200648e-01 -3.377427e-01 1.462670e-02 -9.617973e-02 6.038850e-02 9.645658e-02 -2.143231e-01 1.833465e-01 -3.608059e-03 -4.185677e-01 -1.700331e-01 -1.369981e-01 1.365753e-01 -2.472197e-01 -2.987492e-03 2.491334e-03 -2.478673e-01 -2.545286e-01 4.057278e-01 4.064763e-01
-3.385329e-01 1.402036e-01 5.798459e-02 -2.040635e-01 -3.864844e-02 -2.275388e-01 3.053724e-01 -4.251835e-02 4.423061e-02 -3.305647e-01 2.882462e-01 -3.586158e-02 1.618580e-01 5.397635e-01 -8.311590e-02 -8.452757e-02 -5.084044e-02 -1.047202e-01 1.216215e-02 -9.044474e-02 1.256537e-01 1.690923e-01 -1.315494e-01 -2.237113e-01 -1.026098e-01 -6.966971e-01 -4.428118e-01 5.445459e-02 2.995719e-02 -1.978556e-01 7.566734e-03 -1.872669e-01
-2.682576e-02 2.606618e-02 -4.686739e-02 2.105065e-01 -3.696037e-01 9.312062e-02 1.649448e-02 -1.056293e-01 -5.184020e-02 4.729689e-01 -3.480361e-02 -1.849163e-01 3.805260e-01 -2.208911e-01 -1.075172e-01 -2.625013e-01 -8.413810e-02 -1.417501e-01 1.221140e-03 -6.547572e-02 -5.389690e-02 -6.463276e-02 1.287235e-01 -8.664354e-02 9.436730e-02 1.585285e-02 6.272303e-01 1.027496e-01 -1.136288e-02 -4.440544e-01 -1.255702e-01 1.988182e-01
3.955203e-02 -3.182817e-01 4.926564e-01 -4.410844e-02 4.465371e-01 2.110172e-01 -3.154269e-01 -7.992664e-02 1.023138e-01 -2.867883e-01 2.521524e-02 1.046806e-01 -1.012947e-01 9.436086e-02 2.333736e-01 -3.370509e-02 1.871599e-01 2.997125e-02 2.936586e-01 -2.176244e-01 -1.897055e-01 2.029218e-01 2.533076e-01 3.185458e-01 1.695964e-02 3.364511e-01 -7.167892e-02 -2.058039e-01 8.968704e-02 3.101678e-01 -1.088547e-01 4.245928e-01
-1.063908e-01 -2.383678e-01 4.755722e-01 -3.419664e-01 -1.425281e-01 -2.102394e-01 5.492729e-02 4.467628e-02 2.957520e-01 -2.074867e-01 -2.908589e-01 -6.953449e-02 4.360717e-01 -8.008504e-02 3.675751e-02 -2.594730e-02 4.826657e-02 1.728511e-02 -1.876357e-01 3.573734e-01 -4.342295e-03 2.965249e-02 8.405792e-03 7.261070e-02 -2.458590e-01 -3.278049e-01 -7.459728e-01 -4.884362e-02 -6.991932e-02 5.512953e-02 6.503730e-02 -2.031753e-02
3.042642e-01 -5.769262e-02 -9.007709e-02 4.790002e-01 1.434007e-01 4.296736e-01 7.214985e-02 -1.539951e-01 -7.723532e-02 -2.578247e-01 3.720242e-02 -4.055811e-01 -2.371071e-01 1.463643e-02 4.320826e-03 1.103122e-01 2.474611e-01 -1.880790e-01 -7.538467e-02 3.713144e-01 2.129991e-01 8.927653e-03 1.781411e-01 -1.550165e-01 -3.330110e-01 -1.227113e-01 1.974114e-01 4.842644e-01 -1.554882e-02 3.413608e-01 -3.011676e-02 2.452102e-01
-2.405311e-01 -1.686932e-01 -9.800512e-02 -3.510896e-01 3.724713e-02 6.403138e-02 -3.079108e-01 1.853463e-01 -1.053617e-01 -1.522156e-01 3.046507e-01 1.631216e-01 1.703154e-01 4.520498e-01 -3.885347e-02 -1.215886e-01 -4.848461e-01 2.253430e-01 -3.061469e-01 1.059505e-01 7.727153e-02 1.240064e-01 8.737098e-02 2.775982e-01 -2.351397e-01 -1.631423e-01 -2.793609e-01 -3.555230e-02 -2.921465e-01 1.518466e-01 -1.055051e-01 1.151982e-01
-1.649211e-01 7.652201e-03 -1.869747e-01 1.936537e-01 -2.746802e-01 1.070226e-01 -4.298785e-03 3.375316e-01 4.555676e-01 1.667551e-01 1.552458e-01 -1.503495e-01 -1.713360e-01 -3.102854e-01 -3.461219e-01 -7.371148e-02 1.709057e-02 2.116325e-01 2.877616e-01 -2.174232e-02 -4.587300e-01 -4.362597e-02 2.230406e-01 -9.244671e-02 9.637579e-03 6.317945e-02 2.165423e-01 2.008015e-02 5.387549e-01 -5.055266e-02 -1.177444e-01 -3.432646e-01
5.606816e-01 2.046373e-01 -2.667211e-02 -3.848237e-01 1.790441e-01 -2.600546e-01 -1.587717e-01 -1.421161e-01 1.625751e-02 -9.289573e-03 -3.253927e-01 -2.313292e-01 -1.064368e-01 -7.119726e-02 1.223250e-01 8.067878e-02 2.075363e-01 -3.448169e-01 -1.237192e-02 -4.772559e-01 1.209371e-01 -2.299806e-01 -3.522691e-01 5.785670e-02 2.577230e-02 2.011048e-01 2.441945e-01 -2.385613e-01 -2.584879e-01 8.934251e-02 -9.976344e-02 -1.589010e-01
-2.538900e-01 -2.780805e-01 2.071249e-01 -3.083964e-01 5.073904e-01 1.186480e-01 5.735417e-02 2.468853e-01 1.349688e-01 2.870345e-01 3.801317e-01 -1.009582e-01 -1.579183e-01 -1.175238e-01 1.876228e-01 1.246196e-01 2.612252e-01 -1.193635e-02 -2.878578e-01 7.828315e-02 -3.836681e-01 6.589588e-02 1.433236e-01 -1.221456e-01 -2.939831e-01 9.723499e-02 2.156917e-01 3.004102e-01 4.952297e-01 9.601574e-02 -2.855431e-01 -7.262041e-02
-2.762418e-01 5.098050e-01 -2.384305e-01 -1.777683e-01 3.729086e-02 1.313456e-01 -2.802341e-01 -1.673676e-01 -3.094625e-01 -3.290519e-01 -2.335212e-02 -7.564255e-02 2.007213e-01 -1.631144e-01 -1.578222e-01 -1.822772e-01 -4.314296e-01 2.337083e-01 1.198238e-01 2.737879e-01 -2.197417e-02 -7.053708e-02 4.803250e-01 3.335093e-03 2.116270e-01 -1.680832e-02 -5.105844e-01 -5.409644e-03 4.021546e-02 1.594512e-01 1.130705e-01 -7.663221e-02
1.882114e-01 -1.427260e-01 4.220214e-01 -4.056797e-01 3.075931e-02 -5.483935e-02 1.779909e-01 2.694601e-01 1.516625e-01 1.178783e-01 -1.331620e-03 -1.846332e-01 -1.778502e-01 3.947120e-02 4.370405e-01 -5.851896e-02 -5.132944e-01 1.405147e-01 -1.158521e-01 -2.914936e-01 3.010279e-01 -4.056409e-02 2.119978e-01 -5.998831e-03 5.201830e-02 -4.774912e-01 8.212238e-03 2.570332e-03 -1.085420e-01 -1.478813e-01 1.174496e-01 -9.801149e-02
-2.038015e-01 -2.935342e-01 -1.359468e-01 -1.583902e-01 8.343737e-02 4.385448e-01 -4.089551e-01 2.915117e-01 -1.489553e-01 -1.134828e-01 2.006104e-01 2.232071e-01 -1.150457e-01 1.986038e-01 -1.690914e-01 -1.341568e-01 -3.034371e-01 -1.458632e-02 -7.988638e-03 2.244689e-02 -3.040200e-01 -1.657793e-02 -1.178903e-01 -4.869608e-02 -5.279268e-02 1.457066e-01 -4.274043e-01 -3.971050e-01 2.615317e-01 3.662404e-01 8.397834e-02 -1.569202e-01
1.426316e-01 4.854425e-01 -3.035712e-01 2.096177e-01 3.624146e-01 7.068053e-02 -2.668807e-01 -3.692620e-01 1.390912e-02 -1.250437e-01 1.740058e-01 1.868476e-02 -5.444851e-03 1.651796e-01 8.082176e-02 4.108629e-02 -1.621036e-02 9.204766e-02 5.464370e-01 6.256015e-02 -2.765320e-02 2.330889e-02 1.920038e-02 -2.087406e-01 -5.375180e-01 8.757786e-02 -2.268768e-02 -8.142871e-02 8.386720e-04 1.579843e-02 -1.985939e-01 -3.704056e-01
3.817840e-01 1.441978e-01 -3.750970e-01 4.034079e-01 -2.279233e-01 -1.719890e-01 -1.528150e-01 -1.367747e-02 -1.290965e-01 1.105300e-01 -8.591297e-02 -6.800167e-02 6.895835e-02 -2.777328e-01 3.924836e-01 -5.207186e-02 -1.288704e-01 -3.249519e-01 -5.994080e-03 -2.821111e-01 6.216147e-03 -6.256026e-02 -3.627440e-01 -1.304075e-01 2.614337e-01 5.204362e-01 -2.160174e-01 -1.851878e-01 2.481217e-01 1.845954e-01 -1.457014e-01 -1.596822e-01
1.719027e-02 3.800892e-01 1.421472e-01 -2.637681e-01 5.849328e-02 1.355059e-01 -1.724854e-01 2.377978e-02 1.967053e-01 -9.638841e-02 -1.958229e-01 4.149337e-01 3.551093e-01 1.723441e-01 3.208573e-01 2.229730e-01 -1.749480e-01 -3.721210e-01 6.801134e-02 2.625490e-01 3.432150e-01 -2.736110e-01 1.217376e-01 1.871743e-01 8.010389e-02 -3.913943e-01 8.407012e-02 6.096663e-02 -7.588586e-02 -3.310575e-01 2.212856e-01 -2.322654e-01
2.999007e-01 4.759285e-01 -3.800744e-01 7.509886e-02 -2.397484e-02 -1.290258e-01 -8.993779e-02 -4.913685e-02 4.524086e-01 -9.326733e-02 2.874163e-01 -2.376449e-03 -1.005893e-01 -3.710060e-02 3.844940e-02 3.365818e-01 1.231692e-01 2.079259e-01 -3.563597e-02 3.381918e-01 2.183401e-01 5.112991e-03 -3.120744e-01 -2.253512e-01 -6.561779e-01 1.815882e-02 -5.345967e-02 -1.363217e-01 1.920488e-01 8.044989e-02 -2.229959e-01 -4.490019e-02
2.614755e-01 3.361969e-02 -4.813512e-01 -1.035727e-01 2.970084e-01 3.986666e-02 9.074131e-02 6.345578e-02 1.020470e-01 1.194645e-01 6.149269e-01 -9.458545e-02 7.013086e-03 -2.024218e-02 1.412751e-01 2.349544e-02 -1.250920e-01 -6.302826e-01 -3.904387e-01 3.532124e-02 1.014819e-02 4.636876e-02 -1.361477e-01 1.227494e-01 2.818276e-02 -1.840828e-01 1.820808e-01 1.312921e-01 -1.757722e-01 -2.644987e-01 5.606911e-02 -1.683120e-01
1.868332e-02 3.604315e-02 -1.155041e-02 -1.760007e-02 -2.476013e-01 1.217596e-01 5.293375e-01 3.555331e-01 9.139571e-02 1.086948e-01 -4.792270e-02 1.784710e-01 -1.129668e-01 -3.396313e-01 -1.517163e-01 -4.484977e-01 3.947055e-02 -1.417162e-02 4.425717e-01 -3.077151e-01 -5.737125e-01 9.962352e-02 1.304917e-01 1.926220e-03 1.334204e-01 4.245764e-01 6.255082e-03 -4.367746e-02 -4.395297e-02 -3.771689e-03 9.110427e-02 1.273278e-01
-2.395009e-01 -3.177365e-01 3.164734e-01 -2.161474e-01 -5.795544e-02 1.117379e-01 9.900794e-02 1.828639e-02 -3.671232e-01 1.653167e-01 3.155015e-01 3.255024e-01 -1.657036e-01 -2.228722e-02 4.231555e-01 9.139931e-02 3.331438e-01 1.313200e-01 -2.100091e-01 -1.562761e-01 -3.364273e-01 9.975043e-02 5.642192e-02 -2.184847e-01 -1.429924e-01 8.761325e-02 2.334569e-01 3.795817e-01 3.412524e-01 2.451196e-02 -3.949074e-01 -1.196513e-02
-2.638226e-01 -8.708051e-02 -1.758445e-01 -3.450824e-02 1.863206e-01 7.304882e-02 -7.177448e-02 -3.102942e-01 -2.074661e-01 3.425055e-01 -3.405668e-01 1.050905e-01 8.566381e-02 -2.592902e-01 9.675864e-02 4.366632e-01 2.135353e-01 -2.308653e-01 -1.181573e-01 -1.504610e-02 -1.238950e-01 -2.584889e-01 1.218913e-01 -2.751850e-02 2.774154e-01 -2.839051e-02 1.866311e-01 3.244198e-01 -4.438043e-01 1.952607e-01 -2.506415e-01 2.968171e-01
4.012781e-01 6.956308e-02 3.468036e-01 -2.174720e-02 1.472771e-01 4.117201e-02 2.315828e-01 -6.210929e-03 -2.289208e-01 2.930504e-01 -3.782620e-01 6.677275e-02 -2.779806e-01 -1.561569e-01 -1.022730e-01 2.552797e-01 1.424782e-01 -4.326771e-01 -1.658722e-01 -1.608260e-01 -7.411249e-02 3.925789e-01 3.631362e-01 1.227242e-02 3.686538e-01 4.059714e-02 -1.635236e-01 -7.156282e-02 2.392105e-01 5.661467e-02 -1.471565e-01 -1.257883e-01
-2.182356e-01 -5.757412e-02 1.111428e-01 -3.467723e-01 -2.976429e-01 -6.403802e-02 6.932519e-03 -1.097377e-01 5.136503e-01 -3.265245e-01 -2.918339e-01 -3.787799e-02 -2.728304e-01 -2.125115e-01 -2.103102e-02 -1.786163e-02 1.992557e-01 6.083395e-02 2.423467e-01 7.159239e-02 -1.638380e-01 -1.472631e-01 -6.193477e-02 6.660137e-02 5.714385e-01 4.502162e-01 2.361219e-01 1.624527e-01 -2.171985e-01 -1.160598e-01 2.363115e-01 -1.288705e-01
4.460466e-02 9.498934e-02 6.905808e-01 -2.461746e-01 1.256392e-01 1.133253e-01 -3.922919e-02 2.309103e-01 1.591141e-01 -1.341570e-01 -4.224676e-01 3.229133e-02 4.692833e-02 1.618798e-01 -1.678404e-01 1.136306e-02 2.236027e-01 -3.506610e-01 -3.329653e-01 -1.375197e-01 -2.474982e-01 -4.208706e-02 3.830878e-01 2.628007e-02 6.436120e-02 2.091397e-02 -1.684147e-01 2.873696e-01 1.664692e-01 4.878528e-02 2.626362e-01 -4.006692e-01
1.382951e-01 -1.373511e-01 -3.240153e-01 1.188322e-01 2.739955e-01 -1.746680e-01 -1.795229e-01 9.559743e-02 4.880911e-01 -3.117088e-01 9.875403e-02 1.101599e-01 8.809943e-02 2.352621e-02 1.799988e-01 -8.560995e-02 -6.077936e-02 1.998817e-03 -3.520018e-01 -2.277547e-02 1.675563e-01 -1.518963e-02 -3.532470e-01 8.100226e-02 1.080763e-02 -1.174616e-01 -4.271133e-01 -1.874544e-01 9.638269e-02 -2.110307e-01 3.172356e-01 -3.548741e-01
-4.005548e-03 -9.261137e-02 2.880096e-03 -5.330498e-01 -2.618225e-01 -2.018387e-01 2.329404e-02 2.062755e-02 1.274398e-01 1.095639e-01 -1.828610e-01 6.951421e-03 6.065468e-01 -4.715828e-02 -4.211922e-02 7.580668e-02 -4.877174e-02 -1.573362e-01 -2.325428e-01 3.766309e-01 -3.235427e-02 -3.047213e-02 3.986832e-02 1.210066e-01 -4.476880e-01 9.081528e-02 -4.423383e-01 7.999992e-02 7.939413e-02 -3.480885e-01 8.116014e-02 -5.460476e-02
2.371330e-01 -4.819800e-02 4.814060e-01 -3.038869e-01 4.442640e-03 -9.833374e-02 4.260655e-02 3.785647e-01 1.183439e-01 -2.002404e-01 -2.339124e-02 -1.823187e-01 4.444661e-02 3.000951e-01 -2.839706e-02 -3.238685e-01 -4.098108e-01 2.620537e-01 1.083659e-01 -1.597977e-01 1.650952e-01 4.468331e-03 2.150523e-01 1.168668e-01 -2.226997e-01 -1.794543e-01 -7.629516e-02 -3.368096e-01 3.087611e-01 -1.776233e-01 2.359649e-01 -2.920453e-01
4.796668e-01 6.829030e-02 -2.742339e-01 -2.656824e-01 2.196174e-01 1.033703e-01 -3.401339e-01 -6.746873e-02 -3.084254e-01 -1.713969e-01 1.175180e-01 2.903717e-01 1.882297e-01 -2.612023e-01 -4.536505e-02 -5.103898e-02 -3.065411e-01 -9.148788e-02 -6.599067e-02 1.707821e-01 1.087020e-01 -4.433874e-01 2.046807e-02 -1.669155e-01 2.197480e-02 -1.146560e-01 -2.144364e-01 -1.063485e-01 9.679995e-02 -1.065769e-02 -1.062132e-01 6.692138e-01
2.614734e-01 6.389388e-02 -2.455722e-01 2.248230e-01 6.164540e-01 1.234446e-01 -1.584895e-01 -1.194518e-02 -1.679586e-01 7.889349e-02 -8.215941e-02 1.653826e-01 3.868624e-01 -1.410546e-01 -7.648346e-02 -1.195872e-01 -3.086563e-01 -5.544639e-01 -1.460266e-01 5.755335e-02 -3.923727e-02 9.025479e-02 9.179667e-03 1.109145e-01 2.291394e-01 -8.428115e-02 2.910233e-01 2.738098e-02 2.159923e-01 -4.526106e-01 -1.353432e-01 2.277537e-01
7.454252e-02 3.687769e-01 -3.414369e-01 3.680169e-02 -3.160270e-01 -4.698819e-02 3.854284e-01 3.034362e-03 -3.056839e-01 3.336599e-01 -8.999883e-02 -1.537486e-01 -1.802062e-02 -1.837264e-01 -5.760160e-02 -8.139675e-03 -6.877829e-02 -2.114380e-01 -6.404767e-02 -1.253262e-02 3.133906e-01 -3.489122e-01 1.044300e-01 -1.514965e-01 5.059194e-03 6.544899e-03 -3.570967e-02 9.439605e-02 -1.406122e-01 -1.526811e-01 5.368173e-01 -3.895487e-01
1.696652e-01 -1.943180e-01 2.731934e-01 3.044745e-01 -1.529429e-01 -4.344087e-02 2.192463e-01 1.273832e-01 2.195798e-01 6.554659e-01 4.181043e-02 -2.334548e-02 -2.322015e-01 2.027564e-01 -2.905194e-02 1.260975e-01 -2.167864e-01 -1.081378e-01 -1.902522e-01 -2.042716e-01 6.028907e-02 -8.042786e-02 -4.147313e-01 1.299194e-01 -2.162005e-01 -3.525047e-01 3.067258e-01 -3.553346e-02 -2.154703e-01 -5.243734e-01 5.135417e-02 1.155092e-01
7.130273e-02 9.538915e-02 5.254135e-01 1.283256e-01 2.110633e-01 3.468495e-01 1.448837e-01 -1.031069e-01 -1.705607e-01 -7.989705e-02 -2.194420e-02 -1.304738e-01 -2.924131e-01 3.664438e-01 3.567292e-01 -1.472323e-01 9.537290e-02 -4.394475e-02 2.694083e-01 -1.067875e-01 -1.055361e-01 1.493086e-01 1.836928e-01 1.107916e-01 2.512638e-02 4.239457e-01 -1.232768e-01 -2.317647e-01 8.112266e-02 -1.171139e-01 5.065776e-03 6.850238e-01
-2.185836e-01 -1.934777e-01 4.045787e-01 -3.577658e-01 2.323959e-01 1.407842e-01 9.137376e-02 3.772178e-01 -2.340547e-01 7.692031e-02 3.270782e-01 2.830067e-01 -3.764042e-02 7.221414e-02 1.945273e-01 -1.107784e-01 -6.810451e-02 -1.272877e-01 -3.042140e-01 -3.351584e-01 -3.123223e-02 -5.044768e-02 1.128349e-01 8.996630e-02 3.550363e-01 1.301072e-01 3.217003e-01 -4.166310e-01 2.460112e-01 3.564725e-01 1.573959e-01 4.826809e-02
2.240600e-01 1.148376e-01 2.336290e-01 -2.751601e-01 1.044320e-01 -1.387157e-01 -6.256796e-02 2.967162e-03 5.183659e-02 1.931873e-01 -3.245217e-01 -3.540429e-01 -1.836187e-01 -3.084109e-01 4.550080e-01 4.137397e-02 1.547096e-01 -6.467400e-01 6.029380e-03 -3.301531e-01 -9.587765e-03 1.804123e-02 1.769422e-01 -1.199940e-01 1.267641e-02 -1.360434e-01 1.223656e-01 3.838849e-01 -7.917906e-02 -3.509410e-02 1.254206e-01 1.788101e-01
-1.688405e-01 2.386996e-01 -4.390767e-02 -2.480786e-01 2.073072e-01 4.694135e-01 -3.888097e-01 7.187430e-02 4.290976e-02 -8.913235e-02 1.736020e-01 1.552370e-02 -2.113646e-01 2.388971e-01 -3.170063e-01 6.487983e-02 3.709663e-02 -1.127919e-01 -2.424090e-01 6.003008e-02 1.937636e-01 -1.260359e-01 1.010793e-01 -4.681265e-02 3.077341e-01 -1.778027e-01 3.939629e-02 3.066989e-01 -1.029967e-01 -1.353786e-01 3.020973e-01 -6.250275e-01
-1.985554e-01 2.132348e-01 -8.802259e-02 4.687953e-01 -1.039674e-01 -6.901269e-02 2.549072e-01 -2.439335e-01 -1.752169e-01 1.275464e-01 -6.956367e-02 -3.430749e-01 -3.029318e-01 -2.234205e-01 -2.293392e-01 1.192766e-01 2.265916e-01 -2.824664e-01 3.849171e-01 5.033791e-02 -1.465879e-02 -1.008353e-01 -2.262992e-02 -2.729184e-01 2.905809e-01 -1.759460e-01 4.832246e-01 -2.911943e-01 5.436514e-04 6.405419e-02 1.518333e-02 -1.605603e-01
8.824347e-02 3.581040e-02 -2.213396e-02 1.482931e-01 -3.672532e-01 -1.277176e-02 4.293685e-01 -1.691036e-01 -2.459029e-01 2.679258e-01 4.652601e-02 1.204941e-01 4.377443e-01 -2.025411e-01 -1.405995e-01 -2.915629e-01 -1.308086e-02 -1.409651e-01 3.487599e-01 -2.316531e-02 -2.508197e-01 3.455496e-02 1.155535e-01 -2.432049e-02 -5.845781e-02 2.093586e-01 6.729406e-01 7.131398e-02 5.291888e-02 -1.358958e-01 -2.961661e-01 1.532661e-01
-2.802746e-02 -2.346177e-01 -1.866574e-01 1.148410e-01 1.836522e-01 6.567423e-02 -2.334188e-01 1.738269e-01 -1.305598e-02 -4.111078e-01 5.686504e-01 -1.360891e-01 1.151965e-01 1.113127e-01 -1.975678e-02 -3.391833e-01 2.447549e-02 1.102732e-01 -7.621121e-02 -1.088172e-02 9.940585e-02 -7.648472e-02 1.626250e-01 -2.686686e-01 2.668384e-01 1.775235e-01 2.027055e-01 4.068451e-02 -6.067501e-02 -6.520689e-02 6.304709e-01 -4.740530e-01
-4.004754e-02 3.884711e-02 -3.656891e-02 5.897522e-02 -3.380297e-01 3.358017e-02 -3.588030e-01 7.771630e-02 -2.382749e-01 -1.213403e-01 -2.201003e-01 6.039918e-01 3.427007e-01 2.488628e-01 -3.052931e-02 -2.860310e-02 1.547541e-01 -6.330784e-02 -5.535310e-01 1.055242e-01 -1.658418e-01 2.096434e-01 1.423721e-01 1.515443e-01 -1.040638e-01 1.828279e-02 -1.635124e-01 2.837940e-01 -1.806177e-01 -2.628562e-01 2.310605e-01 -3.380120e-01
3.365753e-02 -1.974021e-01 4.579840e-01 9.983482e-02 3.767479e-01 1.708160e-01 6.362863e-02 -1.299213e-01 1.215530e-01 -1.079332e-01 -4.734240e-02 2.103331e-02 -1.620050e-01 2.723550e-01 5.534131e-01 -1.243113e-01 3.077273e-01 3.128672e-02 2.300300e-01 -1.361465e-01 3.869084e-02 2.278247e-01 3.426782e-01 3.148808e-01 1.500976e-01 3.177934e-01 -2.868054e-01 -2.273210e-01 1.768570e-01 1.666359e-01 6.986947e-02 3.512175e-01
-2.379388e-01 -1.884209e-02 9.412510e-02 1.877711e-01 7.915843e-02 2.197165e-01 5.214806e-01 -5.734718e-02 -1.678159e-01 1.051814e-01 -4.096428e-01 1.049424e-01 -1.508969e-02 -1.435449e-01 1.381843e-01 -4.595950e-01 1.391785e-01 1.054229e-01 5.830321e-01 -3.939179e-02 6.880736e-02 3.392019e-02 1.314631e-02 -1.216577e-02 5.253759e-01 3.450080e-01 -1.574947e-02 4.235073e-02 -3.031006e-01 -2.340538e-02 -9.222496e-02 -2.437205e-02
-3.471541e-02 2.577185e-01 -7.333021e-02 2.717449e-02 -2.327333e-01 8.514430e-02 1.301027e-01 -1.671134e-01 -3.277822e-01 1.374763e-01 -4.885466e-02 -1.375803e-01 5.848616e-01 -4.259094e-01 -6.793532e-02 -2.393976e-01 -4.774101e-01 3.140352e-03 -3.820157e-01 2.841325e-01 -4.445691e-02 -4.703298e-03 -1.257328e-01 -3.699728e-02 -5.263942e-01 -2.236698e-03 -9.133913e-02 -1.448447e-01 -3.088607e-02 2.637950e-01 2.503819e-01 -1.486020e-01
-2.932423e-01 -9.594946e-02 4.305691e-01 -3.726582e-01 3.038154e-01 2.533919e-01 1.830972e-01 2.128793e-02 5.926662e-02 -2.028047e-01 1.200938e-01 4.142144e-02 -1.116181e-01 2.154095e-01 -2.851870e-01 3.281888e-02 1.682470e-01 3.093053e-01 -5.668060e-02 2.958439e-01 -2.935328e-02 2.708680e-02 2.699965e-01 2.027430e-01 -3.143645e-01 -5.230629e-01 1.878693e-01 1.790008e-01 -2.532232e-01 -1.782718e-01 1.362773e-01 1.235042e-01
2.400466e-01 5.520492e-01 2.718619e-01 8.719347e-02 -1.611725e-02 -2.496270e-01 8.402069e-02 1.389851e-01 -6.343260e-02 2.995144e-01 -4.175149e-01 4.254649e-02 -9.759004e-02 4.512228e-02 -6.952630e-02 -5.142209e-02 1.870161e-01 1.150060e-01 -4.026817e-03 -5.925826e-02 -5.838054e-01 -6.949772e-02 5.177956e-02 -2.556667e-01 -2.315949e-01 -2.899102e-01 1.049441e-01 1.421968e-01 -2.504231e-01 -1.594651e-01 2.852664e-01 -4.723790e-02
-5.651199e-02 1.576146e-01 4.448762e-01 2.413009e-01 1.407862e-01 3.942943e-01 -1.264311e-01 -2.351943e-01 -2.674346e-01 2.386900e-01 -9.924274e-03 4.800509e-02 -1.072039e-01 -2.262321e-01 2.738932e-01 1.303889e-01 6.786843e-01 -2.076550e-02 -1.006154e-01 -4.923360e-02 7.469469e-02 -2.529547e-01 1.029823e-01 -1.456227e-01 -2.056745e-01 -7.129838e-02 -7.469037e-02 4.044339e-01 -1.016294e-02 -1.668246e-02 -2.605808e-03 -1.730258e-02
3.203208e-01 5.047547e-01 -3.068445e-01 8.551587e-02 1.051250e-01 -1.768896e-01 -7.239407e-02 -1.715663e-01 4.695787e-02 -3.147924e-02 1.530572e-02 -1.059440e-02 1.129572e-02 -6.974247e-02 4.526548e-02 -2.101061e-01 7.444120e-01 -2.665082e-02 5.212427e-02 1.176547e-01 -4.971133e-02 1.786514e-01 -4.842705e-02 9.979714e-02 -4.734136e-03 -2.687325e-01 -8.731496e-02 7.082339e-02 3.192418e-02 9.626546e-02 3.450246e-02 -9.665646e-02
-3.995465e-01 3.380466e-02 -4.067743e-02 1.813212e-01 1.538803e-01 -1.261826e-01 8.473874e-02 -3.724781e-01 9.139363e-02 2.714824e-01 5.433449e-01 -1.666844e-01 -2.003403e-01 -1.326190e-01 -2.767728e-01 -4.842098e-02 3.063364e-01 -2.085524e-01 2.768045e-01 -2.594716e-01 -1.960691e-01 -5.749336e-02 1.343916e-01 1.735422e-01 1.370444e-01 -5.767157e-02 1.069784e-01 3.617098e-01 4.995899e-01 8.839864e-03 -9.211895e-03 2.567868e-01
-2.996977e-02 -4.188058e-01 7.485636e-03 -6.597974e-02 -1.906934e-02 -1.699524e-01 5.099304e-02 -1.177783e-01 1.696639e-01 -2.457169e-02 4.867003e-01 -7.571018e-02 4.173701e-01 -3.728385e-01 1.369179e-01 1.949551e-01 6.440813e-02 -1.562203e-02 3.211574e-01 1.279815e-01 -3.990667e-02 1.446770e-01 5.103634e-02 -1.005226e-01 4.258820e-01 -7.450277e-03 -5.118802e-01 2.200422e-02 2.356314e-01 -9.607971e-02 -3.979856e-01 1.523952e-02
3.530485e-01 -1.694788e-01 2.190180e-01 -2.998285e-01 -2.968798e-02 -2.590738e-01 1.361548e-01 1.731779e-01 -1.004054e-01 -1.884846e-01 -3.110746e-02 6.590211e-02 2.321504e-02 4.514194e-01 -2.672645e-01 -1.081388e-01 1.947175e-01 -2.075697e-01 -4.667624e-01 -4.772002e-02 -6.694481e-02 -1.032359e-01 3.547076e-01 6.552497e-02 2.519651e-01 -5.418526e-02 -5.639480e-02 2.489607e-01 1.321454e-02 -2.163499e-01 3.769895e-01 -7.910649e-02
4.215423e-01 1.672322e-01 -2.235694e-01 -2.193094e-02 3.285803e-02 6.734734e-02 2.228907e-01 -2.080231e-02 -1.904678e-01 3.377347e-02 1.918005e-01 1.059468e-01 -2.518078e-01 -1.079843e-01 2.457047e-01 -3.411166e-01 -7.562824e-02 -1.692049e-02 -9.291462e-02 -1.831773e-01 3.991956e-03 6.505013e-02 -3.363692e-02 1.111576e-03 -7.847003e-01 -7.671137e-02 -4.370889e-02 5.624066e-02 2.025392e-01 6.316595e-03 -2.975015e-01 2.373451e-01
5.758371e-01 -1.317280e-01 -2.481711e-01 -2.857019e-02 -2.672343e-01 -2.792111e-01 -6.473724e-02 5.495092e-02 -4.051969e-02 6.800370e-02 7.450804e-03 3.358249e-02 3.732176e-01 6.013282e-02 4.024367e-01 -1.053584e-01 5.307465e-01 -1.227013e-01 3.008121e-01 2.975898e-01 -1.606618e-01 -3.377486e-01 -7.573183e-02 1.505630e-01 -1.811335e-01 5.766591e-02 -2.974295e-02 -6.646924e-02 2.398025e-02 4.189972e-01 2.687889e-01 -3.830093e-03
5.192794e-01 4.364124e-02 -1.290952e-02 -1.496100e-01 2.489057e-01 3.121622e-01 -3.042266e-01 1.022260e-01 -1.350517e-01 -2.000282e-01 2.986032e-01 8.753079e-02 1.071326e-01 2.886815e-01 -1.948662e-01 -9.337216e-02 -6.810125e-02 -2.235382e-01 6.750835e-02 -2.290222e-01 1.410103e-01 -7.824150e-02 2.096382e-01 3.756400e-01 5.447239e-03 -1.718533e-01 -2.464894e-04 -3.670023e-01 -2.498217e-01 -1.766024e-01 4.650138e-01 -1.565686e-01
8.619295e-03 2.292129e-01 1.263082e-01 2.720905e-02 -2.124202e-01 3.830290e-01 1.246324e-01 1.960942e-01 -2.981669e-02 2.992158e-01 -2.506220e-01 -1.779648e-01 3.821488e-01 1.140396e-01 3.683797e-01 2.625602e-01 -6.771442e-02 -2.349725e-01 -8.718598e-02 -1.354052e-01 1.000378e-01 4.056684e-02 6.913528e-03 3.153532e-01 -1.780121e-01 -3.601026e-01 1.675010e-01 3.263789e-01 -8.899020e-02 -4.046598e-01 1.105412e-01 -1.549390e-01
-1.936064e-02 -1.653788e-01 -9.532844e-02 3.233112e-01 -1.130063e-02 -8.879204e-02 4.700063e-01 -1.262271e-01 6.901738e-02 2.182796e-01 8.936562e-04 -3.099965e-01 -3.756381e-01 -1.281683e-01 -1.759762e-01 -1.230193e-01 1.923425e-02 1.975286e-01 7.237477e-02 -1.473826e-01 -6.307238e-02 2.073791e-01 3.780593e-01 2.392294e-01 1.745681e-01 -1.404931e-01 6.009141e-02 -5.119222e-02 2.846701e-01 -2.494829e-01 -5.620598e-01 -2.008899e-01
-3.245609e-01 1.122420e-02 -1.389416e-02 -7.449629e-02 5.046288e-01 -1.903467e-01 -1.011594e-01 3.881542e-01 2.118566e-01 -2.198684e-01 -1.150479e-01 3.132065e-01 3.504790e-02 -3.043613e-01 2.167735e-01 -1.185875e-01 -8.674093e-04 -5.405679e-03 -3.200046e-02 1.159797e-01 -7.088736e-01 2.297431e-01 -1.861011e-01 -2.916101e-01 -5.736473e-02 -2.602965e-02 1.498773e-01 -1.173183e-01 -4.895811e-01 5.872209e-03 -1.624480e-02 1.264962e-02
1.078130e-01 -5.401147e-02 2.284354e-01 -3.753867e-01 -1.936065e-02 1.905528e-01 -2.424286e-01 3.529584e-01 5.382846e-02 -2.952753e-01 -1.904686e-02 3.515364e-01 2.267984e-01 1.261679e-01 3.707653e-01 -1.234429e-02 -1.459375e-01 -1.193655e-01 -9.207312e-02 3.262814e-01 3.396190e-01 -5.185218e-01 2.670640e-01 1.110146e-01 -1.438732e-01 -1.347279e-01 2.596569e-01 -2.058966e-01 -1.704642e-01 1.236630e-01 4.852991e-02 -1.998291e-01
2.143781e-01 6.465737e-02 -1.852997e-01 1.150784e-01 6.275665e-01 1.574089e-01 -8.401486e-03 -1.347515e-01 -7.875454e-02 1.248788e-01 7.294192e-02 2.017602e-01 4.473554e-01 -2.475705e-01 -1.157083e-01 5.812617e-02 1.085639e-01 -5.941908e-03 2.979481e-01 -4.676266e-02 1.002675e-02 -1.789025e-01 -1.956030e-01 1.466578e-02 -5.878371e-02 -2.066517e-01 3.862177e-01 -1.512128e-02 -2.124087e-01 -6.821241e-01 5.241254e-02 1.104073e-01
3.584544e-01 -6.733921e-02 -3.545082e-01 2.460887e-01 -4.134740e-01 -1.255147e-01 -1.917187e-01 6.212709e-02 -6.944391e-02 2.027885e-01 -2.189106e-01 -9.131626e-03 1.106212e-01 8.785447e-03 4.550659e-01 -4.144270e-02 1.368898e-01 3.763346e-01 3.799397e-02 7.828963e-02 1.883955e-01 -2.105431e-01 -1.929185e-01 -8.722879e-02 2.357756e-01 -3.967101e-01 -2.398102e-01 2.360487e-01 -1.571239e-01 3.690132e-02 1.933444e-01 -3.539934e-01
-2.376617e-01 -4.601138e-02 -1.282957e-02 8.564328e-02 5.398960e-01 1.188530e-01 -1.624481e-01 -1.701369e-01 9.834778e-02 -2.049333e-01 2.921974e-01 2.227045e-01 2.843160e-01 -5.596960e-02 -3.863111e-01 -3.997122e-02 -2.209743e-01 -2.166917e-01 -6.672835e-03 3.244963e-02 4.633572e-01 2.941802e-01 9.793738e-03 1.714661e-01 1.644857e-01 2.332334e-01 -1.729311e-01 -3.446168e-01 4.078874e-02 2.356092e-01 -3.942102e-01 3.274591e-04
1.335818e-01 -3.448913e-02 -2.776003e-02 -1.600337e-01 1.147472e-01 -1.981244e-01 -5.129225e-01 -1.816817e-01 -8.642962e-04 -1.326776e-01 1.810597e-01 -1.870884e-01 5.328957e-02 3.049661e-01 -2.152813e-02 6.059862e-01 -4.163780e-02 -8.148791e-03 -6.227777e-01 1.903184e-01 1.307843e-01 -2.297086e-01 -5.351611e-02 -2.077622e-02 -2.175444e-01 -5.839761e-01 -1.614000e-02 6.219998e-03 1.078477e-01 2.739877e-03 9.976485e-02 -9.108524e-02
8.885767e-02 1.502546e-01 7.061959e-02 2.147765e-01 1.420811e-01 5.496641e-01 4.284805e-02 -4.471867e-01 -2.544226e-01 -2.136692e-02 -1.015316e-01 -3.562687e-01 -1.843815e-01 2.176213e-01 1.719173e-01 4.556066e-02 2.793838e-01 -1.032222e-01 -1.610243e-01 2.869698e-01 -2.259724e-02 -3.917073e-01 5.672533e-02 -2.752697e-01 -2.998638e-01 -1.300725e-01 -3.324502e-01 5.109816e-01 4.483065e-02 -6.588487e-02 4.862344e-02 -9.009869e-03
-5.234043e-02 -9.102646e-02 -1.566962e-01 1.536881e-01 -3.462331e-01 2.407803e-02 -1.608799e-01 1.116613e-02 -1.381429e-01 9.297983e-02 2.222212e-01 -9.383441e-02 -1.717897e-01 -1.417484e-01 3.228553e-01 5.260034e-01 -5.510492e-02 1.487067e-01 1.044856e-01 -3.064973e-01 1.947654e-01 -2.327328e-01 1.320640e-01 1.629165e-01 1.453918e-01 -1.442425e-01 7.406549e-02 -2.448598e-01 -5.536198e-02 -1.245608e-01 1.033299e-01 -2.185030e-01
2.099314e-01 4.714811e-01 -1.328383e-01 5.166655e-01 1.514635e-01 2.013108e-01 -3.051327e-02 5.398133e-02 -3.968817e-01 1.792807e-01 1.337754e-01 -5.533646e-02 1.713735e-01 2.143753e-01 -2.105994e-02 -1.493588e-02 -2.367508e-01 -9.581182e-02 3.304715e-02 -3.667712e-01 -1.361521e-02 1.447724e-02 -1.383403e-01 5.055720e-02 -5.262477e-01 -2.930964e-01 -1.392156e-01 -2.145388e-01 3.454510e-01 2.993345e-01 -1.783455e-01 -1.629861e-01
2.621776e-01 4.611285e-01 -1.507138e-01 3.493620e-01 1.611029e-02 3.913420e-01 -3.858032e-02 6.843013e-02 -9.989694e-02 2.127223e-02 1.659227e-01 -5.077714e-02 3.253009e-02 4.020142e-01 7.713983e-02 -2.038715e-01 -1.271086e-02 -6.967897e-02 4.413050e-02 -2.803807e-01 -2.575511e-02 1.101760e-01 -1.741641e-01 6.632883e-02 -6.790774e-01 -8.049238e-03 -6.297432e-02 -3.890816e-02 3.597844e-01 2.304604e-01 -8.091579e-02 2.871797e-01
3.103011e-02 5.936252e-01 -3.178506e-01 2.763484e-01 7.041234e-02 1.708171e-01 -1.083058e-01 -6.644174e-02 -4.657785e-01 -9.018594e-02 1.227012e-01 -7.684182e-02 -1.314295e-01 2.281872e-01 5.439848e-02 -1.540282e-01 1.232362e-02 -2.505974e-01 2.155452e-01 -2.418863e-01 -1.529251e-01 4.196935e-01 -7.737365e-02 1.707434e-01 6.444484e-03 3.512611e-01 2.421548e-01 -4.063496e-01 3.173293e-01 1.354767e-01 2.283251e-01 1.127950e-01
5.175325e-02 1.151374e-01 8.932650e-03 -5.517591e-02 1.627882e-01 2.994810e-01 -3.089622e-01 -1.114189e-01 -1.657574e-01 1.299558e-01 -2.407912e-01 1.762235e-01 3.954787e-01 1.441767e-01 3.912869e-01 3.102326e-01 -1.258972e-01 1.439077e-01 -1.119703e-01 3.492332e-01 6.524140e-02 3.193645e-01 9.968555e-03 -1.207834e-01 -3.388818e-01 3.152488e-01 -1.741590e-01 1.122804e-01 -1.125799e-01 3.698750e-01 2.415967e-01 -2.528758e-01
-1.762608e-02 -1.268339e-01 -6.514004e-02 -1.847188e-01 2.117111e-01 5.959116e-02 -3.872286e-01 1.893035e-01 -2.388305e-02 -2.911281e-01 5.227861e-01 -2.118637e-01 3.814380e-02 2.504540e-01 -2.058771e-01 -2.374836e-02 2.168776e-02 -1.362186e-01 -3.278217e-01 1.024809e-01 2.044179e-01 -1.657755e-01 1.582585e-01 -1.355278e-01 2.848315e-01 -5.111030e-02 -1.248563e-02 3.060986e-01 -2.987954e-01 -1.581892e-01 3.180519e-01 -4.791767e-01
-3.470346e-01 8.552484e-02 1.762454e-01 -7.193591e-02 -2.895679e-01 -2.732966e-01 3.210476e-01 4.168348e-01 -1.560694e-01 1.946155e-02 -2.935167e-03 3.889963e-02 8.640628e-02 1.381846e-02 -8.678611e-02 4.742418e-01 1.047300e-01 -1.962152e-01 -1.025653e-01 -6.257151e-04 -3.059762e-02 -7.236488e-02 5.011995e-02 -7.476746e-02 7.872653e-02 5.669609e-02 -1.207705e-02 1.064857e-01 3.450071e-01 3.456692e-01 2.678180e-01 6.354554e-01
-4.694745e-03 1.128009e-01 -3.156616e-01 9.376031e-02 1.721085e-01 -8.404709e-02 3.725781e-02 -3.184644e-01 -1.610427e-01 5.612119e-01 -1.701159e-01 6.638884e-02 -9.204362e-02 -2.110827e-01 2.338127e-02 2.464211e-01 -1.036098e-01 -9.728541e-02 2.452783e-01 -1.714559e-01 4.180849e-02 2.162737e-01 -1.908738e-01 3.116553e-02 -1.127409e-01 -2.195194e-02 -2.070543e-01 -3.078618e-01 -1.520577e-02 1.593997e-01 -4.582665e-01 2.622542e-01
-1.591994e-01 -9.549733e-02 5.776121e-02 2.655512e-01 -9.981398e-02 -5.362137e-02 -2.992588e-01 1.594015e-02 -4.557989e-02 -1.024481e-01 4.300386e-01 -2.586200e-01 2.529863e-01 3.847679e-01 -1.046686e-01 -1.756935e-01 7.768828e-02 2.171604e-01 6.207549e-02 6.433826e-02 -3.974698e-01 1.080474e-01 -7.026611e-02 -4.099051e-02 1.744426e-02 1.676877e-02 -2.984592e-01 -1.386927e-01 6.118642e-01 -1.254632e-01 1.943823e-01 -1.942819e-01
-6.562386e-02 5.279177e-02 -2.681285e-01 5.548117e-01 3.110610e-01 -1.737838e-02 4.148557e-02 4.857966e-02 -1.937903e-01 -1.607283e-01 6.143281e-02 -1.404607e-01 -3.310224e-01 4.322553e-02 8.818422e-02 -1.164788e-01 -4.004651e-02 2.653055e-01 4.626737e-01 -4.172156e-01 1.940561e-02 -9.625722e-03 -1.194051e-01 -2.218291e-02 1.269311e-01 1.337040e-02 5.617256e-01 1.317592e-02 4.318307e-02 1.896961e-02 8.712928e-02 6.899299e-02
3.616209e-02 -3.872005e-02 4.516807e-01 -1.963487e-01 -3.026155e-01 -3.558786e-01 2.936711e-01 -2.638196e-01 3.527802e-02 1.700953e-01 -3.473688e-01 1.583059e-01 8.108130e-02 -1.429699e-02 -8.753309e-03 2.046677e-01 -5.097375e-02 -2.976734e-02 1.036583e-01 -1.583830e-02 -9.892494e-02 -5.589263e-02 -6.234121e-02 2.303251e-01 -2.376369e-01 -1.524711e-01 -2.296900e-01 -4.699258e-02 -5.043326e-03 -1.617416e-02 -6.365013e-01 5.048540e-01
-1.974912e-01 -2.360811e-01 -2.560902e-02 -3.969825e-01 4.688007e-01 3.936427e-02 2.162890e-01 2.417580e-01 9.168625e-02 2.650062e-01 2.666970e-01 -1.718452e-01 -1.712260e-01 -3.476173e-01 -1.957753e-01 -1.868917e-02 3.448150e-01 3.152437e-02 -3.987387e-01 -1.556941e-01 1.016907e-01 1.659932e-01 2.209138e-01 -2.208170e-01 -1.304246e-01 -1.375903e-01 3.589979e-01 7.231411e-02 2.703546e-01 3.778431e-01 -2.748072e-01 1.749505e-01
-2.284172e-01 -1.136514e-01 -2.475735e-01 2.139219e-02 -2.229587e-01 2.436369e-01 -3.661611e-01 3.893866e-01 7.276832e-02 -2.408764e-01 5.062359e-01 -3.369130e-02 1.887529e-02 1.249621e-01 2.426495e-02 -1.090581e-01 -6.970431e-02 -2.588882e-02 -5.632935e-03 -6.343401e-02 -1.755022e-01 -1.080834e-01 -7.011928e-02 4.956217e-02 -2.119018e-01 1.746531e-01 -2.698539e-01 -4.449855e-01 6.805465e-01 -1.260826e-01 1.099868e-01 -8.571696e-02
-6.700829e-02 -3.596931e-02 -2.607206e-01 5.949812e-01 -6.522233e-02 -2.283105e-02 2.440506e-01 -2.154187e-01 5.662301e-02 -1.860763e-03 -3.960565e-02 -2.460984e-01 -3.596248e-01 -1.797793e-01 -2.984048e-01 -6.149985e-02 9.378823e-03 1.514377e-01 -8.152480e-02 2.025826e-02 -3.252348e-01 -2.297336e-02 1.554596e-01 -7.835913e-02 2.065489e-02 -1.124199e-01 3.321181e-01 -2.094426e-02 4.855005e-01 -4.533022e-01 -2.885428e-01 -3.570822e-01
-3.000625e-02 7.186554e-02 6.428311e-01 9.315804e-03 3.756707e-01 3.346118e-01 1.537335e-01 -1.370844e-01 7.496715e-02 -2.404127e-01 1.107664e-02 -1.539419e-01 -1.567156e-01 1.550580e-01 1.512400e-01 -1.317044e-01 4.416196e-02 -4.416892e-03 1.647042e-01 -1.746424e-01 -7.770144e-02 2.680313e-01 -1.193582e-01 2.082867e-01 -9.016076e-02 4.215108e-01 -4.409328e-02 -3.916062e-01 1.620935e-01 -1.080206e-01 -5.595982e-02 5.589673e-01
4.192644e-01 -4.343031e-01 3.055105e-02 5.636875e-02 -4.034862e-02 -1.455602e-01 1.110615e-01 6.408405e-02 4.072159e-01 2.265736e-01 2.432459e-02 1.127702e-01 -3.940319e-01 3.060707e-02 1.668152e-01 2.404498e-01 3.393526e-01 7.490169e-02 1.665861e-01 -4.167532e-01 1.147285e-01 5.424550e-02 1.619365e-01 4.600662e-03 2.689035e-01 5.190302e-02 6.368075e-02 2.731791e-01 -1.431328e-03 -5.772635e-01 -1.696839e-01 1.942832e-01
1.648887e-02 5.232966e-01 1.292878e-01 -4.133303e-02 1.901008e-01 2.750140e-01 1.765061e-01 -7.600896e-02 -4.308199e-01 -6.234451e-02 2.738158e-02 1.507147e-01 -3.172790e-01 2.055169e-01 -5.238024e-02 -2.002384e-01 -1.443623e-01 1.378136e-01 -3.421013e-01 -2.143088e-01 5.537254e-02 -2.858500e-01 3.943501e-02 -1.348148e-01 -6.784757e-01 -2.142457e-02 2.354107e-01 -4.640696e-02 -2.358675e-01 -1.325972e-02 1.046990e-01 -7.289129e-02
-3.669477e-01 -1.351406e-01 -8.356152e-02 -1.095196e-01 -2.502824e-01 5.600240e-02 7.755256e-04 4.446518e-01 2.531922e-01 1.608299e-01 -2.351620e-02 -7.533067e-02 -9.864718e-02 -2.073898e-01 -2.586856e-01 2.908145e-02 -2.368207e-01 2.134557e-03 1.293468e-01 -1.122429e-01 -2.625834e-01 -2.777715e-01 1.315624e-01 1.181508e-01 2.342878e-01 -4.236847e-01 -5.042046e-02 -6.446930e-02 2.052297e-01 -2.518269e-01 -1.564758e-02 -6.755427e-02
-3.792567e-02 -2.896638e-01 -1.634829e-02 -1.233791e-02 -1.178772e-01 -7.589333e-02 -3.299978e-01 -6.841524e-02 4.121241e-01 -2.400005e-01 1.403410e-01 -3.484918e-01 3.514225e-01 -3.519914e-01 1.295052e-02 6.337170e-02 3.396812e-01 -1.775656e-01 2.888121e-01 2.829465e-01 3.819929e-01 -2.603433e-01 -2.785607e-01 1.469222e-01 1.682354e-01 1.153400e-01 1.652021e-01 1.640653e-01 2.464938e-01 -1.868544e-01 -9.157564e-02 -3.683001e-02
-7.986452e-02 -9.629461e-02 2.018093e-01 -2.859251e-01 1.093092e-01 1.936089e-01 -3.456722e-01 3.251664e-01 -2.323828e-02 -2.486998e-01 7.663815e-02 3.823194e-01 3.466669e-01 2.241376e-01 2.549691e-01 1.845829e-01 -3.491942e-02 -7.400871e-02 -3.548271e-02 3.051893e-01 4.167175e-01 -4.714226e-01 2.447855e-01 2.235002e-01 -1.678351e-01 -1.039370e-01 -4.924009e-02 -1.101845e-01 -3.901888e-01 -9.522709e-02 1.202018e-01 -9.002601e-02
2.211967e-01 -5.579045e-02 2.479109e-01 -2.604816e-01 2.481661e-01 -1.186297e-01 -1.028692e-02 -2.135262e-01 -2.410473e-01 -1.207462e-01 -3.886542e-02 2.070763e-01 2.439356e-01 4.116812e-01 2.905702e-01 2.356376e-02 -1.595902e-02 -1.348875e-01 -2.024506e-01 5.074515e-02 5.520500e-01 5.328481e-02 -2.484935e-01 1.312723e-01 -6.079342e-03 -8.142021e-02 -2.300168e-01 6.362589e-02 -4.022404e-01 1.139095e-01 1.892512e-01 3.119624e-01
6.141636e-01 -1.535665e-01 1.900474e-01 1.533148e-01 -4.327845e-01 -7.313622e-02 -1.956679e-01 8.235744e-02 6.965493e-02 2.509835e-02 -9.692807e-02 3.241960e-01 -9.344210e-02 2.232460e-02 -1.614821e-01 1.837700e-01 9.455823e-02 -1.024613e-01 1.542511e-01 8.532163e-02 1.647641e-01 -9.604457e-02 -7.217054e-02 -7.472214e-01 4.561287e-02 2.395017e-01 -6.349044e-02 7.584875e-02 -1.712053e-01 1.138178e-01 -3.496521e-01 -5.993164e-02
4.477996e-02 3.620500e-02 -3.611862e-01 -2.280430e-01 -9.406688e-02 -8.263636e-02 -3.043397e-01 -1.446261e-01 3.240323e-01 -7.172661e-02 2.574682e-01 -9.986669e-04 2.914886e-01 3.985098e-01 -2.786466e-01 2.838469e-01 -8.777604e-02 -3.159738e-01 -2.026543e-01 -2.382900e-01 -2.061167e-01 -2.465031e-01 -7.677606e-02 -2.549892e-02 -5.814142e-01 -8.932839e-02 3.018081e-01 1.317812e-01 2.764509e-01 2.309754e-01 -5.769395e-02 -3.291595e-02
-4.443136e-01 2.589324e-01 1.213087e-01 1.761317e-02 -1.689020e-01 4.343975e-02 2.539662e-01 -4.002110e-02 5.307105e-01 -2.985828e-01 -4.183649e-01 -1.355502e-01 1.981137e-01 5.482789e-02 7.371569e-03 -5.121705e-02 -2.285926e-01 5.923118e-02 1.780303e-01 -2.435156e-02 -2.724187e-01 -1.254805e-01 1.155684e-01 1.480342e-01 -3.823602e-01 -1.330871e-01 -1.862163e-01 -1.329248e-02 7.216541e-02 2.116781e-02 -4.432240e-01 5.893018e-01
2.312784e-01 -3.950169e-02 -1.350349e-01 -1.658607e-01 3.504743e-02 -2.125591e-01 -5.134582e-01 -5.364990e-02 8.330838e-02 -3.879890e-02 3.316252e-01 -1.521605e-01 6.808808e-02 2.404574e-01 -1.525163e-01 5.570843e-01 -9.725660e-02 -3.375481e-02 -6.491624e-01 8.251716e-02 -3.668709e-02 -7.775788e-02 -6.388804e-02 4.268309e-02 -5.155725e-01 -3.977831e-01 -6.241203e-03 3.916292e-02 2.041263e-01 9.924740e-03 1.143398e-02 -3.495277e-02
-2.825407e-02 3.280343e-01 -1.172339e-02 4.306937e-01 1.396471e-01 -1.020854e-01 4.964915e-02 -1.864199e-01 -1.594296e-01 8.209572e-02 2.618178e-01 -2.006521e-01 -9.820366e-02 1.711791e-01 9.571591e-02 2.702549e-01 -2.446972e-01 1.618217e-02 1.298718e-01 -3.598719e-01 3.539026e-02 -1.602269e-01 -1.573762e-01 9.661546e-02 -2.704332e-01 -5.457797e-02 3.640982e-02 -3.482402e-01 -1.193204e-01 2.183851e-01 2.937701e-01 2.753448e-01
-6.551474e-02 -1.836247e-01 6.584687e-01 -7.107597e-02 2.079433e-02 2.253961e-01 3.139324e-01 -4.046571e-02 5.096167e-02 -1.686986e-01 -2.297621e-01 -1.941093e-03 -6.978798e-02 3.209034e-01 1.414067e-01 4.147910e-03 4.846381e-03 4.051897e-01 8.752804e-02 3.187984e-01 1.083539e-01 1.769997e-04 3.879061e-01 -1.808593e-01 -3.403462e-01 -2.990446e-01 1.514886e-02 5.151654e-02 -3.509599e-01 1.163426e-01 -2.347302e-01 1.693528e-01
2.009041e-01 -7.326306e-02 5.148867e-01 -2.791975e-01 -1.099961e-01 -2.412385e-01 2.548448e-01 2.415971e-01 1.935422e-01 -1.570290e-03 -3.389009e-01 -5.899595e-02 5.820016e-02 1.587550e-01 8.241210e-02 -2.605451e-01 6.482977e-02 2.774975e-01 -1.997749e-02 -1.154668e-01 -2.177636e-02 3.088901e-01 2.131125e-03 3.670132e-01 2.209793e-01 -5.845601e-03 4.691594e-02 6.064380e-01 1.459340e-01 1.182477e-01 -2.728549e-01 -1.975293e-02
2.773001e-01 -1.223503e-01 -3.611402e-01 -5.673139e-02 3.907200e-01 7.018118e-02 4.349186e-01 -1.106621e-01 2.683759e-02 6.187623e-02 4.905305e-01 3.618744e-02 1.211210e-01 -7.840618e-02 -1.767980e-01 -1.450287e-01 -1.112860e-01 -3.229360e-01 -3.828990e-01 1.111276e-01 -1.981964e-01 2.612488e-01 -5.264391e-02 4.664783e-02 -2.006893e-02 -3.276694e-01 8.359209e-02 1.008924e-01 4.038398e-01 -3.688916e-01 9.137759e-03 8.670569e-02
-1.135101e-01 9.658855e-02 -2.052879e-01 1.222581e-01 7.371670e-02 8.650444e-02 9.431164e-02 -2.336763e-01 -1.731807e-01 3.931407e-01 -2.753847e-01 2.591274e-01 -1.624948e-01 -2.327558e-01 -1.243225e-01 3.560681e-01 -2.723403e-02 3.647965e-01 9.472733e-04 5.144862e-02 4.730793e-01 -1.766887e-01 -7.662734e-02 -1.626201e-02 -4.477909e-02 7.568710e-02 -4.664212e-02 -2.014048e-01 -1.778623e-01 3.971376e-02 3.317026e-01 1.310076e-01
3.773818e-01 -1.499480e-01 4.641113e-02 -1.761520e-01 3.332067e-01 2.953876e-04 2.943860e-02 -1.893513e-01 -2.146349e-02 2.152088e-03 1.964341e-01 4.128443e-01 1.216905e-01 1.876191e-01 1.642101e-01 -2.411760e-01 -4.324851e-01 1.858052e-01 -3.075811e-01 -1.638583e-01 5.165962e-02 2.109555e-01 -2.982493e-02 1.099336e-02 -1.490518e-01 2.852050e-01 -3.643341e-01 5.065741e-02 -1.608763e-01 9.488621e-02 -5.121351e-02 1.545194e-01
-3.098651e-01 -1.936365e-01 5.073904e-01 -3.133903e-01 9.435220e-02 2.556859e-01 1.383905e-02 3.075750e-01 -2.016180e-01 9.493388e-02 2.977705e-01 1.042348e-01 -1.973946e-01 2.147038e-01 1.825189e-01 -1.238381e-01 -8.053764e-02 -1.261271e-01 -3.603176e-01 -4.241641e-01 9.987536e-04 -1.563817e-03 1.604055e-01 6.774396e-02 5.504731e-01 4.291665e-04 2.142576e-01 -4.326156e-01 1.080259e-01 -3.797241e-02 9.005924e-02 -4.533805e-02
3.439322e-01 -3.895729e-02 6.327085e-01 4.681091e-02 2.595448e-01 -1.958688e-01 9.049886e-02 2.110007e-01 -2.125234e-01 1.118735e-01 -3.862532e-01 -2.587743e-03 -7.991288e-02 3.005643e-02 -1.313017e-01 -5.370735e-03 2.102520e-01 -4.973166e-01 -2.069797e-01 -8.266492e-02 -9.358168e-02 1.990201e-01 3.426632e-01 -9.862331e-02 1.622796e-01 -5.050219e-02 -2.193372e-01 2.790791e-01 9.968043e-02 5.936000e-02 2.204390e-01 -4.244883e-01
1.758723e-01 4.772955e-01 3.095430e-01 8.036868e-02 -2.746306e-01 -3.269807e-01 -5.930395e-02 2.012796e-01 -4.322771e-02 -2.499102e-01 3.606429e-01 2.446993e-01 -4.937184e-02 4.678750e-02 1.404304e-02 1.349110e-01 4.674931e-01 -1.374560e-01 6.576733e-02 1.048317e-01 1.617221e-01 -6.911357e-02 -1.175817e-01 -5.479574e-01 -5.420344e-02 3.646462e-01 1.109620e-01 8.279634e-02 -2.492927e-01 8.026192e-02 -1.901483e-01 -3.812788e-02
3.734477e-01 -2.001632e-01 2.926396e-01 8.047161e-02 1.094189e-02 1.014954e-02 -4.199782e-01 -1.183263e-01 5.668259e-01 1.257500e-01 1.989683e-01 -2.163375e-01 1.463352e-01 3.321361e-03 -1.389505e-01 1.290643e-02 1.826646e-01 5.197800e-02 1.673962e-01 2.441902e-02 -2.543580e-01 9.366567e-02 2.278107e-01 -8.349352e-02 -1.550017e-01 1.470086e-01 2.570058e-02 2.685272e-01 -4.780986e-02 -6.101365e-01 3.288962e-02 -4.593754e-01
-3.505513e-01 -1.641182e-01 1.646925e-01 4.614155e-02 -3.224398e-01 -3.043468e-01 1.292172e-01 3.481509e-01 -1.758968e-01 -7.288220e-02 -1.773683e-02 1.566550e-01 3.237199e-03 2.761007e-01 -2.258839e-02 4.745618e-01 -2.339921e-02 2.340350e-02 9.149528e-02 -6.383150e-02 -1.352151e-01 -4.716289e-01 2.312876e-01 -8.599742e-02 3.307021e-01 4.407075e-02 5.480083e-01 -1.319488e-01 -3.096556e-02 1.198981e-01 1.141441e-01 -6.165338e-02
-4.687985e-01 -2.001548e-01 -1.171053e-01 5.480742e-01 3.377152e-01 3.856148e-02 8.182269e-02 -1.088743e-01 -1.210670e-01 -3.457864e-02 2.354866e-01 1.257007e-02 -1.033487e-01 2.185017e-01 1.544525e-01 -1.710249e-01 2.862121e-01 6.299878e-03 2.092607e-01 -6.573875e-02 -2.291442e-01 3.498122e-04 -1.018012e-01 -1.138089e-01 -2.517039e-01 -4.633524e-02 7.084472e-01 -2.292079e-01 1.465947e-02 -5.271018e-02 -4.468011e-02 -1.607770e-01
-3.740281e-01 1.093515e-01 1.995573e-01 1.003958e-01 1.531731e-02 1.866226e-01 4.930400e-01 -5.633686e-02 -9.530654e-02 -1.547487e-02 -3.339070e-01 5.844542e-02 -5.179166e-02 2.858838e-02 1.993060e-01 -4.354985e-01 -1.583238e-01 3.122841e-01 -1.081959e-01 1.548817e-01 -2.020883e-01 1.983115e-01 3.450708e-01 -2.099159e-01 7.961804e-02 -3.510629e-01 -1.397497e-01 3.167359e-01 3.096876e-01 -6.284443e-02 1.420584e-01 2.494198e-01
3.865926e-02 7.694944e-02 1.670804e-01 -6.451830e-02 -3.664553e-03 3.522474e-01 -2.321413e-01 -1.368929e-01 -1.523026e-01 3.084353e-01 -2.776504e-01 2.836588e-01 2.845706e-01 1.721393e-01 4.489657e-01 2.360550e-01 -1.658290e-01 -2.149577e-01 -7.468524e-02 4.045580e-01 3.079320e-01 -3.206025e-01 2.352925e-02 4.270209e-02 -2.252414e-01 -4.206420e-01 1.244931e-01 -9.850786e-02 -3.702742e-02 -3.929715e-01 7.069574e-02 -2.043074e-01
-2.238319e-01 -3.445461e-01 -3.024308e-01 3.161003e-02 2.669505e-01 4.357894e-01 1.409294e-01 -1.689454e-01 1.713373e-01 3.038253e-01 -1.938764e-01 -1.763059e-01 4.015695e-03 -2.434056e-03 -1.199946e-01 -7.033502e-02 -2.215545e-01 1.572089e-01 -1.476545e-01 -3.409270e-02 -1.242776e-01 6.994427e-02 1.164216e-01 5.219617e-01 4.067586e-02 -3.205318e-01 -1.245290e-01 -1.352904e-01 4.189443e-01 -1.405104e-01 2.797194e-01 2.133551e-02
-6.791350e-02 1.063837e-01 -1.242138e-01 3.791533e-02 -3.593457e-01 -7.584728e-04 -3.878502e-01 3.641199e-02 -1.962917e-01 -1.269885e-01 -2.822440e-01 5.187055e-01 2.828893e-01 2.993781e-01 -1.610280e-02 -2.422292e-02 3.979656e-01 -1.113422e-01 -1.572020e-01 2.716913e-02 -1.965790e-01 1.867632e-01 1.880826e-01 1.492322e-01 -1.950137e-01 -5.908400e-02 -1.644719e-01 2.589873e-01 -3.359839e-02 -5.357861e-01 2.856981e-01 -1.511833e-01
2.454040e-01 1.657277e-01 -2.369776e-01 2.666088e-01 1.738157e-01 -4.599865e-02 -1.092883e-01 5.889228e-02 4.862322e-01 -1.105333e-01 -1.469596e-01 -3.543467e-01 3.216973e-01 2.615561e-01 1.929210e-03 -2.950899e-02 -3.037833e-01 -1.750065e-01 3.784433e-01 2.172689e-01 7.950085e-02 -1.131523e-01 -1.640044e-01 4.358872e-01 7.588999e-02 4.672411e-02 -3.032702e-01 -1.356195e-01 -1.460408e-01 -1.927336e-01 2.937395e-01 -1.749114e-01
2.890405e-01 -6.439787e-02 4.411880e-01 2.428905e-01 1.027226e-01 2.286406e-01 -3.426107e-01 -3.739270e-01 -2.207419e-01 1.505706e-03 -3.865845e-02 -1.359818e-01 3.086567e-01 2.174924e-01 5.502675e-02 2.443485e-02 4.538278e-01 -1.051084e-01 -1.370849e-01 7.667703e-02 2.420872e-01 -2.767424e-01 -4.281528e-02 -1.416381e-01 -2.454909e-01 -3.779535e-01 -2.166018e-01 3.935679e-01 2.055292e-01 9.130045e-02 7.154126e-02 1.572584e-01
-1.877546e-01 -1.507827e-01 -1.447943e-01 5.022773e-01 -6.316661e-02 1.986514e-01 2.813799e-02 -8.252913e-03 -8.294264e-02 -5.973144e-02 2.169422e-01 3.866246e-01 4.012394e-02 1.399221e-01 -3.183012e-01 -1.419939e-01 -2.011315e-01 6.904521e-01 9.396921e-02 3.330587e-01 -4.294435e-02 2.891685e-02 -2.732784e-02 1.066992e-01 1.370022e-02 2.417653e-02 -1.011040e-01 -1.970164e-01 1.771832e-01 -2.547313e-02 -2.034016e-02 -1.883685e-02
6.557189e-01 -2.558739e-01 7.408024e-02 1.882905e-01 1.776764e-01 1.333295e-01 -8.882886e-02 6.791153e-02 -3.341864e-01 -5.278354e-02 2.269258e-01 -6.763141e-02 7.111301e-02 1.540610e-01 1.429452e-01 -1.828174e-02 1.154757e-01 5.170251e-02 -3.599188e-01 1.394408e-01 2.124446e-01 7.545020e-02 6.145375e-01 -2.800528e-01 -8.860324e-02 3.293936e-02 3.518166e-01 1.176696e-02 5.146084e-02 -2.902774e-01 -2.671423e-02 -7.330279e-02
-1.252702e-01 -1.414097e-01 4.740800e-02 -1.634651e-01 4.649716e-01 -1.554731e-01 -2.210015e-01 2.797399e-01 3.192765e-01 -2.257190e-01 2.750071e-02 -3.781265e-02 -4.003258e-01 1.799212e-01 1.310759e-01 2.944660e-01 4.423657e-02 1.626902e-01 -4.195243e-01 -5.775337e-02 1.758657e-01 -1.451612e-02 -4.092302e-01 -4.985076e-02 -9.842172e-02 -1.225893e-01 -5.696916e-01 -6.022274e-02 -4.752769e-02 2.116963e-01 1.481391e-01 -1.426562e-01
-1.333845e-01 -8.979851e-02 -9.563357e-02 1.823927e-01 -2.232196e-01 2.466012e-02 3.603871e-01 3.575159e-01 2.237902e-01 4.367515e-01 -2.954911e-02 -2.063181e-01 -1.369530e-01 -1.090544e-01 -2.187288e-01 3.377544e-02 7.164243e-02 -2.587599e-01 3.163565e-01 -2.287653e-01 -2.228602e-01 -4.050686e-01 1.258495e-01 -1.088255e-01 -3.936890e-02 -4.199381e-01 -7.957592e-02 -6.929345e-02 1.529307e-01 -2.969785e-01 5.294580e-02 -7.067014e-02
-2.221374e-01 -2.510120e-01 5.903792e-01 1.243265e-01 -2.812492e-01 1.575887e-02 -5.950257e-02 2.509566e-02 1.034279e-01 9.263688e-02 1.909268e-02 -1.401112e-01 -1.425356e-01 2.995347e-01 4.887450e-03 2.134040e-01 6.144544e-02 4.151184e-01 -4.970702e-02 2.177123e-01 -6.409711e-02 1.162124e-01 4.793731e-01 -1.710663e-01 -1.589794e-03 -4.941652e-01 2.363172e-01 -5.189065e-02 -1.012041e-01 2.510560e-01 3.207571e-02 1.287414e-01
3.654202e-02 4.643717e-01 -7.041907e-02 4.198979e-01 3.234209e-02 -1.303794e-01 2.797055e-01 -1.625676e-01 -1.366672e-01 1.096993e-01 -3.358195e-01 -2.585530e-01 -2.109461e-01 -3.091819e-01 5.888533e-02 1.016658e-01 1.162852e-01 1.392123e-01 -1.265220e-01 -9.902122e-02 -2.018774e-01 2.066128e-01 -3.824984e-01 -1.089988e-01 6.503510e-01 -6.329089e-02 4.348496e-02 2.146892e-01 -9.369861e-02 2.403410e-01 -1.025098e-01 1.095797e-01
3.593018e-01 1.339901e-01 7.510645e-02 1.508007e-01 6.423280e-01 5.547200e-02 1.024929e-01 -2.823880e-01 1.416725e-01 -1.542370e-02 2.155722e-01 3.079817e-02 1.128661e-01 -1.393459e-01 -3.394072e-01 -1.068599e-01 -1.153451e-01 -3.088170e-01 1.290563e-01 2.063296e-01 1.425106e-01 -1.585581e-01 6.577644e-02 3.470758e-02 8.312103e-02 -7.315858e-02 4.601953e-01 -2.894523e-01 -4.230497e-01 -3.585866e-01 -9.625810e-02 2.369950e-01
-3.062910e-01 -1.677947e-01 6.785393e-03 -2.419015e-01 -6.520584e-03 -3.661402e-01 -8.653966e-02 4.687278e-01 6.008565e-02 2.056058e-01 -9.250830e-02 3.937075e-01 9.707299e-02 -1.222924e-01 2.284314e-03 -8.416433e-02 -3.450224e-02 1.866871e-01 2.554625e-01 -3.784099e-01 -1.366827e-01 2.301856e-01 -9.668043e-02 2.060638e-01 3.485908e-01 3.512075e-01 7.415235e-03 -4.171240e-01 6.994484e-02 -1.297579e-01 6.990357e-02 -8.955528e-02
-2.364019e-01 -3.920266e-02 1.045487e-01 -3.202842e-01 -2.431705e-01 -3.673337e-02 4.337083e-01 -4.673684e-02 3.943014e-01 -3.513442e-01 -2.957442e-01 -3.120879e-02 -2.716281e-01 -1.781767e-01 -1.996366e-02 -1.774399e-01 -2.063026e-01 1.598543e-01 1.858681e-01 -2.497596e-01 -1.392066e-01 -3.927573e-02 -5.583206e-01 3.565413e-01 3.588367e-01 -1.586286e-01 -2.482233e-01 -2.559290e-01 7.318044e-02 3.937570e-02 -3.132982e-02 -4.291544e-02
7.746835e-02 6.205442e-01 -1.474063e-01 -2.547809e-02 -1.236796e-01 2.241360e-01 -1.988654e-02 -9.394822e-02 -2.864732e-01 1.095927e-01 2.981684e-01 -6.458624e-02 2.414726e-01 1.970516e-01 -1.215152e-01 3.366852e-01 -3.804872e-02 -3.547885e-02 -4.543073e-01 -1.887849e-01 4.268517e-02 -2.291124e-01 -2.244671e-01 -4.877583e-02 -3.427780e-01 -2.991930e-01 1.908740e-02 -7.782379e-02 -2.425579e-01 1.838922e-01 3.716285e-02 3.332730e-01
-2.954157e-01 -1.021215e-01 -2.622315e-01 -2.128948e-01 1.812644e-02 -3.108761e-01 2.033531e-01 5.259160e-01 3.094804e-01 1.039162e-01 5.976097e-02 2.131735e-01 -1.760184e-01 -1.852898e-01 -1.656915e-01 -1.776362e-02 -2.733135e-01 8.681871e-02 2.619838e-03 -6.702822e-02 -2.619874e-01 2.374397e-01 9.569398e-02 1.548119e-01 3.234985e-01 5.442332e-01 2.202900e-01 -4.074163e-01 -1.451958e-01 -6.150492e-02 -4.452668e-02 -7.347319e-02
4.993395e-01 3.266203e-01 5.144610e-01 -1.686854e-01 2.755048e-02 9.108128e-02 -8.668957e-03 1.345905e-01 -8.603048e-03 6.735587e-02 -4.059169e-01 2.406809e-02 -1.051651e-02 8.565361e-02 -2.189980e-01 -5.511836e-02 2.415564e-01 8.691308e-02 9.479766e-02 -9.792592e-02 -5.143723e-01 4.186621e-02 1.217450e-01 -1.829677e-01 -4.006595e-01 -2.951579e-01 1.041351e-01 -4.382400e-02 -3.759232e-01 -2.148782e-01 2.279706e-01 -1.000328e-01
2.564183e-02 -1.565658e-01 6.111817e-01 -8.746906e-02 2.351572e-01 -1.083499e-01 7.379272e-02 2.789733e-01 1.410197e-02 -3.883546e-02 -1.757307e-01 -3.346988e-01 -7.624391e-03 2.510588e-01 -3.382182e-01 -1.017490e-01 -3.821027e-01 -5.459585e-02 4.864360e-02 -6.369720e-01 -1.538486e-02 -5.963149e-02 3.010128e-01 -1.093303e-02 -1.221265e-01 -1.232451e-01 -1.569335e-01 -1.918827e-01 1.673324e-01 5.144675e-02 1.937286e-01 -3.370397e-01
2.656198e-02 2.045946e-01 -1.958098e-01 2.887641e-01 -2.694620e-01 -1.216559e-01 3.548236e-01 -1.948590e-01 3.137101e-01 2.688642e-01 -2.776092e-01 -2.221472e-01 -8.053742e-02 -3.212186e-01 2.417184e-01 1.274632e-02 1.730163e-03 5.165690e-02 -4.588712e-03 -5.707844e-02 1.331879e-01 4.149312e-01 -4.730166e-02 -2.683844e-01 3.377883e-01 1.544303e-01 -4.136581e-01 1.748677e-01 4.688430e-02 2.073294e-01 4.731809e-01 5.020882e-02
9.633491e-02 3.984747e-02 1.109292e-01 3.649567e-01 -3.621287e-01 4.744999e-01 -2.815830e-01 -1.079772e-01 -1.126664e-01 -1.041278e-01 -1.498855e-01 9.542590e-02 -4.471734e-02 2.603872e-01 2.950024e-01 2.356483e-01 3.444098e-01 -4.619365e-01 2.988679e-01 1.419957e-01 -9.831326e-02 -4.394192e-01 -4.431140e-01 1.100624e-01 -1.984106e-01 5.639558e-02 -4.485326e-02 1.082218e-02 3.328815e-02 -9.972537e-02 -4.821565e-02 -1.152901e-01
-1.902039e-01 -1.636693e-01 6.877755e-01 7.084792e-03 7.238622e-02 2.987050e-02 -2.637857e-02 -1.356138e-01 -2.325152e-01 -7.111222e-02 2.190750e-01 -1.262638e-01 -1.175116e-01 2.226944e-01 2.630899e-01 1.157471e-01 3.911014e-01 6.144478e-02 2.187166e-01 6.658175e-02 8.493692e-02 2.440866e-01 -3.862534e-02 -1.572361e-01 -1.037999e-01 -5.117873e-01 -4.605754e-01 5.441377e-02 -6.177930e-02 -1.538635e-01 1.543001e-01 -7.877261e-02
1.278807e-01 2.949027e-01 -9.929548e-02 5.682614e-01 2.318178e-01 7.008415e-02 -2.058472e-01 -8.869991e-03 -3.779033e-01 2.634037e-01 2.636321e-01 -5.941260e-02 2.115594e-01 1.649592e-01 -7.945897e-02 1.761673e-01 1.676838e-01 -1.453880e-02 -4.974135e-01 1.702309e-01 1.610705e-01 1.137197e-01 3.053554e-01 -3.982877e-01 -1.572011e-01 2.302984e-01 3.553833e-02 2.008265e-01 4.436684e-02 -4.414189e-01 6.693406e-02 9.424517e-02
-2.512242e-01 4.697214e-01 2.871642e-01 -3.594798e-01 -1.803382e-01 -4.145695e-01 2.402487e-01 8.649909e-02 -1.336968e-01 -8.729305e-02 1.091657e-02 -1.267248e-01 -1.482876e-02 -1.360799e-01 -9.473877e-02 2.039043e-01 -1.204866e-01 -5.973284e-03 1.425739e-01 2.644624e-02 -3.245901e-01 -3.068845e-02 2.062248e-01 -6.121606e-02 -1.744214e-01 1.746810e-02 -3.561709e-01 5.303161e-01 1.361941e-02 3.055045e-01 3.770750e-01 4.967544e-02
7.677699e-03 2.734620e-03 9.385601e-02 -6.251813e-02 -3.318002e-01 -7.520870e-02 -3.609953e-01 2.189050e-02 -2.103733e-01 -1.445720e-01 -4.229877e-02 6.029490e-01 3.667744e-01 2.776583e-01 5.801290e-02 6.152306e-02 1.141709e-01 -2.331048e-01 -5.233939e-01 2.839346e-01 -1.124019e-01 1.675198e-01 1.076881e-01 8.537037e-02 5.212678e-02 -1.182635e-01 -1.780591e-01 5.132540e-01 1.325922e-02 -1.493094e-01 6.545284e-02 -2.587218e-01
1.474966e-01 6.721069e-01 -3.025205e-02 -1.419335e-01 -1.041317e-01 -3.487983e-01 -1.727733e-01 9.646505e-03 2.888103e-01 -1.069162e-01 2.451572e-01 -7.827523e-02 -1.462993e-01 -9.275405e-02 1.062584e-01 1.698559e-01 1.593576e-02 6.387362e-02 -2.732334e-01 4.214146e-01 1.955401e-01 -1.561262e-01 -1.548704e-01 -2.505894e-01 -4.485832e-01 1.355829e-01 3.268285e-02 4.273088e-02 -1.149192e-01 7.502932e-02 -3.823571e-01 1.300026e-01
-1.922844e-01 1.914399e-01 5.821909e-02 -4.775002e-02 -8.898547e-02 5.085127e-01 -2.871286e-01 6.842922e-02 2.454543e-01 -2.702645e-01 2.431891e-01 -1.287619e-01 6.341253e-02 1.822148e-01 4.852989e-02 -8.262154e-02 -9.164120e-03 1.960621e-01 -3.629866e-03 2.233303e-01 4.501551e-02 -4.350508e-01 -1.285027e-01 -4.808346e-02 -8.930980e-02 -3.656776e-02 1.804231e-01 3.515718e-01 -1.521897e-01 4.128183e-02 2.836958e-01 -3.339589e-01
-9.628553e-02 -1.697679e-01 1.392472e-01 -8.985839e-02 -1.261740e-02 -5.239933e-02 1.198834e-01 -9.268720e-03 -2.942497e-01 -9.000842e-02 -2.492385e-01 6.131904e-02 -3.319811e-01 6.843776e-01 2.581020e-01 -9.132873e-02 4.872598e-01 1.805115e-01 -7.009403e-02 3.632560e-02 -1.131802e-01 6.810150e-02 -1.178759e-01 -1.813234e-02 -2.280986e-01 -4.792809e-02 5.441139e-02 -2.421898e-01 -1.146069e-01 1.614729e-01 -5.017054e-01 -2.371915e-01
-1.784844e-01 -1.597413e-02 -2.576612e-01 2.404511e-01 -1.575773e-01 7.586747e-02 3.425620e-01 -9.417468e-02 1.416598e-01 4.604049e-01 -1.765059e-01 -1.786841e-01 -3.415325e-01 -2.321171e-01 -3.620818e-01 2.993786e-02 -5.780553e-02 -3.410743e-01 3.096669e-01 -4.279622e-01 -1.431044e-01 -2.919547e-01 2.284194e-01 8.491750e-02 3.420321e-01 -1.756575e-01 6.004723e-02 -2.022001e-02 1.390487e-01 -3.354581e-01 2.020453e-01 -4.908283e-02
-2.092311e-01 -3.959751e-02 -3.837899e-01 -2.569828e-01 1.879691e-01 -2.577114e-01 3.834542e-01 8.291242e-02 -1.114540e-01 -7.214551e-02 2.544668e-02 2.557112e-01 3.970428e-01 -1.607754e-01 1.073368e-01 2.576596e-01 2.594361e-02 6.849527e-02 -3.790623e-02 1.618384e-01 -8.249378e-01 3.050958e-01 -1.480054e-01 -2.657059e-02 -4.038383e-02 2.337389e-02 2.263474e-01 -6.877892e-02 -2.777902e-01 1.186581e-02 2.051623e-02 -1.342911e-02
3.416691e-02 2.091065e-03 5.883385e-01 -1.918500e-01 1.505730e-01 -7.360260e-02 -1.172750e-01 3.560872e-01 1.487661e-01 -1.565865e-01 -2.043326e-01 -4.088475e-01 8.843026e-02 2.237110e-01 -1.783270e-01 -1.271909e-01 -2.985522e-01 1.001162e-01 2.552621e-02 -3.766043e-01 3.360547e-02 -1.338584e-01 4.321851e-01 1.568822e-01 -1.092643e-01 -4.266547e-01 -1.494765e-01 -2.695642e-01 1.353368e-01 -1.318442e-01 1.321398e-01 -3.163765e-01
2.304712e-01 -2.793835e-02 -1.602652e-01 1.750358e-02 6.181788e-01 -1.630886e-02 -2.901567e-01 -6.960870e-02 -6.312643e-02 1.699308e-02 2.239334e-01 2.844826e-02 5.213302e-01 -3.542233e-02 1.078060e-01 -6.904564e-02 -1.709949e-01 1.995120e-01 2.402724e-02 3.203355e-01 -2.140963e-01 -1.959274e-01 -5.433758e-02 -7.908833e-02 -3.057981e-01 -4.260789e-01 2.535847e-02 -1.037114e-01 -7.445759e-02 -3.041115e-03 3.039043e-01 4.973157e-01
-1.320961e-01 -2.860126e-01 5.121229e-01 -1.235640e-01 1.689540e-01 3.033777e-01 -1.171157e-01 -1.642434e-02 2.489218e-01 -3.637417e-01 5.283223e-02 2.646670e-02 -6.391209e-02 3.125958e-01 1.645424e-01 -6.309535e-02 6.418668e-02 1.996631e-01 8.105604e-02 -2.635544e-02 -1.916247e-01 3.651608e-01 -1.729927e-01 2.357804e-01 5.415957e-02 2.253840e-01 3.794907e-02 -2.519347e-01 8.316574e-02 1.309217e-01 -4.663247e-01 4.698705e-01
-4.463164e-01 8.371194e-02 -1.554102e-01 1.608618e-01 3.786297e-02 -2.200383e-01 -2.890809e-02 -3.611732e-01 1.493356e-01 1.593718e-01 5.557590e-01 1.263497e-02 -4.584075e-02 -8.748104e-02 -3.231786e-01 -2.595453e-02 -2.751683e-02 -3.699810e-01 1.551926e-01 -1.165252e-01 -4.203464e-02 -5.703303e-02 7.578213e-02 2.362014e-01 -3.718188e-02 -3.934209e-02 1.236787e-01 2.058852e-01 6.547376e-01 8.778898e-02 -2.914489e-01 2.207049e-01
5.817243e-01 1.065437e-01 -3.207511e-01 2.337075e-01 -2.143877e-01 -1.269609e-01 -3.730376e-01 -2.037559e-01 -1.809557e-02 4.792557e-02 8.285236e-02 2.155872e-01 -1.383976e-01 -3.651620e-02 1.172066e-01 9.720595e-02 -7.469334e-02 -1.866475e-01 1.925759e-01 -1.625706e-01 -1.000974e-01 -6.009627e-03 -4.266803e-01 -9.266011e-02 2.301637e-01 5.129045e-01 -2.243724e-01 -4.380692e-01 4.179785e-02 -7.776286e-03 -2.276581e-02 -2.055062e-01
-3.136267e-01 3.685720e-02 4.982699e-01 -1.632663e-01 2.761185e-04 9.084989e-02 5.340671e-01 8.197134e-02 1.535655e-01 -1.674327e-01 -2.984908e-02 -1.189303e-01 5.607972e-02 3.248128e-01 -1.170608e-01 -1.233721e-01 -5.680039e-01 4.325573e-02 1.587775e-02 -7.145480e-02 2.016667e-01 -2.692440e-02 2.128599e-02 1.260288e-01 -4.620372e-01 3.669208e-01 3.066952e-01 1.852148e-01 -2.260023e-01 -1.131264e-02 7.875398e-02 3.874303e-02
5.573107e-01 -3.722703e-01 -9.975280e-02 -1.023351e-02 -6.055143e-02 3.597449e-01 -1.673575e-01 -8.655670e-02 3.295747e-01 2.354401e-01 -1.933407e-01 -3.715502e-02 5.474149e-02 4.541794e-02 -9.609002e-02 -1.650066e-01 2.182764e-02 -2.904174e-02 -5.424656e-01 -2.584380e-02 3.439749e-01 2.175608e-02 -6.166889e-02 1.501093e-01 5.230920e-01 -1.230894e-02 -1.014002e-01 -1.777566e-01 -1.287438e-02 -2.830256e-01 -2.844931e-01 2.713247e-02
-2.001943e-01 4.684456e-01 -8.169316e-02 -3.487937e-03 -1.420530e-01 5.774983e-02 2.069274e-01 -2.272754e-01 -2.697572e-01 -1.001644e-01 -3.651741e-02 -9.858697e-03 4.110149e-01 -3.803746e-01 -2.406669e-01 -2.349689e-01 -3.690411e-01 4.396237e-02 -4.488897e-01 2.511899e-01 -1.927234e-01 -1.670172e-02 -7.900256e-02 5.388719e-02 -4.653810e-01 -6.505890e-02 -1.132555e-01 -7.948934e-03 -2.937198e-02 2.641811e-01 3.846245e-01 -2.045333e-01
2.930129e-01 4.155420e-01 1.614440e-01 5.456002e-03 3.480967e-01 7.122553e-02 1.078828e-02 -7.198431e-02 -3.097993e-02 2.173502e-01 6.903337e-03 -1.547757e-01 2.796751e-01 -3.205650e-02 5.659171e-01 -6.241543e-03 -3.555020e-02 3.476029e-01 1.130716e-01 -4.494929e-01 -3.112515e-02 3.259650e-01 3.031390e-01 -2.867274e-01 -1.975125e-01 -3.876829e-01 1.206104e-01 -1.630692e-01 -9.791683e-02 -7.212213e-02 1.685631e-01 -1.957575e-01
-5.647767e-02 -4.264069e-02 6.478354e-01 -4.936872e-01 1.425145e-01 8.714952e-02 1.969687e-01 -9.116969e-02 4.562612e-02 -7.348981e-02 -3.651566e-02 6.607351e-02 -1.087872e-01 2.860758e-01 -2.108232e-01 1.208823e-01 9.992494e-02 2.468285e-01 1.213348e-02 4.365438e-01 -6.104243e-02 -3.042242e-02 1.681709e-01 1.328103e-01 -3.374426e-01 -5.226710e-01 1.659216e-01 1.423021e-01 -3.160401e-01 -9.977187e-02 4.148774e-02 2.664578e-01
7.013874e-02 -1.157123e-01 -3.337006e-02 -1.960155e-01 3.472195e-01 -1.104745e-01 -1.976714e-01 -2.903074e-01 -2.582832e-01 1.799139e-01 5.764735e-01 -7.418203e-02 8.072221e-02 -2.504996e-01 -1.903381e-01 -1.493658e-01 2.396214e-02 4.893506e-01 8.257873e-02 3.599880e-01 1.374370e-01 -1.023329e-01 -6.577420e-02 5.627953e-02 -1.390561e-01 -4.566698e-02 2.113763e-03 -2.123099e-01 3.579323e-01 -7.355459e-02 -1.136670e-01 4.833017e-01
4.234819e-01 3.823266e-01 5.763443e-02 -8.269353e-02 -2.158497e-01 -2.051530e-01 -1.379807e-01 -2.552905e-01 3.512758e-01 -1.226513e-02 8.661788e-03 -5.197759e-02 4.814528e-03 -9.673712e-02 -1.308219e-01 2.826041e-01 -4.705949e-02 -5.230480e-02 -2.102212e-01 3.286576e-01 3.468359e-01 -3.583927e-01 -9.326759e-02 -1.851561e-01 -5.413086e-01 1.074587e-01 5.597800e-03 6.066030e-02 -7.551967e-02 -1.867352e-01 -1.601329e-01 4.485147e-02
4.678447e-03 1.146352e-01 1.950874e-02 -1.383118e-01 4.916689e-01 -4.246760e-01 7.227586e-02 -4.627004e-01 -1.607870e-01 3.892056e-02 -2.702641e-01 -2.408317e-01 3.248401e-03 2.177072e-01 2.259651e-01 -1.015861e-02 1.439118e-01 -6.723826e-02 3.083702e-01 -1.694244e-01 1.790203e-01 -3.385869e-02 -4.073304e-01 -1.926240e-01 1.493309e-02 3.924400e-01 4.304695e-01 -8.693998e-02 -1.237114e-01 -1.039988e-01 -4.005476e-02 2.514820e-01
1.105819e-01 2.290786e-01 4.425723e-01 -2.190489e-01 2.240289e-02 -3.613189e-01 -3.031631e-01 -7.476302e-02 3.027736e-02 -2.321180e-01 -4.187820e-02 -2.069703e-01 -7.416049e-02 -7.966349e-02 3.833162e-01 1.274202e-01 -1.985286e-02 -4.049660e-03 -4.158514e-01 2.495005e-01 1.643855e-01 3.919135e-02 5.224591e-02 -1.530374e-01 -4.290221e-02 -6.117607e-01 -7.063311e-02 -4.226685e-01 1.015310e-01 -1.274315e-02 1.932582e-01 -3.076670e-02
2.481372e-01 1.707930e-01 -2.105266e-01 5.532373e-01 2.320115e-01 -1.392627e-02 8.238343e-02 3.636665e-02 -3.543396e-01 2.686029e-01 3.178535e-01 -9.638594e-02 1.746339e-02 1.357430e-01 5.733299e-02 -1.051246e-02 -8.709227e-02 -2.176831e-02 -1.228662e-01 -1.597428e-01 1.062680e-02 -6.659228e-03 -6.680666e-02 -3.903789e-02 -8.307984e-01 -1.385334e-01 2.614755e-02 -2.020929e-02 1.678205e-01 1.204373e-01 -2.699623e-01 -1.477740e-01
-2.297372e-01 -1.067813e-01 4.648384e-01 -1.003938e-01 -9.942583e-02 -2.080230e-01 1.204147e-01 -2.467531e-02 -2.610954e-03 -2.267132e-01 4.901007e-01 -1.771416e-01 3.362046e-02 3.926424e-01 2.182009e-01 2.118536e-02 1.724762e-01 -7.485515e-03 1.590074e-01 4.285544e-02 8.904590e-02 3.460510e-01 -7.817844e-03 -2.049808e-01 -2.110930e-01 -6.459627e-01 -2.454838e-01 5.516864e-02 -2.023792e-02 -3.373361e-01 4.597153e-02 -2.245117e-01
-5.231973e-02 4.111539e-01 2.023472e-01 -1.093135e-01 1.737953e-02 2.274515e-01 -8.846217e-02 -2.903977e-01 -4.030218e-01 5.596924e-01 3.258356e-02 1.609651e-01 6.143829e-03 -1.002063e-01 -8.841815e-02 1.328620e-01 4.282244e-01 1.127256e-01 -1.150126e-01 -2.647215e-01 2.389671e-02 -5.177201e-01 7.706367e-02 -1.480928e-01 -2.079525e-01 1.549785e-01 -1.317588e-01 2.822995e-01 -4.490689e-02 -3.732966e-01 -2.540423e-03 1.148945e-01
6.128329e-02 -1.459346e-01 3.626846e-01 -4.101498e-01 -5.741330e-02 1.742096e-01 -1.412646e-01 -6.025121e-02 4.014215e-01 -4.700862e-02 -8.471684e-02 1.446925e-01 2.008703e-01 9.937040e-02 -1.972388e-01 4.751132e-02 7.864482e-02 1.147543e-01 -3.585826e-01 1.676492e-01 -3.024020e-02 -3.826584e-02 8.774731e-02 1.010516e-01 3.233540e-02 -1.842231e-01 -5.791557e-01 -7.285572e-02 -2.352956e-01 -6.406388e-02 -3.529205e-01 -3.941781e-02
-1.728610e-01 9.790424e-03 6.123457e-01 -2.598689e-01 -1.950633e-01 -1.133794e-01 4.460322e-02 -5.440598e-02 2.783241e-01 -3.185656e-01 -2.948912e-01 6.464214e-03 5.089799e-02 -7.642487e-02 -3.039634e-03 -1.690846e-02 7.663148e-02 3.047200e-02 -1.155932e-01 1.701171e-01 -3.622184e-03 7.879047e-02 1.666261e-02 5.288333e-02 -2.672409e-01 -3.816348e-01 -7.149886e-01 -2.004658e-01 -1.195829e-01 1.797681e-01 9.575513e-02 -1.225358e-02
9.384600e-02 1.878688e-01 -1.564232e-01 3.531768e-01 5.929939e-01 1.382841e-01 -1.114517e-01 -1.365477e-01 -1.290452e-01 1.407683e-01 5.927701e-02 -2.838494e-04 4.370447e-01 -1.430608e-01 1.264249e-01 -9.902450e-02 1.328620e-01 -2.572770e-02 1.615908e-01 -5.591641e-02 -1.097064e-01 4.496198e-03 -3.674528e-01 -1.130535e-01 -5.301438e-02 -3.494753e-01 3.631036e-01 -1.539204e-01 -8.165990e-02 -5.672760e-01 -1.109802e-01 2.133663e-01
-2.604453e-01 6.186586e-02 9.104390e-02 2.517660e-01 -1.888704e-01 1.675137e-01 4.770082e-01 1.793663e-01 2.570574e-01 -1.811851e-01 -3.136671e-01 7.659939e-02 1.391524e-02 2.508585e-01 1.095354e-01 9.497208e-02 1.900602e-01 -9.797980e-02 -2.059419e-03 -1.618455e-01 -1.439831e-01 1.168679e-01 1.149102e-01 4.324478e-03 1.130053e-01 2.617857e-02 1.009750e-01 -4.070739e-02 -3.713408e-01 -8.472796e-02 2.006225e-01 -6.567767e-01
-9.828410e-02 -1.224979e-01 7.100685e-01 5.581407e-02 -1.087784e-01 2.205884e-01 -7.977611e-02 -1.975996e-01 -3.170353e-02 -3.100206e-02 1.632476e-02 -1.121179e-01 -1.752336e-01 2.003414e-01 2.607492e-01 6.572001e-02 9.580185e-03 5.616397e-01 1.361575e-01 1.330830e-01 5.134246e-02 2.077929e-02 1.619171e-01 -1.816005e-01 -3.470686e-01 -2.832236e-01 1.928498e-01 -1.701098e-01 -3.354973e-01 -1.773124e-02 2.785223e-01 3.223620e-02
1.297004e-01 3.235201e-01 1.683565e-01 2.436562e-01 1.510583e-03 2.706022e-01 2.160159e-01 3.425513e-02 -4.341942e-02 2.117700e-01 -2.787448e-01 -1.575686e-01 3.226888e-01 -2.224668e-01 4.303283e-01 1.777489e-01 -8.924723e-02 3.373620e-01 -2.302498e-01 -1.636590e-01 -2.801225e-02 -1.269850e-01 -2.341123e-01 -3.688481e-02 2.641341e-01 -9.099082e-02 -1.574328e-01 2.131239e-01 -3.454384e-01 1.931157e-01 1.838111e-01 2.721667e-01
-3.226562e-02 4.410037e-01 -8.131836e-02 3.888952e-02 2.026753e-01 1.248371e-02 -1.184334e-01 -1.465007e-01 4.212309e-01 1.677514e-01 2.596311e-01 -3.193686e-01 5.047623e-02 -2.794758e-01 -2.398950e-01 1.477748e-01 -5.575630e-01 -1.849599e-01 2.036043e-01 -1.483635e-01 -1.547398e-01 2.205138e-01 -1.158111e-01 1.323414e-01 1.054333e-01 -9.053005e-02 7.352869e-02 1.918514e-01 1.955034e-01 -1.715217e-01 3.342700e-01 -4.685044e-02
-8.826222e-02 3.904783e-01 4.552470e-01 -2.474129e-01 -1.062119e-01 1.268562e-01 -4.008742e-03 2.188711e-01 1.374275e-02 -2.704107e-01 -7.728775e-02 -3.092127e-02 -1.084735e-01 3.418945e-01 -1.574560e-01 7.026437e-02 4.329123e-02 -3.818426e-03 -5.087689e-01 -2.536498e-02 -4.806018e-02 -8.692537e-02 3.861183e-02 2.860868e-01 1.230850e-01 -2.180382e-01 -2.477355e-04 3.193705e-01 9.059580e-02 -3.992235e-02 3.250826e-01 8.015481e-02
2.842650e-01 5.523962e-01 7.967056e-02 2.199836e-02 4.001322e-01 3.754366e-02 -1.171022e-01 -1.603242e-01 -2.897810e-01 1.350388e-02 -2.470316e-01 1.301950e-01 1.667672e-01 8.036419e-02 3.297001e-01 3.330549e-02 -2.840440e-02 4.990309e-01 1.962221e-01 -1.030626e-01 -1.164285e-01 5.597448e-01 2.824284e-01 -8.836637e-02 -2.389005e-02 -3.094699e-01 -9.851179e-02 -4.305464e-02 -3.944689e-02 -3.499572e-02 1.723648e-01 -2.594390e-01
4.545238e-02 4.871770e-01 -2.707196e-01 4.722592e-01 1.701378e-01 4.058363e-02 -4.841595e-02 6.229662e-02 -4.125715e-01 9.038806e-02 2.213222e-01 -7.259522e-02 -2.618057e-01 6.054150e-02 9.389479e-02 5.785891e-02 -2.154661e-01 -2.591896e-01 5.056000e-01 -4.207361e-01 5.883963e-02 6.088243e-02 -8.027634e-02 -3.041250e-02 1.094018e-01 6.442253e-02 4.426649e-01 -1.644345e-03 2.510374e-01 -2.427280e-02 2.492070e-01 1.200054e-01
-4.629075e-02 8.089373e-02 1.618187e-01 -9.983881e-02 4.550377e-01 -2.040843e-01 2.096945e-01 2.199580e-01 2.294221e-01 -1.949290e-01 -2.162161e-01 2.978519e-01 1.612752e-01 2.457731e-01 -2.992547e-01 -1.783283e-01 4.391501e-02 4.421710e-01 8.204958e-03 1.828738e-01 -1.825383e-01 3.377600e-02 -2.845758e-01 -9.378613e-02 -1.311176e-01 1.623878e-02 -4.627358e-01 1.014731e-01 1.081024e-01 2.393509e-01 -1.834725e-01 -2.276331e-01
3.246799e-01 4.624332e-01 1.684500e-01 -3.229753e-01 -2.088067e-01 -3.541600e-01 -2.542284e-01 9.346160e-02 1.835246e-02 -1.548747e-02 -1.467361e-01 -1.970235e-01 9.077145e-03 -2.301958e-01 2.680150e-01 1.950295e-01 -8.060972e-02 -1.193943e-01 -8.778679e-02 3.532488e-01 1.777517e-01 -1.750228e-01 -4.503011e-02 -2.656721e-01 -1.927140e-01 9.183020e-02 1.698856e-01 9.138812e-02 -4.196227e-01 1.609635e-01 -5.023291e-01 3.165587e-01
2.170102e-01 3.500459e-02 2.978351e-01 -3.701498e-01 -2.648799e-01 -3.643002e-02 -2.200765e-01 -1.254699e-01 4.014515e-01 -2.420634e-01 -1.174316e-01 1.774885e-01 -1.542277e-02 -1.902071e-02 -2.902422e-01 2.229662e-01 3.633497e-01 -4.604651e-02 -5.725037e-01 -1.249342e-01 -5.248678e-02 -1.137790e-02 4.574293e-02 8.652188e-02 -2.314436e-01 -4.683724e-03 -5.890836e-01 -2.274844e-02 -1.067383e-01 1.154841e-01 -7.558223e-03 -5.170172e-03
-2.404963e-01 1.176899e-01 5.357670e-01 4.731512e-03 -4.135063e-01 -8.816374e-02 -2.427723e-01 1.463293e-01 3.787963e-02 -1.639670e-01 -4.379325e-01 -6.881370e-02 -1.022755e-01 9.717102e-02 3.672199e-02 7.599694e-02 4.883225e-02 5.577887e-01 3.424773e-01 -4.056617e-02 6.999987e-02 -2.837931e-02 5.515011e-02 -4.812378e-02 6.047969e-02 2.985198e-01 -5.583540e-02 -6.998916e-02 -2.487624e-01 4.101173e-01 -2.042777e-01 1.120307e-01
4.530843e-01 -3.159652e-02 -2.419097e-01 1.444381e-01 4.355783e-01 5.249643e-02 -3.177091e-01 -1.427785e-01 -2.212784e-01 -2.550612e-01 -2.071203e-02 1.522693e-01 4.764234e-02 2.144563e-01 -2.717230e-02 -1.519793e-02 1.873908e-01 -1.490221e-01 5.469527e-02 2.054982e-01 3.402561e-02 -2.618763e-01 4.700972e-03 -2.437816e-01 5.309195e-02 1.343392e-02 1.711988e-01 -3.887547e-01 1.508665e-01 -4.878673e-01 -1.536795e-01 1.898898e-01
-3.089529e-02 -3.408657e-01 -9.106588e-02 -3.149241e-01 -1.718482e-02 -1.526592e-01 -2.896404e-01 5.520158e-02 4.603098e-02 -2.232147e-01 3.632531e-01 2.932386e-01 -1.300470e-01 3.078258e-01 -2.691816e-01 -1.758769e-01 4.942027e-02 -2.450096e-01 1.727197e-01 1.283473e-01 1.416096e-01 1.272978e-02 3.375055e-01 3.109537e-02 -4.441150e-01 1.386314e-01 1.549175e-01 -1.255300e-01 2.384420e-01 -1.827225e-01 -1.139361e-01 -2.289524e-01
-1.966335e-01 1.107832e-01 2.684434e-01 -2.229348e-02 5.475163e-03 2.186694e-01 2.679477e-01 9.487996e-03 -1.456772e-01 -1.273826e-01 -1.851072e-01 -1.133058e-01 2.793041e-01 -2.974790e-01 3.301989e-01 -8.649082e-02 -8.376478e-02 2.844665e-01 3.539496e-02 3.934314e-01 1.446593e-01 2.431657e-02 5.951760e-02 2.119028e-01 1.356325e-01 4.417920e-03 -5.003887e-01 -5.717839e-02 -1.589259e-01 -3.067888e-01 -3.307749e-03 -3.786539e-04
-1.521757e-01 8.330729e-03 -4.606116e-01 3.239660e-01 -2.646593e-01 -7.967526e-03 -2.292763e-01 -8.194224e-02 3.673629e-02 -3.516231e-02 5.663733e-01 -4.437540e-02 3.594967e-02 -1.205331e-01 1.876344e-01 -9.117939e-02 4.095351e-01 1.682667e-02 -1.475620e-01 3.386752e-01 -2.236020e-01 8.069229e-02 -4.255241e-01 -1.261878e-01 -1.049247e-01 1.816231e-01 -5.736265e-02 1.469094e-01 1.544120e-02 -2.696382e-01 -7.091582e-02 2.014990e-01
3.181046e-01 -1.702399e-01 -1.042984e-01 5.472842e-01 1.996924e-01 5.680649e-02 5.531880e-02 1.207687e-01 -4.036362e-01 2.003567e-01 8.450365e-02 -9.019575e-03 1.603576e-01 2.433253e-01 1.152732e-01 -5.577197e-02 -1.251957e-01 -4.037402e-02 -3.530856e-01 7.727828e-03 1.705236e-01 1.077520e-01 1.452564e-01 -5.621182e-02 -3.726870e-01 -4.817523e-01 -2.465407e-01 -2.099002e-01 2.451873e-01 3.151411e-02 -2.650138e-01 2.288476e-01
2.677889e-01 -1.627708e-01 3.499304e-01 -3.144043e-01 -2.807529e-02 -7.947399e-02 -2.501240e-02 2.941831e-01 3.391880e-01 -3.285959e-02 2.271251e-01 -2.219439e-01 4.114385e-02 3.510214e-01 5.491380e-02 -3.185523e-01 -3.430242e-01 3.012517e-01 1.330196e-01 -2.295651e-01 1.191290e-01 -4.928879e-02 2.547473e-01 8.363095e-02 -1.262375e-01 -5.074136e-01 -1.859941e-01 -2.205726e-01 1.486851e-01 -1.579454e-01 1.685141e-01 -2.922366e-01
-7.651430e-02 -1.486737e-01 1.089389e-01 -1.682534e-01 1.654392e-01 3.484270e-02 -3.268383e-01 9.196004e-02 9.790780e-02 -3.523433e-01 3.257260e-01 4.796422e-01 3.089286e-01 2.362997e-01 1.203043e-01 -6.536282e-03 -3.097567e-01 3.944643e-01 -1.387142e-01 2.015206e-01 1.416691e-02 2.482524e-01 -1.099525e-01 -7.393397e-02 -3.531339e-01 -2.452754e-01 -4.479224e-01 -1.035205e-01 -1.099824e-01 5.402216e-02 -1.966673e-01 -2.065142e-02
3.620391e-02 1.993660e-01 -2.615536e-01 3.691636e-02 -8.075676e-02 5.024749e-02 2.097210e-01 -1.017828e-01 -1.521223e-01 -3.870991e-01 -2.848936e-01 2.786371e-01 3.536254e-01 2.026854e-01 -1.812212e-01 -1.404441e-01 1.864864e-01 1.824565e-01 1.631920e-01 -1.159193e-02 7.139617e-02 1.048807e-01 -3.114185e-02 -1.292017e-02 -3.729693e-01 1.249779e-04 -4.490725e-01 -2.652447e-01 2.305284e-02 1.143726e-01 3.057651e-01 -4.723039e-02
-2.169461e-01 -3.831338e-01 -1.711782e-01 2.837614e-01 2.183542e-01 4.896222e-01 2.042404e-01 -1.647773e-01 3.535621e-02 1.911311e-01 -9.027191e-02 1.474068e-01 5.731330e-02 2.013737e-01 -2.960876e-01 -5.484504e-02 1.761076e-02 1.144987e-01 -1.354914e-03 -2.746776e-01 -1.447758e-01 1.519720e-01 1.356711e-01 3.895373e-01 1.444100e-01 -8.701196e-02 -1.955633e-01 -5.658916e-02 2.432659e-01 -3.102425e-01 5.229542e-01 -2.983305e-01
-9.885453e-02 2.538341e-01 -2.584933e-01 -2.954443e-01 5.898353e-01 2.215548e-01 2.116180e-02 2.594478e-01 1.423175e-01 -2.284112e-01 1.750997e-01 1.059872e-01 1.171151e-01 -2.453604e-01 -2.739686e-01 4.695178e-03 -1.657864e-01 2.539839e-03 -1.633081e-01 -2.228869e-01 2.621329e-01 3.481485e-01 -1.228397e-01 -7.070763e-02 1.250594e-01 -1.848190e-01 2.225305e-01 8.027274e-02 7.406195e-02 4.999278e-01 -4.194934e-02 5.054547e-01
-4.578840e-02 -3.392907e-01 7.205039e-03 -1.453611e-01 1.821224e-01 -4.804948e-02 -3.327554e-01 1.475586e-01 -3.259445e-01 -5.359187e-02 -3.734140e-01 -2.086922e-01 -7.567371e-02 -2.229810e-04 4.687357e-01 -2.872210e-01 -1.420479e-01 -4.818327e-02 5.170266e-02 -1.768868e-01 -4.253763e-01 2.925336e-01 1.575521e-01 1.513499e-01 6.704026e-01 -3.071813e-02 -7.899103e-02 8.014770e-02 -5.760666e-02 2.526136e-01 -1.132273e-01 1.234276e-01
-6.321557e-03 -4.003474e-01 -2.061060e-02 -3.757048e-01 -1.302299e-01 -9.267834e-02 5.366200e-02 8.449403e-02 3.819878e-01 1.537840e-01 -5.395825e-02 1.641033e-01 6.554013e-02 -3.038748e-01 -3.724001e-02 4.474419e-01 -7.596028e-02 1.473408e-01 -7.045283e-01 1.486894e-01 -1.014068e-01 -7.229879e-02 7.222315e-02 3.594443e-02 6.256737e-02 3.613871e-03 -1.370840e-01 4.686849e-02 -2.627900e-01 -1.063227e-01 -3.380221e-01 -3.927396e-02
-5.998801e-02 8.589187e-02 2.684834e-02 6.423269e-01 3.696369e-02 8.376685e-02 2.228497e-01 1.714513e-02 -8.498490e-02 2.539481e-03 -2.936993e-03 -1.285863e-02 -4.487561e-01 -5.394648e-02 1.614811e-01 -1.519965e-01 1.179827e-01 1.310101e-01 2.017142e-01 -2.508987e-01 8.658785e-05 1.149292e-01 -4.980070e-02 -7.129640e-02 1.901081e-01 -1.471914e-01 4.648733e-01 -2.158333e-01 -7.383382e-02 3.733042e-01 1.629165e-01 -1.252769e-02
-2.060522e-01 1.762585e-01 5.600669e-01 -2.316804e-01 4.805403e-01 4.982954e-02 2.073956e-01 -5.969526e-02 8.628725e-02 -2.392727e-01 1.193192e-01 -2.751124e-02 -1.092353e-01 -4.356551e-02 -3.430675e-01 6.783611e-03 -3.726351e-02 -4.056968e-01 -6.771537e-02 -7.746069e-02 -1.497938e-01 2.681355e-01 1.568173e-01 1.529930e-01 -1.841374e-01 5.531049e-01 5.069980e-02 -3.149657e-01 1.387305e-01 2.055674e-02 -9.905976e-02 3.056428e-01
1.383400e-01 1.821547e-01 -7.984433e-02 3.561668e-01 8.564790e-02 2.137950e-01 -2.170398e-01 -2.674129e-02 -3.434586e-01 3.649307e-01 3.322315e-01 2.674202e-02 1.286329e-01 3.822924e-01 5.843405e-02 2.894341e-02 2.461730e-01 -2.665969e-02 -1.486890e-01 2.463902e-01 1.266433e-02 -1.456191e-01 4.228295e-01 -4.707644e-01 -1.291269e-01 -4.506654e-02 5.680922e-02 3.930550e-01 1.672844e-02 -1.991385e-01 2.167054e-01 1.938351e-01
-2.519967e-01 -2.157568e-01 1.164568e-01 -3.683106e-01 3.939972e-01 1.851591e-01 2.155433e-01 -1.211695e-02 2.399918e-01 2.350963e-01 3.793667e-01 -1.618468e-01 -1.398976e-01 -6.021611e-02 1.651233e-02 1.345694e-01 2.527548e-01 -6.679332e-02 -2.387239e-01 -4.933468e-02 -5.917742e-02 3.330143e-01 6.832436e-03 -8.219034e-02 -2.261917e-01 -4.021570e-02 2.289126e-01 2.490651e-01 3.698697e-01 1.117363e-01 -5.321623e-01 3.939675e-02
3.357822e-01 3.193385e-01 -1.322324e-01 -1.295618e-01 4.557765e-01 -9.402188e-02 -2.892614e-02 -1.266191e-01 -2.972285e-01 -6.936364e-02 -3.164817e-01 2.983300e-01 1.271396e-01 1.531280e-02 2.182265e-01 -4.802212e-02 3.874023e-02 3.905527e-01 5.556719e-02 -2.475974e-02 -7.275466e-03 6.686285e-01 1.789684e-01 -2.624646e-03 4.659901e-02 -7.852269e-02 -3.400742e-01 -4.694299e-02 -4.109392e-02 -4.054083e-02 2.770641e-01 -2.193196e-01
6.071714e-02 1.901144e-01 1.507855e-01 3.176546e-01 6.477506e-02 1.372351e-01 4.448669e-01 7.598007e-02 1.058204e-02 2.305180e-01 -3.560672e-01 -1.575188e-01 1.475834e-01 -3.325652e-01 3.831747e-01 1.876723e-01 1.372994e-02 3.319659e-01 -1.519227e-01 -3.389113e-01 -1.404156e-01 1.553498e-01 -2.580034e-01 -1.623926e-01 1.961606e-01 3.224035e-01 -2.409159e-01 1.178682e-01 -2.192308e-01 3.658004e-01 2.021067e-01 2.321723e-01
3.461467e-01 7.978307e-02 -1.500651e-01 1.805019e-01 3.820500e-01 1.804636e-02 1.181687e-01 -7.952195e-02 -2.452640e-01 1.212755e-01 -1.563872e-01 1.997956e-01 4.370042e-01 -2.954293e-01 -1.039167e-02 -2.241846e-01 -2.564242e-01 -5.770586e-01 -1.589775e-01 -1.176975e-01 -6.664613e-03 9.666154e-03 -3.630019e-02 5.830038e-02 1.355921e-01 -2.557713e-02 2.199152e-01 1.833950e-01 1.570926e-01 -3.627181e-01 3.056893e-02 3.662426e-01
-1.724764e-01 -6.629607e-02 2.492035e-01 3.378346e-01 3.336975e-02 2.167492e-01 1.735123e-01 5.559121e-01 4.286351e-02 2.503556e-01 -1.439250e-01 4.714172e-02 -2.413555e-01 -5.978749e-02 2.971434e-01 4.864063e-02 4.552954e-01 2.305980e-01 6.146904e-02 5.086084e-02 1.522295e-01 2.910921e-01 -2.975028e-02 4.358694e-02 3.983420e-01 -5.996287e-02 3.065959e-01 4.236901e-01 -9.958927e-02 1.668092e-01 -1.303494e-01 5.337368e-02
4.246806e-01 4.207406e-01 1.463389e-02 3.939037e-02 3.629280e-01 5.428307e-02 -1.699016e-01 -4.790574e-02 -1.597819e-01 6.496114e-02 -1.476557e-01 9.236336e-03 1.702355e-01 -4.324425e-02 4.509225e-01 -1.092392e-01 7.660118e-02 5.668963e-01 -3.297086e-03 -8.565677e-02 -1.823578e-01 4.688093e-01 2.467438e-01 -7.977166e-02 1.112195e-01 -2.945011e-01 -2.280798e-02 -1.400740e-01 3.383595e-02 -9.985983e-02 1.834323e-01 -2.448402e-01
-1.128098e-01 -3.796513e-01 1.496292e-01 -4.078046e-01 -1.838023e-01 -1.357579e-01 4.565055e-02 -3.102130e-02 5.075998e-01 -2.506215e-01 -2.905734e-01 1.202597e-02 -2.634575e-01 -1.927224e-01 4.177894e-02 -2.344169e-02 3.256478e-01 1.004596e-01 2.003570e-02 2.761355e-01 -4.408064e-02 -6.630358e-02 9.666350e-02 1.334567e-02 6.242456e-01 3.137371e-01 1.217476e-01 1.647861e-01 -2.192176e-01 -2.626172e-01 1.708320e-01 1.330081e-01
-1.486805e-01 1.505222e-01 2.735478e-01 3.014349e-01 -1.370322e-01 -8.365887e-02 3.650577e-01 1.909037e-01 6.590047e-02 1.561512e-01 -1.841437e-01 -1.885533e-01 -8.151196e-03 -2.609835e-01 4.264842e-01 3.380580e-01 1.967179e-01 -1.950613e-01 4.371651e-01 1.837625e-02 -1.105872e-01 -1.204096e-01 -7.297128e-02 -1.083658e-01 -7.541849e-02 -2.411925e-01 3.640397e-01 -5.836178e-02 4.078561e-01 -2.267804e-01 -7.728118e-02 8.406293e-02
-3.408150e-01 3.444476e-01 1.812861e-01 -1.104362e-01 -4.581387e-02 -7.200983e-02 1.269696e-01 3.024504e-01 -5.150015e-03 -1.202301e-01 8.360873e-02 -2.844870e-01 1.763840e-01 3.383154e-01 -1.649705e-01 -2.397519e-01 7.992449e-02 1.036106e-02 5.517469e-02 -7.198632e-02 1.178750e-01 1.064438e-01 -5.425890e-02 -5.480607e-02 1.329574e-02 -5.843379e-01 -6.331807e-02 2.557185e-01 -9.574638e-02 -1.547418e-01 -2.741856e-01 -1.748910e-01
-1.585560e-02 -3.272057e-01 1.260766e-01 -6.152119e-02 2.903043e-01 -2.809830e-01 -1.759192e-01 2.619437e-01 4.960063e-01 3.428651e-02 1.329442e-01 -1.140210e-02 -3.288319e-01 2.445837e-01 2.517986e-01 1.300370e-01 8.341643e-02 6.633174e-02 -3.485338e-01 -3.617545e-01 2.813602e-01 1.411722e-02 -6.575577e-01 -2.004316e-02 -2.578541e-01 -1.601876e-01 7.169473e-03 -7.911044e-02 -6.572331e-02 2.739118e-02 6.165419e-02 -6.636624e-02
-3.253441e-01 -1.396289e-01 2.920833e-02 -5.399281e-02 -2.103716e-01 1.837155e-01 -3.139084e-01 2.242847e-02 -2.334957e-01 -8.678067e-02 -1.880531e-01 4.930241e-01 2.546823e-01 1.703591e-01 2.838413e-01 2.164144e-01 1.210814e-01 3.377904e-03 -5.553613e-02 1.430926e-01 3.475302e-02 3.138393e-01 2.064993e-02 2.868542e-02 6.724139e-02 1.137864e-01 -7.918975e-02 3.630648e-01 5.725578e-02 -5.893586e-01 4.730908e-01 6.762479e-03
-1.437927e-01 -2.454679e-01 -4.294562e-02 -4.192728e-01 -1.241123e-01 1.342426e-02 -3.634191e-01 1.877819e-01 6.666502e-02 -1.067011e-01 4.437148e-01 1.097367e-01 1.175383e-01 4.093009e-01 -1.668275e-01 -7.935218e-02 -6.730317e-02 -1.849847e-01 3.107029e-01 1.655317e-01 1.994105e-01 -1.959187e-01 3.117679e-01 2.355072e-01 -4.522736e-01 -2.935962e-02 7.943884e-02 -6.236084e-02 3.598696e-02 -3.798208e-01 1.977528e-02 -1.233469e-01
3.051619e-01 1.841627e-02 -3.553186e-01 4.322146e-01 1.839561e-01 8.301926e-02 4.504870e-03 8.299329e-02 -2.760946e-01 3.735558e-01 2.250750e-01 -9.884205e-02 -4.680204e-02 4.440893e-02 1.474358e-02 -2.383484e-02 -7.518939e-02 -4.731891e-02 1.249478e-01 -3.092189e-01 2.114192e-02 -8.566612e-02 -1.756668e-02 -7.145013e-02 3.833326e-01 2.843832e-01 5.630295e-01 2.106922e-01 6.985586e-02 -3.018415e-01 -7.287385e-02 2.131895e-02
-1.441331e-01 -1.603707e-01 -5.813730e-02 -3.665596e-01 -9.311024e-02 -4.043821e-01 -2.533474e-02 3.831069e-02 4.891655e-01 -3.445543e-01 -4.032549e-01 -3.666022e-02 -9.118421e-02 -1.244406e-01 -5.708806e-02 -1.222447e-01 1.414209e-01 5.121182e-02 4.920486e-02 2.154082e-01 -1.500587e-02 -1.355568e-01 7.772781e-02 -4.971502e-02 7.914665e-01 -5.633172e-02 -3.225479e-02 -3.046715e-01 -2.411272e-01 -1.126124e-01 9.355706e-02 -8.360749e-02
3.354472e-01 6.169183e-01 1.276397e-02 3.862486e-01 1.843646e-03 2.738739e-02 -2.101632e-01 1.956397e-02 -3.125312e-02 -1.853257e-01 3.295984e-01 5.624709e-02 -1.429139e-01 4.596353e-02 8.572994e-03 5.249140e-02 6.653265e-01 -9.967985e-02 9.163617e-02 1.568575e-01 2.811410e-01 -1.887764e-02 -2.041812e-01 -4.765706e-01 -1.355731e-01 1.338153e-01 -5.748843e-02 5.825559e-02 1.967844e-02 5.412091e-02 -1.435230e-01 -7.176700e-02
1.561876e-02 -3.284090e-02 9.432356e-02 -1.523047e-01 7.396284e-02 1.496172e-01 -3.151772e-01 2.683792e-01 -8.095644e-02 1.567714e-03 4.291884e-01 1.222551e-01 1.180972e-01 -3.025162e-01 3.463715e-01 2.354432e-01 3.181731e-01 -3.263087e-01 3.342088e-01 9.753210e-02 -7.705569e-02 -1.613304e-01 -2.938419e-01 1.125033e-01 -4.299462e-03 -7.269071e-02 -5.497136e-02 -7.878608e-02 -5.175185e-02 8.772311e-02 4.737030e-01 1.307940e-01
1.048767e-01 1.655442e-01 1.210503e-01 1.695222e-01 -3.273406e-01 -2.106838e-01 4.789808e-01 -2.161485e-01 1.541083e-01 2.270385e-01 -3.117663e-01 -1.455488e-01 1.357272e-02 -3.374063e-01 1.369219e-01 1.073002e-01 9.603765e-03 1.765318e-01 -1.688963e-02 2.402652e-03 1.178377e-01 3.163824e-01 -6.700794e-02 -1.407052e-01 3.989925e-01 1.393140e-01 -3.943796e-01 3.463301e-01 7.298040e-02 1.767931e-01 4.436828e-01 7.088349e-02
-4.249129e-02 1.792843e-02 3.485881e-02 1.685188e-01 -2.326103e-01 -3.150691e-01 1.867878e-01 -1.153772e-01 3.410296e-01 -2.517622e-01 -2.501052e-01 -2.295210e-01 4.610055e-01 2.499401e-01 -9.858064e-02 -1.216150e-01 -1.576423e-02 6.535647e-03 2.391992e-01 1.987751e-01 -1.543606e-01 8.687390e-02 -1.241986e-01 7.320797e-02 -3.799385e-01 -9.640782e-02 -2.889716e-01 -1.853086e-01 1.556408e-01 1.630671e-01 -1.947393e-01 5.514999e-01
3.273710e-01 2.477365e-02 -9.913170e-02 1.399172e-01 3.921073e-01 -8.313348e-02 1.495208e-01 -1.707477e-01 -7.893265e-02 2.809802e-01 -4.638921e-02 3.294190e-01 2.934804e-01 -2.294680e-01 2.166592e-03 8.105336e-02 2.452313e-01 -2.505729e-02 5.198487e-02 1.037313e-01 7.130533e-02 2.500288e-02 -1.051785e-01 -1.635060e-01 2.540815e-01 -1.450054e-02 1.120731e-01 3.610252e-02 4.831570e-02 -6.978093e-01 -2.915416e-02 7.874104e-04
-1.142136e-01 6.161361e-02 -1.446041e-01 4.276560e-01 3.636281e-01 1.606511e-01 -9.994615e-03 -1.316851e-01 -3.651139e-01 1.816470e-04 3.797402e-01 1.980467e-01 1.415371e-01 2.515419e-01 1.428186e-02 3.233948e-01 -9.163648e-02 7.321988e-02 9.763348e-02 -3.759927e-01 -1.687304e-01 -4.077902e-01 7.166649e-02 1.327102e-01 -6.768984e-01 -2.003828e-02 9.015711e-02 -1.966820e-01 1.016881e-01 3.271290e-02 1.425488e-01 1.450585e-01
2.381819e-02 2.109334e-01 4.678150e-01 -4.719117e-02 -2.157141e-01 -1.548753e-01 4.169672e-01 -2.623023e-01 4.590402e-02 2.266844e-01 -4.422691e-01 -3.570441e-02 1.214610e-01 -1.040432e-01 -4.080904e-02 1.070058e-01 1.122210e-02 4.219165e-01 6.997068e-03 2.978858e-02 2.775530e-01 2.426093e-01 -1.475136e-01 2.029003e-02 1.766618e-01 2.678857e-01 -2.039005e-01 3.423871e-01 8.885799e-02 3.483609e-01 3.241202e-01 1.541392e-01
1.632429e-01 1.910878e-01 1.760904e-01 1.483964e-01 -1.156220e-01 4.771739e-01 -1.950445e-02 -4.009508e-01 -3.537997e-01 5.789075e-02 -1.089257e-02 -2.932855e-01 -2.050309e-01 3.589152e-01 6.925128e-02 8.412777e-02 -1.689336e-02 -3.159169e-03 -1.303760e-02 -1.781013e-02 7.210481e-01 -3.966390e-01 2.638663e-01 2.960930e-03 7.059564e-02 -4.300276e-02 -3.620777e-01 2.385136e-02 2.699650e-01 -3.820695e-04 3.467882e-02 4.533689e-02
-2.093061e-01 -5.953946e-02 3.444273e-01 1.494773e-01 -2.334392e-01 -5.810028e-02 5.402435e-01 7.040651e-02 2.881733e-01 7.479683e-02 -1.544616e-01 1.380210e-01 3.145032e-02 7.219318e-02 -1.098642e-01 -6.303070e-02 1.902192e-01 6.184338e-02 7.979827e-02 -1.133786e-01 -1.645629e-02 2.860789e-01 4.856147e-03 1.113588e-01 7.474799e-02 3.273359e-01 2.851695e-01 3.566312e-01 -5.605576e-02 1.369677e-01 -3.117305e-02 -5.709974e-01
6.028323e-02 -1.081113e-01 5.913013e-01 -1.140307e-01 2.816765e-01 4.223944e-01 -7.585091e-02 -7.740849e-02 1.028515e-01 -3.389618e-01 7.258229e-03 -6.535916e-02 -1.289785e-01 9.214056e-02 2.842169e-01 -1.447946e-01 8.013658e-02 6.693679e-02 1.753836e-01 -2.448910e-01 -1.272412e-01 2.657070e-01 -1.447332e-01 3.596596e-01 1.030435e-01 3.703498e-01 -3.570656e-02 -3.841512e-01 1.397081e-01 1.115879e-01 -1.196277e-01 4.478262e-01
2.431188e-02 1.991508e-01 -4.108719e-01 4.720346e-01 -1.096568e-02 9.147827e-03 2.627014e-02 -2.977314e-01 -1.147150e-01 5.699852e-02 2.333436e-02 1.016495e-01 5.067490e-03 -4.017624e-01 1.303196e-01 1.703894e-01 3.806496e-01 -9.111777e-02 -4.917497e-02 2.124534e-01 6.706864e-02 8.216227e-02 -2.965708e-01 -6.448415e-02 1.826010e-01 2.606206e-02 2.390206e-01 4.734661e-01 -3.208373e-01 -1.311191e-02 -1.949693e-01 3.170222e-01
-5.023509e-03 -1.932144e-01 7.062324e-02 -9.207150e-02 3.637270e-01 1.311961e-02 -3.527537e-01 1.523025e-01 1.327156e-01 -2.608038e-01 -8.738010e-02 -7.084034e-02 -3.318411e-01 3.294454e-01 2.368450e-01 3.185033e-01 5.048106e-02 9.684326e-02 -2.363335e-01 -8.830623e-02 2.310904e-01 2.246752e-02 -1.147345e-01 1.103891e-01 -3.218374e-02 -2.956950e-01 -6.039224e-01 -2.270231e-01 -5.268602e-02 1.210856e-01 3.210064e-01 -1.588951e-01
-1.444007e-01 1.067634e-01 6.445020e-01 -2.276756e-01 8.240394e-02 5.321438e-02 3.515740e-01 -2.775162e-02 1.683372e-01 -2.319817e-01 8.955239e-02 6.593466e-02 -8.977024e-02 3.202155e-01 -2.092700e-01 1.103735e-02 -5.712106e-01 6.869634e-02 -8.809451e-02 1.558750e-02 1.570358e-01 -3.971831e-02 2.724655e-02 2.782428e-01 -5.236947e-01 2.148319e-01 3.909816e-01 1.080126e-02 -1.398348e-01 -7.998157e-02 1.145833e-01 4.611575e-02
-3.131280e-01 1.574169e-01 -5.947945e-02 7.369620e-02 1.919087e-01 -8.756556e-02 -4.372011e-02 -1.243070e-01 9.116214e-03 2.493806e-01 1.042117e-01 3.604863e-01 5.610102e-01 3.005151e-01 -3.528435e-02 -1.263484e-01 -1.313532e-03 5.692607e-01 -8.231219e-02 5.660750e-02 8.749060e-02 1.266128e-01 -4.454486e-02 1.357728e-01 -1.425498e-01 3.069663e-02 -1.679444e-01 5.703464e-02 -3.617685e-02 -1.065483e-01 5.524713e-01 2.395699e-01
1.850361e-01 1.462211e-01 -1.949718e-01 3.061409e-01 5.066638e-01 5.741548e-02 -7.391565e-02 -1.569480e-01 -8.485800e-02 1.259833e-01 1.826000e-01 -2.105416e-02 5.204524e-01 -2.155260e-01 1.277774e-01 -1.377401e-01 2.880674e-02 8.562119e-02 -1.185996e-01 1.998914e-01 -1.675269e-01 -3.266442e-01 -6.562899e-02 -6.112904e-02 -1.386714e-01 -3.132711e-01 -4.516793e-04 -2.469795e-01 -1.720535e-01 -1.961914e-01 3.652841e-01 5.656559e-01
4.457285e-01 2.202922e-01 1.058760e-02 2.929741e-02 4.014555e-01 1.252183e-01 -4.951954e-02 -7.367162e-02 -9.987439e-02 -3.141862e-01 -8.274040e-02 4.553190e-02 5.000696e-02 -1.405872e-01 1.749990e-01 -1.091662e-01 -1.425991e-02 -4.145161e-01 1.105226e-01 -1.242363e-02 1.115370e-01 -1.036041e-01 -4.102780e-01 -2.895703e-02 -2.351394e-02 5.220919e-01 -2.057074e-01 -1.352548e-01 1.552873e-01 -1.506855e-01 8.147801e-02 -3.677531e-02
4.634115e-02 5.629809e-01 -1.343671e-01 5.148312e-01 9.894789e-02 2.953336e-03 -1.161508e-01 6.703291e-02 -3.566946e-01 -9.609683e-02 2.031241e-01 -1.263680e-01 -1.822044e-01 1.334497e-01 1.535009e-01 8.024096e-02 -1.419311e-02 -3.708759e-01 5.253187e-01 -3.924241e-01 9.292977e-02 1.682181e-01 -1.849889e-01 6.143263e-03 -2.780682e-02 3.395965e-02 2.267592e-01 -5.551264e-02 3.201854e-01 4.863450e-02 3.127873e-01 1.471603e-01
-1.173799e-01 1.223072e-01 3.152432e-02 2.480014e-01 3.977152e-01 2.603939e-01 -1.967137e-01 -9.616864e-02 -3.380457e-01 4.494523e-02 5.208822e-01 1.512284e-01 1.333160e-01 1.436443e-01 -1.523989e-01 -2.670555e-02 -1.152557e-01 -1.307045e-02 -4.529984e-02 -3.493239e-01 -9.254478e-02 -2.576589e-01 -1.960066e-02 2.784615e-02 -6.318577e-01 4.128381e-02 1.317066e-01 -3.998853e-01 2.955742e-02 -1.144238e-01 2.390086e-01 8.195397e-02
-1.805263e-01 -8.242014e-02 5.389206e-03 2.041567e-01 1.591406e-01 7.001108e-02 1.234930e-01 -1.919944e-01 9.964051e-02 1.299689e-01 5.613725e-01 -3.749436e-01 -4.224199e-01 -1.611510e-01 -6.877044e-02 3.284502e-02 -1.037246e-01 -3.079824e-02 4.042084e-01 -1.134935e-01 -2.609625e-01 -3.674404e-01 2.601193e-01 -3.526238e-02 -2.558970e-01 -2.415266e-01 1.055731e-02 8.490696e-02 2.933241e-01 1.709906e-01 2.697320e-01 -4.857664e-02
1.594306e-01 1.743188e-02 -7.450399e-02 4.068387e-01 -3.319553e-01 5.536315e-02 -2.207331e-01 -6.255828e-03 -3.017815e-01 -2.154952e-01 -1.068033e-01 1.496510e-01 3.534765e-01 1.249607e-02 2.509607e-01 3.374881e-01 4.558072e-01 -2.551105e-01 3.945355e-01 2.321545e-01 -2.211198e-01 -3.860298e-01 -2.216353e-01 2.451560e-01 -3.290592e-01 1.388155e-01 -2.456141e-02 1.773662e-02 1.057668e-02 6.926913e-03 -1.743449e-03 -5.505539e-02
-2.054746e-01 4.524297e-01 -2.447788e-02 1.805736e-02 -1.697616e-01 7.385079e-02 5.538496e-02 -1.755189e-01 -4.020412e-01 -2.429662e-02 -3.154080e-02 -3.223617e-02 5.330207e-01 -2.367344e-01 -1.484179e-01 -2.760165e-01 -4.028638e-01 7.854531e-03 -3.108997e-01 3.909566e-01 -4.789048e-02 -3.798526e-02 -1.469654e-01 -6.992093e-02 -4.148898e-01 -2.844983e-02 -1.174654e-01 -1.889365e-01 -4.257641e-03 4.222149e-01 2.191595e-01 -2.324339e-01
-1.659773e-01 3.790785e-01 -8.327006e-02 -3.375857e-01 3.172531e-01 2.112809e-01 1.511342e-01 -2.490769e-01 4.272020e-01 -1.173477e-02 -6.931852e-02 -1.392677e-01 -8.883157e-02 -2.403342e-01 -2.149392e-01 -6.180569e-02 1.766299e-01 -1.333036e-01 1.630769e-02 2.148089e-01 2.035231e-01 5.365332e-01 3.998188e-02 9.651686e-02 -2.765869e-01 -3.985737e-02 2.096129e-02 -6.683390e-02 1.529768e-02 1.078737e-01 -4.335255e-01 1.170564e-01
8.450742e-02 3.800735e-01 1.905987e-01 -1.776268e-02 2.171420e-03 3.370246e-01 1.315372e-01 -3.944175e-01 -3.901001e-01 1.068985e-01 2.475164e-02 -1.606048e-01 -2.298544e-01 4.475162e-01 2.145234e-02 1.815343e-01 -8.996595e-02 5.120448e-02 1.947574e-02 5.923925e-03 5.215068e-01 -3.811137e-01 2.274247e-01 -1.063610e-01 2.067225e-01 -1.683845e-01 -5.445201e-01 -5.111576e-02 2.973104e-01 2.852681e-02 6.746747e-02 8.669484e-02
3.315458e-01 -1.287344e-01 -2.597414e-01 -1.051015e-01 -1.447629e-01 1.708819e-01 1.319450e-01 -3.905279e-01 -7.622510e-02 -2.478808e-02 5.032744e-02 -4.507623e-01 -8.854708e-02 5.020179e-01 -1.928969e-02 1.212639e-01 -2.928712e-02 -7.353798e-02 -7.618701e-02 1.979432e-01 -2.929769e-01 -4.069216e-01 -6.781189e-02 -7.035840e-02 -4.329836e-01 -2.534400e-01 -1.525306e-01 2.825275e-01 2.607220e-02 4.209018e-01 -2.886876e-02 2.177312e-01
-3.426617e-01 1.917706e-01 -6.422059e-02 1.462597e-01 8.083624e-02 -8.048047e-02 4.855294e-02 -2.885950e-01 2.260198e-01 2.504635e-01 5.067198e-01 -1.924472e-01 -2.417296e-03 -3.283285e-01 -3.383518e-01 2.264148e-02 -1.254538e-01 -3.381895e-01 2.776996e-01 -2.366220e-01 -1.492936e-01 1.080238e-02 6.255841e-02 1.726513e-01 1.763599e-01 -1.155605e-02 1.107807e-01 3.850197e-01 4.732436e-01 -4.728296e-02 1.876744e-01 2.179224e-01
2.249647e-02 -1.961030e-01 6.036687e-01 -5.225242e-02 3.888351e-01 2.177043e-01 -1.586814e-01 -1.018114e-01 7.355475e-02 -1.784582e-01 4.195097e-02 1.159957e-02 -2.062543e-01 1.520965e-01 4.070577e-01 -1.046059e-01 1.062100e-01 1.500531e-02 2.513627e-01 -2.692434e-01 8.398414e-02 1.735714e-01 2.339907e-01 3.857989e-01 9.931481e-02 4.282829e-01 -2.148803e-02 -3.329502e-01 8.689027e-02 3.121488e-01 -7.310233e-02 2.930909e-01
6.481808e-02 -8.614172e-02 4.846357e-01 1.332559e-02 1.482851e-01 5.764916e-02 4.054005e-01 1.972186e-03 -3.703653e-01 5.852332e-03 -2.758414e-01 -3.465543e-02 4.485762e-02 -1.022722e-01 2.893489e-01 -3.671098e-01 1.371883e-01 2.897885e-01 1.285763e-01 2.840327e-01 2.256525e-01 1.554085e-01 1.042375e-01 4.947967e-02 4.869784e-01 -3.473815e-02 -4.416175e-01 -1.102061e-01 -2.801203e-01 -3.243078e-01 1.701072e-02 1.270639e-02
-3.068354e-01 7.882395e-02 5.319569e-01 2.883144e-01 -1.726298e-01 7.692495e-02 1.404059e-01 5.142665e-02 -2.323106e-01 1.710719e-01 4.192790e-02 -1.949072e-01 1.641219e-02 -7.651506e-02 -4.376192e-02 2.835458e-02 2.540155e-01 4.942709e-02 3.563235e-01 7.040480e-03 1.381007e-01 -4.897657e-02 -8.485036e-02 5.205270e-02 -3.375345e-02 -5.681131e-01 1.451916e-02 3.017509e-01 -1.502068e-01 -6.139695e-02 -5.045706e-02 -2.332026e-01
1.617638e-01 1.069910e-01 -1.210441e-01 5.846722e-01 3.109784e-01 1.213088e-01 -1.847352e-01 -4.562211e-02 -3.994416e-01 1.739071e-01 3.502092e-01 6.012090e-02 1.980826e-01 8.307493e-02 -7.033800e-02 5.985041e-02 3.033727e-01 -3.072926e-03 -3.079863e-01 1.804019e-01 4.249212e-02 -4.137930e-03 4.222123e-01 -4.443142e-01 -1.029183e-01 1.386067e-01 2.506829e-01 3.310699e-01 2.622060e-02 -2.745187e-01 2.037668e-01 1.635086e-01
2.287005e-02 -1.311275e-01 -2.746284e-01 9.662633e-02 4.898527e-01 -5.125032e-02 1.294715e-01 -5.443565e-02 9.778275e-02 -4.901009e-02 4.563079e-01 3.055387e-01 6.955019e-02 3.771648e-01 -2.322936e-01 7.048373e-02 1.902923e-02 -5.013439e-01 -3.471005e-02 -2.262119e-01 5.430198e-02 -5.347991e-02 -3.804207e-01 2.216475e-01 1.963265e-01 -6.399180e-02 -2.498545e-01 1.372955e-01 3.369374e-01 1.622665e-01 -2.516572e-01 -2.696178e-01
1.522784e-01 -2.323340e-01 -2.619235e-01 3.575365e-02 -1.197044e-01 -3.472019e-01 -2.296013e-03 2.202176e-01 4.878566e-01 -3.484485e-01 7.204581e-02 -1.818661e-01 1.200591e-02 1.954282e-01 -1.885432e-01 -1.338548e-01 -5.952282e-01 -1.739935e-01 6.080057e-02 3.436778e-01 -7.416628e-02 3.511526e-01 -6.707571e-05 1.531873e-02 1.322397e-01 7.213390e-03 8.565476e-02 -1.993663e-01 6.779841e-03 3.287587e-01 4.392540e-02 -2.244140e-02
3.198662e-01 2.771141e-01 1.843089e-01 1.158492e-01 4.679263e-01 -1.370496e-02 -5.587823e-02 -1.193986e-01 -1.286290e-01 -1.577868e-01 -3.597284e-02 1.615884e-01 1.725248e-01 -1.706824e-01 5.202620e-01 -1.792663e-01 1.465517e-01 4.715696e-01 1.160128e-02 -8.666652e-02 3.518788e-02 5.194917e-01 5.542585e-02 -1.457251e-01 3.565572e-01 -4.152844e-02 -4.678308e-02 -1.865655e-01 -2.170562e-01 -1.613281e-01 2.862561e-01 -1.057845e-01
-1.497227e-01 -3.925732e-01 -4.377534e-01 -7.212069e-03 -6.610907e-02 6.942350e-02 6.938491e-02 -1.321730e-01 -9.585722e-02 -2.641937e-01 4.650774e-01 5.278628e-02 -1.085564e-03 7.758272e-02 2.890918e-01 3.377446e-02 -1.250893e-01 -1.705937e-01 -1.412790e-02 -6.199020e-02 2.384720e-01 -1.050552e-01 -1.724763e-01 2.157435e-01 4.166041e-01 8.533897e-02 -2.577526e-01 9.798485e-02 4.167032e-01 1.006819e-01 -2.783398e-01 -1.665749e-01
-2.446415e-02 2.613115e-01 5.168063e-02 2.147134e-01 -3.754727e-01 2.883444e-01 -5.631062e-02 -2.490710e-01 -1.449364e-01 3.139274e-01 -2.019322e-01 -2.129735e-01 2.834404e-01 -1.186088e-01 -1.077460e-01 -1.004747e-01 -1.235778e-01 -1.495386e-01 -4.916210e-02 9.516595e-02 -5.955202e-02 5.167931e-03 5.041435e-01 5.329730e-02 3.241289e-01 -1.832286e-01 -5.454315e-02 -6.636157e-02 -1.448188e-01 -4.854532e-01 3.101673e-02 9.536023e-02
-1.291098e-01 3.692892e-01 -1.527577e-01 -2.735718e-01 3.357813e-01 2.665366e-01 2.014537e-01 3.179514e-01 1.739375e-01 -8.514263e-02 -8.179078e-02 -1.039085e-01 -3.192338e-01 -2.999110e-01 -2.743183e-01 1.493419e-01 3.013102e-02 -7.751883e-02 -3.438630e-01 -1.742837e-01 5.191324e-01 1.250729e-01 1.106245e-01 -4.239585e-01 4.490669e-02 -4.240210e-02 2.810854e-01 4.132977e-02 3.151487e-01 1.523926e-01 -1.598918e-01 1.981777e-01
-1.073791e-02 2.596395e-01 -1.279238e-01 4.720007e-02 -1.820977e-01 3.589578e-01 -1.215522e-01 -1.804985e-01 -3.000688e-01 3.716642e-02 -1.933563e-01 -3.576769e-01 4.215650e-01 -2.867242e-01 -7.295259e-02 -1.054037e-01 -5.375705e-01 -1.701931e-01 -1.563600e-01 3.006075e-01 -1.191432e-02 2.024214e-02 4.181220e-02 1.035316e-01 -2.347158e-01 7.891412e-02 3.685880e-02 -3.366597e-01 -1.910369e-01 4.215197e-01 -2.192361e-02 -1.153467e-01
-1.952824e-01 -2.261325e-02 3.528217e-01 -1.631343e-01 1.634861e-01 8.228351e-02 3.065188e-01 -2.029077e-01 2.362229e-02 -6.008645e-02 3.785798e-02 1.066585e-01 -1.641554e-01 -4.658139e-02 -2.275604e-01 1.013463e-01 -4.686530e-02 -4.424713e-01 -1.153947e-01 -1.996579e-02 8.031330e-02 1.101912e-01 3.486058e-01 7.406496e-02 -1.644941e-01 3.768156e-01 8.925524e-02 -1.440935e-01 -1.327952e-01 3.008011e-02 -3.467146e-02 6.418993e-02
-1.343805e-01 -1.234859e-01 7.700371e-01 -8.076656e-02 2.898420e-01 1.824949e-01 2.296499e-02 3.854216e-02 -2.828922e-02 -2.519068e-02 -4.351523e-03 -1.005382e-01 -1.256825e-02 2.686101e-01 1.301158e-01 3.569914e-02 -3.332714e-02 -2.953718e-03 -1.235318e-01 -8.904433e-02 2.269575e-02 2.540914e-01 -3.009878e-01 6.044772e-02 1.026168e-01 1.324897e-01 2.081501e-01 -1.476865e-01 1.730433e-01 -8.739866e-03 -3.886957e-01 6.449534e-01
3.596399e-01 3.076707e-01 -6.023930e-02 1.610373e-02 6.276454e-01 4.468117e-02 1.700141e-01 -2.983697e-01 1.623659e-01 1.667482e-01 9.643635e-02 -8.624514e-02 -1.739097e-02 -2.134461e-01 -2.197580e-01 -5.740101e-03 6.840442e-02 -1.990069e-01 1.146223e-01 1.093040e-01 2.089428e-01 1.772951e-02 -8.809819e-02 -2.570062e-02 1.328466e-01 -1.245887e-01 5.705677e-01 -2.190815e-01 -5.079049e-01 -2.762470e-01 -1.012636e-02 1.492224e-01
2.627568e-01 -3.604253e-01 -2.582292e-02 -3.143558e-01 6.759457e-02 1.355953e-01 -2.547242e-01 2.824396e-01 8.437903e-02 -1.273291e-01 4.955149e-02 4.428361e-01 2.348629e-01 3.171504e-01 6.433848e-02 -1.480750e-01 -3.778320e-01 3.139066e-01 -2.109330e-01 9.004202e-02 -4.074975e-02 1.560983e-01 1.057165e-01 6.439924e-02 -3.958590e-01 1.210958e-01 -5.870371e-01 1.381362e-01 1.061905e-03 1.732574e-01 -2.650092e-02 4.677387e-02
5.233009e-01 -2.108039e-01 -2.303635e-01 8.999698e-02 1.770285e-01 3.299724e-01 -3.233754e-01 -2.687702e-01 2.382031e-01 -3.186541e-03 -4.530026e-02 1.989615e-02 -4.655527e-02 2.484268e-02 6.543653e-02 -3.574683e-01 -6.856542e-02 1.619263e-01 -8.774329e-02 1.511275e-02 1.721458e-01 3.846719e-02 -6.190558e-02 6.927194e-02 6.384577e-02 -2.065316e-02 -2.872765e-02 -3.406765e-01 -2.142777e-01 -4.956350e-01 -3.404427e-01 -4.258548e-01
2.115268e-01 -1.891068e-01 1.042265e-02 4.162704e-01 2.428536e-02 2.969811e-01 -1.512513e-01 1.884894e-01 -2.480319e-02 4.018914e-01 -2.948205e-01 1.391926e-01 -1.755171e-01 -3.613445e-01 1.908819e-01 1.100145e-02 3.506593e-01 1.660173e-01 8.388559e-02 1.024649e-01 -6.671179e-02 1.601872e-02 1.053732e-01 1.968966e-01 2.462237e-01 5.398844e-01 4.859055e-01 5.575853e-02 -3.487994e-02 1.931357e-01 -1.209202e-01 1.637397e-01
-3.483233e-01 1.756718e-01 -3.653144e-01 3.642176e-01 -8.157877e-02 2.204834e-01 -1.104142e-01 -1.720263e-01 2.223991e-01 -9.183475e-02 3.441600e-01 -7.537421e-02 5.944337e-02 -3.047252e-01 2.528349e-01 8.636304e-02 -3.024602e-01 3.245780e-01 3.213116e-01 1.737631e-01 2.521933e-01 -3.229913e-02 -3.661844e-01 -4.562068e-02 -1.355513e-01 -6.981111e-02 1.930449e-01 -1.793193e-01 -1.934064e-01 2.519665e-02 -2.746692e-01 3.437014e-01
-1.745422e-01 2.898264e-01 1.298272e-01 -2.732381e-01 2.255365e-02 8.596430e-02 -3.141622e-01 2.443405e-01 -1.481219e-01 -2.059258e-01 1.474309e-01 3.823987e-01 3.950690e-01 2.362274e-01 2.519419e-01 6.484318e-03 -7.918698e-03 -1.332699e-01 -2.886610e-03 7.082527e-02 1.690140e-01 -1.528648e-01 -4.872585e-01 -1.093652e-01 -2.527942e-01 2.021189e-01 1.042455e-02 6.210299e-02 -3.145525e-01 2.645580e-01 4.563767e-01 3.025219e-01
-1.407695e-01 3.514021e-02 1.530987e-01 1.225280e-01 -1.123281e-01 1.561945e-01 5.662729e-01 1.559970e-01 -7.639209e-02 1.802200e-02 -2.932296e-01 2.056600e-01 -7.314953e-02 -2.982195e-01 1.436255e-01 -4.864575e-01 6.756392e-02 5.876337e-02 4.893367e-01 -1.054932e-01 -2.060150e-01 1.996070e-01 1.065672e-01 6.730287e-03 6.184088e-01 3.067588e-01 -5.006276e-02 -9.717958e-02 -1.655897e-01 -5.151684e-02 7.831509e-02 8.670307e-02
-1.661092e-01 3.362145e-01 -5.057655e-03 -2.294012e-01 3.972425e-01 4.721729e-01 9.089953e-02 2.609596e-01 1.230253e-01 -2.592128e-01 1.615945e-02 -1.113117e-01 -2.718836e-01 -1.337010e-01 -1.406663e-01 1.821221e-01 -3.038672e-02 -2.743860e-01 -3.350918e-01 -2.411173e-01 5.249499e-01 9.666800e-02 -7.673854e-03 -4.384113e-01 7.613668e-02 -3.130873e-02 2.077989e-02 9.764161e-02 2.216982e-01 1.280346e-01 -1.491416e-01 2.644773e-01
