1 10 32 16 1024
1.275139e-01 3.622417e-01 3.353037e-01 1.323990e-01 -1.074882e-01 -1.216543e-01 -1.617548e-01 1.534460e-02 1.873649e-01 -9.481736e-02 2.108507e-01 -3.079880e-01 -6.280459e-02 -3.829338e-01 -2.706884e-01 -1.766569e-01 2.876725e-01 -4.654952e-02 -5.105871e-02 9.788322e-02 2.128898e-01 -3.045731e-02 3.340496e-01 1.977155e-02 3.121865e-01 -5.006379e-03 2.124615e-01 1.541269e-01 -1.203543e-01 7.005093e-02 -3.038520e-01 1.852714e-01
1.533289e-01 1.017445e-01 -1.606263e-02 -1.705860e-01 -2.023251e-01 -2.567793e-01 8.373835e-02 4.628453e-02 -8.126359e-02 7.779273e-02 7.202682e-01 -9.424857e-03 -3.814792e-02 -1.004775e-01 8.242289e-02 -2.923954e-01 -2.246297e-01 -3.540008e-01 -2.751090e-01 8.331822e-02 -2.209461e-01 2.190541e-01 2.229513e-01 -2.433605e-01 -2.252528e-01 -6.682904e-02 -1.070059e-01 -1.719051e-01 3.320622e-01 -3.298805e-01 8.585606e-02 3.379887e-01
-4.254180e-01 3.950933e-01 4.819896e-02 4.740633e-01 -2.952603e-02 7.634363e-02 -1.687880e-01 -1.512129e-01 -1.244067e-01 -2.439968e-01 2.753838e-01 1.283946e-01 3.193517e-02 -3.866207e-02 -5.922255e-02 8.083740e-02 2.633031e-01 9.051507e-02 -1.451392e-01 -3.614630e-01 1.285689e-01 4.369819e-01 2.551050e-01 2.122267e-01 8.781596e-02 1.937559e-01 -1.122077e-01 -1.686636e-02 6.179361e-02 2.667316e-01 2.488476e-01 -9.310666e-02
-2.117208e-01 -3.654256e-01 1.028433e-01 -1.887031e-01 4.045354e-02 -3.996848e-01 4.146344e-01 -1.658758e-01 9.177896e-02 1.833328e-01 -8.988768e-03 -5.325352e-02 -1.149935e-01 2.233864e-02 4.166019e-01 2.218355e-01 -4.162460e-02 7.709241e-02 -2.627181e-01 2.296209e-01 1.117794e-01 2.338011e-03 -8.715956e-02 -2.184917e-01 6.379362e-01 4.322719e-02 -1.686105e-01 5.363341e-02 -3.340499e-01 -1.856117e-01 1.324672e-01 -8.252756e-02
1.432960e-02 -2.332323e-01 2.621887e-01 5.098342e-01 1.322446e-03 -1.222613e-01 -2.882163e-01 1.882657e-01 2.496656e-02 -5.881283e-02 -6.908385e-02 2.871206e-01 2.271911e-01 -3.275436e-01 -1.224267e-02 1.852750e-01 -3.449225e-02 1.609317e-01 -1.238773e-01 4.350773e-01 4.142704e-02 1.254130e-01 4.787324e-02 -1.857437e-01 5.578548e-02 4.984977e-02 2.246284e-01 5.107493e-01 -9.918448e-02 5.697520e-01 -5.394742e-02 8.805221e-03
-2.755191e-01 -2.086723e-01 -2.460834e-01 5.407685e-01 2.649652e-01 4.791914e-02 -2.678033e-01 -1.106448e-02 1.058439e-01 -1.774556e-02 2.613494e-01 2.813039e-02 2.464034e-02 2.025795e-01 2.212907e-01 4.071781e-03 7.971725e-02 2.963361e-01 7.664195e-02 5.646588e-01 1.563822e-01 1.418348e-01 1.788272e-01 1.449262e-01 1.620262e-01 -2.915404e-01 4.971856e-02 3.682711e-02 7.956897e-02 -2.818462e-02 4.365899e-01 1.458480e-01
-2.571696e-01 -2.108315e-01 -1.663003e-02 1.606798e-01 6.059142e-01 6.958471e-02 3.045903e-02 -6.391052e-02 -2.262843e-02 2.826686e-01 -4.694448e-01 -6.567081e-02 1.873266e-01 -9.471741e-02 1.204491e-01 9.879015e-02 5.497596e-02 -1.363379e-01 -2.259912e-01 -2.592208e-01 -6.070577e-02 -6.269544e-01 -6.106077e-02 -7.330106e-02 -1.115921e-01 -1.563577e-01 2.152145e-01 4.517327e-02 -5.987779e-02 -4.056769e-01 -3.454753e-01 -1.559277e-01
3.070309e-01 -1.514282e-01 -6.840132e-02 5.924951e-02 1.859341e-01 1.787311e-01 2.045487e-01 -1.749030e-02 -2.543208e-01 -1.050504e-01 5.422120e-01 1.651396e-01 4.809190e-02 2.578256e-01 -6.860487e-02 3.442005e-01 1.909398e-02 2.673422e-01 -2.234897e-02 8.136768e-01 -3.230686e-02 -3.014654e-04 -3.893163e-02 -4.318850e-02 1.894451e-01 2.233922e-02 4.042559e-02 -2.450015e-01 2.937608e-01 7.488532e-02 -8.053860e-02 -6.165481e-02
4.256001e-01 -4.083754e-02 2.446990e-01 -1.990786e-01 -6.439426e-02 3.556111e-01 1.608550e-01 -6.488365e-02 -3.504705e-03 1.176526e-02 3.445465e-01 -1.655413e-01 5.065318e-01 2.349642e-01 2.181659e-01 1.497273e-01 -5.684776e-02 8.376471e-03 2.036076e-02 -8.223668e-03 5.401690e-01 2.445766e-01 -2.399157e-01 2.279112e-02 4.221080e-01 -1.092676e-01 -1.910733e-01 2.540659e-01 4.369638e-01 -5.392201e-02 -3.036824e-01 -9.719347e-03
-2.245551e-01 -1.970207e-01 1.726000e-01 -1.895477e-01 -2.100694e-01 8.806480e-02 2.558189e-01 -1.989333e-01 9.633933e-02 -2.161044e-01 5.363739e-01 8.942573e-02 1.669566e-01 -2.533663e-01 -1.410694e-01 -1.765528e-02 -1.310120e-01 -3.104008e-01 -1.687040e-01 1.129433e-02 -9.560371e-03 2.085931e-01 2.717821e-01 -1.767033e-01 -3.566192e-01 5.543394e-02 -1.479917e-02 -3.001372e-01 2.021156e-01 -4.404910e-01 2.008196e-01 3.275604e-01
5.279925e-02 2.432313e-01 5.256334e-01 -3.038074e-01 -2.030561e-01 1.364446e-01 5.597150e-02 -7.810382e-02 1.541856e-01 2.109917e-01 -4.001143e-01 2.529218e-01 -1.491730e-01 2.056001e-02 -1.871766e-01 8.615043e-03 2.689072e-01 2.951398e-01 -1.572891e-01 -4.744862e-01 -2.746351e-01 1.211780e-01 -3.730877e-01 6.077052e-02 -8.164396e-02 1.258434e-01 1.957501e-02 2.055525e-01 -2.101158e-01 -1.349898e-02 -1.348187e-01 2.027025e-01
-1.156502e-01 3.999536e-01 -4.522143e-02 7.388310e-02 -1.842949e-02 2.292499e-01 -3.840270e-01 1.842935e-01 -2.822015e-02 3.178423e-02 5.152490e-01 -4.013822e-01 -4.800630e-02 1.194265e-02 6.498577e-03 -1.219590e-01 -2.389429e-01 1.787730e-01 4.427107e-01 -5.416167e-01 -3.747246e-02 4.388925e-01 9.684402e-03 -3.919411e-02 -2.412554e-02 1.806371e-01 8.048314e-02 -4.733379e-02 1.932711e-01 8.752450e-02 4.923994e-02 -2.748412e-01
-8.211172e-02 -1.341108e-01 -2.920491e-01 9.876105e-02 2.761881e-01 5.257201e-02 -7.589345e-02 -5.557597e-02 5.237415e-01 -2.720787e-01 1.885900e-01 2.515838e-01 2.026353e-02 1.334003e-01 3.372450e-01 3.465829e-01 -1.336040e-02 -1.053601e-02 1.101438e-02 2.745322e-01 -5.026320e-01 1.172866e-01 -3.433512e-02 2.103131e-01 6.209036e-01 -4.488094e-02 1.090664e-01 -1.411146e-01 -1.973896e-01 2.339642e-01 1.233632e-01 -1.028864e-01
4.361321e-01 -3.102018e-01 1.872227e-01 -1.817149e-01 1.898246e-01 -1.534210e-01 4.267831e-01 -3.818408e-02 -2.480080e-01 1.927228e-01 -2.476652e-01 -2.240911e-01 -1.859450e-02 -3.317467e-02 1.904566e-01 -2.009659e-01 1.974264e-01 -9.188192e-02 -4.816305e-01 5.342001e-01 4.163239e-02 -4.652346e-01 1.305907e-02 6.742719e-02 -1.008947e-01 -1.720282e-02 -9.481461e-02 2.558275e-02 -1.030861e-01 -1.189348e-01 1.537024e-02 3.240979e-01
-2.076219e-01 9.401922e-02 -5.643085e-02 -2.749987e-01 4.033094e-01 -2.297085e-01 6.215774e-02 5.039030e-02 6.437507e-01 -1.176147e-02 -6.206650e-02 -3.152332e-01 -7.735264e-03 1.404542e-01 -2.261143e-02 -3.834126e-02 -4.839602e-02 -3.901289e-01 -2.987608e-01 -5.114012e-02 -1.203447e-02 1.778163e-01 1.802226e-01 -1.200583e-01 3.753096e-01 -5.587154e-02 3.550567e-01 -1.465522e-01 5.075669e-01 -1.938273e-01 -1.707865e-01 6.454480e-02
4.258473e-02 -1.561956e-01 3.147235e-01 -4.667054e-01 -9.522744e-02 -9.781930e-02 3.810992e-01 9.597004e-02 -8.527507e-02 -6.487928e-04 1.328630e-01 5.616322e-01 3.819707e-02 1.748030e-01 6.704870e-02 7.112381e-02 6.405660e-03 5.077491e-02 9.006713e-02 -4.328310e-01 1.756973e-01 -1.325820e-01 2.734762e-01 1.626903e-01 -3.066934e-01 2.290526e-01 -1.149266e-01 1.555424e-01 2.942584e-01 2.713258e-02 2.097758e-02 -4.608964e-01
3.741594e-01 9.623019e-02 -4.882456e-02 3.465911e-01 -1.521838e-01 7.862208e-02 -3.008036e-01 6.630253e-02 3.128012e-01 -2.142146e-01 5.296145e-02 2.829529e-01 6.467798e-02 1.474798e-02 -9.581937e-02 2.485917e-01 1.203132e-01 1.209130e-01 2.603723e-01 -2.093079e-02 -1.144247e-02 1.962931e-02 2.457304e-01 2.994204e-02 -6.447949e-01 2.994894e-01 2.398128e-01 -1.473085e-01 1.203414e-01 1.293717e-01 -1.063771e-02 7.218201e-02
-1.191575e-02 2.222088e-01 3.520515e-01 -2.408660e-01 -3.078591e-01 -3.944161e-01 -9.370732e-02 -4.875653e-02 -1.753460e-01 -2.582133e-01 5.078049e-01 5.428119e-02 2.659681e-02 -1.056663e-01 -5.773269e-05 -1.015555e-01 -1.421703e-01 1.455661e-01 2.225190e-01 3.393341e-01 8.377833e-02 5.241988e-01 8.746814e-02 4.467970e-02 1.334265e-01 1.741871e-01 -2.545657e-01 2.215838e-02 1.327386e-01 3.666925e-01 3.667709e-01 1.822228e-01
-8.010333e-02 -2.296925e-01 -2.384472e-02 -2.030984e-01 2.170204e-01 6.280314e-02 1.153590e-01 -1.437606e-01 4.078210e-01 3.126203e-01 -1.374675e-01 5.742108e-02 3.061954e-02 4.900809e-03 4.606159e-01 3.436614e-01 -2.778771e-02 -1.914450e-01 -1.553086e-01 -2.126277e-01 -1.993031e-01 4.996879e-02 -4.709018e-02 -6.689581e-02 1.384837e-01 -1.280271e-01 9.595584e-02 8.099756e-02 1.087102e-01 2.671299e-01 5.091801e-01 4.436204e-01
-1.602698e-01 -2.641593e-02 -2.959658e-01 -2.988431e-01 -1.329124e-01 1.346653e-01 4.729530e-01 -2.849016e-01 -6.564090e-02 7.606754e-02 7.116605e-02 -3.605755e-01 -1.342130e-01 2.738707e-01 -4.109001e-02 9.676485e-02 1.744653e-02 -1.194001e-01 2.669601e-02 -4.350246e-01 -1.244419e-01 -2.393762e-01 1.058012e-01 1.224073e-01 -4.389947e-02 -1.122862e-01 -1.494077e-01 -4.563521e-01 1.959275e-03 -6.058959e-01 3.521787e-02 -2.211834e-02
1.494908e-01 2.963413e-01 5.269576e-01 -2.922652e-01 -2.584387e-01 1.647035e-01 4.408017e-02 2.057737e-01 3.678906e-02 6.287041e-02 -3.073047e-01 1.765251e-01 -2.501588e-01 1.790263e-01 -2.249996e-01 -2.557650e-03 3.648845e-01 2.760842e-01 -1.338673e-01 -3.954026e-01 -2.313187e-01 4.952338e-02 -3.967442e-01 8.112814e-03 -1.001510e-01 -7.648620e-03 9.890141e-02 2.592268e-01 -1.335686e-01 2.747555e-01 -2.576069e-01 1.287660e-01
9.899771e-02 -7.936917e-02 -3.795889e-01 -4.704356e-01 3.994439e-02 2.543277e-01 5.762041e-02 5.049800e-01 -1.594059e-01 1.998274e-01 -5.084933e-02 -1.019737e-01 8.259793e-02 -1.642192e-01 2.935784e-01 -2.946657e-01 2.899595e-01 -7.726546e-02 -3.213508e-01 4.575028e-01 7.338680e-02 -2.356950e-01 -1.080042e-01 3.314328e-01 -1.633000e-01 -1.618973e-01 -1.169973e-01 8.726290e-02 -1.133229e-01 -3.006089e-01 -7.959220e-02 4.712718e-01
6.463308e-02 -4.286265e-02 3.776950e-01 3.275943e-01 2.768560e-01 2.079963e-01 -1.843576e-01 -1.023410e-01 -6.573869e-02 -3.310333e-01 -1.519164e-01 1.806310e-01 3.717258e-01 6.845015e-02 -1.644342e-01 -1.910557e-01 1.649172e-01 1.235351e-02 1.532399e-02 4.267460e-01 -9.355164e-02 1.795431e-01 -4.144368e-02 -2.418180e-01 1.455445e-01 -9.405432e-02 -7.732628e-02 9.874628e-02 4.337374e-02 1.529228e-01 5.846987e-01 -2.706815e-01
-3.744743e-01 2.720452e-01 7.100375e-02 1.323914e-01 -7.052276e-02 4.852889e-02 -2.695294e-01 1.171272e-01 5.268778e-01 1.901037e-01 -1.994014e-01 3.432892e-02 -1.702232e-01 -2.038030e-01 4.256219e-02 -1.484043e-01 5.022611e-02 -3.846883e-02 9.363655e-02 -7.613184e-01 -2.230387e-04 1.418272e-01 5.508157e-02 1.033031e-01 -3.242919e-01 -1.409403e-01 -5.151315e-02 5.694867e-02 -1.772837e-01 -8.694704e-02 1.030803e-01 1.840045e-01
2.099480e-01 1.050856e-02 -2.525682e-01 -2.962421e-01 1.713076e-01 -3.868485e-01 1.102714e-01 2.216908e-02 1.348207e-01 4.474286e-01 3.530415e-01 1.644757e-02 4.231508e-02 5.048846e-02 2.476834e-01 -3.507590e-01 -2.030636e-01 -6.759874e-02 -2.723150e-02 8.496563e-02 -1.122493e-01 -8.986230e-02 -5.984417e-02 1.095437e-01 -6.521263e-02 3.872253e-02 -4.071915e-01 2.452097e-01 -1.372916e-01 -3.308470e-01 7.001110e-01 -1.621205e-01
1.122937e-01 8.053990e-02 -3.445612e-01 3.511961e-01 2.360651e-01 -5.985465e-02 -1.593793e-01 1.828805e-01 1.622952e-01 5.284760e-01 -3.064810e-01 -1.990448e-01 2.741706e-02 -7.509521e-03 8.878720e-02 -6.971788e-02 -2.101034e-02 -3.064464e-01 -3.067665e-01 -1.860299e-01 -3.548526e-01 -5.442899e-01 -4.456837e-02 -5.340718e-02 -3.935913e-02 2.388695e-02 3.189604e-01 -1.289254e-01 -7.820991e-02 -2.889763e-01 -4.314970e-02 -1.047450e-01
-1.981243e-01 3.131424e-01 -1.217322e-01 -3.303970e-02 -3.617002e-01 -2.389438e-02 -3.137690e-01 -4.469242e-02 2.124344e-01 1.537761e-01 3.792871e-01 4.623241e-01 -2.632047e-01 -2.111025e-01 4.105085e-02 2.916228e-02 7.240091e-02 -6.666183e-02 -1.095757e-01 -1.405122e-02 -1.350620e-01 -9.295014e-02 -3.229098e-01 7.198307e-02 2.256921e-01 -2.174569e-01 -5.854568e-02 3.636379e-02 -6.665203e-02 7.146095e-01 2.558744e-01 3.408652e-01
-2.595716e-01 4.549787e-01 -8.071297e-02 4.383039e-01 -2.897849e-01 1.277477e-01 -1.795235e-01 2.489749e-01 -1.880197e-02 -8.615656e-02 2.710544e-01 -1.845493e-01 -2.741001e-02 -1.080406e-02 2.660660e-01 -2.814677e-02 1.477628e-01 2.931318e-01 -1.328518e-01 -4.311124e-01 7.401690e-02 4.243037e-01 3.165080e-01 -1.649001e-01 1.644010e-01 2.804345e-01 -5.965686e-02 -1.020833e-01 5.036230e-02 2.905158e-01 7.474490e-02 8.028531e-02
-3.877005e-01 2.115805e-02 1.208734e-01 1.220748e-01 -4.073045e-02 -5.773834e-02 -1.332007e-02 -1.749994e-01 5.830225e-01 1.647704e-01 -3.942350e-01 -2.779993e-01 2.083506e-01 -1.677746e-01 -2.735021e-01 1.310437e-01 1.097376e-01 3.903285e-01 -1.728436e-01 2.344654e-01 -1.589679e-01 1.293254e-02 1.020776e-01 4.816039e-02 2.218402e-02 5.475384e-02 3.721257e-01 2.133247e-01 3.199590e-02 6.920137e-01 -1.607765e-01 -7.566805e-03
7.735240e-02 3.649572e-01 1.374359e-01 7.305199e-03 5.318583e-01 -5.598835e-02 -2.135041e-01 -4.999262e-02 -2.032846e-01 7.031544e-02 2.206319e-01 2.220772e-01 -3.436162e-02 1.539796e-01 -3.802925e-01 -9.475297e-02 1.552612e-01 -1.849456e-01 -3.024112e-02 -3.863795e-01 4.704951e-01 2.474259e-01 -1.560174e-01 -8.199126e-02 -3.013064e-02 -1.099817e-01 -4.446703e-01 1.067614e-01 1.402593e-01 1.564260e-01 -9.849268e-02 -2.170658e-01
-2.873238e-01 7.980778e-02 -3.729498e-01 1.323845e-01 4.606060e-01 9.565065e-02 -4.693922e-02 1.330047e-01 7.414648e-02 -3.388978e-01 3.261103e-01 -2.664841e-01 2.601186e-02 -1.436737e-02 2.110352e-01 2.194724e-01 -3.872338e-01 -1.932790e-02 -1.435959e-01 3.164415e-01 1.098480e-03 -1.929279e-03 2.590198e-01 -1.433486e-01 7.379342e-02 1.428291e-01 1.589839e-01 -1.183552e-01 5.634138e-01 -5.913355e-02 2.475171e-01 2.233818e-02
-7.798711e-02 -2.105314e-01 -2.588632e-01 5.140544e-01 1.361009e-01 1.316718e-01 -3.235061e-01 5.274537e-02 -1.943966e-01 -2.805775e-01 1.797721e-01 3.361062e-02 1.852901e-02 3.871467e-01 8.358213e-02 1.327339e-01 6.440934e-02 3.246152e-01 -1.409547e-02 6.411372e-01 2.895794e-01 1.523179e-01 1.202538e-01 1.076775e-01 3.222212e-01 -1.043991e-01 -3.980636e-02 -1.751426e-01 9.634280e-02 -7.628913e-02 3.171083e-01 8.873855e-02
-1.296211e-01 -9.788615e-03 3.732347e-01 8.741271e-02 -1.868359e-01 2.255254e-01 1.359809e-01 -2.739803e-01 3.560103e-01 2.964361e-01 3.344726e-01 3.998838e-02 5.674029e-03 -2.078071e-01 -3.313310e-01 3.160221e-01 -1.351639e-01 1.630073e-01 -3.317128e-01 -1.082917e-01 -1.294986e-01 -2.382723e-01 2.194421e-01 -1.490574e-01 1.472087e-01 1.972853e-01 3.740770e-01 -4.686026e-01 -7.086436e-02 -3.247027e-01 -1.170899e-01 -2.301925e-01
-3.599495e-02 -9.762880e-02 5.661244e-01 4.487776e-02 -1.577190e-01 -1.280306e-02 4.122316e-01 2.809360e-01 4.262242e-02 1.278024e-01 1.185277e-01 -2.609553e-01 -1.237919e-01 6.738818e-02 -1.355481e-01 -2.387800e-02 -1.342476e-01 -1.299383e-01 -3.405617e-01 -3.922139e-01 1.561486e-01 1.172825e-01 1.303661e-01 1.477198e-01 -1.184634e-01 -2.186634e-01 1.753492e-01 -3.242035e-01 1.818375e-01 -3.105334e-01 -2.092743e-01 3.138032e-01
4.717269e-01 2.227080e-02 5.685084e-01 1.046418e-01 1.051918e-01 1.792775e-02 -3.070491e-01 -4.345574e-03 -9.250464e-02 -2.487533e-01 1.374807e-01 3.095934e-01 1.241885e-01 -3.912979e-03 -7.166797e-02 3.685574e-02 1.774909e-01 1.621875e-01 -4.413413e-02 -2.356733e-01 -8.113040e-02 -5.718931e-02 -2.102546e-01 -2.994920e-01 9.026765e-02 2.715757e-01 2.580477e-01 6.488571e-02 -1.191124e-01 2.928110e-01 -3.056289e-01 -4.697298e-01
1.779348e-01 -1.329108e-01 -2.119842e-01 9.086190e-02 1.096424e-01 4.141138e-02 5.532564e-02 6.627627e-02 -4.569800e-01 -3.260221e-01 5.771798e-01 7.747340e-02 3.014785e-02 2.189264e-01 -1.013164e-01 3.243496e-01 1.295312e-01 -3.116077e-01 -1.274544e-01 -5.051406e-02 -4.121473e-02 -3.231676e-01 1.865140e-01 -5.007182e-02 -1.088969e-01 1.230831e-01 7.314709e-02 -2.303490e-01 6.006892e-01 1.358957e-01 1.220524e-01 -3.881384e-01
7.040269e-02 4.470390e-02 -4.394035e-02 -1.017090e-01 -2.922147e-01 -2.932932e-01 4.897244e-02 -6.367730e-02 1.062123e-01 -6.390061e-02 6.226835e-01 3.299820e-01 5.402316e-02 -7.984623e-02 -1.666700e-01 -2.685236e-01 -1.594474e-01 -3.306920e-01 -1.966087e-01 9.068572e-02 -1.511524e-02 1.976803e-01 1.611102e-01 -1.720416e-01 -3.040552e-01 -4.491108e-02 -5.885808e-02 -4.321120e-01 3.933207e-01 -2.606826e-01 4.269241e-02 3.071960e-01
2.050740e-01 4.111862e-01 3.326759e-02 3.778887e-02 -1.107800e-01 2.712180e-01 4.217846e-02 -5.167848e-03 -2.429612e-01 -4.367155e-01 5.177137e-01 -4.031937e-02 1.616780e-02 4.815476e-02 7.773799e-02 9.802226e-03 1.028992e-01 -1.203459e-01 5.616994e-02 2.496084e-01 -2.731259e-01 -2.770048e-02 -1.039710e-01 -2.455269e-01 6.109568e-02 -6.412747e-02 -1.905652e-03 -2.851921e-01 -3.534503e-01 5.268720e-01 2.389248e-01 2.970684e-01
5.799980e-01 5.485604e-02 4.892313e-02 -4.946809e-02 -4.376319e-01 -7.871326e-02 -2.836645e-01 -1.165600e-01 1.068571e-02 1.660175e-01 2.430220e-01 -2.384530e-01 3.096244e-01 -4.508004e-02 -9.634709e-02 -5.923662e-02 1.374474e-04 -3.926979e-03 2.487154e-01 1.572145e-01 -1.295566e-01 -3.745853e-01 -3.418516e-01 -2.988806e-01 2.061886e-01 -2.038436e-01 -8.972963e-02 4.051915e-01 -2.650484e-02 2.625777e-01 -2.238504e-01 1.671455e-01
4.449469e-01 -1.651428e-01 -3.092555e-01 -4.025356e-01 3.345149e-02 2.176740e-01 1.159481e-01 4.328332e-01 1.029730e-01 1.518013e-01 -2.496277e-02 -8.749957e-02 -2.712610e-01 2.386516e-02 1.872303e-01 -2.260064e-01 -3.153002e-01 6.788673e-02 1.746592e-01 3.464681e-01 -1.451816e-01 -2.811426e-01 5.551960e-02 -5.143825e-01 -1.856689e-01 -1.453972e-01 2.243722e-01 -5.583279e-05 1.770645e-02 -2.048576e-01 -2.299140e-01 8.983845e-02
9.284225e-02 3.297797e-01 3.344346e-01 -1.264008e-01 -2.702890e-02 -5.209366e-02 -7.318461e-02 -6.974458e-02 -1.696520e-01 -6.663324e-02 6.117653e-01 -3.281263e-01 1.101530e-01 7.511637e-02 3.907492e-01 1.243078e-01 -1.731925e-02 -3.481995e-01 3.319010e-01 2.105259e-01 1.581125e-01 9.170536e-02 2.170994e-01 1.150091e-01 -1.492338e-01 -1.936795e-01 -4.549913e-01 -2.814773e-02 3.211940e-01 3.565295e-01 1.492727e-01 2.034507e-01
-1.694312e-01 -1.130554e-01 -1.951096e-01 -1.627173e-02 8.564264e-02 -2.372887e-01 1.070915e-03 -7.489266e-02 3.405952e-02 -2.022184e-01 -6.332275e-02 5.189622e-01 1.888586e-02 2.672715e-01 4.191581e-01 3.766438e-01 -3.280302e-02 1.647644e-01 3.689803e-01 3.573455e-02 -4.102802e-01 6.356370e-02 1.548464e-02 -1.334017e-03 -6.134337e-01 1.339832e-01 2.985510e-01 -7.727185e-02 1.967003e-02 -4.785020e-02 2.525618e-01 -7.662889e-02
-6.314345e-02 2.124655e-01 4.926843e-01 -1.320268e-01 8.322454e-02 -6.618577e-02 2.864934e-01 7.785191e-02 3.712694e-01 2.741080e-01 -2.587491e-01 8.493445e-02 -2.399475e-01 -3.188822e-01 -5.274127e-02 -4.724275e-02 1.917217e-01 1.194502e-01 -1.090520e-01 -4.715857e-01 -4.290125e-01 8.778512e-02 -1.968427e-01 -3.330258e-03 4.208550e-02 1.695945e-01 -5.618230e-02 4.210231e-01 -1.098310e-01 3.933762e-02 -1.082389e-01 2.729981e-01
-1.989336e-01 -2.937908e-01 -1.591798e-01 3.800304e-02 1.004817e-01 1.784706e-02 2.332548e-01 -3.170128e-02 8.797925e-03 -2.021704e-01 -1.484141e-02 4.088072e-01 -3.388112e-02 2.290183e-01 5.572059e-01 2.431711e-01 -9.094995e-02 -1.113470e-01 1.354511e-01 3.746909e-01 -5.117266e-01 -1.812137e-02 1.096848e-01 1.746928e-01 5.287788e-01 -1.699088e-01 8.487614e-02 -4.778581e-03 -1.419766e-01 2.136025e-01 5.051422e-02 6.359781e-03
4.998644e-02 4.851414e-01 1.508494e-01 1.960644e-01 -5.677943e-02 -2.702267e-01 -1.200384e-01 3.367808e-02 -3.486372e-01 -3.005494e-01 -8.591177e-02 -1.767696e-01 -7.066198e-02 -5.159915e-02 -3.458576e-01 -3.673834e-01 -4.492341e-02 1.995314e-01 -8.502260e-03 1.324652e-01 1.207267e-01 -7.664864e-02 8.915580e-02 -4.596742e-02 3.576533e-01 1.997047e-01 -2.027720e-01 4.039090e-02 8.270064e-02 -2.369879e-01 -3.775569e-01 -6.209879e-01
-3.540048e-01 -8.377133e-02 1.044587e-01 5.092800e-01 1.214115e-01 3.445555e-02 -4.085156e-01 1.123394e-01 4.150605e-01 1.680793e-01 -9.204112e-03 7.745118e-02 -5.918354e-03 -2.068433e-01 1.584391e-01 -2.130542e-01 -9.298637e-02 1.616671e-01 3.427090e-01 3.519933e-01 1.134364e-01 2.265731e-02 -1.589312e-01 -5.632852e-01 1.379391e-02 -2.573766e-01 -1.948238e-01 2.826243e-01 -2.556695e-01 -7.623039e-02 -6.041009e-02 1.069859e-01
5.036014e-01 -1.337989e-02 8.109559e-02 2.511862e-01 3.527104e-02 -1.057196e-01 -3.451455e-01 1.346353e-01 -8.551724e-02 -1.695446e-01 -4.072875e-03 3.094332e-01 1.008533e-01 -2.915278e-01 1.845002e-01 1.495641e-01 4.541173e-01 1.325091e-01 -9.437707e-02 -2.292614e-01 -8.286144e-02 1.269711e-01 8.050170e-03 -1.654823e-01 -8.070105e-02 1.162310e-01 2.844984e-01 2.027435e-01 9.906901e-02 4.447285e-01 4.181531e-02 -1.251794e-01
4.322147e-02 5.295964e-01 1.421446e-01 -2.981905e-01 2.111175e-01 -2.234447e-01 5.290899e-02 -1.200576e-01 -3.197554e-01 8.939624e-02 1.776131e-01 -1.650189e-02 -1.481332e-01 3.270725e-01 -3.400866e-03 -2.159166e-01 -5.678524e-02 -2.165432e-01 1.205983e-01 -4.807514e-01 8.594275e-02 -8.397594e-02 -1.062428e-01 2.893908e-01 -5.224152e-03 -9.671948e-02 -1.872860e-01 -4.733933e-01 1.234525e-01 -4.334784e-01 1.226238e-01 -4.277427e-02
2.374595e-01 1.988258e-01 -1.945930e-01 5.775515e-03 -3.682334e-01 8.372065e-02 2.479418e-02 3.752725e-01 4.895470e-02 -3.024403e-01 -4.298900e-02 1.191133e-01 -3.449591e-01 4.071862e-01 -1.661383e-01 -4.531485e-02 -1.703111e-02 1.146812e-01 1.692842e-02 8.099170e-02 3.685607e-01 5.058907e-01 -2.826595e-02 1.032743e-01 6.794446e-02 1.190212e-01 -7.882566e-02 2.234652e-02 6.002349e-02 6.008362e-01 2.522388e-01 9.121987e-02
-1.218582e-01 -1.254339e-01 1.024245e-01 -1.742554e-01 3.662789e-01 -3.051417e-01 1.399522e-01 -2.527370e-01 6.909539e-01 -6.223866e-03 -8.528295e-02 -4.643430e-02 -1.218257e-02 -1.207981e-01 2.641399e-01 -1.325994e-02 -1.740580e-01 -3.232069e-01 -2.463457e-01 -1.411413e-01 -1.715513e-01 -4.453243e-02 9.373412e-02 1.430575e-01 6.989518e-01 -2.497230e-01 2.256141e-01 3.354042e-02 2.647095e-01 4.062367e-02 -1.154294e-01 3.928738e-02
6.731859e-01 -5.510449e-02 3.443998e-02 1.565619e-01 4.973977e-02 -4.031096e-02 -6.994505e-02 -1.791721e-01 -1.751973e-01 9.199587e-02 -2.811667e-02 -1.901373e-01 3.071721e-01 -1.360967e-01 2.402534e-01 -1.562992e-02 -6.495500e-02 -4.646546e-02 7.965857e-02 6.346754e-02 2.047498e-02 -2.853292e-01 1.817957e-01 2.040558e-01 3.957876e-01 1.575484e-01 3.396869e-01 5.168630e-01 5.451787e-02 -7.601690e-02 4.105613e-02 -2.183491e-01
2.745053e-01 -1.499167e-01 3.065177e-01 4.503568e-01 -1.864243e-01 2.077199e-01 -2.991074e-01 -1.050546e-01 -2.074907e-02 -1.996188e-01 2.341926e-01 3.252696e-02 2.486127e-01 5.602735e-03 -2.815946e-01 2.313980e-01 1.362032e-02 8.380681e-02 1.858558e-01 -2.643223e-01 -1.444265e-02 3.632082e-01 -1.837206e-01 -2.465694e-01 7.382780e-02 2.317348e-01 5.162939e-01 -2.600927e-01 1.713439e-02 2.309990e-01 -2.378497e-01 -2.494675e-01
-2.011016e-01 -8.735861e-03 -1.132910e-01 4.001634e-01 -5.429129e-02 -1.734824e-01 1.546933e-01 -1.260165e-01 8.102103e-02 2.434293e-01 -2.902403e-01 5.065482e-01 -4.166915e-01 -8.762040e-03 -4.656480e-02 8.188711e-02 3.104166e-01 -2.355472e-01 -2.759764e-01 6.279716e-01 6.260116e-02 -1.615433e-01 -3.029087e-02 9.094927e-02 1.255795e-01 -2.425875e-01 -8.785081e-02 -1.627915e-02 -2.697986e-01 -9.118411e-02 -2.658790e-01 2.395982e-01
7.499489e-02 2.097911e-01 -1.218239e-01 -4.189645e-02 -1.741648e-01 4.319381e-02 -1.584598e-01 1.657756e-01 6.488439e-02 2.967074e-01 -3.032088e-01 2.307812e-02 1.320055e-02 6.039549e-01 1.709105e-01 1.193464e-01 -2.005677e-02 3.483367e-01 3.726318e-01 8.195058e-02 -1.759130e-01 -9.544392e-02 -2.730477e-01 1.579697e-01 2.223092e-01 -1.545760e-01 1.479408e-01 1.124266e-01 -1.624719e-01 4.955302e-01 -1.977948e-01 -2.225195e-01
-2.419464e-01 2.960308e-01 -2.907347e-01 2.151194e-01 1.278358e-01 5.119424e-01 -1.622231e-01 1.351320e-01 6.782581e-02 -2.289131e-01 1.737331e-01 -2.177876e-01 1.247265e-02 -9.929531e-02 -1.766443e-01 -3.473083e-01 -1.422672e-02 -8.997279e-02 -1.460840e-01 2.078660e-01 -5.174415e-01 7.542477e-02 -3.046349e-01 -8.350326e-02 1.860460e-01 -2.018447e-01 1.377915e-01 -1.203960e-01 -2.933100e-01 -3.667391e-01 -3.569069e-03 3.763880e-01
1.587297e-01 -1.760841e-01 -2.079751e-01 -2.479972e-01 1.191773e-01 1.470392e-02 1.987625e-01 -1.088648e-01 -3.801126e-01 -1.359261e-01 4.052626e-01 4.071859e-02 1.180692e-01 3.082816e-02 -2.883662e-01 5.099230e-01 -1.250503e-01 3.572941e-01 9.166270e-02 6.944992e-01 5.289304e-02 7.446509e-02 -2.773208e-03 -1.720681e-02 5.535647e-02 2.939799e-02 -2.257333e-02 -5.167946e-01 7.060844e-02 3.916364e-02 -2.863130e-02 -6.241191e-02
-1.329547e-01 -1.096852e-01 -2.323504e-01 4.878437e-01 2.050306e-01 -2.650398e-01 -2.421693e-01 -5.363454e-02 -2.542180e-01 -1.682464e-01 -6.949238e-02 -1.620472e-01 -3.025369e-01 -2.741053e-01 -2.226647e-01 -2.325118e-01 -5.455614e-01 1.815041e-01 1.712744e-02 9.190714e-02 -2.637149e-01 -7.098141e-02 -2.215676e-02 -1.576716e-01 9.911123e-02 1.062380e-01 -5.111255e-02 8.633826e-02 -8.537943e-02 1.571498e-01 2.687789e-01 5.391572e-01
-3.362806e-01 -3.383382e-02 1.386003e-01 7.364853e-02 2.035194e-01 -4.099381e-01 1.438010e-01 -4.634432e-02 -4.780607e-02 -3.202058e-01 -3.116363e-02 -1.918372e-01 -8.884026e-02 5.425014e-01 -2.373316e-01 -1.248516e-01 4.192442e-01 -2.207372e-01 -1.639534e-01 2.504591e-02 -6.622732e-02 7.652310e-02 1.943854e-02 -3.045062e-01 -4.275991e-01 -2.436127e-01 -9.703901e-03 8.724434e-03 -3.874544e-01 2.413416e-01 -7.079636e-02 2.133813e-01
1.890484e-01 -9.149120e-02 1.952464e-01 -2.680470e-01 -1.525424e-01 -1.563484e-01 1.237704e-01 -1.494207e-01 -4.175209e-01 -1.309528e-01 5.690429e-01 -5.377839e-03 1.125485e-01 -6.048800e-02 -2.076301e-01 3.791147e-01 6.133382e-02 -4.947457e-01 -1.315346e-01 -5.052849e-01 8.142674e-02 -1.587003e-01 1.798251e-01 -1.163633e-01 -9.067857e-02 8.639666e-02 2.377393e-02 -1.237617e-01 -1.274777e-01 4.465685e-01 1.802511e-01 -2.664220e-01
-2.997185e-01 4.420802e-01 -1.930900e-01 6.248606e-02 -1.166597e-02 1.833390e-01 -3.613485e-01 1.303348e-01 -2.554976e-01 6.071917e-02 -2.308672e-01 -9.515804e-02 9.627295e-02 -3.391836e-01 -2.580886e-01 -3.548620e-01 6.821119e-02 -1.358555e-01 1.723180e-01 -2.153700e-01 -4.139420e-01 -1.211236e-01 4.379569e-02 4.630234e-02 -7.223555e-01 8.358228e-02 -1.555902e-01 -2.098099e-01 -2.032950e-01 5.998065e-02 1.074735e-01 2.810878e-02
-5.199322e-02 4.498727e-02 -3.528115e-01 4.475085e-01 -1.461905e-01 5.671139e-02 -2.406120e-01 -1.212060e-01 2.071773e-01 4.713714e-01 -2.649516e-03 -5.935276e-02 1.373981e-01 -7.315844e-02 3.923273e-01 -2.904086e-01 -4.530995e-01 1.318600e-01 2.329728e-01 1.632470e-01 -3.237009e-02 5.634059e-01 -9.528305e-02 -3.707282e-01 9.851835e-02 2.627553e-01 6.098279e-02 4.940812e-02 -1.266317e-01 1.276992e-01 2.135681e-01 -1.573211e-01
-6.891973e-02 8.698324e-02 3.698848e-01 -5.417639e-02 -1.615795e-01 3.627542e-01 1.465461e-01 4.376349e-02 1.388006e-01 -2.623126e-01 -1.345963e-01 8.087417e-02 2.420728e-01 1.228310e-01 -1.132635e-01 4.679385e-01 3.386303e-01 -8.206946e-02 1.128527e-02 -2.767665e-02 1.965733e-01 4.892612e-02 9.299380e-02 3.611852e-02 3.314706e-02 -6.041748e-02 2.908503e-01 -2.008992e-01 1.595051e-01 1.934565e-01 -6.703483e-01 -9.162003e-02
3.425090e-01 2.132451e-01 1.090690e-01 5.969689e-02 3.457684e-01 -3.001307e-01 4.138752e-01 -7.363754e-02 1.565121e-01 -5.700403e-02 1.514820e-01 1.249279e-01 2.241846e-01 -3.166265e-01 1.111217e-01 -1.055939e-01 1.117793e-01 1.272900e-01 -1.505897e-02 2.579921e-01 1.302881e-01 1.025111e-01 -2.869945e-01 -4.410170e-01 3.595231e-01 9.393669e-02 1.744890e-01 2.916157e-01 2.468354e-01 -1.260107e-02 2.080484e-01 -5.633447e-02
-3.116085e-02 -2.507577e-01 -2.521265e-01 -7.320510e-02 1.136415e-01 -1.191188e-01 3.631186e-01 8.145121e-02 4.799891e-02 3.325914e-01 1.782001e-01 1.006196e-01 5.928584e-02 4.349070e-01 4.530438e-01 2.090567e-01 -2.027404e-01 -2.319366e-01 3.642167e-01 9.957653e-02 -1.366457e-01 1.090335e-03 4.266870e-01 6.956801e-02 -3.049991e-01 -8.416229e-02 3.999076e-01 -2.217749e-01 2.056387e-01 1.022952e-01 2.575357e-01 -1.649721e-01
2.596947e-02 2.140393e-01 2.747714e-01 -2.190054e-01 -7.185111e-03 -6.123979e-02 2.705153e-01 -8.022568e-02 -2.915736e-01 -2.256631e-01 4.607688e-01 3.835673e-02 -1.017043e-01 -3.132731e-01 9.998886e-03 4.864533e-01 2.695626e-01 2.080284e-01 4.289372e-02 2.413699e-01 9.894634e-02 -2.174112e-01 -3.748212e-02 9.891066e-02 6.939539e-02 -3.321103e-01 -4.516178e-01 3.369678e-01 2.358683e-01 4.287848e-01 2.187743e-01 -1.877015e-04
5.417965e-01 -6.435732e-02 7.343728e-02 -2.859996e-01 3.745592e-01 -1.511682e-01 1.388806e-01 2.601836e-02 2.173100e-01 1.185069e-01 -9.927310e-02 -2.049943e-01 -4.202862e-01 -5.856457e-02 -9.891511e-02 -5.311950e-02 -1.447943e-01 -2.245675e-01 2.862984e-01 4.889819e-01 -1.291556e-01 -1.950959e-01 -1.037133e-01 1.806467e-01 -4.090106e-01 6.143058e-02 2.797442e-01 -7.972257e-02 -5.713895e-03 8.081342e-02 -3.881893e-01 7.653966e-02
1.261667e-01 -3.516237e-01 2.334959e-01 -2.015777e-01 -3.755037e-02 -6.718785e-02 6.936397e-02 -3.592530e-02 5.129684e-02 -1.671535e-01 -3.270025e-01 4.297000e-01 2.593322e-01 -1.969744e-02 8.091176e-02 -1.739580e-04 -9.140385e-03 -1.651365e-01 8.207902e-03 6.403431e-01 1.056772e-01 -1.764732e-01 -6.682919e-02 3.090811e-01 8.076066e-02 -2.596176e-01 9.075446e-03 1.029185e-01 -9.825251e-02 -6.486337e-02 -4.649144e-02 1.214416e-01
-7.798281e-02 -1.665528e-01 -7.446700e-02 -2.596812e-01 2.899830e-01 -1.164944e-01 1.869390e-01 -2.092405e-01 5.833767e-01 5.548718e-02 -1.446915e-01 -3.545483e-02 -3.053851e-03 7.831281e-03 4.892615e-01 2.576948e-01 -2.761886e-01 -3.116042e-01 -2.470116e-01 -2.968164e-01 -4.121905e-01 -1.107120e-01 -5.839738e-02 7.379360e-02 3.021551e-01 7.434538e-03 1.136675e-01 2.602995e-02 1.617135e-01 1.800821e-01 3.947580e-01 3.460849e-01
4.447945e-01 -2.139207e-01 2.367972e-01 -3.336333e-01 8.235974e-02 1.141896e-01 4.967470e-01 1.305608e-01 2.353057e-01 -1.586037e-01 2.450521e-01 1.380067e-02 4.953559e-02 2.332617e-01 1.861090e-01 1.641035e-01 -7.553408e-02 -4.635080e-02 -2.122687e-01 2.297595e-03 4.999211e-01 -8.054992e-03 -3.010655e-01 1.090815e-01 4.314876e-01 -1.259370e-01 -2.917312e-01 1.776081e-01 3.119102e-01 -6.689285e-02 -3.634137e-01 7.546236e-02
3.171458e-01 -1.407548e-02 3.806207e-01 3.701057e-01 2.117585e-01 -1.672756e-01 -3.255650e-01 4.206849e-02 9.655231e-02 -2.245440e-01 -9.384996e-02 3.489454e-01 2.592632e-01 -7.554865e-02 -1.573371e-01 -1.020702e-01 -2.909773e-02 1.289805e-01 -7.077412e-02 5.066206e-01 1.341509e-01 2.275657e-01 -8.065341e-02 -9.419228e-02 3.121173e-02 1.379718e-01 1.396863e-01 4.391720e-01 -9.803826e-02 5.694323e-01 -8.191903e-02 2.455979e-02
-5.569154e-03 3.503720e-01 9.300087e-02 2.689129e-01 7.732680e-02 2.093517e-01 -2.162216e-01 -7.281275e-02 -6.219881e-02 2.237823e-01 5.197779e-01 -4.241532e-01 -2.806832e-01 7.158656e-02 1.853890e-02 -9.619591e-02 -3.575520e-01 2.667929e-01 3.829590e-01 -5.765047e-01 4.239161e-02 2.472828e-01 2.837829e-02 -7.030769e-02 -6.073295e-02 7.039288e-02 1.055464e-01 -1.654589e-01 1.505717e-01 2.260367e-01 -5.085035e-02 -3.111062e-01
-4.041890e-01 -1.564905e-01 -3.108186e-01 4.714227e-01 2.941053e-01 -2.217546e-02 -2.586741e-02 3.248728e-02 1.381138e-01 -2.390924e-01 1.575837e-01 -2.384295e-01 8.876326e-03 -3.267320e-02 2.365147e-01 7.799450e-03 -3.181120e-02 -6.844801e-02 1.665129e-01 4.236308e-01 1.749768e-02 -1.401790e-01 5.025039e-01 -2.286758e-01 -1.092580e-02 -1.985884e-02 2.025408e-02 1.726406e-01 9.659937e-02 -3.949450e-01 -6.995217e-02 -2.291673e-01
5.266672e-03 1.820576e-01 -8.942507e-02 1.552868e-01 -9.049771e-03 4.625428e-02 -8.725993e-02 -1.910861e-01 -2.483982e-01 -3.238066e-01 5.109612e-01 5.034531e-02 -7.243781e-02 -3.466354e-01 4.208367e-01 2.784394e-01 1.904389e-02 -1.065102e-01 -5.418860e-02 -1.419366e-02 -1.160851e-01 -1.557831e-01 4.840383e-02 -1.222061e-01 5.015525e-03 5.067143e-02 -7.951170e-02 -2.351061e-01 -5.281578e-01 4.899752e-01 1.822161e-01 4.850526e-01
-2.849517e-01 -1.175138e-02 -2.863666e-01 -8.552910e-02 -2.437583e-01 3.147068e-02 -1.351638e-01 7.873255e-02 -1.846198e-01 -7.135072e-02 3.377078e-01 1.365398e-01 5.153011e-01 3.140491e-02 -3.070079e-01 9.301323e-02 3.458935e-02 -2.302136e-01 3.118374e-02 -1.223782e-02 -1.938394e-01 -1.551901e-01 -2.744435e-01 1.218952e-01 8.191935e-02 -3.836732e-01 -6.139624e-01 -1.422367e-01 1.982778e-01 5.637618e-02 -1.317323e-01 2.120126e-01
-1.526299e-01 1.593065e-01 -1.430537e-01 -9.801202e-02 2.752827e-01 -2.745440e-01 -3.868885e-02 -1.856806e-01 6.120086e-01 -4.634548e-02 -1.809772e-01 -3.507416e-01 -7.978824e-02 2.424537e-01 2.243495e-01 -1.468887e-01 -1.877218e-01 -3.896150e-01 -1.955343e-01 -3.270842e-02 3.076042e-02 1.200944e-01 1.358035e-01 -1.611774e-01 3.679901e-01 -6.042811e-02 1.452598e-01 8.092277e-02 3.073455e-01 -3.828441e-01 -4.075142e-01 -3.193736e-01
1.104190e-01 1.731708e-02 -2.008119e-01 3.505795e-01 4.285251e-02 2.925116e-01 -3.803866e-01 -8.038043e-02 2.325246e-01 4.295712e-01 -1.580022e-02 -8.723915e-02 1.294414e-01 -1.788025e-02 3.959218e-01 -1.028939e-01 -2.736868e-01 7.123612e-02 3.965759e-01 2.961796e-01 -1.365789e-01 3.415029e-01 -6.518412e-02 -3.603421e-01 1.494060e-01 3.146197e-01 1.701773e-02 1.362814e-01 1.014781e-01 1.787724e-01 2.684586e-01 -2.068766e-01
1.502637e-01 1.034241e-02 4.209067e-01 1.508015e-01 4.766367e-02 3.131559e-01 6.014906e-02 3.113240e-02 -1.135507e-01 -2.132828e-01 -4.035146e-01 -3.050445e-01 1.037800e-01 4.018186e-02 2.464876e-01 -1.922961e-01 -1.037930e-01 3.967568e-01 -1.391477e-01 3.514240e-01 3.256579e-01 2.082491e-02 2.604172e-01 -3.751173e-02 1.686580e-01 2.585124e-01 2.759360e-01 1.914383e-01 -3.299175e-01 -3.696439e-02 -7.510956e-02 2.324801e-01
-3.632499e-01 -2.007902e-01 1.109915e-01 1.027205e-02 5.460840e-01 -1.208238e-01 -6.249306e-02 -2.421490e-01 -1.094677e-01 2.893977e-01 -1.106231e-01 -7.127805e-02 2.830564e-01 -3.715369e-01 1.512991e-01 4.342262e-02 -1.477088e-02 -1.704533e-01 -5.376828e-02 -1.090266e-01 -2.592025e-01 -6.292545e-01 4.076078e-02 -1.030942e-01 -4.893813e-02 -9.239858e-02 1.713855e-01 3.048417e-02 -3.373072e-02 -5.782800e-01 -1.917236e-01 -1.330586e-01
-3.326791e-01 -2.385828e-01 1.587330e-01 -7.007077e-02 -1.905614e-01 -3.383330e-01 5.084485e-01 -1.779037e-02 1.117153e-01 2.304602e-01 -7.225022e-03 -1.637054e-01 2.762045e-02 -3.022737e-01 -1.537971e-02 1.451307e-01 4.833529e-02 5.328392e-01 -2.865591e-01 -2.908694e-02 -8.312467e-02 1.460846e-01 -3.167208e-01 1.757038e-01 -6.717971e-02 -1.238215e-01 -4.076562e-02 -1.326481e-01 -1.868233e-01 -4.032590e-01 -4.882243e-02 1.065657e-02
-2.715318e-01 -4.143834e-03 2.276385e-01 -1.825396e-01 -2.266791e-01 -2.974852e-01 5.326905e-01 2.204941e-01 -4.076232e-02 -4.129435e-02 1.668944e-01 -2.278486e-01 -1.237879e-01 1.026103e-01 -2.226660e-01 5.070835e-03 -1.008354e-01 -2.575787e-02 -4.426379e-01 -4.346082e-01 6.465453e-02 7.871059e-02 6.824782e-02 1.330850e-01 -1.036930e-01 -1.674762e-01 1.309827e-01 -1.950946e-01 -8.630797e-02 -1.725826e-01 -3.533048e-01 3.954826e-01
2.322011e-01 9.609098e-02 8.218832e-02 -4.624064e-01 -1.648187e-01 -7.124216e-02 5.558351e-01 -2.034404e-01 -4.247686e-01 -1.244960e-01 1.809812e-02 -1.058560e-01 5.215364e-02 1.668245e-01 -1.152857e-01 2.263938e-02 -3.112322e-02 -1.580092e-01 -2.614897e-01 1.852819e-01 -5.373300e-02 -2.140052e-01 -1.584385e-01 -1.903144e-01 -1.273428e-02 4.458568e-01 -8.588882e-02 8.718983e-02 -1.388129e-02 2.036311e-01 -5.668932e-01 -2.652521e-01
2.477776e-01 4.155122e-02 -8.947738e-03 -4.898363e-02 -1.866364e-01 -3.778852e-01 1.618276e-01 1.702837e-01 -1.104629e-01 4.577171e-01 3.824569e-01 2.115244e-01 1.160845e-01 -9.520490e-02 4.377424e-01 -1.781299e-01 -3.811923e-01 9.422222e-02 -3.632487e-02 3.266529e-01 -7.333983e-02 -1.630184e-01 -2.359714e-01 -2.926851e-02 -2.713260e-01 2.626167e-01 -2.115747e-01 1.451100e-01 -3.300712e-01 6.328808e-02 4.855144e-01 -2.552027e-01
3.194962e-01 -7.136735e-02 1.460650e-01 -2.695187e-01 8.232988e-02 1.230275e-01 2.333805e-01 1.556743e-01 1.696234e-01 2.800351e-02 4.164402e-01 1.900983e-01 4.396599e-01 2.207632e-01 3.568644e-01 1.701160e-01 -1.132419e-01 1.003658e-01 6.443015e-02 -3.549407e-01 1.010694e-02 -2.433048e-01 4.432653e-01 3.224291e-01 -4.562390e-02 1.154393e-01 -7.720848e-02 1.539468e-01 1.746812e-01 -1.592938e-01 1.308691e-01 -4.739489e-01
-4.028841e-01 7.904479e-02 -1.976838e-01 4.476596e-01 -3.126567e-01 1.211053e-01 -6.419149e-02 -1.481552e-02 -1.818452e-01 -1.234149e-01 1.278293e-01 1.854714e-01 4.265559e-01 6.239599e-02 1.089526e-01 7.675023e-02 1.717995e-01 2.193101e-01 -2.970228e-01 -5.456766e-01 1.093389e-01 2.295425e-01 1.508738e-01 -1.625636e-01 3.616793e-01 -5.678193e-02 -2.891187e-01 4.338511e-02 -2.968434e-02 -4.885286e-02 2.856880e-01 -6.825054e-02
-1.011402e-01 3.899435e-01 1.125752e-01 2.233382e-01 -2.312879e-01 -1.919768e-01 -2.061531e-01 -3.108491e-01 4.969122e-02 -1.969814e-01 -1.167870e-01 7.200381e-02 -2.427628e-01 5.407467e-01 -3.777868e-02 -2.314088e-01 8.298496e-02 7.900847e-02 2.551057e-01 -1.572567e-02 3.801367e-01 -2.891022e-01 2.139665e-01 1.414656e-01 1.402227e-01 -1.742596e-01 1.095073e-01 2.928405e-03 -3.891888e-02 -9.144466e-03 -2.332321e-01 -6.421785e-01
7.878055e-02 8.719219e-02 4.394985e-01 5.365472e-01 -4.594639e-02 -1.995485e-01 9.039276e-02 -4.665956e-01 3.376286e-02 4.890218e-02 1.808241e-01 -2.089841e-01 -3.130594e-01 1.352529e-01 -1.123707e-01 2.083459e-02 -3.452280e-01 2.191229e-01 3.316524e-01 -4.332988e-01 3.245570e-03 2.341725e-01 1.277168e-01 -1.992563e-01 -1.176667e-01 2.975179e-01 1.125348e-01 -2.204298e-01 2.020183e-01 3.223846e-01 6.417760e-02 -2.878736e-01
1.839250e-02 9.928604e-02 -2.587298e-01 -3.228994e-01 -9.789759e-02 -4.552839e-02 2.073908e-01 1.786816e-01 6.991560e-03 4.186651e-01 -1.319312e-01 -1.163648e-01 -1.008553e-01 -2.814223e-01 1.762909e-01 3.899487e-01 2.982306e-02 3.247747e-02 -1.365065e-01 4.741548e-01 -1.351268e-01 -4.804856e-01 2.132725e-01 1.223921e-01 -6.459417e-02 -5.507313e-02 4.221689e-02 -1.253697e-01 -1.495633e-02 -4.020089e-01 2.674876e-01 -3.426594e-02
1.073799e-01 2.617722e-01 2.910730e-01 -7.899759e-02 -2.247193e-01 3.191141e-01 -9.179510e-02 -1.413916e-02 1.964754e-01 2.535228e-01 3.254429e-01 -2.705350e-01 4.454923e-01 -2.228993e-01 -2.667974e-02 -2.436893e-01 1.176853e-01 2.624097e-01 -2.253150e-01 -5.270940e-01 1.150030e-01 -3.456569e-01 -2.532689e-02 -6.940985e-02 -8.532272e-02 1.391203e-01 -1.416314e-01 -2.537170e-01 3.649242e-01 1.839685e-01 -5.114106e-02 -1.453448e-02
-7.808048e-02 -9.429111e-03 9.595254e-02 -3.686859e-01 -1.920574e-02 1.385281e-02 -1.429268e-01 -1.671937e-01 -1.403501e-01 -1.010502e-01 4.976927e-01 4.946309e-02 1.339107e-01 1.267309e-02 -3.387259e-01 5.453920e-01 1.460046e-02 1.923080e-01 2.089039e-01 7.700636e-01 1.447752e-01 2.239150e-01 7.262593e-02 -1.255360e-01 1.392755e-01 -1.688428e-01 5.049817e-02 -2.504252e-01 1.110076e-01 2.914448e-02 2.297477e-02 -2.011289e-01
-3.604493e-01 -1.103045e-01 1.623091e-01 1.919529e-01 -1.546200e-01 3.574729e-01 -2.139581e-01 -3.109926e-02 -2.431239e-01 -2.551461e-01 -2.296066e-01 -1.253521e-01 5.446749e-03 5.071406e-03 -2.594089e-01 4.572260e-01 8.395360e-02 1.215174e-01 -1.141705e-02 -6.144398e-02 5.709052e-03 1.943644e-02 4.459444e-01 3.107517e-02 -1.026807e-01 3.276989e-02 2.269678e-01 -4.028530e-01 -1.454155e-01 1.066887e-01 -5.058493e-01 1.560101e-01
3.546914e-01 2.981274e-01 3.378627e-01 1.064384e-01 3.839230e-01 -2.163168e-01 -2.202857e-01 2.087539e-01 -6.345789e-02 -3.312684e-01 1.359053e-01 2.597709e-01 1.955894e-01 -3.723052e-02 6.359595e-02 -2.553222e-01 -1.550794e-01 1.277410e-04 2.017323e-01 4.077196e-01 2.758087e-01 3.593872e-01 -3.218163e-02 1.231857e-02 7.621096e-03 2.469873e-01 -1.139835e-01 2.725275e-01 1.712154e-01 5.464836e-01 3.452958e-02 -1.789197e-02
-1.908495e-01 6.600721e-03 1.588823e-01 -2.986327e-01 -6.047819e-02 -1.004099e-01 5.045769e-01 5.781454e-02 -2.799148e-01 3.106090e-01 -1.933033e-01 -3.681624e-01 -2.371917e-02 -1.469312e-01 1.226027e-01 -2.919205e-01 -7.503261e-02 -2.766453e-01 -1.733774e-01 3.453928e-02 5.044439e-02 -6.982911e-02 -1.869500e-01 -1.913905e-02 5.866585e-01 -3.483333e-01 -2.560874e-01 3.427606e-01 -1.362987e-01 -2.324582e-01 1.323673e-03 6.024135e-03
4.109057e-01 2.107914e-01 3.928182e-02 -2.734606e-02 2.520761e-01 -1.995549e-01 2.537760e-01 1.087405e-02 5.068503e-01 1.532324e-01 1.828135e-01 8.597373e-02 -2.816737e-02 -1.183151e-01 1.588811e-02 -3.366919e-01 -1.839554e-02 -1.730571e-01 7.890586e-02 3.404238e-01 2.017235e-02 4.913655e-02 -3.026355e-01 -1.904365e-01 4.563146e-01 -2.141106e-01 -3.894243e-03 3.072021e-01 1.907828e-01 6.354829e-02 3.715867e-01 -1.991212e-01
-1.982562e-01 1.280689e-01 5.394488e-01 3.807611e-01 -2.388502e-03 -2.337982e-01 1.348179e-01 -4.491859e-01 -5.278851e-02 4.834017e-02 2.558482e-01 -2.152253e-01 7.422660e-03 1.180482e-01 -1.169884e-01 1.592205e-01 2.092324e-01 3.715236e-01 -9.442487e-02 2.180628e-02 3.027794e-01 7.772914e-02 -8.520476e-02 4.208659e-01 2.656055e-01 1.372393e-01 -2.928572e-01 -1.190451e-02 2.755781e-01 1.837536e-01 9.905427e-02 1.000227e-01
-6.332448e-02 -1.948137e-01 5.604076e-01 -2.083947e-01 -5.900785e-02 4.882918e-02 3.683405e-01 5.550138e-02 -1.239084e-01 -2.220704e-01 -1.125590e-02 7.636883e-02 1.543058e-01 8.960383e-02 -3.623795e-01 -8.328651e-02 -4.921773e-02 -1.622717e-01 -3.264406e-01 -4.982668e-01 2.236206e-02 -1.347160e-01 3.691741e-02 2.593287e-01 -3.791344e-02 -2.482666e-01 1.841570e-02 -4.309101e-01 7.924557e-02 -2.496942e-01 -1.657772e-01 2.555093e-01
-3.335325e-02 5.239397e-02 -1.843360e-01 5.153349e-01 -3.462963e-02 -1.051019e-01 -1.340513e-01 1.632670e-01 2.642042e-02 -3.848678e-02 -3.972395e-01 -1.586860e-02 -1.510234e-01 2.559587e-02 3.470892e-01 -4.349405e-01 1.965896e-02 -1.502277e-01 -1.522819e-01 -8.093621e-01 -3.389115e-02 -1.200431e-01 2.117524e-02 1.682657e-01 -1.741820e-01 5.375527e-02 -8.835351e-02 2.380837e-01 -1.880146e-01 -2.240207e-02 3.733328e-02 1.447415e-01
3.040220e-01 1.807392e-01 2.092933e-01 -6.888257e-02 -3.201985e-01 4.381177e-01 -4.499288e-02 -5.022280e-02 -1.135872e-01 1.891578e-01 2.093677e-01 -3.764456e-01 4.574229e-01 -9.451449e-02 -2.406476e-02 -4.135679e-02 -3.530477e-02 -4.416349e-02 -7.667895e-02 2.309924e-02 6.493158e-01 1.380626e-01 -7.147347e-02 2.112482e-02 4.290992e-01 -1.158600e-01 -2.600672e-01 1.835874e-01 3.471652e-01 8.517338e-03 -2.744239e-01 4.740952e-02
2.752216e-01 7.166801e-02 -1.518170e-01 -2.727341e-01 -2.777547e-02 4.364756e-02 3.102176e-01 -4.230617e-02 -2.207929e-01 -1.096316e-01 2.071601e-01 -1.072081e-01 3.462498e-01 7.266893e-03 5.243978e-01 2.734930e-02 -1.926811e-01 3.166243e-01 3.990950e-02 -2.847105e-01 -1.692673e-01 -2.516708e-02 2.323751e-01 -2.357356e-01 4.767056e-02 3.863278e-01 1.209073e-01 -1.255600e-01 4.119662e-02 6.228458e-02 2.790402e-01 -5.310364e-01
-4.577806e-02 -2.846952e-01 -1.355720e-01 -2.604451e-01 1.825918e-01 2.500993e-01 1.507853e-01 -2.562467e-01 3.503225e-01 2.990172e-01 1.745996e-01 2.563381e-01 -9.099491e-02 1.121305e-01 3.931552e-01 1.609776e-01 -5.539916e-04 -3.666096e-01 -3.835398e-02 -1.278514e-01 -1.466399e-01 1.804627e-01 -5.208877e-02 2.960990e-02 -2.417365e-01 -8.738696e-02 3.445691e-01 -8.429538e-02 3.335121e-02 2.130348e-01 2.807916e-01 5.720994e-01
-5.890909e-02 -1.619119e-01 -1.984770e-01 -3.320645e-01 -1.488534e-01 6.776817e-02 1.304414e-02 2.190898e-01 -2.868783e-01 -2.966109e-01 1.391205e-01 2.538916e-02 4.691630e-01 -1.170883e-01 2.338622e-01 4.258901e-02 1.031568e-01 2.570322e-01 -1.271302e-02 2.702357e-01 -8.758771e-03 3.802944e-02 -1.036644e-01 6.307403e-01 1.264175e-01 8.041783e-02 -4.336392e-02 2.960866e-01 6.811853e-02 1.416596e-01 -1.693603e-01 1.221163e-01
2.218520e-02 1.321598e-01 2.419838e-01 -3.791241e-01 -1.448866e-01 -3.582696e-01 -1.166885e-01 -1.522715e-01 -2.667098e-01 -2.585623e-01 5.282682e-01 -1.154610e-01 1.009008e-01 -1.778290e-01 -9.014297e-02 -2.057007e-02 -1.154168e-01 2.426521e-01 3.780074e-01 1.855058e-01 2.892978e-01 4.990494e-01 4.939362e-02 -1.880223e-02 7.693957e-02 1.275321e-01 -3.862809e-01 3.699053e-02 1.662384e-01 2.538378e-01 2.832946e-01 2.826334e-02
2.412496e-01 -1.959322e-01 2.995979e-01 5.132236e-01 -1.580576e-01 2.872053e-01 -2.479319e-01 -1.476462e-01 -2.937165e-02 -1.930166e-01 2.489111e-02 3.594312e-02 2.383278e-01 -2.628012e-02 -3.522720e-02 3.620708e-01 7.795109e-02 2.052078e-01 -5.716973e-02 -4.365495e-01 -4.410476e-02 3.773962e-01 -2.320118e-01 -2.117875e-01 -1.392878e-02 2.195460e-01 3.897951e-01 -8.045291e-02 2.613902e-02 2.476410e-01 -2.629796e-01 -2.306282e-01
4.593826e-01 -8.860536e-02 -5.557471e-02 -3.325990e-01 4.532959e-02 -1.624651e-01 1.762979e-01 -1.956102e-01 -3.075692e-01 -1.156738e-01 2.375185e-01 -2.306391e-01 -7.862903e-02 4.259329e-01 1.354187e-01 -1.303513e-01 -5.810009e-02 -3.263723e-01 1.033668e-01 -3.953729e-01 1.833834e-01 -9.825048e-02 -1.026571e-01 6.894629e-02 -1.059495e-01 -8.915919e-03 -2.255968e-01 -4.027848e-01 1.261319e-02 -5.782070e-01 1.599981e-01 2.750975e-02
3.221292e-02 1.605520e-01 1.063269e-01 -2.479980e-01 -4.005381e-01 -3.079138e-01 -2.170132e-01 1.874403e-01 -1.020787e-01 -1.046052e-01 5.998425e-01 -2.827342e-02 -5.979336e-02 -1.283111e-01 -1.078463e-02 -2.312479e-01 -2.344739e-01 9.477848e-02 2.759525e-01 1.492532e-01 1.083044e-01 5.092793e-01 2.938183e-02 -2.742142e-02 2.219536e-01 1.874382e-01 -2.055302e-01 6.565169e-02 5.765085e-02 2.640349e-01 5.348582e-01 1.271731e-01
6.283313e-01 -1.685162e-02 -4.340161e-02 1.576536e-01 -3.753620e-01 8.592029e-02 1.013977e-02 4.524500e-03 -2.518180e-01 -7.747086e-02 1.131557e-01 -2.884240e-01 2.163678e-01 -8.741991e-03 6.939130e-02 -1.277465e-01 -4.135239e-03 1.424298e-01 -1.470939e-02 1.722930e-01 2.370897e-01 -2.516520e-01 1.390859e-01 -4.205284e-01 3.042723e-02 -2.587830e-01 1.010713e-01 3.403541e-01 -1.920014e-01 7.619825e-02 -2.280396e-01 1.982275e-01
-2.759140e-01 -6.753666e-02 2.405457e-01 2.569790e-01 5.581449e-01 2.180376e-01 -7.994416e-02 4.069420e-02 -2.526999e-01 1.999927e-01 5.201161e-02 -3.851105e-01 1.176827e-01 -1.138605e-01 2.993864e-01 1.061404e-01 8.049365e-02 -1.372460e-01 -2.304076e-01 3.263270e-02 -1.788585e-01 -3.900909e-01 5.290967e-02 -1.598111e-01 -1.491765e-01 -1.738984e-01 -1.195712e-01 5.333628e-02 -1.713422e-01 -4.436586e-01 -6.007477e-01 -1.249911e-01
3.561104e-01 1.485812e-01 1.146327e-01 -2.260485e-02 2.912157e-01 -2.781462e-01 3.965963e-01 -3.595018e-02 1.340493e-01 -2.157249e-02 3.040320e-01 -6.365720e-04 2.901431e-01 -2.337952e-01 1.585363e-01 -1.909699e-01 -2.374565e-01 2.761813e-01 -4.825334e-02 3.647988e-01 1.354786e-01 2.459283e-02 -1.131449e-01 -2.908611e-01 1.409137e-01 1.799456e-01 -5.647443e-02 2.067097e-01 8.520725e-02 -1.165351e-01 4.795357e-01 -1.972168e-01
-3.335884e-01 -1.122290e-01 -4.004800e-01 2.587022e-02 -1.821804e-01 1.639139e-01 4.886449e-01 -2.465877e-01 1.203146e-01 3.146524e-01 -1.490823e-01 -2.194348e-01 -4.952649e-02 -4.064953e-02 -1.222536e-01 1.443406e-01 -2.107854e-01 -9.007527e-02 1.109617e-01 2.648950e-01 1.230984e-01 2.537982e-01 1.911196e-01 2.771906e-01 1.285464e-01 -2.730716e-01 -2.293317e-02 -3.868873e-01 1.849162e-01 -3.274821e-01 6.512806e-02 2.467375e-01
-3.331035e-01 4.451200e-01 -1.729125e-01 1.927665e-01 -1.422375e-01 7.531630e-02 -3.656338e-01 4.255718e-02 2.679957e-01 -9.480035e-02 3.995556e-01 7.862794e-02 -1.055619e-01 2.135593e-03 -2.239697e-01 1.529519e-01 -2.530654e-01 1.315590e-01 4.758143e-01 -5.328579e-01 -2.149556e-02 4.924067e-01 -1.765464e-02 -1.960040e-02 4.121206e-02 1.941157e-02 8.353775e-02 -5.792645e-02 1.336165e-01 1.058791e-01 -3.730118e-02 -2.432671e-01
4.789098e-02 -2.893640e-01 -1.075620e-01 -2.458533e-01 1.066789e-01 -1.275238e-01 2.155711e-01 -1.156737e-01 4.251895e-01 -8.904228e-02 -3.210835e-01 3.320743e-01 -3.363449e-01 7.031187e-02 6.713036e-02 2.903112e-01 1.005028e-02 -2.794648e-01 1.954746e-01 -2.655061e-01 3.125046e-01 7.238751e-03 3.536594e-02 -4.228137e-01 -1.720502e-01 -3.447039e-01 -2.066896e-02 3.226597e-03 -2.289820e-01 -1.306917e-01 -5.567755e-03 -2.024712e-01
-3.168472e-01 -1.991695e-01 -9.739883e-02 4.363478e-01 2.225677e-01 3.211759e-02 5.889406e-02 8.484092e-02 3.497316e-01 3.537327e-02 -2.994239e-01 -8.323147e-02 -2.814609e-02 -9.983002e-02 3.985127e-01 -3.749288e-01 -4.381024e-02 2.136525e-01 1.509311e-01 3.882530e-01 -2.549724e-02 5.892541e-02 2.146904e-01 1.902894e-01 7.097218e-02 -1.496740e-01 5.765059e-02 1.453395e-01 4.785510e-01 -5.287100e-01 -2.633435e-01 3.746245e-02
9.332141e-02 -1.363234e-01 -4.095207e-01 1.118223e-02 -1.486994e-01 2.603276e-01 -1.888449e-01 4.785808e-02 -3.598977e-01 -2.846329e-01 7.345948e-02 -1.177851e-01 7.444805e-02 5.471709e-01 5.265675e-03 1.093139e-01 1.372582e-01 -2.717874e-03 9.657856e-03 4.987415e-01 2.994576e-02 -1.283417e-01 3.163730e-01 1.232692e-01 -2.128092e-01 -1.129262e-01 2.823772e-01 -3.991576e-01 2.464798e-01 -9.593469e-02 -2.487149e-02 -1.511378e-01
-3.333154e-02 1.763164e-01 2.415034e-01 -2.807696e-01 1.176251e-01 1.379602e-01 8.042184e-02 -1.690930e-01 -1.128543e-01 1.904128e-01 4.328260e-02 -1.584075e-01 -9.380254e-02 5.016004e-01 -1.244872e-01 -1.996424e-01 -9.296347e-02 -1.034114e-01 -1.453813e-02 1.230122e-01 9.893724e-02 -6.217037e-02 -3.316810e-01 5.451808e-02 1.382199e-01 -1.393524e-01 -5.003201e-01 8.964696e-03 -3.189548e-01 -2.281061e-01 -1.127001e-01 -7.449685e-02
-2.439633e-01 4.376623e-01 -5.397694e-02 3.349529e-01 -6.189095e-02 1.669630e-01 -2.232948e-01 7.731497e-02 -1.500149e-01 5.703016e-03 5.297099e-01 -3.803608e-01 -2.092752e-02 1.688867e-02 3.171386e-02 -7.651524e-02 -3.066096e-02 3.167765e-01 -2.210969e-01 -1.150928e-01 -1.661795e-01 3.546687e-01 2.632837e-01 3.857242e-02 2.275235e-01 4.152320e-01 -8.049042e-02 -3.518149e-02 2.331381e-01 3.227732e-01 1.518122e-01 3.900366e-02
-2.160455e-01 2.115256e-01 3.271444e-01 -1.874011e-01 2.378454e-02 -3.687226e-02 1.014647e-01 -1.252974e-01 4.752232e-01 3.285480e-01 -3.755985e-01 5.573310e-02 -5.873415e-02 -3.126834e-01 -5.033426e-05 -1.669441e-01 -1.451632e-01 3.011198e-01 -7.395902e-02 -3.505238e-01 -1.826940e-01 2.986065e-01 -2.729236e-01 7.594141e-02 6.381766e-02 -1.748577e-02 -1.572775e-01 3.336298e-01 -3.602516e-01 -1.235514e-01 -6.498471e-02 2.526304e-01
2.332567e-01 -8.360708e-03 4.242864e-01 -1.486575e-01 -3.795636e-01 -8.157237e-02 -9.890126e-02 -1.794011e-01 -6.393011e-02 4.158951e-01 -3.351055e-01 2.608004e-01 -2.274194e-02 -2.305105e-02 -1.889347e-01 -1.625528e-01 2.062859e-01 6.129260e-02 6.472208e-02 -3.000056e-01 4.362866e-02 1.819184e-01 -3.850456e-01 7.206285e-03 9.754023e-03 -1.817286e-01 -1.539316e-01 4.068622e-02 -5.518564e-01 1.724375e-01 -1.903370e-01 1.548793e-01
1.743499e-01 1.140886e-01 9.391058e-02 -9.767287e-02 -2.871163e-02 -1.766776e-01 1.537434e-01 8.769268e-02 -2.768486e-01 -7.208147e-03 5.818070e-01 -3.248382e-01 -6.316528e-02 -1.448172e-01 2.268986e-01 -2.903796e-01 -1.888426e-01 -3.449800e-01 -2.997186e-01 4.551146e-02 -2.988003e-01 1.499962e-01 2.893866e-01 -2.713546e-01 -1.405144e-01 -8.116698e-02 -1.542681e-01 1.854829e-02 2.513262e-01 -3.463717e-01 1.001591e-01 3.624495e-01
-2.585650e-01 -1.917057e-01 -1.728480e-01 5.781888e-01 2.273663e-01 5.393172e-02 -4.170710e-01 1.618278e-01 3.301958e-01 7.165790e-02 8.584186e-02 8.256955e-02 -5.083978e-04 -6.507404e-02 1.216704e-01 -4.257716e-02 5.379275e-02 2.332264e-01 2.065868e-01 1.402159e-01 1.205191e-01 1.837609e-01 2.100832e-01 1.626602e-01 9.046131e-02 -4.323284e-01 5.125280e-02 -1.120033e-01 1.815540e-02 -1.713310e-01 5.918818e-01 2.281747e-01
3.551917e-01 -3.973641e-02 8.899938e-02 2.747027e-01 2.652803e-01 4.348860e-01 -3.088238e-01 -1.009541e-01 -6.087184e-03 -5.388371e-02 -1.417499e-01 1.466397e-01 3.682427e-01 -6.277221e-02 1.589872e-01 -6.302746e-02 5.798014e-02 7.829607e-02 3.051986e-01 4.528491e-01 -3.885123e-02 -8.244289e-03 -1.298517e-01 -1.212208e-01 2.507353e-01 6.521566e-03 3.509006e-02 8.520932e-02 1.035974e-01 8.566250e-02 4.154153e-01 -4.487973e-01
1.727753e-01 -2.679602e-01 -1.761316e-01 2.306836e-03 4.693822e-01 -1.226445e-01 -2.104245e-01 -9.438746e-02 -1.585758e-01 2.828946e-01 -3.267265e-01 -5.264297e-02 2.283092e-01 2.745779e-01 -1.264740e-01 -1.848812e-01 -6.944810e-02 -5.221488e-02 2.370095e-02 -1.004022e-01 1.200559e-01 -1.723036e-01 2.500322e-01 1.543259e-01 -2.390658e-01 2.003777e-01 7.491457e-02 2.590964e-01 2.722723e-01 -6.210114e-01 -3.201127e-01 -1.852577e-01
-1.603861e-01 4.704849e-01 -4.598154e-02 2.015276e-01 5.537555e-02 1.026613e-01 3.333002e-02 7.206956e-02 -4.332636e-03 1.772558e-02 5.589893e-01 -3.381099e-01 -1.818567e-01 -2.594160e-02 -7.893644e-02 -6.367449e-02 -1.237207e-01 2.387096e-01 -1.690373e-02 -4.848121e-01 -1.899358e-02 4.035351e-01 7.573918e-02 -2.647093e-01 -7.104906e-02 2.820189e-01 -1.053955e-01 4.585387e-02 2.575409e-01 1.434544e-01 -8.064589e-03 -1.801620e-01
6.731004e-02 -4.373975e-02 1.062182e-01 2.154680e-01 2.689937e-01 5.387068e-01 1.934606e-01 8.178559e-02 -1.756839e-03 4.265176e-02 -3.900376e-01 -3.611429e-01 -8.515628e-02 -6.294549e-03 6.913310e-02 4.328021e-01 1.700629e-01 -1.421003e-01 -4.097058e-01 -6.711936e-02 2.056690e-02 -2.538051e-01 -1.861175e-03 -1.116178e-01 -2.027252e-01 -1.428709e-01 -9.957554e-03 7.481810e-02 -1.487768e-01 -9.899889e-02 -7.678668e-01 5.769912e-02
1.940416e-01 2.848552e-02 3.597346e-02 -3.211118e-01 4.529577e-02 1.313533e-01 -1.029923e-01 1.208236e-01 -4.655151e-02 -2.718946e-01 2.321653e-01 -4.211429e-01 5.243294e-01 -6.083793e-02 1.253057e-01 -6.471397e-02 -2.754689e-01 2.248755e-01 3.505110e-01 -6.243018e-01 -4.074230e-02 1.853884e-01 5.248231e-02 -8.151573e-02 -1.051395e-01 2.072972e-01 9.067488e-02 -3.802762e-04 2.006689e-01 4.040646e-02 2.533363e-01 -2.407667e-01
3.603509e-01 1.973193e-01 2.938511e-02 -1.868522e-02 -9.023368e-02 4.698377e-01 -2.076311e-01 7.200972e-03 2.271263e-01 -7.604809e-03 1.709037e-01 -7.067352e-02 -5.668319e-02 2.911704e-01 -1.784576e-01 -3.699084e-01 -5.028256e-02 -2.633758e-01 2.505407e-01 1.904608e-01 2.603981e-02 -1.959153e-01 -2.530325e-01 -2.041668e-01 -7.325087e-02 -2.424901e-01 -2.959804e-01 4.242281e-02 8.913834e-02 2.471463e-01 1.881501e-01 -3.648440e-01
1.170878e-01 1.390037e-01 -8.454970e-02 1.255422e-01 -2.561360e-01 -9.710220e-02 -1.269225e-01 3.932931e-01 -3.464281e-01 -3.515422e-01 1.135178e-02 -5.988720e-02 2.606223e-01 -1.866017e-02 -2.492126e-01 -3.164238e-01 -8.134465e-03 3.340855e-01 1.813441e-01 1.207825e-01 2.647889e-01 -1.235534e-01 1.223639e-01 1.787125e-01 -3.314930e-01 7.780280e-02 2.162274e-02 -3.811556e-01 -2.554449e-01 -2.362196e-01 -2.260820e-01 -1.973051e-01
-2.478893e-01 -1.095507e-01 -2.329923e-01 -2.372416e-01 -1.033958e-01 -2.081177e-01 3.085476e-01 -1.241221e-01 2.466545e-01 1.789607e-01 -4.911014e-02 3.897559e-01 -2.357338e-01 1.861369e-01 1.694604e-02 1.578641e-01 1.271709e-01 -6.443655e-02 -7.441014e-03 -2.046489e-01 -1.711660e-01 2.579296e-01 1.655063e-01 2.225713e-01 -1.459760e-01 9.412844e-02 1.152632e-01 -7.777344e-02 2.320389e-01 5.031106e-01 6.082456e-02 -3.787555e-01
3.022836e-01 -3.054399e-01 -1.706360e-01 -2.939395e-01 2.730870e-01 -1.492060e-01 2.686758e-01 -1.769507e-01 -1.377575e-01 4.131630e-01 -5.525094e-02 -2.262926e-01 -8.643436e-02 1.406475e-01 -1.333275e-01 1.108991e-02 -1.582019e-01 -3.126926e-01 -1.245165e-02 5.107132e-01 -1.905637e-01 -4.113578e-01 -2.317980e-01 -1.084828e-01 1.140910e-01 -1.566734e-01 1.409709e-01 -8.873452e-02 -5.930964e-02 -2.179975e-01 -4.886036e-02 9.803719e-02
1.642489e-01 -1.729294e-02 2.223021e-01 8.223109e-03 3.114650e-01 -1.123388e-01 1.258933e-02 -1.346972e-02 6.205457e-02 1.143592e-01 -4.096375e-01 -1.687093e-01 -3.368294e-01 -1.222555e-01 4.535429e-01 -9.073537e-02 -1.468793e-01 1.727202e-01 -1.197525e-01 -2.618375e-02 3.047471e-01 -1.891382e-03 2.402345e-01 -5.825335e-03 -8.280522e-02 5.026052e-01 4.106451e-01 1.907669e-01 -3.246037e-01 1.073189e-02 1.432546e-01 -1.972361e-01
4.094290e-01 -1.391189e-01 7.815912e-02 -2.535459e-01 2.950581e-01 -2.859451e-01 4.721354e-01 2.397075e-02 -3.392558e-01 1.616680e-01 -1.058650e-01 -1.997748e-01 -1.136360e-01 -3.316991e-02 -5.777117e-03 -1.713905e-01 2.211053e-01 -1.545882e-01 -4.707733e-01 5.878141e-01 1.305227e-02 -3.621598e-01 -7.263417e-03 7.737400e-02 -1.050007e-01 -1.071724e-01 -9.172812e-02 6.249577e-03 -6.644776e-02 -1.072038e-01 -1.100010e-01 3.516662e-01
1.226836e-02 -3.368111e-02 3.712527e-01 -2.010717e-01 -1.474894e-01 -1.046256e-01 2.723229e-01 2.067291e-01 -3.461842e-01 2.535033e-01 -1.691556e-01 -1.686665e-01 -8.114097e-02 -2.031795e-01 -1.005400e-01 -2.912385e-01 6.861392e-02 1.710366e-01 -3.738834e-02 -3.376371e-01 5.647634e-01 -1.319973e-02 -5.478905e-03 -1.068864e-01 -4.318407e-01 1.972849e-01 -1.035786e-01 8.152401e-02 1.695700e-01 1.223396e-02 -1.932274e-01 3.435254e-02
-2.697143e-01 1.454377e-02 -8.010260e-02 -1.093647e-01 -3.504174e-01 3.733062e-02 -2.407560e-02 7.071421e-04 3.805348e-01 -1.139854e-01 3.024169e-01 4.384828e-01 -1.658764e-01 2.378107e-01 -2.178358e-01 -1.331840e-01 -2.574980e-02 -1.842867e-01 -1.266047e-01 -3.893979e-02 5.864179e-02 2.935279e-01 -7.216748e-02 5.702837e-02 -3.369803e-01 5.214863e-02 -1.032528e-01 -4.794148e-01 1.858231e-01 -1.769149e-01 8.649891e-03 4.960201e-01
2.739650e-01 1.714210e-01 -2.480330e-01 4.513773e-01 -1.357210e-01 2.942141e-01 -2.663856e-01 -7.885864e-02 1.870106e-01 -2.262972e-01 9.635966e-02 -1.717176e-01 1.027143e-01 -1.825060e-01 -2.004717e-01 1.377610e-01 1.830262e-02 -3.478372e-02 1.367401e-02 4.721875e-01 -6.126955e-01 -2.594907e-02 -1.240755e-01 1.315309e-02 4.125837e-01 -1.145302e-01 2.218361e-01 -2.060854e-02 -1.043621e-01 5.032984e-02 1.027692e-01 1.415794e-01
-4.900571e-02 -2.988389e-02 9.952324e-02 9.932393e-03 4.587591e-01 -4.488560e-02 -2.131320e-01 1.661895e-02 -2.858084e-01 2.987927e-01 -3.753791e-01 -2.964932e-01 -2.901790e-02 -2.351762e-01 1.554501e-01 1.048212e-01 8.574653e-02 3.449714e-01 1.019082e-01 3.309255e-02 3.019901e-03 -3.839990e-01 -1.466925e-01 4.719714e-02 2.008109e-01 -9.900101e-02 5.105267e-02 3.701028e-01 -2.353346e-01 1.947556e-01 -7.820185e-02 -4.330361e-01
5.861163e-02 -2.155588e-01 1.392726e-01 1.024297e-01 -1.734146e-01 2.966089e-01 -2.638212e-01 1.868402e-02 1.124595e-01 -2.016815e-01 -1.898964e-01 -2.684312e-01 6.093880e-01 -9.853541e-02 -1.251174e-01 5.453207e-02 -2.318234e-01 1.603067e-01 6.400042e-02 3.761934e-01 3.116106e-01 -4.831064e-02 -1.052825e-01 5.483534e-04 4.277958e-01 -1.042386e-01 -4.274382e-02 3.452852e-02 -1.982243e-01 -3.335041e-01 -2.256040e-01 2.991906e-01
4.377477e-02 9.279604e-02 -2.054223e-01 -3.970290e-02 -7.241594e-03 -2.358794e-01 -1.161249e-01 2.950529e-01 -3.231360e-01 -3.564036e-03 -4.238366e-01 -1.363489e-01 6.741021e-02 -2.535147e-02 5.081058e-01 -1.121504e-01 3.068135e-02 -4.363801e-02 1.181181e-01 9.881318e-02 1.137444e-01 7.947826e-02 -2.705075e-01 5.284308e-01 -1.779449e-01 -1.487456e-01 -4.391443e-01 3.053071e-01 1.414874e-01 1.483570e-01 9.507392e-02 1.221912e-01
-2.929197e-01 -4.338752e-02 3.873392e-01 2.340658e-02 1.756803e-01 -1.172712e-01 1.250284e-01 -3.181750e-01 5.065345e-01 7.150102e-02 -2.040889e-01 1.689283e-01 8.106446e-02 -1.973561e-01 -3.992716e-01 -1.582164e-01 -5.174281e-02 2.538582e-01 -1.730297e-01 3.626531e-01 -1.996285e-02 2.592266e-02 1.128450e-03 1.751960e-02 5.247722e-02 7.041121e-02 2.995003e-01 1.854165e-01 1.319259e-01 7.779882e-01 3.418178e-02 5.343939e-02
-2.857872e-01 -1.281717e-01 1.700701e-01 1.910536e-02 -8.277178e-02 -2.808931e-01 3.368308e-01 1.689180e-02 -1.693796e-01 9.597157e-02 -6.100109e-02 -2.074803e-01 7.269269e-02 -3.190951e-01 2.293392e-01 4.356927e-01 7.866687e-02 4.399261e-01 -2.954195e-01 -4.758614e-01 3.344982e-02 1.586461e-01 -2.200134e-01 1.127455e-01 -8.034648e-02 3.252039e-02 -1.172270e-02 -2.745977e-02 -8.281697e-02 -1.539044e-01 2.430663e-01 -8.224373e-02
-1.168398e-01 -2.434476e-01 -5.463550e-02 -1.908535e-01 2.876036e-01 3.329184e-01 9.056096e-02 -1.232004e-01 3.586771e-01 3.060578e-01 8.351274e-03 3.222842e-01 -1.922338e-02 3.592231e-02 1.425607e-01 3.525167e-01 3.838769e-02 -3.363409e-01 -1.440541e-01 -9.648553e-02 -1.890605e-01 1.625244e-01 -9.883731e-02 -1.705565e-01 1.673426e-01 -2.110372e-01 4.519187e-02 3.048171e-01 1.516207e-01 3.907435e-01 3.823204e-01 2.668326e-01
-3.145819e-01 -1.932025e-01 -2.374656e-01 2.967092e-01 2.823334e-01 -1.197551e-01 1.034665e-01 -1.154972e-01 2.259512e-01 1.419416e-02 4.697667e-01 -1.064456e-01 2.207974e-02 8.191313e-02 3.062026e-01 -7.205095e-02 1.985368e-01 4.785489e-02 -1.818481e-02 6.280718e-01 7.884441e-02 1.434207e-01 1.312840e-01 7.948245e-02 1.525140e-01 -2.200024e-01 1.033826e-01 3.676817e-01 3.128801e-03 1.904504e-01 1.690406e-01 4.901350e-02
2.574525e-01 -3.855873e-01 7.930298e-02 -7.909960e-02 8.543229e-02 -2.374494e-01 4.167396e-01 -5.409911e-02 3.736599e-01 -5.713956e-02 2.378552e-01 8.852173e-02 -1.116445e-01 2.231652e-01 3.486703e-01 3.153352e-01 -1.345464e-01 1.574549e-01 -1.293918e-01 1.529934e-01 3.834192e-01 6.789725e-03 -1.349935e-02 -1.487292e-01 7.396913e-01 -5.568479e-02 5.659188e-02 2.147998e-01 1.465954e-01 -1.097223e-01 -1.665214e-01 4.433411e-02
-7.414880e-02 3.404305e-02 -3.096034e-01 1.099820e-01 3.070474e-01 -3.017817e-01 3.798817e-02 5.904114e-02 1.926337e-01 2.929963e-01 3.560356e-01 -1.928476e-01 -3.858214e-02 3.487606e-01 4.311359e-01 7.958915e-02 -3.524107e-03 -3.517979e-01 3.231063e-01 9.509031e-02 -9.353089e-02 -1.920263e-01 4.278631e-01 1.249489e-01 -1.107508e-01 -9.030606e-02 4.655069e-01 -1.336950e-01 6.600045e-02 2.090669e-01 1.298001e-01 -2.693094e-01
1.723339e-01 2.982053e-02 -2.133512e-01 -1.959189e-01 -2.304435e-01 -2.057398e-01 4.567049e-01 -1.107740e-01 6.533064e-02 -2.719312e-01 5.104374e-01 1.630102e-01 6.444556e-02 4.719212e-02 -1.594149e-01 -2.612920e-01 -7.713334e-02 -3.978623e-01 -1.909918e-01 2.975696e-02 -2.647790e-01 3.013998e-01 2.787563e-01 -6.494613e-02 -1.678198e-01 -7.599039e-02 -6.622747e-02 -4.325423e-01 2.574138e-01 -1.357032e-01 1.577742e-01 3.559632e-01
-2.488518e-01 -2.845750e-01 -1.059026e-01 -1.797120e-01 -1.171728e-01 2.150336e-01 -2.959836e-01 1.499853e-01 -3.394383e-01 -1.085993e-02 1.335211e-01 -2.412074e-01 5.277959e-01 -1.424411e-01 1.921150e-01 -1.296982e-01 1.602056e-01 1.083611e-01 -1.113104e-01 4.761162e-01 -2.562009e-01 2.375752e-02 -2.571208e-01 4.422149e-01 1.476092e-02 2.081405e-01 2.368736e-01 4.299740e-02 1.327913e-01 1.764141e-01 1.275192e-01 1.928477e-01
5.378981e-01 4.727960e-03 -1.414019e-01 1.818742e-01 5.203215e-02 2.285810e-01 -4.173744e-01 -2.103094e-01 4.348366e-02 1.244748e-01 -1.230306e-01 1.745967e-01 -1.776884e-01 -9.692291e-02 2.488122e-01 -2.139482e-02 -3.737576e-02 3.662210e-02 4.993333e-01 3.666928e-01 -1.196439e-01 -6.057542e-02 1.339085e-03 4.948188e-03 2.990590e-01 9.366709e-02 5.606236e-02 2.095372e-01 2.393703e-01 5.184823e-02 3.434738e-01 -3.131538e-01
-1.422470e-01 -3.173278e-02 3.411610e-01 5.113173e-01 -6.191956e-03 -1.601955e-01 -1.409347e-01 -4.831079e-01 1.413814e-01 -2.191353e-01 3.242553e-02 9.097882e-02 -2.458762e-02 1.594199e-01 -2.017151e-01 3.562719e-01 -2.303009e-01 7.371725e-02 3.409316e-01 -4.705903e-01 -4.917680e-02 2.534116e-01 8.988571e-02 -3.214596e-01 1.144695e-01 2.642371e-01 1.028193e-01 9.580074e-04 2.626774e-02 1.958197e-01 1.369664e-01 -4.791118e-01
-1.236421e-01 -2.819307e-01 -2.895693e-01 9.217170e-02 1.681148e-02 3.410273e-02 3.227717e-01 -1.999452e-01 1.578385e-01 -8.300599e-02 7.358057e-02 4.759219e-01 1.516045e-01 3.001061e-01 1.310188e-01 3.122194e-01 -1.157373e-01 -2.093987e-01 6.376445e-02 3.285402e-01 -6.059798e-01 -1.721167e-02 1.274133e-01 1.897192e-01 4.485425e-01 -2.518598e-01 5.341244e-02 1.758848e-03 -6.444377e-02 7.647578e-02 -1.445051e-02 -7.808521e-02
-1.475594e-01 3.045372e-02 3.086162e-01 1.797588e-01 -8.299483e-02 -2.237158e-02 -6.115270e-02 1.076065e-01 5.053695e-01 1.616492e-01 -3.297025e-01 -1.554003e-01 -5.773913e-02 -8.899539e-02 2.719633e-01 -4.461093e-01 1.899468e-01 -4.243444e-01 -1.127903e-01 -5.771390e-01 -8.205751e-02 -1.841281e-01 -2.079106e-03 -1.804373e-02 -1.862409e-02 1.153117e-02 -2.311968e-02 5.197582e-01 -9.554940e-02 -3.764761e-02 1.189490e-02 -6.512748e-03
3.108266e-01 -1.551980e-01 3.884649e-01 4.861025e-01 3.672486e-02 -1.307729e-01 -3.276721e-01 -9.816272e-02 1.490691e-01 -1.173933e-01 -1.780783e-01 2.485775e-01 2.726850e-01 -8.351295e-02 -2.217320e-01 6.231594e-02 -1.148622e-02 1.561059e-01 -1.605834e-01 4.588487e-01 9.238169e-02 1.503078e-01 -6.743285e-02 -1.395673e-01 3.211189e-02 1.140464e-01 1.885304e-01 4.616561e-01 -1.500134e-01 5.948034e-01 -8.340193e-02 2.364101e-02
1.643744e-01 8.269656e-03 -1.532276e-01 5.808482e-03 5.449305e-01 -5.486144e-02 -1.256344e-01 -6.726515e-02 -1.151649e-01 3.770226e-01 -2.373504e-01 -4.046075e-01 1.661371e-01 -1.217277e-01 2.080958e-01 2.576828e-01 5.947738e-02 -1.018332e-01 -1.528986e-01 -2.866147e-01 -2.319366e-01 -4.358000e-01 6.259695e-02 -2.583129e-01 -7.005980e-02 -1.585541e-01 -3.975856e-02 -7.666101e-02 -1.453780e-01 -3.203173e-01 -5.278046e-01 -2.246554e-01
-2.328673e-01 -2.940027e-01 -2.339269e-01 6.450347e-02 2.606636e-03 1.953244e-01 -3.076811e-01 5.366344e-01 6.341241e-02 1.850096e-01 1.963481e-02 2.245826e-01 -1.211026e-02 -2.995325e-01 1.026108e-01 -1.701797e-01 2.953294e-01 -3.123097e-01 -5.605358e-02 3.837335e-01 -6.431959e-02 -1.618262e-01 -7.738029e-03 2.091760e-01 1.737015e-01 -1.130090e-01 -6.921091e-02 1.096033e-01 -4.201123e-01 1.311754e-01 2.459848e-02 3.398774e-02
4.528880e-02 -3.861493e-01 -1.681031e-01 4.310916e-01 -2.130953e-01 3.819957e-02 2.043647e-02 2.375074e-01 1.377322e-01 -9.068062e-02 -2.851136e-01 1.782870e-01 2.069729e-01 -1.658984e-01 -3.245621e-02 6.869464e-02 1.418228e-02 2.373552e-01 -8.898693e-02 5.265506e-01 -2.256225e-02 9.984098e-02 2.081831e-01 -2.138957e-01 1.164179e-02 1.222150e-01 9.402345e-02 3.631722e-01 -1.507735e-01 5.170090e-01 -1.402275e-01 -9.830787e-03
1.524323e-01 2.530193e-02 2.706454e-01 7.382084e-02 -2.995929e-01 -2.316118e-01 3.416258e-01 -4.206461e-02 5.252833e-02 -1.615998e-01 4.392291e-01 1.997487e-01 1.527471e-01 6.263151e-02 -3.018335e-01 -2.623129e-01 -1.161323e-01 -3.341022e-01 -9.529491e-02 5.206762e-02 4.314648e-02 2.559790e-01 1.488684e-01 -2.152016e-01 -3.182680e-01 -1.543629e-03 -1.879520e-02 -3.115336e-01 3.018126e-01 -3.790704e-01 2.980766e-02 3.357322e-01
-5.911065e-02 -6.478245e-02 3.567860e-01 -2.213269e-02 -2.376512e-02 3.234514e-01 9.190948e-02 -2.627348e-01 2.957000e-01 -1.090097e-01 5.173254e-01 1.456753e-01 -5.045092e-02 -8.804652e-02 -4.598505e-01 1.554969e-01 -9.946915e-02 5.098034e-02 -1.125472e-01 -4.772535e-02 -1.064609e-01 -1.220293e-01 1.777483e-01 -4.699067e-01 1.967140e-01 3.139600e-01 5.365545e-01 -3.092740e-01 -1.121809e-01 -1.821821e-01 -1.053819e-01 -2.101118e-01
6.872669e-02 2.501493e-02 3.988629e-01 1.197401e-01 -7.861308e-02 2.023889e-03 1.029301e-01 -4.551867e-02 3.255620e-02 -2.337128e-01 6.471972e-01 -2.184254e-03 1.191441e-02 -1.644935e-02 -1.102138e-01 -2.840477e-01 2.468944e-02 -3.227936e-01 -2.146361e-01 -3.825954e-02 -3.028827e-02 2.352039e-01 3.184016e-01 -1.061354e-01 -3.107914e-01 5.566507e-02 -1.147546e-01 -1.209587e-01 2.528101e-01 -3.741476e-01 3.169743e-02 4.703885e-01
5.020716e-02 1.832367e-01 2.134209e-01 4.356309e-01 3.105758e-01 8.429911e-02 -1.592696e-01 -2.944804e-02 -1.224751e-01 -1.395568e-01 -1.098355e-01 -3.834817e-01 2.030938e-01 -2.171369e-01 6.243099e-02 -1.888471e-01 -1.533793e-01 -3.012875e-02 -6.787325e-02 1.000405e-01 1.373629e-01 -3.073871e-01 -1.276089e-01 -5.054285e-02 2.294798e-02 1.340305e-01 6.914677e-02 1.017958e-01 -3.730419e-01 -5.067440e-01 -6.654404e-02 2.266104e-01
-1.136546e-02 -4.575511e-02 3.501434e-01 3.582287e-01 -5.774245e-02 -7.105608e-02 -2.107991e-01 2.045944e-02 1.224671e-01 -3.943118e-01 7.375929e-02 1.434424e-01 1.492410e-01 3.612033e-01 -2.132541e-01 -1.533238e-01 -1.650741e-01 1.243086e-01 1.892361e-01 -4.177192e-01 -6.107748e-02 3.039444e-01 -1.532187e-01 -2.265488e-01 -2.430041e-02 2.038781e-01 1.835550e-01 -1.690310e-01 -2.443497e-02 4.493163e-01 -1.886965e-01 8.266550e-02
3.190231e-01 -8.267851e-02 -3.377090e-01 1.536540e-01 3.061682e-02 1.871686e-01 -3.385669e-02 -4.727739e-02 4.224786e-01 4.108340e-02 3.037893e-01 2.297863e-01 1.524245e-01 8.066148e-02 -1.932132e-01 3.142793e-01 -6.796284e-03 1.189509e-01 2.425405e-01 -9.940696e-02 2.263122e-02 -7.732411e-02 3.929975e-01 -1.333762e-02 -5.365288e-01 -1.150190e-01 1.765164e-01 -3.103455e-01 2.402542e-01 2.323432e-01 -1.366023e-01 4.493211e-02
3.364571e-01 -2.551163e-01 -1.052672e-01 -2.509207e-01 1.347056e-01 1.180855e-01 4.539946e-01 -7.815357e-02 -2.942378e-01 2.418253e-02 3.618477e-01 1.668689e-03 9.929983e-02 4.307016e-02 -2.030405e-01 3.116328e-01 -1.226258e-01 3.179714e-01 5.343103e-02 7.646307e-01 -7.055000e-02 -7.129802e-02 -1.120208e-01 -6.359949e-02 1.226348e-01 1.205302e-01 4.161248e-02 -3.482603e-01 1.879996e-01 5.141050e-02 -1.037815e-01 -2.515218e-02
-3.460397e-01 2.160767e-01 4.454710e-01 3.940959e-01 -7.736988e-02 -3.218723e-01 3.052575e-02 -4.195305e-01 -8.892827e-03 -1.388811e-01 6.286609e-02 9.477306e-02 1.804480e-01 5.883885e-02 -2.826284e-01 1.128633e-01 2.786934e-01 1.332274e-01 -9.686588e-02 -3.512129e-01 2.920536e-01 3.413609e-01 -4.414151e-02 3.384931e-01 2.406506e-01 2.206503e-01 -1.866542e-01 1.861131e-01 1.740515e-01 1.644871e-01 2.634451e-01 -1.410695e-01
-6.850459e-02 2.242672e-01 1.648483e-01 -9.737191e-02 -3.419644e-01 3.185615e-01 2.429463e-01 1.058808e-01 1.604137e-01 -2.882999e-01 1.762730e-01 -2.042108e-01 3.405996e-02 -1.834807e-01 2.215425e-01 1.215019e-01 8.441308e-02 9.639101e-02 -2.530106e-02 7.864718e-02 -1.017407e-01 1.982499e-01 -2.734791e-01 -1.623743e-01 1.036359e-01 -2.201537e-01 -2.461320e-02 -3.381185e-01 -1.506442e-01 5.941079e-01 2.371626e-01 1.113427e-01
-3.649607e-01 -1.167607e-01 -1.565746e-01 -5.102474e-02 2.893508e-01 2.173148e-04 3.771307e-01 1.238358e-01 -7.891320e-02 -8.471753e-02 -1.402440e-01 3.060471e-01 -3.600379e-01 1.888726e-01 2.056857e-01 1.441727e-02 6.356429e-02 -8.167106e-03 -1.573172e-01 -1.395454e-01 1.297387e-01 4.315636e-01 3.866790e-01 1.329062e-01 -2.725076e-01 -2.742530e-03 8.512839e-02 -2.941239e-01 9.028365e-02 -1.684886e-01 1.912347e-01 -3.122063e-01
1.491542e-01 -7.583690e-02 -1.102855e-01 1.152778e-01 -2.106406e-01 8.972745e-02 1.216391e-01 5.884375e-02 3.032700e-02 -3.698348e-01 4.978468e-01 -8.376645e-02 2.794098e-01 2.023540e-01 8.775540e-02 -1.957638e-01 1.760061e-01 -1.259695e-01 5.586380e-02 2.148667e-01 -2.787752e-01 1.384513e-01 -1.030278e-01 -2.999077e-01 1.621528e-01 -5.109502e-02 -1.640702e-02 -2.181753e-01 -4.289338e-02 4.665991e-01 3.704554e-01 2.350418e-01
-1.948203e-01 1.141668e-02 3.682018e-02 1.386059e-01 -2.990959e-01 -4.154626e-02 1.197904e-01 2.468895e-01 1.237078e-01 -3.712379e-01 7.523610e-02 4.291506e-01 -1.994368e-01 2.701612e-01 -1.712051e-01 -2.672709e-01 -6.439772e-02 1.011667e-01 7.890672e-02 1.597077e-01 2.062445e-01 3.483032e-01 -1.050077e-01 1.660382e-01 7.270705e-02 1.213615e-01 7.116124e-02 4.832442e-02 1.370705e-01 4.052116e-01 6.127260e-01 1.569289e-01
-1.838413e-01 1.190173e-01 -1.080076e-01 -2.768797e-01 -6.814483e-02 5.531908e-01 -2.075237e-01 -9.844913e-02 1.222208e-01 9.441976e-03 -4.123178e-01 1.014001e-01 -1.658885e-01 -7.267783e-03 1.303937e-02 1.460476e-02 6.011085e-01 -9.054323e-02 -4.894148e-02 -3.677085e-01 2.375405e-01 2.152696e-01 1.132823e-01 4.182856e-02 1.350673e-02 -1.030351e-01 6.030010e-02 -1.611611e-01 -8.999225e-02 -1.393742e-01 -2.133308e-01 1.718650e-01
-1.301026e-01 4.811172e-01 2.167237e-01 1.941538e-01 -6.485869e-02 4.720221e-02 -6.173588e-02 -5.978440e-02 -2.547107e-01 9.636474e-02 4.407624e-01 -2.361512e-01 2.852386e-01 -9.202019e-03 -3.795695e-03 -3.236560e-01 -3.828321e-02 2.448996e-01 -2.996471e-01 2.430177e-01 -1.385666e-01 3.223888e-01 3.767538e-02 1.385232e-01 2.693222e-01 2.595227e-01 -7.576344e-02 -5.815626e-02 2.623544e-01 1.292576e-01 3.181839e-01 1.032391e-01
-1.803391e-01 -3.400234e-01 -1.416753e-01 -5.820752e-02 2.044990e-01 -1.824993e-01 1.994726e-01 4.877985e-02 -5.080849e-03 -3.193794e-01 -2.298294e-01 4.834913e-01 -3.402476e-01 2.327903e-01 1.838799e-01 1.574553e-01 -1.802087e-01 -1.678683e-01 9.219933e-02 3.732501e-01 -4.662752e-01 2.562910e-02 1.080918e-01 9.653392e-02 5.751197e-01 -1.805093e-01 -1.941686e-02 1.834027e-01 -2.000132e-01 4.020144e-02 -8.966997e-02 -5.734547e-02
5.776115e-03 -3.778683e-01 7.796666e-02 -2.949390e-01 -1.485973e-02 -2.394599e-01 4.949014e-01 1.769889e-01 7.711573e-02 2.426580e-01 4.809864e-03 -3.386157e-01 8.233053e-02 -1.586556e-01 4.002383e-02 4.923210e-02 -6.118070e-02 2.108799e-01 -1.849339e-01 -1.657180e-03 -1.655096e-01 2.187158e-01 -1.532439e-01 8.073969e-02 -6.831304e-02 1.999823e-01 1.709271e-02 -2.467828e-01 -5.012548e-02 -6.570289e-01 4.561751e-02 -2.894469e-01
8.400986e-02 -2.066651e-01 -1.769478e-01 2.584875e-01 -7.217315e-02 -2.876981e-02 -3.104969e-01 -6.064586e-02 -8.083045e-03 -1.992204e-01 -1.678464e-01 1.820142e-01 2.827646e-01 5.584666e-01 -7.528093e-02 -1.553970e-02 4.650920e-02 2.216760e-02 -1.487105e-02 5.506778e-01 2.045358e-02 8.356182e-02 -4.246625e-02 -5.446532e-02 3.850872e-01 3.421689e-02 -1.512793e-01 -5.458940e-01 1.712580e-01 -1.158792e-01 9.709620e-02 -1.926003e-02
1.127724e-01 4.782674e-02 1.692168e-01 -3.871213e-01 -1.176888e-01 -3.192759e-02 4.172036e-02 -1.400818e-01 -3.160009e-01 -1.574099e-01 5.361291e-01 -4.622084e-02 5.445211e-02 -7.899701e-03 -2.970414e-01 4.852895e-01 4.800100e-02 -3.345854e-01 -1.350696e-01 -4.827711e-01 5.541526e-03 -1.896870e-01 9.380349e-02 -9.725694e-02 -1.863530e-01 2.699402e-01 4.046807e-02 -9.115845e-02 -2.902254e-01 4.566445e-01 2.716586e-01 -2.565886e-01
-5.731963e-02 1.955517e-01 2.125201e-01 -4.756708e-01 2.067193e-01 -4.067674e-02 -3.963958e-02 -8.723559e-02 -1.177359e-01 -2.038745e-01 3.313874e-01 -2.444995e-01 5.207222e-02 -1.551910e-01 8.777855e-02 5.515795e-01 -2.252869e-01 -5.499713e-02 -3.474516e-01 -4.943255e-01 -6.804399e-02 3.840883e-01 2.601056e-02 -2.150158e-01 9.569230e-02 1.993602e-01 2.004988e-01 -2.090649e-02 2.547035e-01 2.459607e-01 -6.484288e-02 1.968475e-01
-4.150396e-02 -7.358946e-02 -1.753408e-01 -4.349029e-01 1.631255e-01 -3.366271e-01 2.241719e-01 2.176204e-01 -6.319381e-02 7.335044e-02 1.370294e-02 -7.611865e-02 -3.273562e-01 5.122193e-01 5.706404e-02 2.673613e-01 1.247927e-03 -5.284857e-02 1.449438e-03 -4.128234e-01 1.512933e-02 -3.952604e-01 -7.423113e-02 1.781616e-01 -3.057044e-01 -5.581217e-02 1.549813e-01 -1.546204e-01 -1.987811e-01 1.179839e-01 -4.601760e-01 4.225502e-01
-2.304670e-01 3.989845e-01 -3.640843e-02 1.777995e-01 -4.110534e-02 2.477506e-02 -2.894116e-01 1.309522e-01 8.972174e-02 3.673009e-01 5.047831e-01 -2.417276e-01 -2.636797e-01 -1.976622e-02 -1.243226e-01 -7.270243e-02 -2.674042e-01 1.672895e-01 3.599745e-01 -4.675656e-01 -3.733391e-02 5.937744e-01 -4.684211e-02 4.295002e-02 1.146487e-02 1.273297e-01 5.012637e-02 -7.677677e-02 9.972747e-02 2.475739e-03 -8.333080e-02 -1.866337e-01
-5.447467e-02 2.126770e-02 -1.305504e-01 6.778872e-02 2.211861e-01 -1.404939e-01 -2.277054e-01 -7.195517e-02 -1.013713e-01 2.513679e-01 -4.099549e-01 2.179504e-01 6.401533e-02 5.243734e-01 -4.034631e-01 -2.539019e-01 -4.541667e-02 -4.773647e-03 1.216892e-01 -4.999610e-02 2.623616e-01 1.970785e-02 1.852875e-01 2.421896e-01 -4.923925e-02 -1.648527e-02 1.380547e-01 4.971586e-01 4.320551e-01 -2.865323e-01 -3.243524e-01 -3.411324e-01
1.215103e-01 -3.960349e-01 -3.499823e-01 -1.980155e-01 4.724860e-01 -7.203916e-03 1.163397e-01 1.233428e-01 -2.079038e-01 1.218278e-01 2.795869e-01 1.872110e-01 1.710771e-01 -3.247725e-01 -4.341228e-02 1.115022e-01 -8.316404e-02 -1.097264e-01 -2.019081e-01 2.236528e-02 -3.825670e-01 2.409292e-01 -1.121913e-01 -1.052894e-01 -2.202005e-01 2.130570e-01 -6.448228e-03 7.059242e-02 -1.174315e-02 -3.181612e-02 2.704881e-01 6.846974e-01
-8.136193e-02 -1.738961e-01 -3.373486e-01 4.494992e-01 3.175715e-02 1.356107e-02 -2.962384e-01 -6.528575e-02 -7.789718e-02 -1.294825e-01 -6.672736e-02 2.790088e-02 2.314029e-01 5.655569e-01 7.200791e-03 6.583638e-02 5.380366e-02 1.800136e-01 -3.124640e-02 6.557643e-01 1.279227e-01 1.201836e-01 2.585576e-02 5.001267e-02 4.127786e-01 2.672326e-02 -9.472176e-02 -3.875024e-01 8.525471e-02 -6.877299e-02 2.477603e-01 2.414137e-02
-2.962400e-01 -4.088927e-02 -1.626738e-01 -2.293023e-01 4.846005e-02 -1.078054e-01 -6.619434e-02 4.928541e-02 1.531991e-01 7.935271e-02 4.411734e-01 4.094735e-01 1.910817e-02 -1.711125e-02 -2.672015e-01 1.918570e-02 4.077333e-02 -3.316554e-01 7.949198e-02 -1.394518e-01 -3.681177e-01 -1.996988e-01 -2.909583e-01 5.835480e-02 -7.426119e-02 -2.657897e-01 -4.058198e-01 -1.349808e-01 3.021147e-01 -6.197908e-02 1.030203e-01 -6.774317e-02
-2.230142e-01 1.549533e-02 -1.026879e-01 1.523488e-01 3.302150e-01 -2.896833e-01 -1.978743e-01 -1.823848e-01 -6.442317e-02 -3.245071e-01 -1.185009e-01 5.895050e-02 -1.934603e-02 5.585450e-01 -9.843679e-02 -1.627355e-01 3.827737e-01 -5.706767e-02 1.233336e-01 2.256150e-01 -1.662346e-01 3.258744e-02 -1.226922e-01 -4.041146e-01 -3.162114e-01 -5.213352e-02 -1.074788e-01 1.574836e-01 -3.284796e-01 3.492438e-01 1.013753e-01 -9.899053e-02
-1.823873e-01 -1.734793e-01 -7.598325e-02 3.811413e-02 4.532946e-03 1.055748e-01 -8.679409e-02 -2.450472e-01 3.814933e-01 -5.119517e-02 -3.575943e-01 4.186199e-01 1.459682e-01 1.189765e-01 -2.906124e-01 2.118462e-01 2.239847e-01 2.970113e-01 2.426489e-01 -8.130881e-02 3.272251e-01 -1.430223e-01 -2.328335e-01 3.241476e-01 4.404504e-02 8.943563e-02 1.909111e-01 -9.219361e-02 -2.034959e-01 2.652441e-01 -1.228327e-01 -3.944542e-01
4.697204e-03 9.641702e-02 5.508056e-02 4.883588e-01 -1.444792e-01 3.353810e-01 -2.796031e-01 -2.269857e-01 7.268812e-02 7.304125e-03 -1.342063e-02 5.851840e-02 3.379467e-01 -3.841684e-01 1.720705e-02 -2.970196e-01 -3.588612e-02 3.252768e-02 8.061714e-02 4.319210e-01 -6.158269e-02 3.946894e-01 1.570321e-02 -3.016347e-01 2.564502e-01 8.641787e-02 -1.272109e-01 1.541557e-01 1.250512e-01 -5.278959e-02 3.943475e-01 -3.998103e-01
-3.039751e-01 4.165344e-03 -4.998540e-02 -6.045336e-02 -3.378072e-01 4.702306e-01 -2.668464e-01 2.624837e-02 -1.601536e-01 9.913927e-02 -3.680992e-01 1.807682e-01 -1.259730e-01 2.404541e-02 -1.964944e-01 2.171518e-01 3.509715e-01 -9.434193e-02 -7.941940e-02 -2.911880e-01 2.901480e-04 -8.975472e-04 1.792473e-01 1.669868e-01 -2.336147e-01 1.299653e-01 6.307064e-02 -3.295301e-01 -2.080593e-01 -1.813459e-02 -4.817114e-01 1.878847e-01
-2.959855e-01 -6.303905e-02 -2.239219e-01 9.419727e-02 4.905764e-01 -1.508681e-02 7.656802e-02 1.135237e-01 2.004337e-01 -3.417857e-01 1.245707e-01 -3.139647e-01 1.250521e-02 -5.505392e-02 4.333695e-01 1.142691e-01 -3.108561e-01 -1.021250e-02 -1.896079e-01 2.175983e-01 2.775375e-02 4.898624e-02 2.596140e-01 -7.889426e-02 1.881180e-01 7.048950e-02 2.232100e-01 -3.555592e-02 5.791089e-01 -3.800616e-01 -1.508475e-01 9.044650e-02
-6.572209e-02 -6.288171e-02 -3.661623e-01 3.297485e-01 2.407206e-01 1.807226e-01 -2.467160e-01 -7.080783e-02 4.913152e-01 -2.572926e-01 1.717004e-01 1.026205e-01 -3.680364e-02 1.104949e-01 1.695479e-01 2.683170e-01 4.344801e-03 -1.602141e-03 -1.823558e-02 3.709702e-01 -4.855412e-01 1.292000e-01 -1.370050e-01 1.896496e-01 5.425199e-01 -1.218468e-01 1.124895e-01 -1.211849e-01 -2.540680e-01 1.430700e-01 1.688580e-01 -3.620782e-02
-1.485278e-01 -1.006229e-01 -2.685223e-01 -6.102709e-02 -2.512716e-01 1.762766e-01 3.401842e-02 4.784190e-03 -1.302969e-01 -1.798409e-01 4.826705e-01 1.667698e-01 3.657607e-01 1.422489e-01 -3.564749e-01 9.120449e-02 1.697399e-01 -1.208474e-01 9.554610e-02 8.458010e-02 -3.059237e-01 -7.393523e-02 -1.571260e-01 -2.433190e-02 8.906934e-02 -5.365297e-01 -4.205054e-01 -2.192768e-01 3.495905e-01 -3.754604e-02 -1.867386e-01 1.496542e-01
1.012176e-01 -3.696122e-01 4.178323e-01 -2.542591e-01 4.802542e-01 2.161164e-01 -9.860085e-02 -1.814136e-01 2.255798e-01 -2.187900e-01 -2.997802e-01 1.882775e-01 -2.323867e-02 4.959814e-02 -1.780249e-02 1.216315e-01 3.816022e-01 -2.045565e-01 -6.599290e-02 -3.236542e-01 -1.446681e-02 -2.502674e-01 2.314228e-01 -8.080064e-02 -4.162580e-01 -1.738793e-01 -1.239701e-01 -4.692445e-01 1.322179e-01 -7.192153e-02 -1.573648e-01 2.364782e-01
1.558750e-01 4.808356e-01 -6.044784e-02 4.932470e-02 -1.938773e-01 2.153378e-01 -4.233016e-01 -2.092736e-02 2.423952e-02 -5.675127e-02 1.849973e-01 3.536795e-01 -3.741412e-01 1.083908e-01 -2.989833e-02 -1.298359e-01 -1.395496e-02 -3.001045e-01 2.880085e-01 1.258911e-01 -1.193856e-01 -1.553316e-01 -8.155572e-02 -9.078760e-02 9.484715e-02 -1.575034e-01 6.966250e-03 2.914566e-02 1.574052e-01 6.863895e-01 2.077425e-01 1.174794e-01
1.029595e-01 1.958016e-01 2.717829e-01 -9.672139e-02 -4.244414e-01 -1.849754e-02 -7.521062e-02 7.881787e-02 -5.396940e-02 -2.360001e-01 5.092999e-01 3.640952e-02 -8.658412e-02 2.064432e-01 -3.593087e-02 -3.570583e-01 -8.928066e-02 1.559943e-01 2.320520e-01 3.323316e-01 8.834613e-02 6.026816e-01 -5.926402e-02 1.288063e-01 1.399728e-01 1.553344e-01 -2.849939e-01 -1.254688e-02 5.116796e-02 3.740672e-01 1.567768e-01 1.755493e-01
-1.227034e-01 -3.105631e-01 1.123810e-01 -6.370599e-02 2.197438e-01 -3.640275e-02 6.180141e-02 -3.594493e-01 5.850347e-01 2.049080e-01 2.767043e-02 1.632263e-02 -1.888059e-02 1.825756e-01 3.620298e-01 1.969507e-01 -1.500127e-01 -3.293292e-01 -1.964186e-01 -2.304228e-01 -2.763050e-01 -1.353705e-01 -3.232569e-02 1.322964e-01 5.115682e-01 -1.033578e-01 1.158516e-01 3.450665e-01 3.718967e-01 8.090466e-02 -9.899409e-03 -1.283238e-01
-1.600404e-01 -1.208425e-02 -8.941020e-02 -1.545504e-01 -3.225393e-01 -4.546982e-01 -1.765618e-03 -6.000336e-02 9.217636e-02 -1.466163e-01 1.694887e-01 5.664001e-01 -8.977458e-03 4.821933e-02 -2.216880e-01 -3.707537e-01 -1.365658e-01 1.432090e-01 3.410618e-01 7.772365e-02 6.752420e-02 1.761847e-01 -7.202918e-02 1.852251e-01 1.401238e-01 1.567850e-01 1.699517e-01 -5.578596e-03 1.819785e-01 1.122658e-01 7.779639e-01 3.622016e-02
-2.226171e-02 -1.314992e-01 -1.410539e-01 1.434624e-02 9.744073e-02 -1.852006e-01 -1.218944e-01 -9.476890e-02 3.635896e-01 -3.018607e-01 1.056973e-01 4.993862e-01 9.146280e-02 1.846984e-01 3.194976e-01 4.148555e-01 5.339426e-02 2.964953e-01 3.201027e-01 -2.089060e-02 -2.759809e-01 5.169277e-02 1.331645e-01 6.401092e-02 -6.681197e-01 2.168033e-01 2.910651e-01 -1.955377e-01 4.774826e-02 8.588825e-02 1.200585e-01 -1.769293e-02
-6.012971e-02 -1.266097e-01 -3.053541e-01 1.345056e-01 2.666662e-01 -1.030648e-01 1.532168e-01 5.471264e-02 1.463176e-01 1.200062e-01 1.616399e-01 -1.956785e-02 -6.961811e-03 3.989827e-01 5.664735e-01 2.957539e-01 -1.146703e-01 -1.276647e-01 4.468279e-02 2.327822e-01 -5.768274e-01 -4.633771e-03 1.077575e-01 3.535661e-02 5.836825e-01 -2.544740e-01 8.932746e-02 5.156128e-02 9.284558e-02 1.814568e-01 2.636317e-02 -7.722700e-02
-1.653690e-01 -3.195472e-01 -1.581292e-01 -1.358892e-01 1.832061e-01 -2.302826e-01 7.811923e-02 7.878114e-02 -8.088821e-02 -1.668106e-01 -3.483278e-01 4.729207e-01 -3.095787e-01 2.731967e-01 2.366975e-01 7.891356e-02 -2.332152e-02 1.499099e-02 3.290492e-02 -2.779282e-02 -4.315052e-01 -1.279857e-01 -1.734815e-01 1.817105e-03 -5.791819e-01 1.048569e-01 9.409019e-02 -1.902408e-01 -3.268659e-01 -1.014935e-01 3.274682e-01 -1.452388e-01
3.747519e-01 3.249475e-02 3.368472e-01 3.949265e-01 1.601468e-01 2.247439e-02 -2.769537e-01 -1.454368e-01 -2.297164e-01 -1.240457e-01 1.363647e-01 2.214013e-01 7.928585e-02 1.962513e-02 -2.572955e-01 7.477098e-02 1.671177e-01 -6.970689e-04 1.393299e-01 -3.987702e-01 1.704619e-01 4.606774e-01 -1.907202e-01 -1.350599e-01 3.525596e-02 -5.314232e-02 3.705772e-02 4.126932e-02 7.546148e-02 4.621501e-01 -2.151897e-01 -1.951015e-01
-2.102020e-01 -1.620379e-01 2.491127e-01 2.911476e-01 -1.467325e-01 -5.368296e-02 -2.833531e-01 -3.340455e-03 4.280092e-01 2.522859e-01 -4.014221e-01 8.954862e-04 3.656013e-02 -1.169317e-01 2.583850e-01 -3.609907e-01 -1.005360e-02 2.780598e-01 2.882156e-01 4.052818e-01 1.073295e-01 2.897999e-01 -6.060694e-02 -2.030061e-01 8.295412e-02 -4.582569e-01 -4.110002e-02 1.816805e-01 -1.957454e-01 -1.052948e-01 -1.605641e-01 3.783467e-01
-1.590735e-01 -2.015390e-01 -1.784507e-01 1.740035e-01 -3.301420e-01 1.798249e-01 -7.695293e-02 1.539324e-01 5.021525e-01 3.983767e-02 -3.479985e-01 2.196885e-02 3.946340e-02 -3.913571e-01 -6.565760e-02 1.600666e-01 5.972091e-02 3.435218e-01 -1.245738e-01 4.915622e-01 -1.786210e-01 9.595090e-02 1.515160e-01 -1.466802e-01 -5.900877e-02 1.019333e-01 1.457782e-01 3.828799e-01 -6.308172e-03 5.162883e-01 -1.926463e-01 2.207410e-02
-3.289093e-01 4.459000e-01 -8.448956e-02 2.788707e-01 -1.037526e-01 6.706155e-02 -1.720843e-01 1.056340e-01 -3.218653e-02 1.162135e-01 5.654842e-01 -2.628376e-01 -8.993343e-02 4.804342e-02 5.469279e-02 -7.721529e-02 2.988959e-02 3.715417e-01 -1.136861e-01 -4.229891e-01 4.605691e-02 3.524404e-01 2.272507e-01 -4.469931e-02 1.240899e-01 2.426854e-01 -5.204959e-02 2.533785e-02 1.571891e-01 3.307678e-01 2.625230e-01 5.317030e-02
-2.535026e-01 7.117324e-02 -1.865535e-01 -1.474177e-01 -2.117730e-01 -1.664169e-01 4.714955e-02 2.067600e-01 3.521719e-01 7.818069e-02 -1.659029e-01 7.521287e-02 3.172749e-02 -3.477797e-01 -3.698413e-02 3.925757e-01 -1.256834e-01 1.567846e-01 -1.555283e-01 2.175912e-01 -1.680725e-01 -4.125100e-01 1.691369e-01 -1.356099e-01 -1.966099e-01 1.990028e-01 3.534176e-01 -3.457173e-01 -4.548401e-02 -2.096765e-01 2.141490e-01 1.585747e-01
1.140193e-01 1.269199e-02 -1.772489e-02 1.498287e-01 4.354100e-02 2.968988e-01 -5.644393e-02 -1.505291e-01 7.838981e-02 -2.243550e-01 2.681159e-01 5.776017e-03 -2.616274e-02 4.766391e-01 -1.728552e-01 -3.611671e-01 -1.116615e-01 -1.268194e-01 2.300906e-01 2.956399e-01 1.621868e-02 3.403349e-02 -9.948391e-02 -3.581380e-01 2.408033e-01 -1.486811e-01 1.113782e-01 -5.232748e-02 -3.292378e-03 5.102814e-01 -7.333013e-02 -4.623327e-02
5.546242e-03 5.316211e-02 1.858527e-01 -1.829992e-01 -2.728274e-01 -1.873052e-01 1.188818e-01 -1.751876e-01 2.469353e-01 -9.916590e-02 5.774368e-01 1.410167e-01 9.397106e-02 -2.707690e-01 -2.220619e-01 -5.686370e-02 -2.017756e-01 -2.655333e-01 -1.932367e-01 3.874061e-02 -6.223002e-02 2.380778e-01 1.450124e-01 -1.959270e-01 -3.181180e-01 4.904725e-03 6.817164e-02 -2.662613e-01 3.533583e-01 -4.104406e-01 8.849943e-02 3.482994e-01
-1.807942e-01 5.012859e-02 1.979784e-01 -3.185827e-01 2.848636e-01 -9.947807e-02 -7.387693e-02 -1.569699e-01 -3.999965e-01 -3.535398e-01 4.718333e-01 -1.642713e-01 6.063316e-02 -7.056779e-02 -6.489895e-02 -1.900337e-02 -5.366208e-02 1.247566e-01 3.047991e-01 -2.976842e-04 3.327712e-01 5.573332e-01 -3.445238e-02 -1.031418e-01 -3.571843e-02 -1.320329e-01 -3.619732e-01 6.091980e-02 6.557882e-02 4.430200e-01 1.582428e-01 -1.267830e-01
-3.506252e-01 -1.966731e-01 -2.364701e-01 2.381317e-01 1.902977e-01 -1.259125e-01 4.514429e-02 -4.643758e-02 2.998354e-01 -1.058775e-01 4.529493e-01 -3.012594e-01 4.933433e-02 -3.099155e-01 2.761853e-01 -1.208446e-01 -2.952804e-01 -3.116341e-01 5.363002e-02 4.796622e-01 2.838730e-01 -1.018179e-01 4.890035e-01 1.010079e-01 -8.779175e-02 -2.355684e-02 4.501198e-02 1.520490e-01 2.115811e-01 -1.656925e-01 7.450113e-02 -1.593424e-02
-3.501013e-01 -1.471984e-01 2.640011e-01 -2.985046e-01 1.324552e-01 -3.205914e-01 2.037105e-01 -2.946449e-02 -8.755910e-02 -4.601085e-02 -1.524849e-01 -2.582661e-01 -9.344776e-02 -3.424866e-02 4.805284e-01 -1.909526e-01 -6.647276e-02 9.340937e-02 -1.912144e-01 8.468021e-03 -1.059605e-03 9.707285e-02 -3.994903e-01 1.518132e-01 6.257461e-01 -1.589948e-01 -1.673859e-01 2.702640e-01 -1.679124e-01 -1.890725e-01 1.389456e-01 2.898369e-02
-1.664939e-01 1.824610e-01 -3.335847e-01 5.413017e-01 7.223092e-02 -1.859738e-01 -4.842309e-01 5.146502e-02 8.230828e-02 1.023282e-02 -1.133274e-01 3.799498e-02 -1.024823e-01 -2.665928e-01 -1.469443e-01 -1.926633e-02 4.637546e-02 6.355066e-02 2.388590e-01 -6.103453e-02 -5.327559e-01 -8.276381e-02 3.277930e-01 -1.062923e-01 -3.980392e-01 1.307675e-01 4.255959e-01 -2.024258e-01 -1.664200e-01 1.592257e-01 1.310785e-01 8.592501e-03
1.075692e-01 4.071442e-02 -1.922965e-01 -7.022195e-02 -4.490795e-01 -1.666621e-01 1.794159e-01 8.977815e-03 3.285269e-01 -1.801867e-02 1.208221e-01 5.888485e-01 1.671223e-02 1.437353e-01 -2.164604e-01 -7.235169e-02 -2.001986e-02 -2.832581e-01 1.351390e-01 2.001238e-01 4.697255e-02 2.531711e-01 -6.538172e-02 -4.751069e-02 -4.042145e-01 1.498184e-01 -1.486424e-01 -5.965786e-01 1.843975e-01 -2.299606e-02 2.233450e-03 1.591551e-01
-7.271110e-02 1.733246e-01 2.586465e-01 3.343081e-01 2.785769e-01 -9.071469e-02 -2.706189e-01 1.151082e-01 3.395771e-01 -2.469755e-01 -1.837063e-01 2.486729e-01 2.491750e-01 -1.626254e-01 -2.561255e-01 -7.022574e-02 -6.025695e-02 2.448201e-01 -5.298628e-02 5.454614e-01 4.228203e-02 2.275782e-01 2.121977e-02 2.341284e-02 -3.387913e-03 8.142864e-02 1.771847e-01 4.648040e-01 3.431598e-02 4.654520e-01 -1.936297e-01 -2.950878e-03
2.678787e-01 3.411905e-01 1.116234e-01 1.614931e-01 8.977332e-02 -1.641059e-01 2.481175e-01 -2.406339e-01 2.403212e-01 5.507324e-02 -1.490583e-01 3.834987e-02 -3.773215e-01 1.408791e-01 -2.204968e-01 8.487381e-02 -1.656792e-01 -1.167603e-01 1.141808e-01 -4.810436e-01 7.841161e-02 2.079768e-02 1.433641e-01 -5.316484e-01 -1.281102e-01 -3.857381e-02 -1.052108e-01 -6.690354e-02 -5.374466e-02 -1.759546e-01 -9.141134e-02 -1.769436e-01
-4.194331e-01 -1.663527e-01 -3.162216e-01 5.012933e-02 -2.407162e-01 1.586945e-01 5.152844e-01 -2.136835e-01 1.389812e-01 2.543940e-01 -9.676361e-02 -2.430470e-01 -7.738218e-02 4.140510e-02 -1.911751e-01 1.345625e-01 -4.632675e-01 -3.986907e-02 6.432439e-02 1.472352e-01 9.828185e-02 2.337672e-01 2.498340e-01 1.078482e-01 3.124596e-02 -2.241993e-01 -4.576868e-02 -3.753245e-01 1.347619e-01 -3.318391e-01 5.676198e-02 3.032774e-01
-1.608515e-01 1.493111e-01 -2.714024e-01 9.474717e-03 1.779353e-01 4.609533e-01 -1.235570e-01 -2.548092e-02 -6.461814e-04 -3.280919e-01 3.354412e-01 -7.220957e-02 8.292922e-02 3.611375e-01 -5.935242e-02 -1.282872e-01 -8.573209e-02 -1.056160e-01 1.143161e-01 1.503243e-01 -5.426895e-01 -4.236212e-02 -1.399691e-01 -6.165459e-02 2.699718e-02 -1.822757e-01 2.062811e-01 -1.341512e-01 -1.884680e-01 -2.956272e-01 8.880313e-02 3.878950e-01
-1.449189e-01 -2.334233e-02 1.156422e-01 -3.531110e-03 1.616984e-01 3.073586e-01 -8.213857e-02 -2.344780e-01 5.326071e-01 -1.716375e-01 1.247627e-01 -1.880334e-01 2.116916e-01 -7.383947e-02 -4.656042e-01 1.854470e-01 -1.671933e-01 4.329809e-02 -9.401732e-03 1.019248e-01 -6.326263e-02 1.007964e-01 9.336294e-02 -2.763053e-01 6.696235e-02 4.059415e-01 4.056347e-01 -5.224786e-01 -2.364398e-01 -2.972922e-01 2.320901e-02 -2.716019e-02
1.631078e-01 9.783758e-02 4.055409e-01 1.454323e-01 2.330551e-01 2.241391e-01 -8.080514e-02 -2.127543e-01 -3.389615e-01 1.639477e-01 1.465284e-02 -6.338253e-02 5.703811e-04 3.324604e-01 8.983333e-02 -1.397639e-01 1.524920e-01 -7.603603e-02 2.657100e-02 -2.585138e-01 3.049502e-01 3.060559e-01 -2.320198e-01 1.677232e-01 1.412853e-01 -1.573833e-01 -3.490436e-01 3.532407e-01 1.268978e-02 1.084068e-01 -2.043432e-01 -2.232999e-01
-1.249380e-01 -2.110059e-01 9.422627e-02 5.658782e-01 -9.424856e-02 1.400260e-01 -2.328138e-01 -2.550178e-02 2.447226e-01 -7.491408e-02 -1.278509e-01 9.696699e-02 2.057237e-01 -3.394665e-01 -1.446306e-01 3.449918e-01 8.577204e-02 1.913033e-01 -1.307998e-01 4.387237e-01 -1.693010e-01 1.202467e-01 8.124406e-02 -1.568924e-01 9.994078e-02 3.318933e-02 2.447541e-01 5.077127e-01 -1.523517e-01 4.807645e-01 -1.806951e-01 -7.481287e-03
-2.098402e-01 -2.668569e-01 -4.736026e-02 -1.547703e-01 2.274939e-01 2.136506e-01 6.382040e-02 3.777155e-02 1.785801e-01 4.054166e-01 9.687803e-02 8.228372e-02 -2.319510e-01 -3.799147e-02 9.087707e-02 5.647614e-01 7.289540e-02 -5.054837e-01 -2.291235e-01 6.803527e-03 -1.764459e-01 1.469199e-01 -3.399626e-02 -1.403259e-01 -3.661295e-02 -1.019898e-01 -2.217964e-01 3.758700e-01 1.419559e-01 2.875729e-01 3.707630e-01 1.696684e-01
8.349563e-02 -2.042976e-01 -2.259285e-01 1.108749e-01 4.198259e-03 3.057168e-01 -4.480931e-02 -2.969044e-02 -4.124696e-01 -1.485854e-01 1.333612e-01 -1.163116e-01 2.165115e-03 6.647891e-01 -6.382798e-02 1.478397e-01 1.779332e-01 7.485198e-02 -9.538121e-02 2.225028e-01 -1.622530e-01 -1.704435e-01 2.635151e-01 1.289364e-01 -2.558978e-01 3.729387e-02 2.622771e-01 -2.660532e-01 6.812298e-01 -5.024833e-02 1.022242e-01 -8.770332e-02
4.256819e-01 6.102308e-02 4.196773e-01 -3.755420e-01 -3.315432e-01 -5.791583e-02 1.605085e-02 -7.929277e-02 -1.078544e-01 2.737469e-01 -2.220924e-01 2.864341e-01 -4.208468e-03 3.915236e-02 -2.033482e-01 -2.105654e-02 1.409213e-01 7.064236e-03 -1.333045e-01 -4.822285e-01 -5.792364e-03 1.613801e-01 -5.006277e-01 1.493357e-01 2.059887e-02 -1.074451e-01 -1.366805e-02 -1.834484e-01 -1.512800e-01 3.967825e-01 -5.859206e-02 1.581197e-01
-2.073464e-01 -2.718923e-01 5.362615e-01 -6.245427e-02 -5.639864e-03 7.821671e-02 5.954074e-01 -3.974148e-03 6.876785e-02 1.700023e-02 1.472161e-01 2.874726e-02 2.125881e-01 -3.773858e-02 -4.020881e-02 -8.033703e-02 -1.687682e-01 -1.717667e-01 -2.124614e-01 -5.066356e-01 1.000748e-01 -1.251320e-01 7.997403e-02 2.850517e-01 -2.322098e-02 -9.816472e-02 3.228652e-02 -3.622203e-01 1.654334e-01 -3.844099e-01 -1.753430e-01 3.413799e-01
-2.813488e-01 -1.096361e-01 1.014833e-01 -3.290559e-01 1.105618e-02 -3.394893e-01 5.350569e-01 6.421918e-02 -1.374441e-01 -3.337009e-01 6.412973e-02 5.264545e-02 -1.448998e-01 1.078107e-01 -2.199910e-01 1.345473e-01 2.952756e-01 -7.621942e-02 -2.678023e-01 -3.064302e-01 1.968630e-01 -3.408319e-01 4.799524e-02 3.354872e-01 -1.542086e-01 -3.025317e-01 -9.773517e-03 -3.505581e-02 -1.262078e-01 -1.745184e-01 -2.810881e-01 3.337120e-01
2.355871e-01 1.950320e-01 3.700991e-01 -1.161527e-01 -1.492129e-01 -1.184323e-01 6.991136e-02 2.408711e-02 -1.821757e-01 3.020920e-02 5.035180e-01 -3.353858e-01 -2.015739e-02 -2.598256e-01 1.688918e-01 -7.448503e-02 -1.715913e-01 -2.782455e-01 -1.857233e-01 4.908453e-02 -3.053854e-01 1.494004e-01 1.818546e-01 -3.187339e-01 -2.311447e-01 -1.711789e-03 -2.716015e-02 1.399987e-01 2.412881e-01 -4.969656e-01 7.466737e-02 3.358116e-01
3.096297e-01 1.835123e-01 -9.899129e-02 -1.472483e-01 2.422568e-01 -4.846330e-02 2.627548e-01 1.766451e-01 1.174796e-01 5.234606e-01 2.925388e-01 1.666511e-01 -7.738512e-03 3.053496e-02 1.009000e-01 -3.724715e-01 -1.058677e-01 -2.304115e-02 -5.576204e-03 4.861665e-02 -1.462580e-01 7.991210e-02 -2.923476e-01 3.303626e-02 8.828997e-02 -7.268906e-02 -3.798566e-02 4.916986e-01 1.339765e-02 -3.748261e-01 6.341243e-01 -4.357530e-02
9.664133e-02 -1.433515e-01 -3.588859e-01 3.239179e-01 9.912062e-02 -1.806891e-02 -8.591032e-02 1.389040e-01 -3.993909e-01 -3.222544e-01 5.271655e-01 -7.166798e-02 6.355467e-02 1.143495e-01 9.560680e-02 1.483497e-01 1.611096e-02 -3.450218e-01 1.113322e-01 3.072578e-01 1.666085e-01 -2.212297e-01 3.375663e-01 -1.567429e-01 -2.329056e-02 -9.173260e-02 6.668523e-02 -2.346117e-01 4.111151e-01 2.364612e-01 1.520707e-01 -3.038840e-01
1.600448e-01 1.763653e-01 2.314634e-01 -4.639189e-01 -2.036619e-01 -1.039196e-01 5.404517e-01 -3.460505e-02 3.576608e-02 1.879288e-01 -1.374605e-01 -1.095624e-01 9.706538e-03 -2.628714e-01 -1.539667e-01 -1.080734e-01 -4.520643e-02 -3.380724e-01 -6.734855e-02 -5.061387e-01 -2.203447e-01 -2.080451e-01 -2.080303e-01 -1.504367e-01 -2.095297e-01 2.751741e-01 -3.276819e-02 6.196431e-02 -5.142044e-02 8.298832e-02 -4.480230e-01 -1.312186e-01
5.648895e-02 8.982449e-02 -3.451208e-01 -7.213609e-02 2.700020e-01 1.288460e-01 2.910834e-01 5.571476e-02 -3.551155e-01 -3.565577e-01 4.864913e-01 -6.714796e-02 -7.591862e-03 9.246090e-02 -6.832749e-02 3.030708e-01 -1.985073e-02 -2.097200e-01 -1.900332e-01 -2.149471e-01 -9.477922e-02 -2.725288e-01 1.898144e-01 2.379616e-01 -1.186980e-01 3.495184e-01 7.304779e-02 -1.610502e-01 5.210096e-01 7.222582e-02 1.466862e-01 -3.915583e-01
2.906311e-01 -7.606454e-02 2.597460e-01 -2.461191e-01 7.773105e-02 2.330347e-01 2.096194e-01 7.190104e-02 1.177932e-02 1.257926e-02 3.727788e-01 2.200960e-01 4.899583e-01 2.656302e-01 3.011103e-01 1.521055e-01 -9.890284e-02 2.398605e-01 4.316518e-02 -3.374271e-01 2.932811e-02 -2.996165e-01 4.715565e-01 3.696819e-01 -1.263821e-01 9.697133e-02 -9.084766e-02 8.013812e-02 1.524336e-01 1.340211e-01 2.629734e-01 -3.242907e-01
-7.977400e-02 9.310685e-02 -1.602849e-01 -3.483547e-01 1.578235e-01 -9.550941e-02 5.253663e-01 -9.141524e-02 1.353542e-02 1.170197e-01 4.281628e-02 6.150427e-02 2.047981e-01 1.944449e-01 -2.292564e-01 -2.952895e-01 -1.503668e-01 -5.887320e-03 1.153094e-01 1.163124e-01 -1.809025e-01 -4.046566e-01 -2.816445e-02 5.153696e-02 1.349205e-02 -2.894939e-02 -6.178486e-01 -2.402501e-01 -1.532029e-02 -2.208219e-01 7.862602e-02 -1.373989e-02
3.483135e-01 1.569597e-01 5.214384e-01 -4.391170e-02 2.080652e-01 -1.718793e-01 -3.626293e-01 2.286455e-01 -6.539761e-02 -2.506877e-01 1.150491e-01 1.801025e-01 9.948061e-02 6.278709e-02 9.471676e-02 -7.593513e-02 1.900632e-01 1.030701e-01 -4.621059e-02 -1.898415e-01 -1.815202e-01 -3.775654e-01 -1.674040e-01 -1.967385e-01 -5.649775e-02 2.454287e-01 2.370364e-02 1.929506e-01 -2.427220e-01 2.427371e-01 -1.226520e-01 -3.256113e-01
2.387777e-01 -1.873964e-01 2.771766e-01 3.371690e-01 2.122435e-02 -9.480981e-03 -2.768681e-01 4.484181e-01 -6.083093e-02 -2.026484e-01 7.607108e-02 -1.179088e-01 -1.399353e-02 -4.816760e-02 2.151197e-01 1.794671e-01 6.067633e-02 -3.133009e-02 1.919935e-01 -6.568697e-02 3.331886e-01 2.241105e-01 1.083353e-01 -4.685170e-03 1.167956e-01 6.502732e-02 5.922241e-01 -5.265721e-02 9.848172e-02 2.182453e-01 -2.106400e-01 -2.006086e-01
2.701384e-01 -3.681169e-01 1.084445e-02 -3.555190e-01 4.455211e-01 -1.677344e-01 1.380869e-01 -2.541847e-01 -2.735578e-03 -9.971153e-03 -1.652892e-01 1.652630e-01 -4.868952e-02 3.515244e-02 -2.987961e-01 4.614466e-02 -1.439022e-01 -3.576865e-01 8.492714e-02 4.758864e-01 -7.490360e-02 -4.200521e-01 -2.435299e-01 1.854014e-01 -1.126313e-01 -1.909894e-01 1.321100e-01 9.474282e-02 -9.038344e-03 -2.701790e-01 -1.446203e-01 -6.121283e-02
-1.972461e-01 4.747143e-01 -8.094008e-02 1.812823e-01 9.039581e-02 1.204499e-01 -3.373199e-01 1.898329e-01 -1.991327e-02 1.468409e-01 4.813445e-01 -3.261631e-01 -2.160806e-01 -6.260069e-02 -9.902465e-02 -1.141725e-01 -2.725279e-01 2.238902e-01 4.005279e-01 -5.200273e-01 -1.332955e-02 5.298985e-01 -2.953029e-02 4.947668e-03 -1.751720e-02 1.141843e-01 7.379665e-02 -7.758846e-02 1.641140e-01 4.302454e-02 -3.309058e-02 -1.729923e-01
-8.808395e-02 1.605049e-01 -1.015700e-01 2.380652e-01 -3.093939e-01 4.784177e-02 1.617867e-01 2.561348e-01 -1.516887e-02 -1.718216e-01 7.973942e-02 1.337022e-03 2.031582e-01 -1.554205e-01 5.739434e-01 1.148743e-02 9.241244e-02 3.367267e-01 -1.706907e-01 -5.290799e-01 7.184828e-02 2.259445e-01 5.886998e-02 -4.587789e-01 -1.453312e-02 9.796381e-02 -1.793149e-01 -1.302698e-01 2.843409e-02 -8.089492e-02 2.324273e-01 -3.105417e-02
2.441694e-01 1.054980e-01 5.382916e-01 -3.267861e-01 -3.085296e-01 5.271678e-02 8.580980e-02 -5.744261e-02 -4.103840e-02 2.581421e-01 -4.049514e-01 2.512969e-01 -1.231576e-01 7.436264e-02 -1.318896e-01 -4.860909e-02 3.551773e-01 1.561433e-01 -1.170572e-01 -5.104408e-01 -2.135951e-01 1.255947e-01 -3.298061e-01 9.716460e-02 5.155532e-02 -3.849024e-02 -4.838975e-03 1.309365e-01 -2.376793e-01 3.329531e-02 -3.802330e-01 1.905758e-01
3.466578e-01 -2.132187e-01 -4.222057e-01 -3.786263e-01 4.503905e-02 3.144550e-01 -2.647727e-02 4.814687e-01 -5.174553e-02 1.293579e-01 -5.285983e-02 -1.161932e-01 -1.290631e-01 -5.772675e-02 2.741426e-01 -1.269979e-01 -2.314324e-01 -9.716669e-02 1.144300e-01 3.303072e-01 -2.857890e-01 -3.648726e-01 1.496142e-02 -4.276876e-01 -2.366014e-01 -1.400410e-01 1.626282e-01 -2.260870e-01 -1.270335e-01 -1.681930e-01 -2.650918e-01 1.660081e-01
2.468986e-01 4.382867e-01 -2.608595e-01 1.709250e-01 9.246270e-02 2.816649e-01 -3.273837e-01 3.451654e-01 8.492634e-02 -1.074515e-01 1.628209e-01 -1.115987e-01 5.373712e-02 -7.497130e-02 -1.825253e-01 -2.854322e-01 -1.689609e-02 -2.105438e-01 2.759115e-01 -2.317202e-01 6.437740e-02 -2.546243e-01 1.376981e-01 5.322228e-02 -5.670011e-01 5.474445e-02 1.196496e-01 8.942461e-02 3.288063e-01 3.917195e-02 -2.296832e-01 2.223253e-02
-2.872217e-01 -4.267468e-02 -4.196063e-01 -1.088455e-01 3.270009e-02 4.112390e-01 -3.053794e-01 4.962623e-01 2.580591e-02 2.587270e-01 1.265766e-02 1.458465e-01 8.546112e-03 -2.360588e-01 7.572269e-02 -9.663618e-02 2.410587e-01 -1.393920e-01 -9.569511e-02 3.919819e-01 -4.177811e-02 -1.223201e-01 -4.604176e-02 1.272735e-01 4.091817e-01 -2.399292e-01 -9.932357e-02 9.671118e-02 -1.830700e-01 -3.053734e-01 -4.558057e-01 3.118690e-01
-6.416702e-02 -3.250849e-02 1.600457e-01 -4.537919e-01 9.712914e-02 4.666313e-02 6.536372e-02 -1.975100e-01 4.318155e-02 3.331696e-02 4.558590e-01 1.281365e-02 1.174459e-01 -7.110217e-02 -2.507901e-01 5.576425e-01 -5.548474e-03 1.427997e-01 1.621854e-01 7.992938e-01 8.781410e-02 1.325867e-01 2.925731e-02 -1.388851e-01 2.112144e-01 -5.789991e-02 6.981130e-02 -2.429550e-01 2.187400e-01 4.576358e-02 -4.091810e-02 -1.856235e-01
2.197235e-01 -6.873585e-02 3.413351e-01 6.384902e-01 -1.047307e-01 3.471071e-02 -2.259960e-01 -2.114371e-01 4.555308e-02 -6.902648e-02 -2.199594e-01 1.280103e-01 2.572482e-01 -9.066931e-02 -1.326514e-01 1.972684e-01 4.653112e-03 1.554980e-01 -2.891813e-01 3.690238e-01 1.136644e-01 1.208333e-01 2.027860e-02 -1.035478e-01 3.637832e-02 1.001429e-01 1.699862e-01 3.796999e-01 -1.639268e-01 6.687669e-01 -4.265421e-02 -2.066361e-02
1.210694e-01 -2.087086e-02 -8.001167e-02 7.398368e-02 4.840086e-01 -1.416303e-02 2.350357e-02 1.207313e-01 -2.166761e-01 1.172578e-01 -4.308599e-01 -3.333049e-01 4.007560e-02 -1.516817e-01 2.282823e-01 2.271885e-01 4.155904e-02 2.369078e-01 9.044873e-02 -2.036545e-02 5.340037e-02 -2.831280e-01 -1.111263e-01 4.814568e-02 2.955408e-01 2.977559e-02 7.826360e-04 3.754287e-01 -2.582811e-01 3.447535e-01 -7.615789e-02 -4.940139e-01
2.996230e-01 2.102375e-01 -2.274210e-01 -1.241297e-01 2.297847e-01 -2.303782e-01 2.148346e-01 9.200131e-02 2.993833e-01 3.588564e-01 2.108259e-01 1.952304e-01 -1.723259e-02 1.383898e-01 1.565781e-01 -3.506930e-01 -3.941907e-02 -2.654663e-01 1.500341e-02 1.221780e-01 -1.221244e-02 -6.167810e-02 -2.752635e-01 -1.619055e-01 2.187748e-01 -3.094333e-01 7.511321e-04 3.548615e-01 1.141769e-01 4.794225e-02 6.223800e-01 -1.921340e-01
-7.550927e-02 -9.034529e-02 -2.708502e-01 8.931362e-02 2.561844e-01 1.261313e-01 -1.602819e-01 -1.546858e-01 4.464661e-01 -2.702576e-01 1.953034e-01 3.533328e-01 2.929777e-02 2.091959e-01 2.919298e-01 3.029573e-01 -3.855504e-02 -5.423340e-02 4.143745e-02 2.939154e-01 -6.042023e-01 -1.536572e-02 -1.836148e-02 2.086693e-01 4.899950e-01 -8.448785e-02 1.127546e-01 -5.673048e-02 -1.998904e-01 1.532337e-01 2.282796e-01 -7.905722e-02
1.720068e-01 4.698326e-02 -3.155754e-01 -2.897887e-01 -3.374814e-01 1.193310e-01 5.987157e-02 1.577448e-01 9.969816e-03 4.392437e-01 1.267623e-01 -8.577965e-02 -2.115997e-01 -3.475961e-01 2.127907e-01 2.823378e-01 -3.371547e-01 1.295240e-01 9.555983e-02 -3.114332e-01 1.971835e-01 -1.810365e-01 4.352175e-02 3.663472e-01 1.842792e-01 1.201405e-01 1.546359e-01 2.238891e-02 1.266597e-01 -1.858547e-01 -4.520946e-01 7.593006e-02
-7.603826e-03 2.859155e-01 2.187589e-01 -4.004141e-01 -8.208504e-02 -9.992182e-02 2.686636e-01 -1.791537e-02 2.615438e-01 4.576043e-01 -1.401004e-01 -1.875832e-02 -3.216092e-02 -2.911581e-01 -5.301814e-02 -1.346546e-01 -8.080790e-02 -2.761372e-01 3.862767e-02 -7.025754e-01 -2.459374e-01 -1.525943e-01 -7.727516e-02 -6.858306e-02 -3.622931e-01 5.503818e-02 6.925870e-03 1.291891e-01 -1.148854e-01 1.508766e-02 -2.559273e-01 -3.597091e-02
-1.832441e-01 2.049686e-02 2.045407e-01 4.913652e-02 1.178420e-01 1.881872e-01 -7.281496e-02 -1.950281e-01 4.839167e-01 2.364063e-01 -1.952062e-01 -1.874238e-01 2.795158e-01 -1.681461e-01 -2.240767e-01 3.817646e-01 -1.894821e-01 1.482141e-01 -1.782523e-01 5.783249e-02 -7.424308e-02 -9.720321e-02 7.869373e-02 4.894319e-02 1.601859e-02 2.693952e-01 2.643825e-01 -6.441501e-01 -1.165307e-01 -4.116893e-01 -1.947991e-02 -1.038284e-01
-1.051196e-01 2.206234e-01 3.932202e-01 -2.372434e-01 2.615989e-02 1.026653e-02 2.756684e-01 -1.358759e-01 3.657154e-01 3.377544e-01 -3.125529e-01 1.310900e-01 -5.722591e-02 -2.804765e-01 -9.153466e-02 -1.656145e-01 -4.625202e-02 2.282616e-01 -2.299004e-01 -5.750225e-01 -2.889774e-01 2.223783e-01 -2.583315e-01 1.422746e-01 7.169648e-02 3.669262e-02 -7.876171e-02 2.596058e-01 -4.778727e-02 -1.341590e-01 -1.194076e-01 2.392439e-01
-3.653082e-01 -1.021449e-01 -2.294681e-01 1.552184e-01 5.099516e-01 -6.041797e-02 1.022469e-01 -5.705080e-02 2.037628e-01 -1.585501e-01 1.556644e-01 -2.716072e-01 3.918352e-02 -2.213013e-01 4.458419e-01 -3.732237e-02 -3.825350e-01 -7.424334e-02 -2.333644e-01 1.778234e-01 1.448802e-01 1.611339e-01 2.639465e-01 -8.500057e-03 2.240674e-01 5.867494e-03 1.798844e-01 5.405994e-03 4.873857e-01 -4.040296e-01 -1.598809e-01 2.158999e-01
-3.207974e-01 -1.862143e-01 4.619194e-01 -2.633308e-01 9.028494e-02 -2.549016e-01 1.927114e-01 -1.028703e-02 -1.153864e-01 -4.706871e-02 9.119289e-02 2.918855e-01 -1.382915e-01 -4.479230e-02 3.550024e-01 -1.016470e-01 2.596007e-03 1.135650e-01 4.856300e-02 -4.461299e-01 5.038230e-01 7.770915e-02 4.129660e-02 1.270026e-01 -4.485873e-01 3.177086e-01 -1.214860e-01 1.412120e-01 1.736536e-01 -8.271332e-02 7.189885e-02 -1.373525e-01
-2.616134e-01 -1.827558e-01 -2.222354e-01 1.924464e-01 3.574796e-01 -1.429381e-01 2.418162e-01 -2.112416e-02 4.911831e-01 6.712227e-02 2.567741e-01 -2.098933e-01 7.341818e-02 -8.605614e-02 2.511862e-01 -2.280693e-01 1.829678e-01 -2.262119e-01 -3.973116e-02 5.209613e-01 1.609234e-01 2.093287e-01 1.982021e-01 8.867654e-02 2.759077e-01 -1.750810e-01 1.782508e-01 2.092946e-01 -2.388023e-01 1.158185e-01 2.759844e-01 1.128950e-01
5.723785e-01 1.123633e-01 -1.072692e-01 7.719247e-03 -3.450959e-01 -2.289306e-01 3.523704e-01 -5.603325e-03 -7.309176e-02 3.506440e-02 4.132445e-01 7.732592e-02 1.045255e-01 5.951531e-02 1.654193e-01 -1.714268e-01 -1.893829e-01 -4.788467e-01 -2.994789e-02 2.297739e-01 -2.905659e-01 2.942409e-01 2.341025e-01 -1.915855e-01 -9.844075e-02 8.025008e-02 -5.509885e-02 -7.081368e-02 3.861352e-01 -2.733082e-01 1.234480e-01 2.727480e-01
-8.069662e-02 -3.634738e-01 -9.447461e-02 -3.057990e-02 -3.313097e-01 8.289706e-02 1.623131e-01 6.053077e-02 2.946194e-02 -8.710918e-02 -1.955772e-01 -1.199707e-01 1.543320e-01 -1.468349e-01 5.203671e-01 8.807166e-02 -9.772001e-02 2.301380e-01 9.830703e-02 3.925909e-01 -4.120505e-01 -2.031331e-01 2.505263e-01 1.427215e-01 6.902392e-03 4.486092e-02 2.618172e-01 -1.458827e-01 -1.133373e-01 -1.798265e-01 6.264676e-02 2.212826e-01
2.604763e-01 9.056565e-02 1.453029e-01 3.429274e-01 5.182222e-03 4.343697e-01 -6.646080e-02 -1.103020e-01 -2.279308e-01 -2.092849e-01 -1.231675e-01 -2.857211e-01 1.354520e-01 -1.956723e-01 1.718354e-01 -2.284555e-01 -8.405536e-02 1.107539e-01 -8.670130e-02 3.159205e-01 2.199945e-01 -2.731287e-01 8.839106e-02 -1.607003e-01 1.556040e-01 5.637656e-02 7.241488e-02 1.485759e-01 -3.381516e-01 -4.244630e-01 -1.423518e-01 2.953462e-01
-3.608080e-01 -1.155962e-01 2.656913e-01 3.319329e-01 5.345571e-01 3.305519e-01 1.041399e-01 7.256119e-02 -1.617930e-01 1.080518e-01 -1.887210e-01 -2.235205e-01 2.433217e-02 -8.436750e-02 1.743565e-01 2.076076e-01 1.035032e-01 -1.397451e-01 -3.240975e-01 2.911118e-02 -5.965467e-02 -4.795426e-01 -2.944291e-02 -7.330424e-02 -2.009824e-01 -1.587179e-01 4.320303e-02 1.283205e-01 -1.324376e-01 -3.863344e-01 -6.018870e-01 -2.976102e-02
1.632692e-01 4.044560e-01 1.537079e-01 2.832261e-02 -2.809061e-01 7.923760e-02 -2.683056e-01 -1.833313e-01 7.366045e-02 1.101503e-01 2.553561e-01 -3.262454e-01 3.072898e-01 -2.388976e-01 -3.266565e-01 -1.773776e-01 1.278099e-01 9.762749e-02 -7.052578e-02 -3.934562e-01 4.729823e-01 -3.984148e-02 -9.442049e-02 -8.617945e-02 -5.172627e-01 2.126549e-01 -4.431446e-02 -1.623203e-01 2.609461e-02 -2.385151e-01 1.701860e-01 -5.124652e-02
3.111990e-02 -2.062570e-01 -9.720422e-03 -2.813993e-01 -1.779108e-01 -2.938117e-01 4.897535e-01 1.803812e-01 2.316572e-02 1.455032e-01 3.233687e-01 -2.369957e-01 -3.621243e-03 -3.008185e-01 2.004236e-01 1.281860e-01 9.325200e-03 1.936954e-01 -2.377934e-01 2.496026e-03 -3.574992e-01 1.964198e-01 -3.461538e-01 3.110979e-02 1.132524e-02 2.321141e-01 3.781658e-02 -3.612156e-01 -1.562257e-01 -2.916236e-01 3.553710e-01 -2.809836e-02
2.387765e-01 -8.541485e-02 1.764751e-01 2.387272e-01 7.190678e-02 -2.413632e-01 1.191163e-01 -1.668621e-01 5.065665e-01 -4.379093e-02 3.194779e-01 -1.552101e-01 -1.139302e-01 -1.046301e-01 -7.424967e-02 -2.645006e-01 -1.103414e-01 -9.657773e-02 1.231996e-01 5.089345e-01 -4.900795e-02 -6.198730e-02 -2.014539e-01 7.603366e-03 4.933350e-01 -1.997623e-02 1.825696e-02 1.623161e-01 2.788135e-01 1.651580e-01 2.341402e-01 -3.553108e-02
-1.493270e-01 -3.296836e-01 -1.395507e-01 -1.138035e-02 3.534209e-01 -1.895344e-01 1.504429e-01 9.127607e-02 5.762255e-02 -2.495072e-01 -2.071538e-01 4.573611e-01 -3.085565e-01 2.440882e-01 1.611367e-01 2.468244e-01 -1.098321e-01 -8.611313e-02 2.852130e-02 3.339747e-01 -4.639543e-01 9.244757e-02 8.029680e-02 1.270381e-01 5.702354e-01 -1.781231e-01 4.087693e-02 5.531763e-02 -2.793524e-02 3.577802e-01 -1.418503e-01 7.120318e-02
1.762396e-01 -2.434027e-01 -3.919993e-02 9.815753e-02 1.388801e-01 -3.167962e-01 2.280689e-01 -5.687432e-02 -1.132798e-01 5.217603e-02 -3.380662e-01 5.376076e-01 -2.436283e-01 5.699839e-02 5.089691e-02 -2.422076e-02 2.511604e-01 -2.348893e-01 -4.952115e-01 5.929670e-01 5.239679e-02 -3.657286e-01 -1.190614e-02 1.720068e-02 1.840246e-02 -5.687011e-02 -5.267729e-02 3.953029e-02 -1.447572e-01 -6.975473e-02 -6.225070e-02 2.164726e-01
2.721756e-01 -1.937064e-01 1.173378e-01 5.035632e-01 -3.928678e-02 -3.027016e-02 -2.651233e-01 6.435940e-02 -1.555316e-01 -1.836420e-01 -5.243066e-02 1.810616e-01 1.784221e-01 -2.540645e-01 1.132307e-01 3.805194e-01 3.545804e-01 8.403064e-02 -6.128417e-02 -3.676532e-01 -2.511921e-02 4.222013e-01 8.309957e-02 -2.307050e-01 -5.935402e-02 1.521899e-01 3.741502e-01 1.562676e-01 2.553480e-02 2.833062e-01 3.858340e-02 -4.834226e-02
1.820780e-02 -1.006311e-01 -1.061520e-01 -3.422715e-01 -1.422623e-01 -2.917443e-01 3.328019e-01 2.718477e-02 1.357301e-01 -2.140859e-01 -3.591780e-01 4.697603e-01 3.451555e-01 -9.337344e-02 9.042482e-02 6.630422e-02 3.212251e-01 -1.820318e-01 -3.627663e-01 5.507538e-01 -3.301004e-03 -2.111822e-01 -3.844383e-02 1.643342e-01 1.768249e-02 -1.664756e-01 -7.635389e-02 1.420159e-01 -1.489027e-01 -2.953309e-01 -2.575845e-02 4.005463e-01
-1.496098e-01 -3.495943e-01 -2.696455e-01 -1.350213e-01 1.852695e-01 2.288811e-02 4.850535e-02 1.554821e-02 -1.396588e-01 1.522380e-02 -2.732647e-01 2.493179e-01 2.250077e-02 4.035695e-01 4.670398e-01 1.613880e-01 -1.841251e-01 1.082960e-01 -1.835067e-02 -6.969313e-02 -2.059056e-01 -1.188146e-03 -5.382305e-01 2.304184e-02 -3.094514e-01 6.496041e-02 -2.072633e-01 -1.540603e-01 -5.754837e-02 -1.286027e-01 3.426299e-01 -2.013625e-01
-7.424187e-02 -8.346044e-02 -2.609749e-01 -1.048896e-01 -2.376818e-01 2.367243e-01 5.089817e-01 9.811256e-02 1.975174e-02 -9.210124e-04 9.195415e-02 -1.698428e-01 1.752028e-01 -1.341711e-01 2.171819e-01 2.116386e-01 -1.468207e-01 1.493395e-01 -1.453734e-01 -1.262466e-02 -1.349352e-01 3.209138e-01 -4.001931e-01 -2.164807e-01 1.163724e-01 -1.028787e-01 7.246868e-02 8.717203e-02 1.484950e-01 4.129900e-01 1.984712e-01 2.382768e-01
-1.843587e-01 1.730924e-01 -2.907789e-01 -3.534612e-01 2.246288e-01 -2.031463e-01 7.257550e-02 1.399414e-01 2.289834e-02 1.360015e-01 -2.727537e-01 -2.294188e-01 -9.361961e-02 8.181895e-02 4.375018e-01 -3.236762e-02 -2.422963e-02 -9.106199e-02 -3.941006e-02 2.731129e-01 1.003848e-01 -1.982494e-01 -4.219253e-02 3.853258e-01 -1.596015e-01 -2.555760e-01 -4.439820e-01 1.313481e-01 4.510827e-03 -1.964762e-01 2.371467e-01 2.692939e-01
-1.922921e-01 -5.633211e-02 2.747148e-01 2.546723e-01 3.925259e-01 -2.121341e-01 -5.663952e-02 -9.538555e-02 2.727557e-03 -3.954399e-01 -1.138083e-01 1.375688e-02 1.418834e-01 5.282959e-01 -1.485607e-01 -2.436168e-01 3.656596e-01 -1.388350e-01 -8.865504e-02 1.965935e-01 -1.688822e-01 1.616347e-01 -5.427109e-02 -4.073591e-01 -3.362472e-01 -1.560658e-01 -1.092987e-01 -5.681884e-02 -2.563513e-01 2.757527e-01 3.634374e-01 5.653673e-02
4.883636e-01 -2.145397e-01 3.715284e-01 -3.455245e-01 1.380951e-02 -1.609751e-01 2.360407e-01 1.333191e-01 -1.228449e-01 -1.890918e-01 2.033100e-01 8.189479e-02 1.357593e-01 3.117229e-01 -3.896878e-02 2.336653e-01 -8.327632e-02 -2.784629e-02 1.360305e-01 -3.939860e-01 2.052187e-01 -1.795046e-01 2.514647e-01 1.895667e-01 -3.919604e-01 -3.015942e-02 1.697104e-02 8.106433e-03 6.906568e-02 -5.804330e-02 4.784115e-02 -6.327376e-01
4.149189e-01 1.733801e-01 2.615458e-01 -2.956128e-01 -1.903857e-01 1.206268e-01 -5.027854e-02 1.038051e-01 -3.238265e-01 -8.267353e-02 -3.363031e-01 1.379134e-01 -2.757138e-02 1.604267e-02 -3.190768e-01 2.072025e-01 -1.765556e-01 -3.613664e-03 -4.577506e-02 -2.223022e-01 -1.419329e-01 -1.893073e-01 -1.809833e-01 -1.428080e-01 -3.216743e-01 1.912371e-01 -1.807681e-01 -5.358190e-01 1.139622e-01 -1.926273e-01 -1.949987e-01 -7.167646e-02
-3.704793e-02 -1.356608e-01 -1.802565e-01 1.228686e-01 4.845346e-01 1.938270e-02 3.494060e-01 6.379908e-02 4.652525e-01 1.151618e-03 3.103871e-01 -1.108273e-01 7.609461e-02 -5.184477e-02 6.983845e-02 5.756968e-02 1.567435e-01 -2.802894e-02 -1.181132e-01 7.611666e-01 7.474568e-02 2.014087e-01 1.804055e-01 -6.575987e-02 2.288823e-01 -1.351660e-01 1.346408e-01 -1.143764e-01 4.410852e-02 1.346521e-01 1.407090e-01 1.949742e-02
-9.946261e-02 -3.512284e-01 -1.910161e-01 -7.495807e-02 3.545543e-02 -5.502488e-02 3.979029e-01 8.032083e-02 -5.671129e-02 2.531296e-01 2.302006e-04 3.176157e-01 -8.729853e-03 3.660888e-01 4.030636e-01 2.410149e-01 -2.384162e-01 -4.277346e-02 3.275873e-01 4.429711e-02 -3.259883e-01 7.367961e-02 3.214410e-01 -4.334432e-03 -3.972225e-01 2.044068e-03 3.590602e-01 -2.353772e-01 1.375678e-01 8.681471e-02 3.609562e-01 -7.701124e-02
9.790473e-02 1.645480e-02 9.998817e-02 7.296371e-02 5.399200e-02 7.803066e-02 -1.532319e-01 -3.483212e-01 -3.468573e-03 6.179587e-02 1.724915e-01 -2.204750e-01 -5.214823e-02 5.723112e-01 -2.059939e-01 -2.937601e-01 2.120500e-02 -1.616846e-01 -6.599920e-02 5.943811e-02 6.888758e-02 4.265939e-01 -4.019258e-01 -3.508088e-02 2.616720e-01 4.440939e-02 -4.466247e-01 1.357386e-02 -1.654092e-01 6.798450e-04 -1.662935e-01 -1.441764e-01
-1.159435e-01 1.382460e-01 -3.712865e-01 5.316229e-01 2.689988e-01 9.136775e-02 -2.732242e-01 -6.263261e-02 8.434398e-02 -3.067243e-02 -1.387952e-01 -3.726050e-01 -3.022850e-02 -1.785656e-01 -4.951219e-02 -6.917834e-02 4.436640e-02 1.303721e-01 -1.312041e-01 3.588480e-01 -1.497177e-01 2.155002e-01 -3.221296e-01 -5.509065e-02 3.169704e-01 -1.942047e-01 1.197868e-01 -1.804256e-01 -3.227947e-01 1.522035e-01 5.522726e-02 4.080954e-01
5.189065e-01 -1.673941e-02 2.317593e-01 1.125931e-01 4.806348e-02 1.118994e-01 -5.860683e-02 -1.628284e-01 -1.683356e-01 1.507135e-01 1.546731e-01 -4.106507e-01 2.515123e-01 -1.090575e-01 3.375070e-01 9.423106e-02 -1.246493e-01 -5.051802e-02 1.836768e-02 -2.946423e-02 -1.259100e-01 -6.708009e-02 2.425527e-01 4.731173e-02 2.795623e-01 2.028504e-01 3.086040e-01 6.566879e-01 8.582556e-02 -1.790108e-01 3.102913e-02 -9.721406e-02
-2.855059e-01 -1.737396e-03 -1.410664e-01 4.722323e-01 -2.845065e-01 1.775714e-01 -2.049745e-01 2.666677e-01 -9.195435e-02 1.572413e-02 6.062941e-02 -6.315944e-02 2.546943e-01 -4.777109e-02 4.562875e-01 -3.110804e-02 3.739846e-02 2.652048e-01 -2.656195e-01 -6.201963e-01 4.728062e-03 1.450107e-01 7.961006e-02 -3.491697e-01 2.653021e-01 -4.211511e-02 -2.664610e-01 -3.993448e-02 -3.931504e-02 -1.108359e-01 2.525643e-01 2.507467e-02
1.139038e-01 -2.102226e-02 2.601033e-01 5.540134e-01 1.032485e-03 -3.197373e-02 -1.013205e-01 -1.188113e-01 -2.480720e-01 -2.692349e-01 -2.574043e-01 2.467500e-01 2.739290e-01 5.247544e-02 -2.707369e-01 9.090105e-02 -8.143364e-02 2.339915e-01 -4.571648e-01 3.154444e-01 3.535733e-01 9.111649e-02 1.107120e-01 -2.377838e-02 3.936560e-02 8.951554e-02 1.388238e-01 1.711077e-01 -5.523369e-02 6.065001e-01 -2.562222e-03 -1.108294e-02
-1.150436e-01 -2.357327e-01 -4.928763e-02 2.246131e-01 1.342671e-02 -5.071542e-02 1.788924e-01 -1.505818e-01 3.316658e-01 -2.803864e-01 1.829428e-01 3.904757e-01 2.073154e-01 1.087216e-01 3.544392e-01 2.997906e-01 -5.818859e-02 -1.881779e-01 4.944472e-02 3.712342e-01 -5.418093e-01 -3.188542e-02 9.079156e-02 2.111808e-01 5.016589e-01 -1.216058e-02 7.757451e-02 -2.086915e-02 -1.119398e-01 3.017369e-01 1.136147e-01 -8.872184e-03
3.813751e-01 3.273754e-01 1.898906e-01 -2.298597e-01 -3.315694e-01 -4.112950e-03 2.698145e-02 1.741165e-01 -2.402235e-01 1.019647e-01 -3.506927e-01 1.421336e-01 -1.350691e-01 2.228657e-01 -2.700705e-01 1.081478e-02 3.898805e-01 2.980328e-01 -2.040400e-02 -4.414426e-01 -2.563508e-01 2.111907e-02 -3.850328e-01 -1.161341e-02 7.980424e-02 1.284462e-01 -2.510310e-02 1.257822e-01 -2.914026e-01 1.524099e-01 -9.758144e-03 1.440558e-02
2.297751e-01 -5.523064e-02 2.399791e-02 -3.253093e-01 3.219112e-02 1.995506e-01 -1.507050e-01 1.327344e-01 -2.016331e-01 -1.372352e-01 1.453050e-01 -3.712135e-01 4.834219e-01 1.705514e-01 3.591283e-01 -4.499087e-02 -1.830983e-01 1.476450e-01 3.819323e-01 -5.504153e-01 -1.540469e-02 9.579170e-02 1.033698e-01 -1.474319e-01 -2.885677e-02 1.981196e-01 5.819762e-02 5.592982e-03 5.976162e-02 1.883460e-01 3.207852e-01 -4.617369e-01
2.285401e-01 1.322084e-01 -3.399150e-01 2.081836e-01 1.215334e-01 9.450082e-02 -3.265327e-01 -1.623155e-01 2.020292e-01 1.075928e-01 -3.726989e-02 1.528932e-01 -9.801544e-02 -2.767392e-01 4.443211e-01 1.331818e-01 1.045700e-01 1.325720e-01 3.205058e-01 5.538306e-01 -8.716796e-02 7.603346e-02 -9.036823e-03 -1.500762e-01 1.031416e-01 3.286099e-01 -5.532791e-02 3.693315e-01 8.043459e-03 1.533921e-01 1.227857e-01 -2.365772e-01
1.063124e-01 4.503523e-01 -1.210600e-01 -3.944088e-03 2.133762e-01 -2.441562e-01 5.938699e-03 2.290510e-02 1.898293e-02 1.878885e-01 2.462441e-01 -6.137537e-02 -3.491669e-01 -2.033348e-01 1.378624e-02 -9.481003e-02 -8.739595e-02 -3.757625e-01 -5.564719e-02 -3.393336e-01 -3.028513e-01 -1.471916e-01 -3.857342e-02 1.430237e-01 -3.214848e-01 1.560536e-01 -1.971737e-01 -4.348394e-02 1.633090e-01 1.723927e-01 2.171036e-01 -2.770774e-01
2.098067e-02 -2.323461e-01 -1.157018e-01 9.540676e-02 4.260029e-01 8.004839e-02 9.324724e-03 -2.858852e-01 1.125204e-01 3.740340e-01 -2.183808e-01 -2.227099e-01 3.517552e-01 -2.565325e-01 2.090136e-01 9.257047e-03 3.651670e-02 -1.536502e-01 -1.681053e-01 -3.563692e-01 -3.082207e-01 -5.222108e-01 -6.924637e-02 -1.686069e-01 -6.091540e-02 -1.963594e-01 1.346001e-01 -7.933918e-02 -7.053208e-02 -4.175930e-01 -2.325974e-01 -8.035365e-02
-1.501288e-01 8.401482e-02 1.473486e-01 6.394716e-02 -3.100107e-01 2.817618e-02 1.583694e-01 2.520989e-02 2.468184e-01 -2.806862e-01 4.939331e-01 1.172011e-01 1.098778e-01 3.224848e-01 -1.631934e-01 -1.147358e-02 -1.065232e-01 -1.852208e-01 -1.463783e-01 -8.183970e-02 2.270813e-01 3.577474e-01 2.194480e-01 -1.127588e-01 -3.623033e-01 1.034994e-01 -1.157157e-01 -2.787859e-01 2.668439e-01 -2.892085e-01 2.808139e-02 3.577625e-01
4.259664e-02 2.580420e-01 5.360997e-02 3.638894e-01 3.929052e-01 -7.813141e-02 -6.083775e-02 -3.010473e-02 -2.871535e-01 -1.817683e-01 3.905848e-01 2.156299e-01 3.349401e-01 1.214218e-01 -2.581201e-01 -1.732070e-01 -3.934710e-02 -4.037538e-01 1.087947e-01 -2.880309e-01 1.140292e-01 -3.553637e-02 -1.096390e-01 8.917770e-02 1.349550e-01 -1.294134e-01 -2.530189e-01 -2.593057e-01 -8.333396e-03 -6.901113e-01 4.436820e-02 -1.040495e-01
-1.345156e-01 3.523366e-01 -2.781577e-02 -2.760672e-01 6.322123e-01 2.787097e-02 -7.694068e-02 -1.166328e-01 -1.301689e-02 6.010155e-02 -1.287820e-01 -2.220624e-02 -1.318958e-01 -7.180253e-02 8.318193e-02 -1.511504e-01 -1.893146e-02 -2.087609e-01 -8.767497e-02 -8.562686e-02 5.778058e-01 -3.947808e-02 -5.060181e-02 9.674950e-02 -6.442995e-02 -1.958259e-01 -4.189272e-01 1.992110e-01 8.946965e-02 -9.499598e-02 5.136858e-02 -1.205940e-01
-4.974706e-02 -9.688613e-02 -7.784352e-02 6.577491e-01 5.988342e-02 -1.625391e-01 -1.613695e-01 -5.010386e-03 6.582786e-02 1.043606e-01 -1.757753e-02 -7.205195e-02 1.436051e-01 3.994123e-01 -1.074482e-01 -1.439883e-02 -1.092503e-02 -1.852701e-02 -3.804187e-02 6.147826e-01 8.863799e-02 -3.565321e-03 2.638638e-02 2.505533e-03 2.420271e-01 -2.389689e-02 -1.168485e-01 -4.974437e-01 1.685593e-01 -1.149864e-02 3.205578e-01 1.770998e-02
-2.984852e-01 2.429017e-01 4.897259e-02 1.901177e-01 -9.814198e-02 -1.460547e-05 -2.581941e-01 8.143764e-02 5.000017e-01 3.479453e-02 -3.858992e-01 -8.410427e-03 -1.319247e-01 -1.001803e-01 1.404666e-01 -3.306117e-01 7.068757e-02 -3.279456e-01 -1.025666e-01 -7.418427e-01 -1.171172e-02 1.346441e-02 4.051148e-02 4.628795e-02 -1.487177e-01 -2.049053e-02 -6.695520e-02 3.742112e-01 -1.785881e-01 -8.209166e-02 7.601492e-02 1.073091e-01
2.603282e-01 1.192235e-01 -2.171604e-01 3.386825e-01 1.777504e-01 4.689164e-02 -1.679129e-01 1.848315e-01 1.450204e-01 5.569182e-01 -3.938100e-01 -1.994395e-01 -1.637556e-01 5.523077e-02 1.161877e-01 -2.314454e-02 -4.343385e-03 -1.861246e-01 -2.954942e-01 -1.078296e-02 -3.808707e-01 -5.895267e-01 -1.324598e-01 -8.601393e-02 -4.849268e-02 1.165053e-01 2.416363e-01 -5.792558e-02 -2.624279e-01 -3.465009e-01 -1.784252e-01 4.343243e-02
1.584891e-02 2.064487e-01 2.772887e-01 2.532892e-01 -3.658689e-02 -3.318985e-01 5.694736e-01 -3.805350e-01 -5.278952e-02 -1.453073e-01 -4.409030e-04 -1.234165e-01 -1.026203e-01 2.244843e-01 5.198006e-03 1.988364e-01 -6.361457e-02 5.187421e-01 -1.160270e-01 -3.987058e-01 8.402734e-02 -4.187996e-03 1.141080e-01 -1.557413e-01 2.484953e-02 1.787454e-01 2.354507e-02 -2.353232e-01 1.632653e-01 -3.359983e-01 1.910954e-01 6.235535e-02
4.480577e-01 -8.756506e-02 4.031291e-01 -3.671664e-01 -1.760142e-01 1.921762e-01 4.583067e-01 1.218568e-01 -1.382068e-02 3.825748e-02 1.547666e-01 -1.926598e-01 1.398743e-02 1.330699e-01 2.491321e-02 -2.011715e-03 -3.261750e-02 -1.433918e-01 -2.906157e-01 6.814328e-02 6.332237e-01 -1.785324e-02 -2.569316e-01 6.849031e-02 3.788906e-01 -1.208250e-01 -2.928312e-01 1.763847e-01 1.903350e-01 -8.521605e-02 -2.209791e-01 -6.906716e-04
1.496256e-01 -2.447231e-01 -1.945752e-01 -2.883877e-01 -1.408368e-01 -3.354445e-02 1.853319e-01 -9.954712e-02 4.053796e-02 9.297170e-02 1.130974e-01 4.743251e-01 -2.594822e-01 2.757252e-01 -3.132425e-02 1.721202e-01 9.747490e-02 -1.494204e-03 7.158914e-02 -1.579116e-01 -6.372347e-02 2.777940e-01 2.120376e-01 -1.611635e-01 -1.966784e-01 -3.630885e-01 4.419482e-02 8.461136e-02 2.835571e-01 1.707587e-01 2.649599e-02 -5.204338e-01
2.955183e-01 7.697918e-02 4.214503e-01 1.246372e-01 -4.893029e-02 2.093899e-01 -3.520464e-01 -9.957668e-02 -3.811740e-02 -1.819849e-01 3.601141e-03 -2.699947e-01 4.281013e-01 -1.829109e-01 -1.782795e-01 -1.261273e-01 -1.967224e-01 1.232205e-01 7.383464e-02 3.254706e-01 4.922735e-02 -9.539168e-02 -2.995028e-01 -5.831239e-02 4.145530e-01 -9.896947e-02 -1.656902e-01 1.229797e-01 -1.767439e-01 -4.502587e-01 -1.594166e-01 2.582071e-01
-3.067082e-01 -2.277016e-01 -1.437490e-01 4.558088e-02 2.438793e-01 -3.825884e-01 2.440846e-02 -5.281948e-03 -5.173396e-03 -2.414864e-01 -2.559609e-01 4.954113e-01 -3.895651e-01 1.337544e-01 -1.014093e-02 7.230769e-02 4.734624e-02 1.073081e-01 9.150970e-02 -3.629683e-02 -6.364550e-01 -5.575442e-02 6.919094e-02 -3.664789e-02 -4.668461e-01 1.171664e-01 2.687253e-01 -2.050190e-01 -3.070659e-01 -3.729941e-03 2.886584e-01 -3.706168e-02
-4.300755e-02 6.700041e-02 -2.577515e-01 -3.375427e-01 1.405146e-01 -2.171417e-01 2.243088e-01 7.778935e-02 -2.253460e-01 1.814479e-01 -2.765153e-01 8.297054e-02 -2.735896e-01 -4.857709e-02 4.861588e-01 -1.597424e-01 7.536656e-02 -7.706154e-02 -1.688568e-01 1.375287e-01 7.325894e-02 -2.069400e-01 6.946792e-02 2.989170e-01 -8.909424e-02 -3.306967e-01 -5.533507e-01 4.433000e-01 1.151888e-01 -1.644215e-02 9.936010e-02 1.515924e-01
-2.516408e-01 -3.225680e-01 7.557831e-02 -1.859785e-01 2.639986e-02 -7.032532e-02 1.114163e-01 -2.662515e-01 4.790003e-01 1.199980e-01 1.110013e-01 -1.394948e-01 -7.736370e-02 2.268063e-01 4.242440e-01 3.298545e-02 -2.803863e-01 -2.127242e-01 -2.310473e-01 -1.840128e-01 -2.384366e-01 -2.061550e-02 2.184185e-01 8.552101e-02 4.812341e-01 -2.103426e-02 9.961234e-02 1.730122e-01 2.675004e-01 -1.273886e-01 -2.288636e-01 -3.762197e-01
-1.233752e-01 -1.767885e-01 -1.516042e-01 3.805317e-01 -2.152509e-01 -5.928411e-02 -2.620760e-01 5.380875e-02 1.041273e-01 -1.469567e-02 -3.194098e-01 -3.530473e-01 4.983374e-01 8.180998e-02 -1.757680e-02 8.925071e-02 -2.103207e-01 9.278516e-02 2.448603e-02 6.808572e-02 5.408619e-01 1.999095e-01 -5.631286e-02 8.364056e-02 2.948404e-01 -1.755121e-02 3.043832e-01 -1.776515e-01 -2.260001e-01 -8.339852e-03 -1.859418e-01 3.515638e-01
-1.042322e-01 -1.493002e-01 -2.076481e-01 6.283907e-01 1.174611e-01 1.370488e-01 -4.669563e-01 1.095470e-01 -1.077674e-01 -2.511772e-01 9.182903e-02 1.434618e-01 9.708978e-03 1.997116e-01 7.046063e-02 1.214209e-01 6.266949e-02 3.357441e-01 4.251989e-02 5.025619e-01 2.713228e-01 2.007884e-01 1.697666e-01 1.752423e-01 2.889603e-01 -2.211851e-01 9.087355e-03 -1.942331e-01 9.951018e-02 -9.197947e-02 4.309009e-01 1.370190e-01
1.945175e-01 -3.179371e-01 -2.028215e-01 -1.662334e-01 4.574112e-01 -1.105611e-01 2.195645e-01 -2.484054e-01 -9.905307e-02 3.704419e-01 -9.665126e-02 -1.618096e-01 -8.022980e-02 4.847439e-02 -1.941512e-01 -5.930147e-02 -1.231234e-01 -3.862393e-01 -5.064073e-02 5.253737e-01 -1.634161e-01 -2.474970e-01 -8.430514e-02 2.415769e-01 8.907918e-02 -1.574036e-01 1.488369e-01 1.539340e-01 -5.654459e-02 -1.790699e-01 -1.708454e-01 -1.980394e-02
-3.609665e-01 1.958032e-02 1.470878e-01 3.389072e-01 2.350507e-01 3.542099e-02 -4.168873e-01 8.234967e-02 5.594603e-01 1.154679e-01 -5.363296e-02 -1.269787e-02 -1.028828e-01 -2.426121e-01 1.560026e-01 -8.099035e-02 -4.427944e-02 3.388059e-01 2.971265e-01 3.038334e-01 -8.892503e-02 1.898058e-01 -1.838324e-01 -4.705653e-01 -1.272901e-01 -1.422588e-01 -1.758587e-01 2.204697e-01 -3.786744e-01 -6.040287e-02 7.098769e-02 2.294037e-01
-6.828069e-02 2.188732e-01 -5.799428e-03 2.207996e-01 -1.386380e-01 8.755426e-02 -2.362129e-01 2.651064e-01 -3.381255e-01 3.683294e-02 3.821322e-01 -1.733555e-01 4.739318e-01 -1.343513e-01 -1.213148e-01 -2.341499e-01 3.239608e-02 3.217021e-01 -6.494937e-03 1.882576e-01 -2.678377e-01 2.245121e-02 -8.731586e-02 5.217159e-01 7.779941e-02 1.875144e-01 -1.213859e-01 5.849599e-02 1.854279e-01 1.772234e-01 -1.622464e-01 3.706636e-01
1.445267e-01 2.885773e-01 5.291996e-01 -3.209141e-01 -6.208817e-03 -8.313958e-02 -1.153259e-01 -1.180786e-02 -2.900678e-01 -7.630000e-02 3.266287e-01 -3.689319e-01 -9.691751e-02 -1.915062e-01 2.709705e-02 2.752466e-02 -5.833558e-02 2.659238e-01 3.205194e-01 2.770922e-01 2.377148e-01 4.024034e-01 -2.606232e-01 -1.873250e-01 8.670685e-02 5.242093e-02 -4.756563e-01 7.631883e-02 6.164820e-02 2.573555e-01 -3.784911e-02 1.415000e-01
2.740497e-02 7.628683e-02 1.665674e-02 -3.105485e-01 3.722469e-01 1.720520e-02 3.184459e-01 -2.152030e-03 4.180198e-01 3.919623e-02 1.913118e-01 -8.991839e-02 1.266382e-01 -2.615024e-01 -2.013346e-01 4.010074e-01 -7.844411e-02 -7.008357e-05 -1.344488e-01 6.671199e-01 1.892690e-02 2.089425e-01 2.331684e-01 -2.626100e-01 1.488472e-01 6.223958e-02 4.785243e-02 -4.685032e-01 5.282233e-02 4.989873e-02 2.347630e-02 -6.498057e-02
5.726656e-01 -2.060614e-01 2.509860e-01 -3.155653e-01 2.751868e-01 -6.429250e-02 2.027823e-01 -6.174465e-02 -9.777118e-03 2.223670e-01 -1.702066e-01 -2.194606e-01 -2.513042e-01 -4.501604e-02 -1.306987e-02 -9.674685e-02 -1.522037e-01 -3.167537e-01 2.371945e-01 6.035845e-01 -1.623573e-01 -2.066571e-01 -1.858920e-01 6.163477e-02 -1.984039e-01 -3.757969e-02 2.903434e-01 -1.285616e-03 1.480427e-02 -8.998568e-02 -2.383183e-01 -1.250156e-03
-3.768419e-01 -1.492827e-01 1.726589e-01 7.891884e-02 5.970694e-01 -4.215206e-02 -5.453476e-02 -1.174444e-01 -1.652295e-01 3.116262e-01 -2.301672e-01 -1.321928e-01 1.540961e-01 -2.675691e-01 1.274249e-01 1.863719e-01 3.918721e-02 -1.144033e-01 -1.421515e-01 -3.637538e-02 -1.223552e-01 -6.320947e-01 -1.389881e-02 -5.249634e-02 -1.154426e-01 -1.275782e-01 1.998617e-01 1.126936e-01 -6.815897e-02 -5.199786e-01 -3.833677e-01 -1.060704e-01
-2.727200e-01 3.266923e-01 3.460164e-01 -5.184108e-02 5.841496e-02 2.021957e-01 2.842016e-01 -3.239847e-02 4.748531e-01 1.781857e-01 -2.312941e-01 7.117339e-02 -1.651400e-01 -2.509775e-01 -1.670552e-01 -5.286572e-02 2.278196e-01 2.601163e-01 -2.330834e-01 -4.822108e-01 -4.270731e-01 3.366066e-02 -1.714845e-01 2.568713e-02 -1.663170e-01 1.560034e-01 1.801940e-02 3.523231e-01 2.631668e-02 -1.074917e-01 -4.134588e-02 1.571486e-01
-2.211837e-01 -9.963067e-02 2.095980e-02 -3.280964e-01 -2.414119e-01 5.389758e-01 -1.951634e-01 4.023919e-02 2.353067e-02 1.710070e-01 -3.177486e-01 2.262627e-01 -7.413045e-02 7.916123e-02 5.539761e-02 9.792756e-02 4.110286e-01 5.047940e-02 -3.867723e-02 -5.184474e-01 -1.161334e-01 2.122280e-01 2.834234e-02 1.418258e-01 -2.074928e-01 -2.754840e-01 -5.943412e-02 -1.391701e-01 -1.685552e-01 -1.123786e-01 -2.659918e-01 -1.337775e-01
6.628010e-02 1.089635e-02 -2.877591e-01 -2.253327e-01 -3.096128e-01 -1.737817e-01 2.773739e-01 -7.294825e-02 2.532597e-01 -2.080866e-01 3.750689e-01 4.376199e-01 3.160508e-02 7.602203e-02 -2.395811e-01 -2.171863e-01 -7.784550e-02 -3.301770e-01 -1.572855e-01 8.386140e-02 -1.023580e-01 2.860307e-01 1.287940e-01 -1.161037e-02 -3.131850e-01 4.327628e-02 -1.097699e-01 -5.742504e-01 2.319230e-01 -1.156887e-01 8.136016e-02 3.197416e-01
-1.445574e-01 4.272545e-01 2.635874e-01 2.157094e-01 -3.619529e-01 -3.849783e-02 -1.435094e-01 -2.169424e-01 1.539517e-01 -1.751007e-01 -2.340406e-01 -7.409697e-02 -2.109518e-01 4.556076e-01 -6.603919e-03 -2.011942e-01 7.553623e-02 8.852175e-02 2.186545e-01 7.687811e-03 4.137037e-01 -2.300759e-01 1.411807e-01 9.419148e-02 2.400284e-01 -2.286699e-01 7.975741e-02 -3.293703e-02 -2.435138e-02 1.093416e-01 -2.619917e-01 -6.380529e-01
-3.743009e-02 7.384010e-02 3.367932e-02 -2.195027e-01 -1.432318e-01 -8.264427e-02 1.236720e-01 -2.279652e-02 -6.954339e-02 7.902975e-02 7.165181e-01 -3.236877e-01 2.680443e-02 -2.115208e-01 1.795265e-01 -7.979653e-02 -1.791651e-01 -3.636425e-01 -2.415381e-01 8.609236e-02 -1.610778e-01 2.558462e-01 2.911253e-01 -2.470208e-01 -2.302918e-01 -6.166874e-02 -9.939639e-02 -1.402392e-01 1.912413e-01 -4.252422e-01 2.607616e-01 2.767979e-01
-1.142914e-01 3.796917e-01 -2.342151e-02 2.610056e-01 2.123644e-02 2.008930e-01 -3.456393e-01 1.076756e-01 -6.842273e-02 1.667751e-01 4.971456e-01 -3.399789e-01 -3.229868e-01 2.594341e-02 -9.833296e-02 -5.862566e-02 -3.092029e-01 1.668262e-01 3.955271e-01 -5.389664e-01 -9.482350e-03 3.980800e-01 -2.527217e-03 -9.888235e-02 -3.682809e-02 1.483583e-01 7.959940e-02 -1.156825e-01 1.838571e-01 2.140619e-01 1.121772e-02 -3.182854e-01
3.691955e-01 6.550233e-02 8.950214e-02 3.979971e-01 8.227120e-02 -2.136843e-01 1.106969e-01 1.017680e-01 2.651754e-01 -2.754043e-02 4.944594e-01 3.310162e-02 4.689818e-03 -2.154418e-02 9.058362e-02 -1.425602e-02 -3.485624e-01 -5.406323e-04 1.430004e-01 3.463947e-01 -2.039650e-01 -3.086172e-01 -1.707111e-01 -9.318106e-02 1.499997e-01 2.313591e-01 1.042081e-01 8.930588e-02 7.315984e-02 -6.749098e-02 4.366795e-01 -1.109138e-01
-3.667352e-02 8.191724e-02 -1.552411e-01 -5.232144e-03 -1.457224e-01 -5.949803e-02 -1.000425e-01 5.771580e-01 5.247507e-03 -2.506766e-01 -2.765540e-01 2.554323e-01 -3.522088e-01 1.905832e-01 -2.399099e-01 7.276969e-02 -7.060047e-02 -3.508558e-02 7.321514e-02 3.755774e-02 5.209396e-01 -1.116340e-02 -4.623116e-02 1.785583e-01 7.172196e-02 2.037943e-01 3.557172e-01 2.527615e-01 2.453829e-01 3.878998e-01 3.931780e-01 8.233462e-02
-4.756393e-02 9.129753e-02 1.886170e-01 4.833821e-01 -1.153392e-01 2.658572e-01 -2.065500e-01 -2.244729e-01 -3.663978e-02 -2.444507e-01 -3.061367e-02 1.174486e-01 3.390566e-01 -3.099272e-01 -2.767000e-01 -3.243741e-01 -1.108315e-02 1.114700e-01 -1.341406e-01 4.303377e-01 -2.072672e-02 3.433963e-01 -1.808473e-03 -1.591111e-01 2.335288e-01 3.516907e-02 -2.290431e-01 1.252562e-01 1.994085e-01 -1.461508e-01 4.723153e-01 -4.459114e-01
-3.807158e-01 5.070208e-02 4.104319e-02 1.031490e-01 -1.387225e-03 2.645218e-01 -3.548710e-01 1.854626e-03 6.468919e-01 9.972817e-02 -3.592853e-01 -6.012191e-02 -7.547498e-02 2.980150e-02 1.066023e-01 -1.737349e-01 8.904359e-02 6.013610e-01 3.144412e-01 5.011106e-01 3.783439e-02 -5.579979e-02 -1.152300e-01 -1.271660e-01 -1.616442e-01 -1.010569e-01 5.484436e-02 1.959325e-01 -1.248599e-02 -2.265567e-01 3.763592e-02 2.157218e-01
-2.684644e-01 4.660463e-01 -1.077429e-01 3.522768e-01 -3.029447e-01 1.500107e-01 -3.216939e-01 9.311998e-02 1.692318e-01 1.247917e-01 3.264816e-01 -1.850366e-01 -2.060446e-01 -7.152476e-03 8.562680e-02 2.841435e-02 -2.876833e-01 2.449294e-01 4.758962e-01 -5.264604e-01 2.873559e-02 4.463435e-01 -2.054144e-02 2.569910e-02 -8.359479e-03 6.939569e-02 7.244259e-02 -1.147201e-01 1.258562e-01 1.016169e-01 8.891201e-03 -2.189150e-01
2.758521e-01 2.871835e-02 7.844463e-03 1.072697e-01 -1.833778e-01 -4.118926e-01 2.201775e-01 -3.055260e-02 -1.669454e-01 -1.878218e-02 5.540295e-01 2.043181e-01 7.783613e-02 4.249617e-03 1.143388e-01 -3.786692e-01 -5.280102e-02 -4.465233e-01 -7.963175e-02 2.295786e-01 6.203661e-03 1.188413e-01 2.912715e-01 -2.043088e-01 -2.790301e-01 -4.184991e-02 -1.518135e-01 -3.368896e-01 3.745571e-01 -3.418879e-01 4.002192e-02 1.745495e-01
-1.846883e-01 5.681609e-02 1.116385e-01 -3.582653e-03 1.741175e-01 4.783266e-01 -6.705613e-02 -1.090106e-01 1.906884e-01 -3.979939e-01 -3.358380e-01 -1.687451e-01 -8.059926e-03 4.228185e-02 -4.165548e-01 1.930768e-01 4.217847e-01 -1.141395e-01 4.403695e-02 -2.904494e-01 1.473880e-01 1.423961e-01 1.801670e-01 8.298081e-02 2.753592e-01 -2.644725e-01 2.433847e-01 -4.646476e-02 2.512430e-01 -1.115415e-01 -4.047718e-01 2.183024e-01
1.194223e-01 2.056352e-01 -5.479889e-02 1.795808e-01 -2.615146e-01 -6.981429e-02 -1.451531e-01 4.484172e-01 -4.186004e-01 -2.163585e-01 5.885543e-02 -1.674647e-02 1.939139e-01 -1.278443e-01 -2.376679e-01 -1.916634e-01 1.883772e-01 3.386647e-01 2.377649e-01 1.502467e-01 2.522119e-01 -7.509443e-02 -2.014343e-02 1.317676e-01 -4.171575e-01 1.259553e-01 -1.850582e-02 -4.264985e-01 -3.008205e-01 -7.424980e-02 2.724827e-02 1.724536e-01
3.480986e-01 1.307359e-01 2.699281e-02 -1.007858e-01 3.006533e-01 -3.085517e-01 2.988930e-01 7.593246e-02 1.100129e-01 1.506641e-01 4.318721e-01 -9.602090e-02 2.524134e-01 -1.193299e-01 2.257190e-01 -2.682530e-01 -3.151875e-01 1.492504e-01 -1.363387e-03 2.306662e-01 -5.805204e-02 -4.982701e-02 -3.873489e-02 -7.270572e-02 5.034762e-03 8.156016e-02 -2.313540e-01 3.188860e-01 -6.641199e-02 -2.696120e-01 6.655326e-01 -1.890498e-01
1.216556e-01 -1.895729e-01 4.698704e-01 -3.693857e-01 -1.158687e-01 6.750043e-02 2.248442e-01 3.012823e-02 -3.023076e-01 -1.256279e-01 -7.657003e-02 4.271874e-01 9.311394e-02 9.145141e-02 -1.672748e-01 7.958203e-02 -4.534527e-02 8.920712e-02 1.112814e-01 -3.543465e-01 2.692769e-01 -1.699413e-01 3.207320e-01 1.848094e-01 -4.617215e-01 1.909186e-01 -7.444015e-02 2.211234e-01 1.490748e-01 1.955100e-01 -7.575490e-02 -1.800624e-01
-3.514686e-01 6.623949e-02 6.738936e-02 4.502120e-01 -1.448750e-02 4.172417e-02 -1.697714e-01 2.092206e-02 4.538651e-01 -3.793374e-02 -2.727971e-01 8.728230e-02 2.291729e-01 -2.587630e-01 -3.238351e-01 1.496278e-01 -1.008387e-02 3.247063e-01 -1.711939e-01 4.809626e-01 -1.362976e-01 1.326692e-01 1.043390e-01 1.326747e-02 3.637119e-02 1.720109e-02 2.560418e-01 4.293132e-01 -2.313291e-02 4.687418e-01 -2.379878e-01 -3.878410e-02
-1.163308e-01 1.719064e-02 9.173642e-02 3.592852e-02 -3.453863e-01 5.141057e-01 -7.944124e-02 1.067439e-03 1.104972e-01 9.559516e-02 -3.716988e-01 2.576523e-01 -5.946924e-02 -9.280210e-04 -2.011423e-01 2.570434e-01 4.814555e-01 -2.729213e-01 6.227994e-02 -1.871999e-01 1.133599e-01 1.582121e-02 -3.640304e-02 1.296464e-01 -3.088877e-02 -4.548289e-02 2.921408e-01 -1.404280e-01 2.878404e-02 8.586700e-02 -5.731350e-01 1.277425e-01
-1.055491e-01 -3.725393e-01 -1.487075e-01 -1.421388e-01 3.284321e-02 2.820686e-01 5.214306e-02 -3.414558e-02 2.848550e-01 4.031611e-01 8.990914e-02 1.295796e-01 6.713052e-02 -5.522394e-03 3.120021e-01 5.136672e-01 1.229702e-01 -2.802010e-01 -4.696611e-02 -9.355344e-02 -8.216126e-02 1.470234e-01 -7.708905e-02 3.237357e-02 -3.447484e-01 -2.176722e-01 1.659195e-01 6.120015e-03 -8.319581e-02 3.132368e-01 3.710691e-01 5.838814e-01
-1.245235e-01 -2.389374e-01 -3.211609e-01 -2.411564e-02 1.247368e-01 -1.303125e-01 1.317341e-01 -1.564257e-01 1.878532e-01 -8.926748e-02 5.629586e-02 5.880303e-01 4.992764e-02 2.984330e-01 7.278225e-02 3.302991e-01 -4.628797e-02 1.389099e-01 3.511147e-01 -4.360530e-02 -4.172475e-01 3.379893e-02 2.343815e-01 6.851479e-03 -5.667685e-01 1.381215e-01 2.883684e-01 -1.967802e-01 7.465723e-02 6.353299e-02 1.887590e-01 -8.849116e-02
-1.302419e-02 -7.765550e-02 1.707974e-01 -1.747338e-01 -1.984067e-01 -2.767682e-02 2.149017e-01 -2.386024e-01 -1.569209e-02 -1.197414e-01 6.404549e-01 -1.093573e-01 1.483260e-01 -3.700438e-01 -9.888317e-04 -8.763012e-02 -1.020787e-01 -3.642755e-01 -2.228049e-01 3.795462e-02 -1.258091e-01 1.994679e-01 3.127261e-01 -1.873998e-01 -2.893134e-01 6.646285e-03 -2.111680e-02 -1.676833e-01 1.922057e-01 -5.046864e-01 2.146092e-01 2.790657e-01
-1.750305e-01 -9.087417e-02 -2.460701e-01 1.219337e-01 2.093527e-01 -1.928744e-01 -2.977354e-01 -1.175834e-01 3.153244e-01 -2.438788e-01 7.641421e-02 4.717899e-01 -5.749729e-03 1.424016e-01 2.692912e-01 3.520162e-01 3.374085e-02 2.587188e-01 3.599891e-01 -9.688979e-02 -4.498432e-01 9.124277e-03 1.389861e-01 3.055152e-02 -5.497165e-01 1.643059e-01 3.147681e-01 -2.082796e-01 1.039383e-01 7.046114e-02 1.407576e-01 -7.742391e-03
-3.156305e-01 4.131854e-02 -2.867866e-01 -3.592793e-01 2.176873e-02 -6.193032e-02 4.882784e-01 7.998326e-02 4.706929e-02 2.027018e-01 1.358195e-02 -7.793139e-02 -7.865900e-02 7.305980e-02 -1.760565e-02 -2.345952e-01 -1.891307e-01 -9.673361e-02 1.335001e-02 2.906452e-01 -8.143052e-02 -3.528116e-01 1.852909e-01 1.568673e-01 -4.563289e-03 -1.010577e-01 -4.491226e-01 -1.279288e-01 -3.007647e-02 -3.602189e-01 1.812146e-01 1.617471e-01
2.589810e-01 -2.595505e-01 1.987283e-01 -1.091946e-01 -1.890528e-01 5.456763e-01 -1.684182e-01 1.054957e-01 -1.544653e-01 -3.045464e-01 -3.247736e-02 -8.877699e-02 2.779655e-01 -3.919366e-02 -4.290341e-02 -6.783650e-02 -1.038285e-01 2.588307e-01 2.709906e-02 4.472671e-01 1.185273e-01 -1.804900e-01 -1.035630e-01 -1.754595e-01 3.587165e-01 -7.348086e-03 -5.915824e-02 5.741195e-02 -2.115165e-01 -4.109784e-01 -1.319118e-01 3.199952e-01
-2.265580e-01 -3.551073e-02 -6.299201e-02 -2.969310e-01 -1.747834e-03 1.484997e-01 -1.889978e-01 -7.662868e-02 -3.242759e-01 -9.273753e-03 2.433778e-01 -3.291993e-01 4.661278e-01 -2.439804e-02 3.536869e-01 -1.525171e-01 2.744243e-01 6.235605e-02 -3.895763e-02 2.785993e-02 -1.014794e-01 5.155852e-01 -1.227476e-03 1.870249e-01 -2.287885e-01 2.942216e-01 2.339590e-01 -1.052943e-01 1.588564e-01 1.295172e-01 2.248487e-01 3.149549e-02
2.557160e-01 -5.034162e-02 2.502699e-01 -1.632177e-01 -2.223196e-01 5.183763e-01 -5.798687e-03 -1.383258e-01 -1.560836e-01 -2.429469e-01 -7.278824e-02 1.335729e-01 4.035890e-01 -8.928277e-02 -1.639082e-01 8.402369e-02 -3.452433e-02 2.456510e-01 -2.778157e-02 -8.850308e-02 2.914429e-01 3.613007e-01 -3.438092e-01 -5.021884e-02 2.692813e-01 1.411896e-02 -3.471302e-01 2.682832e-01 3.015335e-01 -2.289736e-01 -2.228426e-01 1.375101e-01
1.261450e-01 2.793627e-01 2.026702e-01 -8.243114e-03 2.031314e-01 2.746386e-01 3.489171e-01 -8.844669e-02 1.380034e-01 -1.548792e-01 3.384616e-01 -9.061656e-02 -2.181848e-01 -7.021781e-02 -8.421615e-02 2.698081e-02 -1.872211e-01 1.184539e-01 1.358557e-01 -2.309552e-01 -1.108794e-01 3.661031e-01 -1.377146e-01 -2.751222e-01 -4.569174e-01 1.981316e-01 6.971922e-03 -1.870897e-01 4.684104e-02 3.660591e-02 -4.149157e-02 -2.942404e-01
-2.093488e-01 -3.724840e-01 -6.458642e-02 -7.673664e-02 1.150818e-01 -3.360760e-01 6.481778e-02 2.430468e-03 2.651324e-01 5.024580e-01 -3.949138e-01 2.132434e-02 -6.805860e-02 -1.202335e-01 -8.251654e-02 -5.758087e-02 -1.359705e-01 1.312368e-01 -1.418458e-01 -2.386854e-01 2.780724e-01 -1.124393e-02 1.043627e-01 2.704317e-01 -5.196292e-02 8.759788e-02 -1.842875e-02 2.238994e-01 3.373095e-01 -5.626181e-01 -2.131318e-01 -2.148237e-01
5.037583e-01 2.159717e-01 1.904283e-01 -3.490320e-01 -2.825232e-01 -8.222537e-02 -7.058824e-02 5.822377e-02 -2.717725e-01 -2.422414e-02 3.782779e-02 1.624825e-01 -1.520295e-02 2.062933e-01 -3.399141e-01 2.338495e-01 4.007033e-02 -1.472162e-01 -1.219995e-01 -2.706281e-01 3.447255e-02 7.440981e-03 -4.469330e-01 -1.886131e-01 6.969997e-03 2.426774e-02 -6.607156e-02 -1.512030e-01 -4.299905e-01 5.367951e-01 1.330118e-01 -5.265577e-04
3.533029e-02 2.888621e-01 9.713307e-02 -2.727480e-02 -2.426652e-01 4.337803e-01 -8.395994e-02 -9.510934e-02 -2.107488e-01 1.139255e-01 1.280923e-01 -3.573138e-01 2.516173e-01 -2.718655e-01 -2.037745e-01 -1.915216e-01 -1.665230e-02 -6.116459e-02 -9.554995e-02 -8.011907e-04 3.547658e-01 9.879931e-02 -9.036688e-02 -2.780412e-02 6.002763e-01 -1.234668e-01 -2.570789e-01 4.108785e-01 1.291400e-01 -1.498538e-01 -1.545095e-01 1.926162e-02
4.069204e-02 -4.092790e-04 -2.145690e-01 -2.544954e-01 -5.087630e-02 -2.703069e-01 2.632724e-02 1.195995e-01 1.678272e-01 8.138175e-02 4.831879e-01 1.452290e-01 -1.163777e-01 -8.790675e-02 -3.216757e-01 1.153638e-02 2.633869e-02 -3.850776e-01 6.560109e-02 -2.688887e-01 -2.912957e-01 -1.794969e-01 -3.083783e-01 -5.759282e-02 -1.566884e-01 -2.998855e-01 -3.279615e-01 -9.456886e-02 1.958543e-01 -2.169223e-02 1.288460e-01 -5.018288e-02
-7.341377e-02 -1.301568e-01 -3.645558e-01 4.671960e-01 4.164405e-02 1.578684e-01 -3.571875e-02 2.629085e-01 2.840678e-01 3.262972e-01 -3.341129e-01 5.174937e-02 5.259268e-02 1.784514e-01 1.064907e-01 -8.646451e-02 1.288937e-02 -3.980731e-01 -3.225974e-01 -2.255070e-01 -2.216564e-01 -4.061879e-01 9.151911e-02 7.985617e-02 -1.446470e-02 -8.332317e-02 4.780903e-01 -9.903581e-02 -7.280028e-02 -2.322041e-01 2.935565e-02 -9.304870e-02
-1.335033e-01 7.761788e-02 5.172157e-01 -2.597180e-02 -1.126384e-01 -2.415694e-01 -2.232441e-02 6.192990e-02 -2.628364e-01 -5.378947e-03 -2.416167e-01 -3.062126e-01 -1.952769e-01 -2.585279e-01 1.448895e-01 -1.853559e-01 7.589759e-02 -9.592908e-02 -3.883343e-01 8.854413e-02 1.141167e-01 5.892774e-02 -3.446945e-01 2.450392e-02 4.770696e-01 1.295264e-02 -8.993107e-02 2.460297e-01 -2.356992e-01 -1.677728e-01 1.135729e-01 3.037133e-02
-2.107810e-01 3.978427e-01 -1.232913e-01 1.769519e-01 -2.832744e-01 4.739157e-02 -4.137666e-01 -1.487655e-01 1.365553e-01 4.609563e-02 2.184969e-01 5.088717e-01 -2.111296e-01 -7.207597e-02 -5.398889e-02 -6.472295e-02 7.270628e-02 -8.248802e-02 -2.791498e-02 -1.430050e-03 -1.658615e-02 -1.555611e-01 -1.980398e-01 6.147910e-02 1.932649e-01 -3.048514e-01 -8.734246e-02 1.117441e-01 -4.169956e-03 7.248226e-01 1.456344e-01 3.975856e-01
3.566135e-01 -2.141521e-01 3.320185e-01 -6.864719e-02 1.119612e-01 -9.593304e-02 2.271983e-01 7.956266e-02 2.713016e-01 -3.160219e-01 1.878652e-01 6.018537e-02 -8.035363e-02 4.551271e-01 3.192807e-01 1.745641e-01 -3.241415e-02 1.367281e-01 -2.243488e-01 1.072652e-01 5.223492e-01 1.048502e-01 -3.021093e-01 1.961840e-01 4.839719e-01 -3.987123e-02 1.272672e-01 2.464916e-01 2.530687e-01 -1.168659e-01 -1.691159e-01 -2.594110e-02
1.700509e-01 -8.303179e-02 3.624598e-01 2.887231e-01 1.218666e-01 1.475373e-01 -1.475572e-01 -1.700138e-01 -1.856691e-01 -1.870051e-01 1.414054e-01 2.206007e-02 -7.635251e-03 4.044525e-01 -1.022447e-01 -3.055569e-01 2.747005e-02 -4.391348e-02 1.365634e-01 -4.345558e-01 1.365908e-01 4.567813e-01 -1.908600e-01 -7.897198e-02 1.309554e-01 -5.407177e-02 -1.392006e-01 2.915650e-01 -5.931540e-02 3.261690e-01 -2.532781e-01 -6.383687e-02
1.957972e-02 1.425305e-01 1.654811e-01 -4.661554e-01 -9.947641e-03 1.038670e-02 -2.592214e-02 -1.107623e-01 -2.216555e-01 -1.429852e-01 4.741343e-01 -1.526886e-01 4.241447e-02 -3.812180e-02 -2.551752e-01 5.566716e-01 -2.094929e-02 -2.249912e-01 -1.994683e-01 -4.985359e-01 -6.242564e-02 -4.082092e-02 6.805226e-02 -1.685560e-01 -1.520154e-01 3.525441e-01 8.803171e-02 -1.057995e-01 -3.075465e-01 4.730498e-01 2.823961e-01 -8.761410e-02
-2.800618e-01 4.271811e-02 3.039715e-01 2.711936e-01 1.338760e-01 -2.211807e-01 -1.717601e-01 4.981692e-02 5.270097e-01 1.573005e-01 -5.063219e-02 1.238858e-01 -3.618700e-02 -3.763967e-01 -8.027080e-03 -1.298618e-01 -8.747271e-02 -1.728652e-02 1.891544e-01 -7.473126e-02 1.226001e-01 4.545833e-02 -2.869566e-01 -4.196369e-01 1.907568e-01 -1.832509e-01 -2.937250e-01 3.190705e-01 -4.947028e-01 1.242513e-02 -6.811092e-02 8.832823e-02
-1.343382e-01 -1.714132e-01 -1.069276e-01 -2.024254e-01 1.197922e-01 3.158907e-01 5.689333e-02 -1.869218e-01 2.619786e-01 4.334966e-01 1.729674e-01 3.020727e-01 -3.538607e-02 -1.796823e-02 3.082519e-01 3.082608e-01 1.474018e-01 -3.818223e-01 -8.143947e-02 -6.230889e-02 -6.532072e-02 3.137459e-01 -3.302055e-02 -2.178152e-02 -2.051414e-01 -1.381118e-01 3.133808e-01 9.889749e-03 -1.823683e-02 3.098168e-01 2.643477e-01 5.157931e-01
4.560358e-01 2.067025e-01 -2.747919e-01 -3.111405e-01 -3.627053e-01 -2.427757e-01 -1.996046e-01 2.692649e-01 7.624558e-02 1.068244e-01 1.792835e-01 -1.859446e-01 -1.220475e-01 -2.992683e-02 -1.061406e-02 -1.761068e-01 -1.958160e-01 6.656780e-02 2.644211e-01 -4.289425e-02 8.091813e-02 5.320178e-01 6.000628e-03 -4.976751e-02 2.167657e-01 7.837036e-02 -1.474903e-01 -5.141111e-02 1.025103e-01 4.110031e-01 5.479400e-01 5.791581e-02
2.282847e-01 -3.251474e-01 1.491152e-01 -2.357909e-01 2.236305e-02 -1.784864e-01 3.798234e-01 -1.859497e-01 3.054912e-01 -9.886160e-02 -3.349589e-01 3.455129e-01 1.626212e-02 1.081884e-01 -1.401804e-01 7.010764e-02 -1.304237e-01 -1.131754e-01 1.383108e-01 2.919672e-01 2.746487e-01 -2.711139e-01 -8.802459e-02 -1.990770e-01 1.698572e-02 -3.914756e-01 1.942651e-02 1.947406e-01 5.865481e-03 -2.681087e-01 -1.206962e-01 -1.590452e-01
-1.510879e-01 4.770136e-01 -3.652432e-01 3.489513e-01 -1.360697e-01 -2.330066e-01 -4.983119e-02 2.283477e-02 -1.054800e-01 3.667332e-01 1.123101e-04 -1.305100e-01 1.053439e-01 -1.383650e-01 1.777382e-01 2.250910e-03 -4.448277e-01 1.673567e-01 1.322585e-01 2.848309e-01 7.235295e-02 2.045511e-01 -1.777190e-01 -1.115183e-01 3.954329e-01 2.787470e-01 4.122032e-02 3.390277e-01 -1.045483e-01 1.959259e-01 1.638713e-01 -2.424426e-01
7.347000e-02 2.946984e-01 1.226094e-01 1.719819e-01 5.242861e-01 -1.278040e-02 -1.929860e-01 -4.014208e-02 -3.933016e-01 6.732666e-02 2.763323e-01 2.874400e-01 -4.836744e-02 1.019496e-01 -2.650862e-01 -5.006465e-02 2.305193e-01 -2.014732e-01 1.215783e-01 -4.074127e-01 2.732303e-01 3.054855e-01 -6.198496e-02 5.568681e-02 7.186442e-03 -1.607872e-01 -5.421544e-01 8.038510e-02 1.769293e-01 2.038369e-01 -7.410526e-02 -7.428008e-02
1.073115e-01 2.279911e-01 1.632049e-01 4.830962e-02 -2.318835e-01 -1.129336e-01 7.636371e-02 8.396408e-02 -1.349614e-01 -8.528676e-02 6.291218e-01 -1.213217e-01 -5.466075e-02 1.772662e-01 4.383260e-02 -3.897224e-01 -6.330617e-02 -2.883267e-01 -2.100939e-01 8.275762e-03 -1.754147e-01 2.187991e-01 3.033361e-01 -1.854316e-01 -1.519905e-01 -6.421365e-02 -1.502688e-01 -8.714864e-02 3.392460e-01 -3.226925e-01 8.626632e-02 5.055746e-01
4.809128e-02 5.087976e-01 1.886901e-01 1.395380e-01 -2.398443e-01 2.813140e-01 -1.904200e-01 5.406317e-03 -2.495358e-02 -2.479143e-01 3.588291e-02 -1.298338e-02 -2.579897e-01 3.349064e-01 -1.337427e-01 -1.691298e-01 6.846008e-03 -1.861108e-02 3.330343e-01 1.083221e-01 1.888822e-01 -1.346027e-01 1.736896e-02 -6.729542e-02 1.356413e-01 -3.569987e-01 -4.878297e-02 4.922379e-02 -2.204302e-01 3.679092e-01 -1.908252e-01 -4.856085e-01
7.724157e-02 -2.532354e-01 -2.298739e-01 2.158788e-01 2.492661e-01 -8.867585e-02 -3.175789e-02 -7.095376e-02 -9.733686e-02 1.132592e-01 2.991465e-01 -1.410789e-01 1.504739e-01 4.688873e-01 -1.156095e-02 2.331859e-01 1.925392e-02 1.322914e-01 1.259034e-02 7.918726e-01 1.543315e-01 2.814793e-02 1.085025e-01 4.614733e-02 2.583430e-01 -4.672977e-02 4.914501e-02 -2.179958e-01 1.170343e-01 -5.850983e-02 1.169402e-01 -2.249485e-02
4.599670e-01 9.667570e-02 -1.526455e-01 1.933805e-01 1.789131e-01 -1.966016e-02 -1.129530e-01 1.265453e-01 -1.912824e-01 1.792015e-01 -3.541463e-01 -1.838693e-01 -9.962473e-03 2.191380e-01 2.639098e-01 -5.144939e-02 1.423371e-01 2.057777e-01 1.649312e-01 8.449083e-03 -7.246355e-02 -1.957909e-01 -1.497927e-01 1.830205e-01 4.372998e-01 -2.152504e-02 7.635092e-02 4.057796e-01 -1.816066e-01 3.586252e-01 -1.243689e-01 -3.063445e-01
9.408219e-02 3.166606e-01 1.376408e-01 2.592728e-01 -1.868347e-01 -2.971875e-01 -1.154901e-01 3.367154e-01 -2.792794e-01 -3.001884e-01 -2.172183e-01 -2.848908e-01 1.394096e-01 -1.414801e-01 -2.903293e-01 -1.479089e-01 -7.303641e-03 4.053192e-01 8.556522e-02 1.061980e-01 1.119899e-01 -2.644703e-01 5.851198e-02 -3.108721e-02 2.846547e-01 1.082574e-01 -3.719647e-01 2.635228e-02 -6.102355e-02 -2.848350e-01 -1.987203e-01 -5.019227e-01
-1.443288e-01 -1.117400e-01 6.033278e-01 -3.557285e-02 1.032271e-01 1.591750e-01 2.885790e-01 1.836340e-01 9.246995e-02 -1.537890e-01 7.780947e-02 1.439578e-02 4.152725e-01 1.408017e-01 -1.024337e-01 1.185949e-01 -5.732970e-04 -1.242097e-01 -3.780586e-01 -3.720880e-01 1.000518e-01 -1.399984e-02 -8.095732e-02 3.059224e-01 -4.153654e-02 -1.569782e-01 -3.180441e-03 -4.773104e-01 3.563825e-02 -1.944434e-01 -2.034273e-01 3.709349e-01
7.306842e-03 9.815369e-02 1.823782e-01 -4.376524e-01 -1.860787e-01 3.760586e-01 2.475132e-01 -3.131733e-02 4.613605e-01 1.117948e-02 -1.185277e-01 8.231828e-02 1.345432e-01 1.472433e-01 6.565329e-02 2.181031e-01 6.947266e-01 -2.017591e-01 -1.461934e-02 -1.660457e-01 1.571278e-01 7.207683e-02 3.270601e-02 1.302441e-01 1.199805e-01 -1.510682e-01 4.127089e-02 2.853706e-02 6.434982e-02 -1.109080e-01 -3.406432e-01 -2.825074e-01
-2.978112e-01 2.945166e-02 2.324182e-02 -2.557681e-01 -2.650906e-01 -2.611331e-02 5.978970e-03 -8.057205e-02 2.200815e-01 5.761551e-02 6.890376e-01 -3.130193e-02 1.015880e-02 -2.260467e-01 4.171021e-05 -2.888849e-03 -1.668095e-01 -3.122538e-01 -2.382038e-01 6.289311e-02 -3.162086e-02 2.984879e-01 2.252925e-01 -1.557765e-01 -3.653136e-01 -3.871819e-02 -4.737505e-02 -3.165461e-01 1.822101e-01 -3.497271e-01 2.051035e-01 3.126417e-01
1.873299e-01 -1.817600e-01 -1.514320e-01 4.222680e-01 -8.243757e-02 -2.418142e-02 -6.935808e-02 -5.408276e-02 4.077949e-01 5.397516e-02 -3.645074e-01 -1.666300e-01 -1.313847e-01 3.203177e-01 5.998755e-02 -3.276586e-01 -1.667970e-01 8.177438e-02 -3.782500e-02 5.221251e-02 3.357714e-03 2.612563e-01 2.316545e-01 -1.497595e-01 -6.355238e-02 3.017874e-01 6.888046e-01 -1.819116e-01 -1.756970e-01 -2.092351e-01 -7.207100e-03 -2.533436e-02
4.394101e-01 -2.375433e-01 2.088732e-01 -3.616216e-01 1.769831e-02 -2.094437e-01 3.304658e-01 2.421191e-01 1.238133e-01 -1.483562e-01 3.048185e-01 -1.325136e-02 7.371771e-02 2.848314e-01 1.053335e-01 2.410769e-01 -8.225542e-02 -3.510328e-02 1.592247e-01 -3.970650e-01 1.886641e-01 -1.419914e-01 2.427516e-01 1.696281e-01 -3.015739e-01 -6.671422e-02 6.644990e-02 1.433904e-02 1.234386e-01 -1.130818e-01 -6.486265e-02 -6.677445e-01
-2.116925e-01 1.881289e-02 -3.180047e-01 2.336439e-02 4.635723e-01 7.412642e-02 -2.687566e-01 1.555882e-01 -7.666941e-02 -5.204092e-02 -3.283453e-01 2.308249e-01 -2.269526e-01 1.222095e-01 -2.185229e-01 1.050103e-01 9.047828e-02 2.829452e-01 -6.277931e-03 1.188561e-02 1.622428e-01 -1.295902e-01 -3.528319e-01 4.887850e-02 5.830403e-02 2.209868e-01 -1.627552e-01 -1.563603e-01 -2.360030e-01 3.388716e-01 -3.431403e-01 -3.581474e-01
-3.821803e-01 -6.766284e-02 1.861177e-01 6.754693e-03 5.132694e-01 2.072714e-01 -2.314657e-01 7.530613e-02 -1.725727e-01 5.015585e-02 -3.331462e-01 -3.999718e-01 -9.840220e-02 -1.023576e-01 3.591349e-02 1.196262e-01 1.154965e-01 4.291582e-01 -6.762047e-02 -2.373094e-01 9.546494e-02 -3.230671e-01 -1.060553e-01 1.155793e-01 2.318722e-01 -1.086278e-01 7.051305e-02 4.161136e-01 -3.581662e-01 1.606753e-01 -1.031298e-01 -2.608066e-01
3.492190e-01 -6.669088e-02 1.181903e-01 -3.993059e-01 1.741061e-01 -3.522485e-01 5.118013e-01 -1.306276e-01 -2.671294e-01 -4.351033e-02 -1.575054e-01 7.282021e-04 4.494934e-02 5.201475e-02 -1.727360e-01 -7.814986e-02 1.865164e-01 -1.576004e-01 -4.699476e-01 5.509642e-01 -6.087786e-03 -4.620845e-01 3.104386e-02 3.705443e-02 -2.508132e-03 -1.730820e-01 -7.858714e-02 1.170923e-02 -2.933612e-02 -3.065508e-02 -1.636759e-01 2.569115e-01
3.627718e-01 3.153987e-02 4.244755e-01 3.958071e-01 1.948114e-01 -1.763390e-01 -1.240060e-01 -9.435608e-02 -8.602898e-02 -1.976115e-01 -5.811952e-02 4.322096e-01 2.350826e-01 -2.339368e-02 -2.115165e-01 -1.001410e-01 -1.219355e-01 1.233262e-01 -1.946334e-01 4.330832e-01 2.040064e-01 1.839293e-01 -4.331483e-02 -5.596965e-02 5.692294e-02 1.657871e-01 8.169485e-02 2.982751e-01 -1.248945e-02 6.995259e-01 4.724942e-02 -5.718138e-03
4.805582e-01 -1.962509e-01 -2.223933e-01 -2.022695e-01 7.508070e-02 -8.538563e-02 -1.817727e-01 2.251700e-01 -4.176705e-01 -1.547673e-01 1.696093e-01 6.772194e-02 -5.082023e-02 3.657193e-01 3.298811e-01 -1.180032e-01 -4.448036e-02 -1.784838e-01 7.868375e-02 -2.424832e-01 2.320512e-01 -1.529184e-02 -2.872976e-01 -9.790528e-02 -1.498925e-01 -1.273690e-02 -3.589395e-01 1.853276e-02 -7.390989e-02 -7.274305e-01 -6.614406e-02 6.137591e-03
-1.446674e-01 -1.947124e-01 5.484945e-02 2.591795e-01 -2.911565e-02 1.520102e-01 4.923292e-02 3.116931e-01 2.166830e-01 8.359161e-02 -1.302199e-01 4.300397e-01 -2.833754e-01 -1.096857e-01 -2.435952e-03 -1.254776e-01 1.394309e-01 -1.598796e-01 6.497113e-02 2.463809e-01 8.317135e-02 -2.670362e-01 1.098255e-01 3.300744e-01 2.703169e-01 -2.378924e-01 -1.368074e-01 1.191760e-01 -4.501631e-01 1.162471e-01 -3.056746e-02 8.807295e-02
-3.100160e-01 6.367670e-02 -2.733207e-01 -7.954975e-02 -6.564572e-02 1.156458e-01 -1.540273e-01 6.290316e-02 2.374413e-01 4.755341e-02 -3.051466e-01 3.361273e-01 -7.715189e-02 4.326952e-01 -2.218278e-01 1.340333e-01 8.661971e-02 3.485989e-01 1.860659e-01 1.572744e-02 1.410798e-01 -3.189588e-02 -3.195222e-01 1.201950e-01 3.122352e-02 -8.713503e-02 7.755126e-03 -2.855357e-01 -2.475776e-01 4.818798e-01 -1.487312e-01 -2.709627e-01
-1.010117e-01 -3.303117e-01 9.050196e-02 8.464694e-02 -2.136599e-01 1.826566e-01 -1.340611e-01 4.748708e-02 1.357820e-02 -2.049388e-01 -2.264359e-01 -2.118870e-01 6.181281e-01 5.641999e-02 -1.057431e-01 1.476593e-01 9.395420e-02 2.366756e-01 3.305063e-02 3.086416e-01 4.473337e-01 3.635050e-02 -1.500450e-01 -4.020944e-02 3.657067e-01 -2.060227e-01 -5.482813e-02 -1.149615e-02 -1.846081e-01 -1.693765e-01 -1.999147e-01 3.995578e-01
1.900662e-01 -2.998105e-01 5.035819e-02 5.232493e-02 4.353190e-01 -5.076148e-02 2.115173e-01 2.198973e-03 -3.307419e-01 -1.423958e-01 -3.533937e-01 -3.597685e-01 2.885912e-01 2.492379e-01 -4.067504e-02 -2.040565e-02 -8.541971e-02 1.536802e-02 1.074199e-01 -5.298226e-02 1.091430e-01 7.155156e-02 3.856350e-01 -3.108248e-02 -2.445084e-01 2.812756e-01 6.346843e-02 2.300006e-02 3.291741e-02 -6.763932e-01 -2.493901e-01 -2.560454e-01
-1.509211e-01 -2.252050e-01 -1.584194e-01 -2.329148e-02 2.322584e-01 -3.427337e-01 -1.132893e-02 -2.819242e-02 1.267071e-01 -3.084485e-01 -1.693744e-01 5.804645e-01 -2.767352e-01 2.033033e-01 4.661092e-02 2.046088e-01 6.065046e-02 1.707788e-01 1.399568e-01 -2.898789e-02 -4.527615e-01 -9.462963e-02 1.693342e-02 -9.468490e-03 -6.297274e-01 2.418869e-01 2.508840e-01 -2.446524e-01 -2.172044e-01 1.603859e-02 1.867409e-01 -7.490490e-02
-3.373155e-01 -2.683182e-01 -3.047215e-01 -9.907816e-02 -3.181342e-01 1.770319e-01 3.363203e-01 -2.666800e-01 1.883354e-02 2.589907e-01 -9.043856e-02 -2.812896e-01 -1.389019e-01 7.120759e-02 -1.005503e-01 2.846668e-01 9.020496e-02 -4.906519e-05 -2.244729e-01 -3.565608e-01 -2.612276e-01 -3.964254e-01 1.397814e-01 -3.531925e-02 1.179148e-03 -2.323721e-01 6.568686e-02 -2.885986e-01 -1.441673e-01 -4.929339e-01 2.942535e-02 2.374656e-02
2.734253e-01 4.115570e-01 -1.063604e-01 2.473784e-01 -6.640283e-03 -1.300434e-02 -1.492243e-01 1.922630e-01 -3.799609e-01 -8.749285e-02 -6.511281e-02 1.928145e-01 1.216341e-01 -2.002329e-01 -2.746009e-01 -5.238601e-02 2.985048e-01 1.463262e-01 2.676686e-01 1.436327e-01 2.119445e-01 3.446190e-02 -1.727709e-01 -6.222349e-02 -4.308509e-01 -5.580770e-03 3.063944e-03 -2.603397e-01 -1.614059e-01 1.377532e-01 2.235680e-01 4.581331e-01
-1.162426e-02 -2.425073e-01 -2.084379e-01 -1.334504e-02 -6.529444e-02 -8.195309e-02 3.820036e-01 -1.597320e-01 1.438789e-01 5.647318e-02 3.841956e-02 4.654837e-01 2.948695e-01 3.461918e-01 1.100032e-01 2.882876e-01 -3.353219e-01 9.024100e-02 3.603142e-01 9.488185e-02 -2.580803e-01 1.817122e-01 2.266035e-01 -2.470077e-02 -5.455261e-01 1.410248e-01 2.021650e-01 -1.704589e-01 7.433555e-02 1.203464e-01 1.122862e-01 -1.403505e-01
-1.404606e-01 -2.079599e-01 -2.042103e-01 8.325141e-02 1.962004e-01 -2.283747e-01 -1.821147e-02 -6.215138e-02 2.759471e-01 -3.459414e-01 -1.067833e-01 4.793330e-01 -2.797319e-01 1.943318e-01 6.087231e-02 2.691566e-01 -1.016899e-01 -2.057712e-01 4.441162e-02 3.879780e-01 -5.078408e-01 1.326959e-01 1.069278e-01 1.851071e-01 5.294232e-01 -7.150443e-02 1.708395e-02 3.692897e-02 -1.745226e-01 1.513624e-01 -6.126252e-03 -7.337567e-02
1.538284e-01 5.768557e-02 7.006590e-02 3.237518e-01 1.165745e-01 -1.539328e-01 1.747558e-01 -6.646147e-02 4.158053e-01 2.395144e-02 -2.445053e-01 3.971649e-01 -4.137906e-01 2.024781e-02 -2.409524e-01 -6.010385e-03 -1.817736e-01 -2.003977e-01 3.982553e-02 -6.800652e-02 2.418184e-01 -1.651108e-01 8.718885e-02 -2.380636e-01 1.655869e-01 -4.367089e-01 -1.852976e-01 1.516383e-01 -1.931594e-01 -1.834543e-01 -1.081629e-01 -1.877720e-01
-2.607352e-01 -2.216150e-01 2.078659e-01 -1.551185e-01 2.617613e-01 -3.330379e-01 2.847968e-01 4.211090e-03 -1.258764e-01 2.307787e-01 -1.606012e-01 1.497486e-01 -7.591321e-02 5.663860e-02 2.337997e-01 5.385141e-02 -3.312318e-02 6.008819e-02 -6.683852e-02 -4.076238e-01 6.076629e-01 4.007374e-02 1.397828e-01 4.269600e-02 -1.991710e-01 1.401561e-01 -2.784109e-01 7.011563e-02 1.739992e-01 1.292059e-01 -1.254837e-01 -1.830258e-01
1.704209e-01 1.895320e-02 -3.162244e-01 3.467430e-01 -1.954968e-01 9.183845e-03 -3.947649e-02 2.974317e-01 3.776795e-01 4.544140e-01 -3.371775e-01 -1.225729e-02 -9.847935e-03 9.258076e-02 1.317768e-01 -1.056759e-01 -3.356972e-02 -2.392544e-01 -3.533074e-01 -7.876061e-02 -3.757276e-01 -5.176952e-01 1.878550e-02 3.559915e-02 7.542148e-02 1.290982e-01 3.753581e-01 -1.086517e-01 -1.005148e-01 -3.792906e-01 -2.972762e-02 8.178625e-02
4.092484e-01 9.480771e-02 2.359956e-01 -1.961539e-01 -3.365320e-01 3.367729e-02 -5.660858e-02 1.469892e-02 -2.844264e-01 1.198365e-01 -2.478275e-01 3.102645e-01 -3.826981e-02 2.683265e-01 -3.604010e-01 1.047412e-01 3.657639e-01 1.646452e-01 1.063005e-01 -3.308354e-01 -2.108511e-01 -3.143655e-02 -3.810872e-01 -4.976718e-02 -8.231910e-02 -4.856145e-02 -1.563042e-01 -1.464036e-01 -3.699727e-01 3.661899e-01 6.238102e-02 -1.594807e-01
-2.918812e-01 -1.963436e-01 9.843715e-02 4.103737e-01 -1.682353e-01 -2.350259e-02 -5.199811e-02 -2.086334e-01 -3.449354e-01 1.068587e-01 8.548690e-02 -1.408782e-01 4.988810e-01 1.678989e-02 1.742205e-01 1.056222e-02 -1.689824e-03 5.387454e-02 -3.943749e-01 -3.851278e-01 4.283265e-02 -7.097389e-02 1.457274e-02 -8.463523e-02 4.976063e-01 -1.049084e-01 -3.661155e-01 -2.459071e-02 -2.538684e-02 -2.510564e-01 2.906719e-01 1.004114e-01
-2.486164e-01 -1.199143e-01 -2.935853e-01 3.961110e-01 2.172172e-01 2.391253e-01 -2.311924e-01 1.529248e-01 1.000180e-02 -3.015930e-01 2.252765e-01 -1.844609e-01 -1.550207e-02 3.261318e-01 1.014227e-01 1.347875e-01 1.638866e-02 7.600029e-02 1.804923e-01 5.662109e-01 -5.239867e-02 -2.006177e-01 3.090668e-01 -2.623352e-01 -1.570857e-01 -9.449631e-02 1.329024e-01 -6.773227e-02 4.173874e-01 -3.649321e-02 1.371309e-01 -1.188124e-01
1.114419e-01 2.236264e-01 2.752558e-01 -1.762036e-01 -4.692850e-01 -1.934874e-01 -1.368771e-01 -1.347678e-02 -1.201737e-01 -1.431512e-01 5.807349e-01 2.741862e-02 -8.063087e-02 -1.421212e-02 -4.949803e-02 -2.963070e-01 -1.124663e-01 1.594678e-01 3.650157e-01 3.549774e-01 9.422331e-02 5.453750e-01 2.075581e-02 8.469765e-02 1.324726e-01 2.259336e-01 -2.900482e-01 -1.128605e-02 6.926514e-02 2.366261e-01 3.124694e-01 1.415541e-01
2.665156e-01 2.709609e-01 5.460668e-03 -3.508783e-01 7.135054e-02 8.404082e-02 5.851725e-02 -1.668923e-01 -2.341774e-01 -5.974190e-02 5.041674e-01 1.856325e-01 -3.061297e-01 -1.747238e-01 -5.646426e-02 4.050430e-02 1.226671e-01 -2.072725e-01 4.457017e-02 -2.713329e-01 -4.535497e-01 -1.863949e-01 1.020448e-01 -3.697016e-02 -1.734755e-01 -6.795451e-03 -4.392964e-01 1.683148e-01 2.876790e-01 1.823896e-01 1.635926e-01 -1.623706e-01
5.347190e-01 5.535997e-02 1.899382e-01 7.614189e-02 8.137979e-02 -1.921536e-01 8.142149e-03 -8.960022e-02 -2.523603e-02 8.745848e-02 -3.026450e-01 -2.819144e-01 -3.807105e-01 -4.963958e-02 3.950135e-01 4.917782e-02 -7.954249e-02 1.861533e-01 1.210790e-02 -4.833628e-02 3.336814e-01 2.701100e-01 3.028332e-01 -1.826242e-01 -1.248582e-01 2.885135e-01 5.057886e-01 2.132974e-01 -2.231831e-01 9.973982e-02 1.153427e-01 -2.495636e-01
-1.651538e-01 -1.792657e-01 -2.920379e-01 1.649734e-01 1.696276e-01 3.073109e-01 -2.916922e-01 -3.341684e-01 -1.752652e-01 -2.621166e-01 1.926294e-01 3.479815e-02 2.574022e-01 2.122561e-01 4.536341e-02 2.701301e-01 -2.385923e-01 -1.421646e-01 1.094450e-01 3.737730e-01 1.158827e-01 -5.213129e-02 2.516661e-01 -7.634685e-02 -2.035670e-01 -5.065781e-02 8.006677e-02 -5.692707e-01 2.042712e-01 -9.238359e-02 2.348772e-01 -2.134778e-01
-2.923121e-01 -1.916854e-01 1.063961e-01 -8.207340e-02 1.278010e-01 -8.436049e-02 1.329056e-01 -4.508125e-02 -2.997801e-01 1.738262e-01 -2.505465e-01 -8.217438e-02 -1.114172e-01 -2.095124e-01 1.753140e-01 5.213635e-01 -1.131056e-01 3.989313e-01 -9.922886e-02 -5.140544e-01 1.565946e-01 5.958236e-02 9.072951e-02 1.785748e-01 -1.047020e-01 7.166062e-02 9.388943e-02 2.125532e-01 -9.335878e-02 -2.715760e-01 -2.333413e-01 -2.766225e-01
5.989790e-02 1.988975e-01 4.383562e-01 -1.184403e-01 4.173261e-01 -1.680518e-01 -1.763953e-01 -4.253376e-02 3.832288e-01 -3.270152e-02 -6.340998e-02 2.344359e-01 1.006185e-01 -1.017994e-01 -2.245229e-01 -3.508910e-01 -2.981197e-02 5.428755e-02 5.960951e-02 3.205682e-01 9.781936e-03 1.692831e-01 -2.202196e-01 9.290534e-02 -4.407779e-02 2.053496e-01 2.380199e-01 2.039927e-01 1.783179e-01 7.319931e-01 -5.919971e-02 8.773354e-03
1.208207e-01 1.245663e-01 5.239825e-01 -1.571068e-01 4.460805e-01 1.210177e-01 -2.611890e-01 -7.348751e-02 2.782097e-01 -1.480886e-01 -8.209607e-02 1.603051e-02 1.381521e-01 -2.915011e-02 -1.920791e-01 2.341161e-01 -3.403698e-02 1.372156e-01 1.749109e-02 1.246732e-01 -3.346655e-02 -3.659429e-01 1.340114e-01 -1.148297e-01 7.322771e-02 3.116836e-01 2.734163e-01 -3.620490e-01 -2.302302e-01 -4.160450e-01 9.468288e-02 -1.718082e-01
-9.198032e-02 1.930759e-01 1.422542e-01 -3.020561e-01 -3.109142e-02 -5.160253e-02 1.007616e-01 2.173017e-02 -3.711741e-01 -1.343006e-01 4.447082e-01 1.331488e-01 7.521307e-02 -3.372771e-01 -3.753402e-02 4.816315e-01 2.010967e-01 1.563908e-02 6.635441e-02 3.318749e-02 7.032451e-02 -2.281538e-01 -1.852082e-01 1.704183e-01 8.713426e-02 -3.541419e-01 -6.105615e-01 2.881573e-01 2.087430e-01 3.691551e-01 5.860033e-02 5.334516e-02
2.125172e-01 -3.003350e-01 1.688510e-01 -2.312095e-01 -4.976795e-02 -2.867457e-01 2.486384e-01 -1.229773e-01 2.098858e-01 2.341534e-01 -2.949333e-02 2.077326e-01 -7.132988e-02 -5.029218e-02 3.769960e-01 2.379532e-01 8.982001e-04 1.233208e-01 1.439613e-01 -2.678952e-01 2.912027e-01 -1.143407e-01 3.344868e-01 7.126646e-02 -1.352298e-01 3.090310e-01 -2.159601e-01 1.763841e-01 2.503065e-01 1.923311e-01 -9.171310e-03 -3.653105e-01
-2.034225e-01 3.828295e-02 7.014328e-02 2.630326e-01 3.605086e-01 -2.345883e-01 -8.833850e-02 -1.479183e-01 -2.579140e-02 -3.212906e-01 -3.583455e-02 5.858691e-02 8.646727e-02 5.610873e-01 -1.457219e-01 -3.065933e-01 3.070168e-01 1.394653e-01 -7.496896e-02 9.828854e-02 -1.877923e-01 1.299961e-01 -2.595760e-01 -3.482761e-01 -5.062993e-01 9.832649e-02 -8.516872e-02 -8.089559e-02 -1.494151e-01 2.796465e-02 2.284676e-01 2.288936e-02
1.762806e-01 -1.444477e-01 2.053133e-01 1.613590e-01 -2.649518e-01 -1.348334e-01 -9.643142e-02 1.832483e-01 1.412173e-01 -3.684332e-01 -3.933267e-02 6.431208e-02 1.310410e-01 4.837303e-01 -6.196242e-02 1.339860e-01 -2.736257e-02 1.974534e-01 2.078155e-01 7.502523e-02 -4.792115e-01 -3.608764e-02 -2.964861e-02 -1.786159e-01 5.839233e-02 2.706625e-01 2.814544e-01 -2.979989e-01 -2.002772e-01 2.414410e-01 -2.296947e-02 1.610966e-01
-8.769432e-02 2.530034e-01 4.991743e-01 -8.336894e-02 -2.667275e-01 -7.465445e-02 -2.550854e-02 1.316957e-01 -1.751311e-01 -2.923476e-01 1.995645e-01 1.466070e-01 -2.260405e-01 1.957709e-01 -1.777952e-01 -7.240463e-02 -8.979632e-03 1.623292e-01 1.848615e-01 4.052401e-01 3.044362e-01 4.442092e-01 -7.881117e-02 1.919130e-01 4.266617e-02 8.905974e-02 -1.369641e-01 1.055317e-01 4.543350e-02 4.499733e-01 7.831465e-02 1.876194e-01
-1.568437e-01 1.063120e-01 4.701262e-01 6.474049e-02 3.351872e-01 -5.381766e-02 -4.234642e-01 -3.274175e-02 5.042282e-02 6.453624e-02 -2.154161e-01 3.332174e-02 -1.176528e-01 1.036682e-01 -1.881886e-01 -2.929415e-01 1.128053e-01 -1.727195e-01 1.807177e-01 5.988384e-03 2.237793e-01 -1.738185e-01 3.996562e-01 3.441080e-01 -1.994294e-01 -1.089461e-01 -3.201812e-02 -1.645349e-01 -2.072899e-01 -3.239443e-01 -3.583788e-01 -2.972912e-01
4.518672e-02 -2.490116e-01 -3.544233e-01 2.318825e-01 1.126388e-01 -1.161510e-01 -2.880026e-01 -1.031510e-01 -2.016117e-01 -1.885531e-01 5.296136e-01 -4.738840e-03 1.452757e-01 4.050655e-02 1.637126e-01 1.044240e-01 -2.400514e-01 -2.239331e-01 1.631096e-01 4.173918e-01 2.961718e-01 -1.334441e-02 1.492376e-01 -1.350402e-01 6.373879e-04 -2.060255e-01 -6.127134e-02 -3.296684e-01 9.793186e-02 2.574241e-01 2.979333e-01 -1.263606e-01
4.225090e-01 3.178990e-01 6.315394e-02 -1.083270e-01 -8.187396e-02 4.887487e-01 -2.944581e-01 -2.536181e-02 8.458819e-02 -2.188762e-01 1.517691e-01 -2.074391e-04 -9.654251e-02 2.512473e-01 1.474132e-02 -2.684592e-01 -1.315045e-01 -5.022918e-01 3.076396e-01 9.435780e-02 -1.483119e-01 -1.934045e-01 -1.075116e-01 -2.934249e-01 1.075651e-02 1.904354e-03 -1.646749e-01 -1.154617e-01 1.958702e-01 3.589511e-01 2.425047e-01 -1.147732e-01
-8.215671e-03 4.892788e-03 4.654061e-01 -2.467942e-01 -3.101121e-01 3.580927e-02 -4.262492e-02 1.377388e-02 -3.040656e-01 -1.607381e-01 -1.767679e-01 9.735326e-02 -2.026558e-05 -3.502109e-01 -3.192945e-01 -2.905909e-01 7.088435e-02 1.855728e-01 7.247511e-03 -1.829256e-01 4.930516e-01 -5.868215e-02 -5.593810e-02 1.511965e-02 -5.815383e-01 3.621484e-01 -1.523544e-01 7.096007e-02 -1.032320e-01 -1.078538e-01 -5.293012e-02 2.588538e-02
-4.246478e-02 -9.568530e-02 1.137490e-01 -2.682915e-01 -1.672307e-01 -2.063236e-01 6.059881e-01 1.664232e-02 2.107685e-02 -1.679176e-01 1.304951e-01 1.943544e-02 -1.900221e-01 -3.432176e-01 9.664938e-02 1.531351e-01 6.614156e-02 -4.101542e-02 -2.512394e-01 -2.668168e-01 2.421725e-01 -2.491330e-01 1.312168e-01 4.233422e-01 -2.478685e-02 -1.384287e-01 6.194761e-02 -1.163541e-01 5.486104e-02 -4.357173e-01 -2.910929e-01 3.098438e-01
2.992866e-01 4.018851e-02 8.859378e-02 1.113000e-01 5.181714e-02 2.381850e-01 -2.102055e-01 4.039203e-02 -1.259917e-02 3.262865e-01 -3.499520e-01 -2.266432e-01 8.250100e-02 6.042296e-02 3.418192e-01 3.302277e-01 -4.861683e-02 2.246793e-01 2.454307e-01 2.688317e-02 -3.763042e-02 -1.407753e-01 -1.625376e-01 9.396160e-02 2.704679e-01 2.141790e-01 1.712822e-01 5.783679e-01 -1.719006e-01 1.215737e-01 -8.390616e-02 -3.039548e-01
3.567106e-01 -2.916960e-01 1.836587e-01 -1.016933e-01 9.574948e-02 -4.957141e-02 3.054045e-01 -4.136545e-02 2.325033e-01 -8.717409e-02 2.915055e-01 1.153023e-01 -1.498971e-02 3.013355e-01 2.234359e-01 4.059757e-01 6.093990e-02 2.456924e-01 3.009264e-01 -3.326207e-01 3.158485e-01 -1.449960e-01 4.717596e-01 1.924517e-01 -1.915227e-01 1.824028e-01 -1.854788e-01 -4.526737e-02 1.341534e-01 6.923313e-02 -8.165771e-02 -2.227701e-01
2.140557e-01 1.474781e-01 1.452711e-01 2.084200e-01 -3.195943e-01 3.956401e-02 -2.438974e-02 2.749957e-01 9.365761e-02 2.719350e-01 -3.459300e-01 7.620514e-02 -1.317789e-01 5.089427e-01 2.157060e-01 1.556863e-01 3.683419e-03 3.722536e-01 2.908046e-01 2.637671e-02 3.964515e-02 -1.140417e-01 -3.734474e-01 1.001522e-01 8.666096e-02 -8.379039e-02 8.671150e-02 3.971853e-01 -7.002472e-02 4.368190e-01 -3.349457e-01 -1.359716e-01
3.872189e-01 -4.013118e-02 -1.723420e-01 7.903150e-02 1.192348e-01 1.911103e-01 -2.238844e-01 1.417949e-01 -4.343576e-02 -2.395781e-01 3.987663e-01 3.750532e-02 2.232382e-01 2.675078e-01 -3.395670e-02 -3.140719e-01 -1.379216e-03 -4.424942e-01 1.502819e-01 4.380061e-01 -1.562362e-01 -2.420967e-02 7.951513e-02 -3.086209e-01 4.397498e-02 1.167927e-01 -2.324982e-02 -6.577392e-03 -4.451982e-02 3.260843e-01 1.934199e-01 3.647967e-02
4.391957e-01 -3.725861e-01 1.979740e-01 -3.294824e-01 1.776626e-01 -2.650944e-02 2.470736e-01 -1.266652e-01 -1.105583e-01 3.533223e-01 -2.568969e-01 -2.758880e-01 -7.254068e-03 -3.508815e-03 5.485845e-02 -1.443039e-01 -1.637417e-01 -2.542560e-01 1.196832e-01 5.614059e-01 -2.493694e-01 -2.554920e-01 -2.386122e-01 -4.776537e-02 3.979177e-02 -2.048614e-01 1.650517e-01 2.651843e-02 9.346986e-03 -2.916611e-01 -1.963380e-01 -3.234029e-02
-1.869132e-01 2.132557e-01 4.694033e-01 3.539386e-01 -2.846963e-01 6.699707e-02 -3.445421e-01 -2.584780e-01 2.565564e-01 -2.349929e-01 3.394052e-02 1.236027e-01 6.326304e-02 6.872210e-02 -1.677085e-01 2.346271e-01 -2.953703e-01 1.252073e-01 3.675368e-01 -5.336056e-01 -2.939433e-02 2.117286e-01 8.801433e-02 -2.118361e-01 1.705070e-01 1.627807e-01 1.174770e-01 -3.780099e-02 7.173274e-02 2.597166e-01 3.828771e-02 -4.575307e-01
1.184931e-01 -4.453500e-02 -3.883010e-01 2.628023e-01 6.304067e-04 2.080946e-01 -7.793269e-02 -2.273957e-01 4.753377e-01 -4.189270e-02 1.750885e-01 7.701171e-02 1.851672e-01 1.434916e-01 -3.825657e-02 3.135994e-01 -2.471421e-02 -1.322654e-01 1.278004e-02 3.856488e-01 -5.526194e-01 -1.941507e-02 3.877984e-02 5.910905e-02 5.159158e-01 -2.581904e-01 9.609004e-02 -1.123574e-01 -1.140164e-01 4.403280e-02 1.024823e-01 -6.882729e-02
9.588478e-02 -2.435037e-01 2.103292e-01 6.442169e-01 -2.857304e-02 6.185775e-02 -2.217254e-01 -1.272986e-01 1.404332e-01 -8.217066e-02 -1.020184e-01 8.305153e-02 3.161658e-01 -2.282912e-01 -1.312875e-01 2.931400e-01 5.650915e-02 1.351603e-01 -1.562402e-01 3.949282e-01 -4.652297e-02 1.485303e-01 5.064480e-02 -1.761697e-01 9.750038e-02 7.171087e-02 2.392366e-01 4.950666e-01 -2.298558e-01 5.461429e-01 -1.105291e-01 2.558868e-03
3.817844e-01 1.740468e-01 2.027223e-01 2.457375e-01 7.366063e-02 4.330558e-02 7.261336e-02 -1.052098e-01 1.170429e-01 5.122214e-02 -3.117566e-01 -1.240111e-01 -3.228999e-01 4.262139e-02 4.344296e-01 -1.795726e-02 6.812904e-05 3.599497e-01 4.534962e-03 1.205864e-01 2.107358e-01 1.652437e-01 4.369296e-01 -2.995999e-02 -7.610799e-02 2.653342e-01 5.708876e-01 2.157799e-01 -9.243749e-02 9.878308e-02 -5.386215e-02 -6.437029e-02
1.387854e-01 -1.456153e-02 -4.055296e-01 -3.996214e-01 9.505408e-02 3.108451e-01 -1.754420e-02 5.052745e-01 -1.877131e-01 7.134861e-02 -5.051892e-02 -1.437754e-01 1.013121e-01 -1.692727e-01 3.276879e-01 -2.708222e-01 3.334159e-01 -6.993186e-02 -2.778137e-01 5.089712e-01 1.288709e-01 -2.599467e-01 -6.660958e-02 2.830494e-01 -1.215822e-01 -7.811392e-02 -1.460747e-01 1.302914e-01 -1.007230e-01 -3.361447e-01 -8.543977e-02 4.203339e-01
-2.759334e-01 -1.761490e-01 -3.227423e-01 -8.693859e-02 1.571189e-01 -2.332451e-02 2.250208e-01 -6.754465e-02 3.110033e-01 1.388706e-01 -6.952399e-02 -1.025469e-01 -2.149249e-01 7.758841e-02 5.831262e-01 4.004889e-02 -3.301347e-01 -3.102078e-01 -2.495136e-01 -1.070056e-01 -1.904624e-01 3.914036e-02 2.628276e-01 -1.526062e-02 3.415701e-01 4.490860e-03 -1.997946e-02 1.907033e-01 2.227117e-01 -2.363689e-01 -1.611137e-01 -4.831768e-01
-3.538639e-02 -7.366394e-02 -2.736906e-01 -3.865700e-02 -1.153595e-01 -7.932725e-02 1.399495e-01 2.529726e-01 -1.787768e-01 3.487717e-02 5.517550e-03 1.916566e-01 -3.605116e-01 4.094317e-01 4.230572e-01 -8.636086e-02 4.152137e-02 -8.961705e-02 6.261011e-02 -1.656942e-02 1.970444e-01 1.548479e-01 5.009170e-01 1.261810e-02 -3.793191e-01 -5.387711e-02 1.062068e-01 -1.987784e-01 2.691833e-01 3.087290e-01 1.983147e-01 -2.986768e-01
-2.752038e-01 2.197340e-02 -1.329715e-01 4.740233e-01 -1.138234e-01 3.839237e-01 -4.153730e-01 1.193809e-01 2.752480e-02 1.598905e-01 1.835693e-01 -1.773314e-01 -9.732261e-02 -2.237527e-02 2.444155e-01 -1.645768e-02 -2.149327e-01 1.867114e-01 4.493909e-01 -5.280401e-01 3.400438e-02 4.370593e-01 -2.331327e-02 -5.540878e-02 -1.845770e-02 2.296325e-01 6.980313e-02 -2.974417e-02 3.473535e-02 4.807873e-02 1.726904e-01 -2.784739e-01
-3.315579e-01 2.151308e-01 2.033746e-01 -6.451032e-02 1.573805e-01 5.348460e-03 -1.387065e-01 1.105910e-02 6.299971e-01 1.088929e-01 -2.013777e-01 5.301519e-03 -1.195285e-01 -4.427594e-01 9.699149e-02 1.961232e-02 -5.369756e-02 2.577854e-01 1.337290e-01 -2.938708e-02 -1.093349e-01 2.225728e-01 -2.275491e-01 -2.463792e-01 -3.897108e-03 2.733520e-04 -2.564130e-01 3.063511e-01 -6.299349e-01 -3.002518e-02 8.169995e-02 1.745493e-01
3.431979e-01 1.098811e-01 -1.739566e-01 -4.429203e-02 9.896573e-02 3.534912e-01 -3.425106e-01 -4.960645e-02 1.595136e-01 -8.475386e-02 -3.890702e-02 1.348363e-01 -3.059532e-02 3.826976e-01 -1.933901e-01 -3.314977e-01 -2.973505e-02 -5.305511e-01 2.722510e-01 4.085990e-01 2.397501e-02 -2.029056e-01 1.492434e-01 -1.311606e-01 3.990840e-02 -2.723312e-02 -5.816355e-02 1.289068e-01 7.804304e-02 1.103846e-01 -1.851673e-01 -1.238503e-02
1.744487e-01 2.403851e-01 -1.499248e-01 1.149337e-01 -6.332117e-02 5.761619e-01 -2.969390e-01 7.619791e-02 8.209029e-02 -2.331739e-01 1.882650e-01 -1.562693e-01 6.844718e-04 1.366410e-01 -2.837736e-01 -1.920702e-01 3.144822e-02 -7.055550e-02 -8.228306e-03 2.715686e-01 -6.051313e-01 -2.114028e-02 -1.692717e-01 -2.971776e-02 1.481872e-01 -2.019447e-01 2.728554e-01 -1.071388e-01 -2.266831e-01 -2.316486e-01 6.999533e-02 3.481374e-01
-2.457420e-01 -1.081166e-01 -2.724832e-01 3.568397e-01 2.016751e-01 -1.549130e-01 6.586773e-02 4.559905e-02 3.805858e-01 5.820798e-02 2.990809e-02 -1.702646e-01 -8.402765e-02 -1.953986e-02 4.116685e-01 -3.720672e-01 2.215783e-01 -2.102625e-01 -1.334994e-01 -9.554541e-02 1.010530e-01 1.223674e-01 2.231581e-01 1.580449e-01 2.605721e-01 -1.914984e-01 7.690708e-02 4.711380e-01 -3.194717e-01 2.055542e-01 1.935379e-01 1.771673e-01
-2.665702e-01 -1.181290e-01 -1.862959e-01 -2.221642e-01 -6.777789e-02 -2.760276e-01 2.385625e-02 -4.626922e-02 1.891349e-01 2.018033e-01 2.681637e-01 4.617205e-01 -1.565134e-01 1.166950e-01 -1.706106e-01 2.035947e-01 1.691785e-01 -2.538388e-01 1.495933e-01 -1.946534e-01 -2.573000e-01 1.290332e-01 -2.383752e-01 6.570899e-02 -1.271669e-01 -2.695281e-01 -1.208697e-01 -9.645946e-02 4.004898e-01 1.645873e-01 1.127945e-01 -3.187251e-01
-6.638734e-02 2.408524e-01 -1.555788e-01 -8.075261e-02 -2.191312e-01 -1.383791e-01 -1.551124e-01 4.790069e-01 -1.545305e-01 -2.888804e-01 3.075787e-01 1.500904e-01 -2.785312e-01 2.445426e-01 -7.161321e-02 -1.803419e-01 -9.762604e-02 2.118740e-02 1.985169e-01 2.900568e-01 1.919825e-01 5.496960e-01 1.128240e-01 4.015300e-02 1.491852e-01 1.743259e-01 -1.948437e-01 2.284776e-02 7.952008e-02 4.058064e-01 3.455336e-01 -9.675714e-02
-6.205439e-02 1.681614e-02 5.995154e-02 -1.501375e-01 -2.829074e-01 -7.313815e-02 4.169869e-01 8.254098e-02 -2.957936e-03 -1.495627e-01 4.809139e-01 -1.561009e-01 -1.704947e-02 -3.834665e-01 2.904691e-01 2.021607e-01 5.949308e-02 1.483255e-01 -1.601174e-01 -7.309332e-02 -3.262307e-01 1.278006e-01 -2.645287e-01 -9.320694e-02 6.474458e-02 7.622637e-02 7.990556e-03 -4.670268e-01 -3.245687e-01 1.826245e-01 4.373191e-01 1.846231e-01
-1.577987e-01 -2.057611e-01 -1.640283e-01 -6.364932e-02 2.388986e-01 3.494767e-02 1.662593e-01 -1.900986e-01 3.655891e-01 2.613096e-01 2.894778e-02 -2.019316e-02 -1.794603e-01 2.146666e-02 5.348361e-01 2.335069e-01 -1.986272e-01 -3.897482e-01 -2.684710e-01 -1.839470e-01 -2.969459e-01 2.683414e-02 1.600069e-01 -4.023813e-02 3.551660e-01 -3.607480e-02 -3.043193e-02 3.203645e-01 2.799687e-01 -4.699342e-02 9.232699e-02 -2.053474e-01
4.732929e-01 -9.394220e-02 2.987446e-02 -2.751666e-01 2.684701e-01 -3.310414e-01 3.934346e-01 2.141036e-01 -4.300745e-02 9.494207e-02 -1.019918e-01 -2.308394e-01 -2.216109e-01 -1.737129e-01 9.514627e-02 -2.075005e-01 2.840420e-01 -1.801397e-01 -4.281926e-01 5.401617e-01 -2.576793e-02 -2.876264e-01 -2.983388e-03 1.279070e-01 -1.799111e-01 -4.283127e-02 -8.480148e-02 2.564527e-02 -5.511795e-02 -1.463615e-01 -8.484341e-02 4.625308e-01
6.786253e-02 1.036912e-01 -2.418487e-01 -3.513117e-01 5.078261e-01 5.812220e-02 4.349228e-02 -1.325351e-02 -8.217478e-02 3.386242e-04 -2.181466e-01 -1.917104e-01 -5.019234e-02 1.264559e-01 3.076045e-01 2.203007e-01 7.389349e-02 -1.180385e-01 -5.746256e-02 5.864376e-01 1.560561e-01 -5.661834e-02 -3.848188e-02 2.674686e-01 2.466911e-02 -9.688729e-02 -3.715642e-01 1.003584e-03 5.235048e-02 -2.240493e-01 2.371657e-01 -1.971375e-02
2.333683e-01 -1.634506e-01 -4.537625e-01 -4.126996e-01 -2.452875e-03 1.958147e-01 -5.268642e-02 5.216169e-01 1.110019e-01 -2.427862e-02 -2.174793e-01 2.461892e-01 -2.394640e-02 -8.115611e-02 6.682339e-02 -2.124647e-01 -2.458418e-01 -1.971809e-01 1.869099e-01 6.709038e-02 -1.931520e-01 6.993583e-02 7.140831e-02 -5.365873e-01 -3.036259e-01 -1.724534e-01 2.632930e-01 2.667609e-01 -1.684857e-01 -1.768092e-01 -8.260756e-02 -1.018198e-01
-2.745720e-01 -1.011658e-01 -2.655192e-01 2.396157e-01 -3.179114e-01 9.792341e-02 1.985785e-02 2.036169e-01 -7.325628e-02 -1.503027e-01 1.845117e-02 1.119401e-01 4.522842e-01 -9.978096e-02 4.609740e-01 2.693230e-02 8.428843e-02 2.657895e-01 -2.790354e-01 -5.943829e-01 5.413416e-02 1.837311e-01 8.717521e-02 -2.851090e-01 2.394318e-01 -1.021564e-01 -2.801956e-01 2.396026e-02 -4.972244e-02 -1.500809e-01 2.470630e-01 -1.243224e-02
-1.920948e-01 5.868423e-02 -2.306424e-02 -2.420233e-01 2.552401e-01 -2.979873e-02 1.522647e-01 -3.750345e-01 4.711702e-01 6.795089e-02 4.187494e-02 1.663997e-01 -1.526129e-01 -4.358328e-02 2.847554e-01 -1.260469e-01 -7.581056e-02 -4.325993e-01 -1.968449e-01 -8.822733e-02 -1.075225e-01 2.367583e-01 4.632367e-02 2.521486e-02 1.966747e-01 -6.124466e-02 4.537648e-01 -3.387245e-02 2.684781e-01 1.154420e-01 -4.756730e-02 3.198870e-01
-9.699209e-03 2.675329e-01 2.179168e-01 5.105873e-01 -8.391650e-02 -6.321503e-03 -9.111161e-03 -1.326737e-01 -2.839619e-01 1.473940e-02 2.624217e-01 -2.635687e-01 3.884721e-01 1.997318e-03 -6.933455e-02 -2.301995e-01 4.418688e-02 1.946194e-01 -2.973655e-01 4.346814e-02 -1.813562e-01 1.737846e-01 9.662796e-02 3.242681e-01 4.590294e-01 3.220264e-01 -1.661165e-01 3.922516e-02 2.061380e-01 4.681153e-02 1.945521e-02 1.905655e-01
6.269308e-01 -1.204600e-01 -1.423709e-01 1.004175e-01 -4.034662e-01 -7.048663e-02 -5.750123e-02 1.108954e-02 -1.573979e-01 1.027160e-02 2.596861e-01 -2.368195e-01 2.867953e-01 -1.072019e-02 -1.547381e-02 2.439484e-02 -2.948241e-02 4.391418e-02 1.101422e-01 8.719029e-02 2.193810e-01 -2.746460e-01 -5.505518e-03 -5.001275e-01 -1.356735e-02 -4.955058e-01 6.455581e-02 3.060327e-01 -1.313660e-02 1.359345e-01 -1.897737e-01 -5.039156e-02
5.667118e-02 -4.633321e-03 -3.116530e-01 -1.822277e-01 1.072734e-01 3.400973e-02 5.471380e-02 -8.939253e-02 -4.285797e-01 -2.281687e-01 3.323138e-01 1.441872e-01 1.990859e-02 4.804381e-02 -3.208512e-01 5.465295e-01 -1.963281e-01 4.057081e-01 9.840487e-02 5.654184e-01 7.140635e-02 2.457748e-01 4.988462e-02 1.798588e-02 1.967306e-02 -3.442771e-02 -2.234774e-02 -5.603493e-01 4.098254e-02 2.482244e-02 1.393780e-02 3.189624e-02
2.911241e-01 -6.430781e-02 8.841310e-02 4.746189e-01 -1.492847e-01 1.993077e-02 -2.458754e-01 -6.789514e-02 -1.478814e-01 -1.248570e-01 -3.703749e-02 2.206957e-02 1.394492e-01 -3.120612e-01 1.759014e-01 4.347477e-01 3.969701e-01 1.703728e-01 -2.360472e-02 -3.285814e-01 -1.140812e-01 2.622953e-01 -5.084985e-03 -6.543978e-02 -6.316344e-02 1.022493e-01 4.759605e-01 3.476454e-02 1.562864e-01 2.680838e-01 -1.012134e-01 -1.708412e-01
7.690915e-02 2.225533e-01 3.002439e-01 -2.564352e-01 -1.168389e-01 2.752279e-01 2.171855e-01 5.468328e-02 1.968570e-01 -1.098625e-01 6.252678e-02 1.972706e-01 4.107276e-01 2.525023e-01 2.307151e-02 3.486402e-01 5.026665e-01 -2.134536e-01 3.133561e-02 -9.560040e-02 3.890486e-01 -1.749270e-03 1.144241e-01 1.314439e-01 8.402165e-03 5.683946e-03 1.906228e-01 -1.657162e-01 1.933247e-01 -8.839449e-02 -4.551516e-01 -2.285200e-01
1.191714e-01 -3.258277e-01 6.605388e-02 -1.125595e-01 -3.793490e-02 -2.816727e-01 4.368090e-01 -2.578962e-01 6.673670e-02 1.478902e-02 -3.858897e-01 4.303587e-01 1.224382e-02 4.633619e-04 -1.209765e-01 9.297498e-02 1.824521e-01 -1.505675e-01 -4.885336e-01 5.467910e-01 2.015934e-02 -3.809799e-01 -3.821486e-02 6.825881e-02 5.587323e-03 -2.085219e-01 -7.828512e-02 3.573181e-02 -1.218780e-01 -1.179715e-01 -9.203923e-02 3.209755e-01
-2.412224e-01 4.239933e-01 -8.829921e-02 2.707175e-01 6.054308e-03 1.305793e-01 -2.661444e-01 1.402286e-01 -1.904123e-01 1.169314e-01 4.858949e-01 -2.967407e-01 -1.503210e-01 -5.277501e-02 5.086173e-02 -8.663931e-02 1.257707e-01 2.227119e-01 -4.732192e-02 -4.841820e-01 -1.377923e-01 2.607821e-01 2.132143e-01 2.214402e-01 -2.852387e-02 3.123308e-01 -1.840146e-02 -7.607830e-02 1.201909e-01 3.208786e-01 1.437003e-01 9.300649e-02
1.179210e-01 7.325809e-02 -2.284684e-01 1.974914e-01 1.346145e-01 1.333203e-01 -1.778922e-01 2.257083e-01 -7.821676e-02 1.643498e-01 -3.956475e-01 -1.144044e-02 -3.191168e-02 4.698765e-01 2.426840e-01 1.361758e-02 1.149386e-01 2.878393e-01 2.505754e-01 1.059139e-02 4.856697e-02 -1.586948e-01 -2.298531e-01 2.174395e-01 3.123030e-01 -4.577853e-02 1.744081e-03 2.051348e-01 -2.080604e-01 5.330761e-01 -1.858682e-01 -2.671321e-01
-1.687601e-01 -1.873909e-02 4.259493e-02 -2.438219e-01 -3.045508e-01 -2.310791e-01 5.003446e-01 2.319300e-01 9.145798e-02 2.243162e-01 2.139235e-01 -2.536257e-01 -1.233757e-01 -4.139993e-02 9.098661e-02 1.603087e-01 -1.628652e-01 3.560702e-02 -2.839678e-01 -4.092174e-01 1.330188e-01 8.868234e-02 1.136159e-01 1.667488e-01 4.649407e-03 -3.417411e-02 7.678420e-02 -1.372744e-01 -7.545143e-02 -1.944712e-01 -4.165845e-01 4.808193e-01
4.377190e-01 -1.186947e-01 -3.329900e-02 -3.785819e-01 2.116076e-02 -1.750692e-01 4.339155e-01 -4.220176e-02 -4.074401e-01 -2.195980e-01 7.043762e-02 -3.927771e-02 3.429689e-02 1.578426e-01 -8.928303e-02 1.577917e-01 5.967323e-02 -4.125760e-01 -1.425298e-01 -2.937048e-01 5.199310e-02 -1.198048e-01 1.306656e-01 5.536590e-01 1.201449e-01 1.693782e-01 1.400895e-01 -2.677198e-01 2.653111e-01 8.023839e-02 -4.647308e-02 -7.768778e-02
3.360748e-02 1.516335e-01 4.912592e-01 1.921036e-01 2.892053e-01 1.547929e-01 1.203828e-01 -3.422309e-02 1.120212e-01 4.631334e-02 -3.608600e-01 1.125285e-02 -2.575141e-01 5.380699e-02 3.705338e-01 -5.374392e-02 2.050842e-02 4.389554e-01 2.276117e-02 1.968174e-01 1.820416e-01 1.479105e-01 3.552605e-01 4.596588e-02 8.371280e-03 3.369562e-01 5.227115e-01 2.313937e-01 -6.522328e-02 4.820185e-02 -2.915367e-02 -8.859943e-02
-2.323026e-01 4.484216e-01 -4.060189e-01 3.350643e-03 -4.296446e-02 -1.355494e-02 1.446864e-01 4.985576e-02 -5.188732e-02 -5.212607e-02 5.342861e-01 -1.460484e-01 -3.001196e-02 -7.124677e-02 1.954942e-01 9.371586e-02 1.425199e-01 1.734334e-01 -1.060756e-01 -5.258546e-01 4.083794e-02 3.863694e-01 2.176091e-01 -1.311941e-01 -4.299488e-02 2.246460e-01 -3.134513e-03 -8.263847e-02 1.199831e-01 2.595856e-01 1.757358e-01 -5.728224e-02
3.546102e-01 -2.285319e-01 1.275935e-01 5.156507e-01 -1.673693e-01 1.166441e-01 -1.196731e-01 -1.525177e-01 -1.706984e-01 -1.765942e-02 1.750787e-01 2.436376e-01 6.717724e-02 -7.498601e-02 -2.707013e-01 1.288780e-02 1.708977e-01 6.462491e-02 7.320594e-02 -4.556985e-01 -1.571055e-02 4.911245e-01 -7.898811e-02 -2.583853e-01 1.713132e-02 -3.812066e-02 2.058539e-01 4.244541e-02 1.729263e-02 3.519566e-01 -2.451303e-01 -1.286644e-01
4.755218e-03 2.339903e-01 3.968116e-02 -3.133899e-02 -2.287452e-01 2.987760e-02 -1.183299e-01 6.824496e-02 -4.225363e-01 -1.144983e-01 3.296722e-01 -5.947638e-02 3.725990e-01 1.698895e-01 -1.072512e-01 4.738423e-01 7.558361e-02 1.216866e-02 1.326473e-01 2.481345e-01 -6.193826e-02 1.308640e-01 -6.003153e-02 6.135221e-02 5.208761e-02 -4.971142e-01 -5.542657e-01 5.733622e-02 3.384585e-01 1.226677e-01 -2.514136e-01 -5.414249e-02
-1.816224e-01 -2.450240e-01 -2.931101e-01 8.384582e-02 5.055856e-01 2.467073e-02 7.635495e-02 -1.190791e-01 6.113940e-02 1.687810e-01 -4.462597e-01 2.504609e-02 1.463571e-01 -1.965732e-01 7.196099e-02 2.724148e-01 7.187294e-02 -1.701800e-01 -2.495916e-01 -3.610936e-01 -1.422114e-01 -6.016634e-01 4.424343e-02 -1.252633e-01 -1.145028e-01 -1.641877e-01 2.740964e-01 1.847148e-02 -4.364455e-02 -3.336978e-01 -1.360708e-01 -1.963826e-01
7.740388e-02 -1.781222e-02 4.901202e-01 -3.672184e-01 -1.861438e-01 -3.179887e-02 2.507603e-01 8.319534e-02 -3.656703e-01 2.659895e-01 -6.159896e-02 4.489557e-02 4.726997e-03 -7.232141e-02 -7.513790e-02 -3.060307e-01 -1.551877e-02 5.094755e-02 3.358419e-02 -4.081443e-01 3.462565e-01 -1.867127e-01 1.435959e-01 -9.721121e-02 -5.754076e-01 1.418883e-01 -1.095917e-01 1.753759e-01 2.098177e-01 -1.825915e-01 -1.152848e-01 2.343759e-02
-1.035867e-03 4.857866e-02 2.591007e-01 -1.683090e-01 -2.029348e-03 -2.181458e-01 2.024343e-01 -1.239118e-01 -9.308089e-02 -1.853734e-01 6.348026e-01 -1.664526e-01 -1.471816e-02 -2.998817e-01 -5.187416e-02 -2.090676e-01 -1.750305e-01 -3.290026e-01 -3.384080e-01 -2.065300e-02 -1.383061e-01 1.637335e-01 2.487838e-01 -1.742181e-01 -2.723798e-01 -8.372448e-03 -3.184223e-02 -1.042548e-01 2.801096e-01 -4.542963e-01 8.989963e-02 3.629325e-01
2.627503e-01 -6.285326e-03 1.754061e-01 -8.937967e-02 1.147222e-01 -8.558616e-02 -3.189061e-01 4.551934e-01 2.907820e-02 -1.471177e-01 -6.998147e-02 1.589747e-01 -1.339737e-01 -7.661371e-02 3.545450e-01 -2.314828e-01 -3.935855e-02 1.207735e-01 9.191712e-02 3.806239e-01 8.980784e-02 2.668330e-01 -7.899112e-02 -1.857971e-01 -7.335407e-02 1.957091e-01 7.307927e-02 4.393103e-01 9.031916e-02 5.315926e-01 6.707702e-04 1.320559e-01
1.862324e-01 3.009477e-01 1.066305e-01 6.751953e-02 -2.237379e-01 3.763138e-01 -1.855467e-01 -1.429928e-01 4.207566e-02 3.613670e-02 2.098893e-01 -3.604886e-01 4.361194e-01 -2.373018e-01 -3.033127e-01 -1.246836e-01 -3.086575e-02 5.006192e-02 -1.364836e-01 -7.055592e-03 5.408726e-01 1.012934e-01 -1.134171e-01 1.216700e-02 4.787975e-01 -3.975068e-02 -3.692555e-01 2.247379e-01 2.243590e-01 -1.826848e-02 -3.293600e-01 7.076515e-02
-5.372623e-02 1.137269e-01 -2.555722e-01 -9.695130e-02 3.933728e-01 2.284434e-01 1.130842e-02 1.240535e-01 -2.153908e-01 -3.463477e-01 4.064434e-01 -1.574428e-01 -2.508485e-02 1.249682e-01 5.793275e-02 4.399707e-01 -9.151515e-02 -2.932129e-03 -2.320140e-01 -1.359858e-02 -2.180397e-01 6.584728e-03 1.235820e-01 -5.193593e-02 -7.369841e-02 3.678634e-01 1.636590e-01 -1.850941e-01 7.109627e-01 1.878481e-02 1.237565e-01 -7.189946e-02
-3.222478e-01 -2.761876e-01 -2.984818e-01 1.661000e-01 4.628540e-01 -5.373346e-02 5.592734e-02 -9.668231e-02 1.710825e-01 -1.711208e-01 2.288793e-01 -2.602317e-01 1.292712e-01 -1.462936e-01 3.708010e-01 1.993885e-02 -4.333936e-01 -2.158227e-01 -1.145405e-01 3.781254e-01 2.304189e-01 5.921207e-02 3.258901e-01 -7.179193e-04 1.452618e-01 -4.753002e-02 1.031952e-01 -1.182604e-01 4.194313e-01 -3.203267e-01 -3.349749e-02 5.054507e-02
1.540243e-02 -1.248910e-01 4.252461e-02 1.991999e-01 5.117633e-02 4.978245e-01 3.089796e-01 -2.702239e-01 8.009682e-02 -2.553422e-01 -3.824313e-01 9.698724e-02 -9.231035e-03 1.706622e-01 -1.366041e-01 3.815902e-01 3.172884e-01 -7.366447e-02 -3.416082e-01 -3.483677e-02 -1.261388e-02 -3.002701e-01 3.837430e-02 -1.058406e-02 -2.248517e-01 -2.800926e-02 8.276539e-02 -1.605963e-04 -1.368150e-01 -1.834059e-01 -7.428338e-01 1.661431e-02
2.802976e-01 3.167941e-01 1.735983e-01 -2.013834e-01 5.804943e-02 -1.728310e-01 3.147362e-01 -3.912548e-01 -1.635962e-02 -1.069874e-01 6.975491e-02 -2.775582e-01 -5.560962e-02 2.383189e-01 -7.988600e-02 1.635571e-01 -2.689257e-01 2.418373e-01 8.773446e-02 -3.592310e-01 -2.185803e-02 1.973859e-01 -4.529715e-02 -3.962038e-01 -2.732175e-01 1.174847e-01 8.035908e-02 -1.039071e-01 4.072970e-01 -1.114739e-01 -4.638937e-03 -1.188342e-01
-1.368239e-01 -1.935387e-01 -2.118387e-01 1.061715e-03 2.336721e-01 -4.388367e-02 8.167618e-02 -4.001496e-02 3.700423e-01 -2.840685e-01 9.152062e-02 3.462863e-01 4.514173e-02 2.215842e-01 4.398963e-01 3.522228e-01 -4.395615e-02 -1.091490e-01 3.536846e-02 2.581682e-01 -4.354942e-01 4.815468e-02 4.695830e-02 1.550373e-01 7.041509e-01 -6.281424e-02 6.539269e-02 -1.294012e-01 -1.283966e-01 2.837278e-01 3.714276e-02 -7.047455e-02
-1.640041e-01 8.824141e-02 2.219543e-02 -9.757981e-02 1.544940e-01 -3.208614e-01 1.531546e-01 -3.133911e-01 6.936504e-01 -1.429016e-02 -3.686802e-02 -8.269043e-02 -1.377759e-01 -1.876520e-01 2.419281e-01 -1.388617e-02 -1.300329e-01 -3.448351e-01 -3.478490e-01 -1.674001e-01 -7.298206e-02 -3.092186e-02 6.904002e-02 3.687237e-02 5.906081e-01 -7.351666e-02 2.584165e-01 2.253388e-02 1.708859e-01 1.685278e-01 -3.135817e-02 2.998483e-01
1.860451e-01 2.276713e-02 4.808153e-01 -3.187639e-01 -2.876421e-01 -5.501959e-02 7.696857e-02 -1.941850e-01 1.832229e-02 3.885817e-01 -4.011991e-01 2.321334e-01 -2.887110e-02 -8.441453e-02 -1.254764e-01 -1.346400e-01 1.626784e-01 1.039006e-01 -1.059607e-01 -4.997787e-01 -5.137139e-02 2.205438e-01 -3.800809e-01 1.623034e-01 9.555504e-02 -3.735743e-02 -1.145822e-01 9.544152e-02 -3.612757e-01 -4.358276e-02 -3.520285e-01 2.134290e-01
9.420560e-02 1.138364e-01 2.434674e-02 -1.904221e-01 -2.888904e-01 -1.164436e-01 7.867023e-02 -1.140723e-01 5.290133e-02 -1.172415e-01 7.156001e-01 5.531283e-02 -7.236974e-02 3.824935e-02 -7.467195e-02 -3.550384e-01 -9.450125e-02 -3.053337e-01 -2.581570e-01 5.048227e-03 -2.628207e-01 2.477776e-01 2.150062e-01 -1.231734e-01 -2.041186e-01 -6.356165e-02 -2.732282e-02 -1.997124e-01 2.837802e-01 -3.556328e-01 8.999800e-02 4.950168e-01
3.817910e-01 -1.868109e-01 3.686217e-01 4.083776e-01 -1.643275e-01 1.724312e-01 -1.324864e-01 -1.964063e-01 -1.267994e-01 -1.716067e-01 1.523595e-01 2.998143e-01 1.172982e-01 -7.924473e-02 -1.952411e-01 1.564010e-01 6.870817e-02 1.456542e-01 -1.591227e-02 -4.621384e-01 -2.179054e-02 3.619586e-01 -1.782426e-01 -2.649732e-01 2.886407e-02 1.052960e-01 2.901348e-01 6.146246e-02 -4.411284e-02 3.595128e-01 -2.804768e-01 -2.881140e-01
4.505464e-01 -2.250386e-01 3.876623e-01 -3.160530e-01 -1.689354e-02 2.234582e-01 4.174807e-01 3.538945e-02 4.589882e-03 -1.640579e-01 2.248693e-01 2.280432e-02 8.660357e-02 3.290649e-01 5.710291e-02 1.325551e-01 -3.903594e-02 -6.463792e-02 -2.520301e-01 2.907705e-02 6.039768e-01 1.164838e-01 -3.005711e-01 5.409526e-02 3.692430e-01 -9.180694e-02 -2.559556e-01 2.026115e-01 3.018607e-01 -1.085279e-01 -2.884790e-01 -7.776511e-03
8.160969e-02 5.821918e-01 2.229559e-01 -6.096677e-02 -4.107206e-01 -4.105443e-02 -1.212859e-01 -6.369609e-02 1.021670e-01 -1.301869e-01 -1.724025e-01 -1.748410e-01 -2.399844e-01 3.322006e-02 7.773885e-02 1.409285e-01 8.191566e-02 1.271639e-01 9.043310e-02 -1.117504e-01 3.489143e-01 -3.260245e-01 2.205259e-01 2.386997e-01 -5.155643e-03 -1.248901e-01 -1.127868e-01 9.554762e-02 -1.699333e-02 -1.083166e-01 -2.148692e-01 -6.230090e-01
3.556112e-02 -6.382100e-03 -2.998843e-01 9.247291e-02 -2.919983e-01 -2.760864e-01 1.538685e-01 2.252145e-01 -4.239635e-01 2.976229e-01 -1.009036e-01 7.930389e-02 -1.532837e-01 4.417040e-02 4.741781e-01 -2.162209e-01 -1.079361e-02 -7.385213e-02 -9.515302e-02 -1.323296e-01 5.449614e-02 6.159569e-02 -1.572421e-01 2.552979e-01 -1.404047e-01 -4.141815e-01 -4.118442e-01 4.093454e-01 3.371119e-01 3.427686e-01 -1.274309e-01 6.495708e-02
-1.347591e-01 -2.302692e-01 -2.459902e-01 -3.931074e-02 -7.356351e-03 -2.399493e-02 1.695318e-01 -3.864561e-02 -2.436749e-01 4.031368e-02 -1.680187e-01 4.691669e-01 -6.527421e-02 3.186399e-01 4.206137e-01 3.182390e-01 -2.530621e-01 4.296322e-03 3.320218e-01 2.044224e-02 -3.981482e-01 6.289242e-02 -3.998713e-02 -9.073478e-02 -4.959720e-01 6.125182e-02 2.384683e-01 -6.930195e-02 1.078869e-01 -7.345004e-02 4.161518e-01 -1.406856e-01
-1.779498e-01 1.272289e-01 4.702684e-01 7.092333e-02 1.920749e-01 -1.672712e-01 1.576864e-01 -2.828481e-02 4.587931e-01 2.306782e-01 -8.483955e-02 1.363128e-01 -1.149448e-01 -4.249719e-01 -5.575949e-02 -5.949484e-02 1.405250e-02 4.711676e-02 -3.483174e-02 -5.095263e-01 -1.718792e-01 9.369157e-02 -3.121651e-01 -1.996786e-01 1.480005e-01 4.741492e-02 -2.322123e-01 4.049470e-01 -1.609838e-01 6.098201e-02 5.193773e-02 1.950616e-01
4.381360e-01 1.269663e-01 -2.267874e-02 -8.702721e-03 -8.640235e-02 -1.445401e-01 2.395802e-01 2.640414e-01 -2.995940e-01 1.678507e-01 3.469598e-01 -2.637721e-01 -6.193152e-02 -5.590438e-02 3.870850e-01 -1.384736e-01 -2.647709e-01 -3.809321e-01 -1.085411e-01 2.094292e-01 -3.614896e-01 2.016970e-01 1.947102e-01 -3.419942e-01 5.305075e-03 -6.727151e-03 -1.575637e-01 1.705582e-01 2.612419e-01 -2.720612e-01 1.115138e-01 2.966343e-01
3.827354e-01 3.159916e-01 3.284606e-01 -4.416133e-02 3.782848e-01 -1.428801e-01 -3.087399e-01 1.855130e-01 3.510992e-02 -1.924572e-01 1.438987e-01 2.639360e-01 8.105704e-02 -2.189184e-02 3.933783e-02 -3.525614e-01 -6.835706e-02 -1.483226e-01 2.840810e-01 2.343885e-01 1.765083e-01 4.300361e-01 -3.048606e-01 1.397525e-01 -6.408650e-02 3.048715e-01 -8.903732e-02 2.128149e-01 1.910472e-01 3.651025e-01 -5.764282e-02 5.057469e-03
-1.310011e-01 4.610945e-02 3.130684e-01 3.629706e-01 2.092116e-01 -1.366103e-01 -3.636926e-03 6.258764e-03 4.068221e-01 3.536650e-01 -1.005832e-01 3.347389e-02 1.108709e-01 -2.687056e-01 1.776960e-02 -1.270589e-01 -1.146721e-01 -7.583542e-02 1.649699e-01 -6.023164e-02 -3.731087e-03 -6.317528e-03 -1.897638e-02 -1.728665e-01 -1.136610e-01 -5.267541e-01 -2.169000e-03 -1.783308e-01 -8.335178e-02 -2.045024e-01 4.559406e-01 -3.847697e-02
5.391710e-01 4.236854e-02 1.406921e-01 2.314703e-01 9.704737e-02 4.506809e-01 -4.282687e-01 -9.997487e-02 9.473909e-02 -3.782091e-02 -6.428595e-02 9.649345e-02 1.051455e-01 -8.585233e-02 2.438138e-02 -1.110083e-01 -1.301887e-01 -2.510830e-03 3.037718e-01 4.006106e-01 -2.105480e-01 5.419479e-02 -1.679161e-01 -3.315159e-03 2.471874e-01 7.571311e-02 1.136805e-01 1.215961e-01 2.635124e-01 1.271601e-01 4.347484e-01 -3.930007e-01
7.639843e-02 -1.753617e-01 9.756553e-02 4.228210e-01 1.000101e-01 -2.799530e-01 -5.244653e-02 1.203258e-01 1.349366e-01 -1.702138e-01 4.178534e-01 -2.057872e-01 -1.050058e-01 1.393594e-01 1.526371e-02 1.430057e-01 -3.374189e-01 -3.934632e-02 8.675901e-02 2.475109e-01 -4.037381e-01 -3.233162e-01 -5.280524e-02 1.485991e-01 1.789256e-01 2.168941e-01 9.882077e-02 9.358641e-02 1.440503e-01 9.925765e-02 8.907911e-02 6.917631e-02
4.326810e-01 1.289307e-01 -2.381372e-01 3.276626e-01 -1.073766e-01 2.501583e-01 -2.809980e-01 5.055531e-02 1.993057e-01 -2.870544e-02 1.401046e-01 2.676282e-01 6.883366e-02 2.963852e-02 -3.662085e-01 2.454196e-01 7.799798e-02 7.337894e-03 1.926197e-01 -3.889530e-02 4.448448e-02 -9.024555e-02 3.561461e-01 -1.169102e-01 -6.322287e-01 2.350578e-01 1.862227e-01 -2.911538e-01 1.561962e-01 2.050555e-01 -9.576613e-02 3.755440e-03
2.375925e-03 -2.637073e-01 -2.285989e-01 2.153310e-01 9.404636e-02 7.501567e-02 -2.738094e-01 -2.181582e-01 -1.277193e-01 -1.460340e-01 4.409269e-02 1.506804e-01 2.708509e-01 5.226644e-01 -1.095203e-02 1.589824e-01 4.076386e-02 2.047079e-01 1.986338e-02 7.043594e-01 5.220416e-02 1.121346e-01 3.048150e-02 -2.301577e-04 3.864725e-01 -5.760415e-02 -4.114611e-02 -3.473250e-01 1.175829e-01 -7.853572e-02 1.045878e-01 -1.871038e-02
5.691672e-02 8.289746e-02 3.818689e-01 -1.924011e-01 -1.527967e-01 -9.076459e-03 1.177404e-01 1.361745e-01 -3.823160e-01 -1.209454e-01 -1.517021e-01 1.854162e-01 -2.002648e-01 -2.712874e-01 4.406535e-01 -5.738320e-02 3.358759e-02 1.798068e-03 -5.158646e-02 8.034296e-02 5.768045e-02 -1.871074e-01 -9.096785e-02 5.243614e-01 1.997160e-02 -1.324397e-01 -2.966596e-01 5.760274e-01 1.673185e-01 1.342153e-01 1.374966e-01 -6.317697e-02
-2.251865e-01 4.695477e-01 -1.704983e-01 3.401176e-01 -4.071284e-02 1.947529e-01 -3.655436e-01 1.259961e-01 5.119513e-02 3.785704e-02 3.980536e-01 -2.728713e-01 -2.899079e-01 2.709357e-02 4.025981e-02 7.294826e-03 -2.591954e-01 2.054168e-01 4.403321e-01 -5.485404e-01 3.617477e-02 4.246705e-01 6.154853e-03 -6.071078e-02 -4.656430e-02 1.475482e-01 8.247066e-02 -1.018324e-01 1.363659e-01 1.750875e-01 2.925710e-02 -2.864361e-01
-2.682122e-01 1.552176e-01 -2.932063e-01 -3.639241e-01 -1.511395e-02 -1.479287e-01 3.660469e-01 4.259745e-02 -1.314755e-02 3.661524e-01 -8.990106e-02 -1.632330e-01 -1.486261e-01 -7.319182e-02 2.003829e-01 -1.536143e-01 3.368733e-02 -9.658973e-02 -1.290912e-01 3.357523e-01 -2.509108e-02 -3.856418e-01 1.896879e-01 2.527002e-01 1.278900e-02 -1.818279e-01 -3.445865e-01 1.201205e-01 -1.829323e-02 -3.910013e-01 2.481024e-01 1.134533e-01
1.564936e-01 2.230274e-02 5.415630e-01 1.130613e-01 -9.517881e-02 1.253151e-01 1.055355e-01 7.926087e-02 2.105479e-01 3.985604e-02 -1.345776e-01 1.780303e-02 -4.530493e-01 1.205287e-01 -7.761727e-02 -1.413639e-01 7.268244e-02 2.632187e-01 1.461644e-01 9.328879e-02 8.299646e-02 1.894952e-01 6.484801e-02 -1.978611e-02 1.947039e-02 2.915528e-01 7.393715e-01 1.364026e-01 -1.339486e-01 -6.186460e-02 6.251859e-02 -1.876060e-02
4.894318e-02 -3.361415e-01 -3.369936e-01 8.747271e-02 5.622862e-01 -5.230184e-02 -1.350430e-01 -4.796913e-02 -2.486031e-01 8.823615e-03 1.505097e-01 3.049403e-01 1.444024e-01 3.324485e-02 -7.776606e-02 -1.442566e-01 -5.276918e-02 -1.850994e-01 -1.159230e-01 1.099332e-01 -7.838839e-02 1.503447e-01 2.817607e-02 -1.134993e-01 -5.873259e-02 1.715368e-01 2.345652e-01 2.364677e-01 -3.201749e-02 2.348648e-01 9.372134e-02 6.815692e-01
6.890327e-02 2.732888e-01 4.479542e-01 -3.146729e-01 -8.583978e-02 -2.560186e-01 -1.296173e-01 -1.051193e-01 -3.142942e-01 -1.723917e-01 4.379706e-01 -2.316615e-01 4.920619e-03 -1.960053e-01 -7.211293e-02 -2.797499e-02 -6.309760e-02 2.021886e-01 3.858341e-01 3.415448e-01 2.694855e-01 4.885234e-01 -9.388021e-02 -8.080906e-02 2.214245e-02 9.744906e-02 -4.019782e-01 5.402764e-02 8.739564e-02 2.957749e-01 9.921580e-02 1.066209e-01
-1.783162e-01 -2.245833e-01 -1.433131e-01 -1.716471e-01 1.324112e-01 3.967115e-01 -3.357738e-02 2.492406e-01 1.870280e-01 3.115558e-01 -1.252867e-01 3.271064e-01 1.941887e-01 -9.972564e-03 -1.058476e-01 3.117282e-01 3.354553e-02 -2.391941e-01 -1.514780e-01 3.053118e-03 -7.626983e-02 1.932122e-01 -1.397233e-01 -1.618864e-01 -1.718360e-02 -2.920436e-02 -7.303273e-02 2.779827e-01 -8.446512e-02 4.812002e-01 4.936260e-01 3.238430e-01
5.111340e-02 2.573333e-02 3.282122e-03 -1.017872e-01 -4.497299e-03 -2.735001e-01 2.638288e-01 -6.891504e-02 -1.756203e-01 -2.145226e-01 6.436580e-01 -1.182932e-01 3.103249e-03 -1.125454e-01 -1.543613e-02 -3.912560e-01 -7.065015e-02 -3.690090e-01 -3.319671e-01 -6.055452e-03 -1.532247e-01 1.367000e-01 3.813000e-01 -1.701954e-01 -1.924514e-01 -1.669382e-01 -1.321649e-01 -2.733304e-01 2.882982e-01 -2.610533e-01 1.012739e-01 3.197404e-01
-2.410256e-01 -3.875393e-01 -1.736110e-02 1.897739e-02 1.096314e-01 -2.838537e-01 4.700424e-01 4.824558e-02 -1.300317e-02 5.205516e-02 -8.516814e-02 -3.003684e-01 4.133638e-01 -1.587739e-01 -1.669125e-02 2.090077e-01 1.043406e-01 3.136599e-01 -4.569917e-01 6.334281e-02 8.676931e-02 1.900897e-01 -3.417368e-03 7.832582e-02 2.813957e-02 1.762472e-01 5.373671e-02 -1.057979e-01 -2.701204e-01 -5.354148e-01 -1.754773e-01 7.467826e-02
3.657235e-01 -1.073217e-01 5.063183e-01 2.909690e-01 1.141337e-02 2.175252e-01 -3.218681e-01 -7.418843e-02 -4.083499e-03 -2.922632e-01 6.784809e-02 1.755866e-01 1.864972e-01 1.037411e-01 -1.101446e-01 2.462942e-01 -5.517947e-02 2.629509e-01 7.036041e-02 -3.637758e-01 -2.919473e-03 1.775458e-01 -1.864663e-01 -3.182398e-01 -1.754163e-02 3.203403e-01 4.226044e-01 -1.135360e-01 2.437305e-03 2.482809e-01 -2.318681e-01 -2.809066e-01
-1.802632e-02 3.333883e-01 4.742991e-01 -2.160254e-01 -1.542436e-01 1.098568e-01 2.555893e-01 1.336476e-01 2.963285e-01 1.248424e-01 -3.360978e-01 1.345271e-01 -2.975900e-01 -8.089703e-02 -1.856370e-01 -5.422840e-02 3.670813e-01 2.521956e-01 -2.013149e-01 -4.360982e-01 -3.556525e-01 -7.260926e-04 -2.421487e-01 6.723832e-02 -6.503126e-02 1.635033e-01 8.070393e-02 3.755505e-01 -8.094683e-02 -3.720733e-02 -2.169806e-01 1.882339e-01
-5.836175e-02 2.441399e-01 -1.173114e-01 -1.588660e-01 4.693046e-01 2.779786e-01 -8.376331e-02 -9.145964e-02 -1.819577e-02 3.271186e-02 -1.857594e-01 -2.054052e-01 -1.273248e-01 -2.968988e-01 2.256827e-01 5.554296e-02 -5.472568e-02 -1.777555e-01 -1.193137e-01 1.957849e-01 5.225034e-01 6.057909e-02 -1.369545e-01 2.175232e-01 -7.209291e-02 -1.089272e-01 -1.116596e-01 3.338291e-01 2.320383e-01 -9.152509e-02 1.045210e-01 -1.205989e-01
2.826782e-01 3.005616e-02 1.600952e-01 2.049460e-01 -1.300895e-01 -3.377005e-01 2.570394e-01 1.752393e-01 -1.071432e-01 2.533396e-01 4.809584e-01 8.769193e-02 2.660091e-01 -3.810269e-02 2.507151e-01 -3.172494e-02 -5.297228e-01 9.138670e-02 6.036736e-02 3.671849e-01 -1.446587e-01 -2.565681e-01 -1.471111e-01 -4.932082e-02 -1.986055e-01 2.307351e-01 -5.856282e-02 1.277207e-01 -1.130843e-01 -1.590903e-02 3.622663e-01 -2.521631e-01
2.317618e-01 1.212016e-01 -2.274026e-01 -3.096243e-01 1.407867e-01 -2.423445e-01 1.874980e-01 7.217133e-02 1.945548e-01 5.331478e-01 2.806518e-01 1.461360e-01 8.193003e-02 -2.378945e-02 2.246621e-01 -3.960682e-01 -1.198654e-01 -1.067469e-01 -2.220729e-02 3.099329e-02 -6.231051e-02 -7.252798e-02 -1.563735e-01 1.239862e-01 -4.038877e-02 9.390032e-02 -3.082372e-01 3.337518e-01 -1.345292e-01 -3.434283e-01 7.261437e-01 -1.331450e-01
-3.403898e-01 -9.320652e-02 5.295388e-03 8.694026e-02 -6.123612e-02 -3.771295e-01 3.436459e-01 3.163193e-02 -2.887113e-01 5.735752e-02 -1.575337e-01 -2.117467e-02 4.848215e-02 -2.531272e-01 1.813760e-01 4.788055e-01 4.473148e-02 5.940961e-01 -2.873800e-01 -2.862427e-01 -3.992151e-02 2.707485e-01 4.745685e-02 1.366449e-01 7.180906e-03 1.161446e-01 2.014352e-01 2.584874e-02 -5.243254e-02 -6.730162e-02 7.128956e-02 1.609810e-01
-2.426477e-02 1.779321e-01 -1.743214e-01 -3.025916e-01 4.954708e-01 9.328853e-02 1.136293e-01 8.164450e-02 -1.924266e-01 -3.271679e-01 2.136933e-01 -1.882106e-01 3.919046e-03 2.971150e-03 1.916303e-01 4.220192e-01 -2.009416e-01 4.138525e-02 -3.047735e-01 -1.977197e-01 -1.444818e-01 3.146363e-01 -1.100603e-03 -5.836329e-02 1.393281e-01 2.070006e-01 1.484569e-01 -8.806601e-02 6.825941e-01 -5.375193e-02 -1.059151e-01 1.439211e-01
-8.366578e-02 -2.451573e-01 -2.448622e-01 7.510035e-02 2.105143e-01 1.013012e-01 6.277905e-02 1.853068e-02 -5.365995e-02 -6.428657e-02 9.523623e-03 2.562234e-01 -6.855573e-02 3.488183e-01 5.269766e-01 2.693146e-01 -9.657637e-02 -1.489642e-01 2.647598e-01 2.710111e-01 -2.130476e-01 -6.048942e-02 7.029486e-02 9.135558e-02 -9.216825e-02 -2.088123e-01 8.329434e-02 1.486653e-01 -2.463851e-01 -1.202088e-01 4.033116e-01 -1.537661e-02
-4.390104e-01 1.710421e-02 1.443092e-01 -1.498985e-01 4.478867e-01 1.573718e-01 2.109442e-01 -6.881867e-02 3.560976e-02 -1.182256e-01 -2.615494e-01 3.645662e-01 -3.104417e-01 5.871961e-02 2.660396e-02 1.177158e-02 8.557972e-03 -3.539833e-03 -1.983797e-01 -1.699352e-01 -9.183419e-02 4.555388e-01 1.814124e-01 3.964882e-01 -8.862433e-02 1.776199e-01 -5.484683e-02 -2.650759e-01 6.318225e-02 -4.012674e-01 1.617171e-01 -2.435043e-01
-2.342171e-01 1.286882e-01 -8.532465e-02 3.715055e-01 -6.952153e-02 -2.021098e-01 2.043975e-01 -1.554649e-01 1.284205e-01 9.043084e-02 -2.224598e-01 4.522307e-01 -3.959327e-01 -2.099230e-01 -2.513422e-01 7.619040e-02 1.641861e-01 -1.338635e-01 -4.011562e-01 5.417578e-01 3.315036e-02 -7.975402e-02 -5.044855e-02 1.382156e-01 5.923141e-02 -2.275319e-01 -4.414216e-02 -3.657008e-02 -1.152493e-01 -2.612907e-01 -3.100807e-01 4.438480e-01
-3.384604e-01 -7.751810e-02 -2.991321e-01 3.051275e-01 1.203622e-01 -9.983613e-02 -1.381620e-01 4.901180e-02 1.218897e-01 -1.919610e-01 5.179117e-01 -3.316983e-01 7.282007e-02 -2.412066e-01 1.968052e-01 4.510111e-02 -2.663098e-01 -2.668323e-01 2.072783e-01 5.018160e-01 2.489542e-01 -1.582156e-01 4.441114e-01 -7.113393e-02 -1.544149e-01 1.314648e-02 4.507471e-02 1.257234e-01 1.265215e-01 5.330515e-02 2.216091e-01 -1.313637e-01
3.968458e-01 1.663022e-02 -1.070742e-02 6.046596e-02 -1.585561e-02 5.118006e-01 -2.087759e-01 4.049996e-04 4.807270e-02 1.669283e-01 -4.311903e-02 2.768337e-01 1.814270e-01 -3.793096e-01 1.695037e-01 2.542877e-02 -2.436689e-01 2.427150e-01 2.191785e-01 1.950658e-01 5.081858e-02 -5.781668e-02 -1.035460e-01 2.089852e-01 3.777736e-01 2.059263e-01 -1.273360e-02 5.059863e-02 3.824283e-01 -1.829047e-01 2.194748e-01 -2.807710e-01
2.825580e-01 -8.220438e-02 -2.586778e-01 3.982862e-01 2.009957e-01 2.625043e-01 -2.556910e-01 -1.581636e-01 1.270816e-02 2.672082e-01 -1.125141e-01 -5.545744e-02 -1.268440e-01 1.530827e-01 3.994254e-01 -3.264353e-02 -4.746244e-02 -2.785053e-02 6.203163e-01 3.853668e-01 -3.685676e-02 -3.966086e-02 -8.255904e-03 -1.401670e-01 2.109268e-01 -1.095446e-02 8.466540e-02 2.684542e-01 1.812097e-01 4.778564e-02 2.245462e-01 -2.739067e-01
5.308334e-01 3.018362e-02 4.320264e-01 2.072282e-01 1.226428e-01 -6.899568e-03 -3.317326e-01 -6.467566e-02 -1.537950e-01 -2.573689e-01 9.440132e-02 2.891487e-01 8.485854e-02 -2.072704e-02 3.874602e-03 2.479139e-02 2.734781e-01 7.341023e-02 2.577216e-02 -3.424066e-01 2.196615e-02 2.255257e-01 -2.559813e-01 -2.082792e-01 2.391423e-02 6.651558e-02 1.672927e-01 2.301086e-01 -9.119509e-02 4.345019e-01 -2.509286e-01 -3.459678e-01
2.884009e-01 2.333774e-01 -2.761949e-01 2.503516e-01 1.454838e-01 -6.525197e-02 -1.839119e-01 -1.710965e-02 9.258673e-02 6.148003e-01 -1.543270e-01 -2.525161e-01 -1.297500e-01 3.051240e-02 1.208399e-01 -1.355799e-01 -2.357752e-02 -1.366986e-01 -2.593420e-01 1.765511e-02 -5.265980e-01 -4.409729e-01 -1.216147e-01 -1.508550e-01 -3.787325e-02 9.388570e-02 1.031123e-04 -2.093357e-01 -3.282073e-01 -3.377327e-01 -1.612999e-01 -5.497613e-02
-1.132381e-01 -2.375972e-01 -2.524992e-01 4.152775e-02 4.011892e-01 -1.962814e-01 1.982282e-01 1.186161e-01 1.283382e-01 -7.396904e-03 1.359744e-02 1.716418e-01 -1.973484e-01 4.081323e-01 4.345740e-01 2.476814e-01 -1.115311e-01 -8.678664e-02 4.309935e-02 2.444298e-01 -5.611262e-01 3.196514e-02 9.412991e-02 1.106012e-01 6.202245e-01 -1.903262e-01 7.374194e-02 8.840123e-02 4.613434e-02 2.169453e-01 -5.699571e-02 -6.217165e-02
-1.656579e-02 -4.091715e-03 -2.496226e-02 -1.608278e-01 1.503425e-01 -9.826048e-02 8.755895e-02 -1.897203e-01 -2.474637e-01 -1.616955e-01 5.396823e-01 -3.323157e-01 1.140337e-01 -3.590475e-01 9.905118e-02 -1.676431e-01 -1.024950e-01 -4.214703e-01 -2.637603e-01 3.577615e-02 -1.384780e-01 1.598649e-01 3.582034e-01 -1.885252e-01 -1.242105e-01 2.014088e-02 -1.122389e-01 -1.671805e-01 1.431798e-01 -4.546387e-01 3.196611e-01 2.052871e-01
5.576114e-02 -3.580517e-02 3.205466e-01 1.633436e-01 -1.092204e-01 -8.374888e-02 -1.061760e-01 8.515762e-02 -1.546099e-01 -3.678664e-01 3.017396e-01 2.834885e-01 1.453929e-02 3.494121e-01 -5.138850e-02 -3.264702e-01 -3.700796e-02 9.339993e-02 1.446861e-01 -4.535770e-01 -1.409726e-02 1.183470e-02 -1.219811e-01 -3.353193e-01 -5.652773e-02 1.034776e-01 9.853817e-02 3.221956e-01 -2.490472e-02 4.988163e-01 -1.534611e-01 9.931014e-02
-2.554676e-01 -1.286722e-02 -1.052297e-01 -2.417860e-01 -2.036624e-01 -1.828188e-01 1.540694e-01 -8.183891e-02 1.597378e-01 -1.590901e-01 5.224265e-01 3.259131e-01 -6.724314e-02 -9.883101e-03 -2.626621e-01 -3.013420e-01 -7.318714e-02 -2.518740e-01 -2.536047e-01 -2.406986e-02 -1.364099e-03 2.184483e-01 1.379432e-01 -4.485761e-02 -3.391186e-01 -1.297987e-01 -1.023068e-01 -5.237926e-01 2.577048e-01 -2.219920e-01 7.004000e-02 3.663467e-01
5.199861e-03 -2.022848e-01 -1.727798e-01 2.851211e-02 3.470390e-01 -2.779158e-01 -2.620382e-01 -9.529915e-02 -9.858152e-02 4.992389e-01 -3.575985e-01 1.371633e-01 -7.582657e-03 2.423395e-01 -1.948536e-01 -1.095046e-01 -9.307270e-02 -1.118964e-02 4.346207e-02 -1.505608e-01 2.790613e-01 -8.501232e-02 2.141718e-01 2.611182e-01 -8.529911e-02 1.021079e-01 1.020515e-01 4.140471e-01 3.297778e-01 -4.296240e-01 -3.192545e-01 -3.343164e-01
3.455933e-03 -9.628448e-02 -2.936587e-01 1.134031e-01 2.773767e-01 -2.774978e-01 -5.223268e-02 8.164515e-02 2.303010e-01 1.436858e-01 1.995450e-01 3.082996e-02 -1.797227e-02 3.753915e-01 4.901861e-01 2.665925e-01 -6.825726e-03 -5.785299e-02 3.193025e-01 3.966679e-02 -2.007475e-01 -1.214437e-01 2.881074e-01 1.393317e-01 -4.035460e-01 -5.609242e-02 4.255864e-01 -3.212447e-01 1.367832e-01 1.812565e-01 1.987034e-01 -1.118848e-01
-8.746554e-02 4.118634e-01 1.207519e-01 4.363506e-01 -1.483175e-02 1.438628e-01 -1.323481e-01 -1.065241e-01 -2.237461e-01 3.304550e-02 5.045431e-01 -3.971553e-01 -2.327364e-03 1.879744e-03 1.714526e-02 -1.125716e-01 3.639667e-03 2.487024e-01 -2.276202e-01 1.090999e-01 -4.616560e-02 2.134867e-01 2.718120e-01 3.188446e-01 2.176227e-01 3.822758e-01 -2.039972e-01 -1.775478e-02 2.860114e-01 2.618382e-01 1.046315e-01 6.302113e-02
-3.727125e-02 6.065184e-02 2.195074e-01 -3.197984e-01 -3.103035e-01 2.465131e-02 2.669650e-02 -8.037519e-02 -1.540957e-01 -4.441076e-01 5.841724e-01 -3.935798e-02 5.983979e-02 6.243636e-02 -6.307639e-02 -9.094091e-02 -1.224869e-03 1.575893e-01 2.227172e-01 2.050223e-01 2.740390e-01 6.360979e-01 1.319365e-02 -3.802107e-03 4.054549e-02 -5.222277e-02 -3.475079e-01 3.579376e-02 5.729021e-02 4.229501e-01 1.192887e-01 2.988901e-02
3.208604e-01 4.046784e-01 -6.191593e-02 -6.370665e-02 2.939405e-02 3.267408e-01 -2.042002e-01 -4.844227e-02 2.782153e-03 -2.459645e-01 4.000553e-02 1.330018e-01 -1.546172e-01 3.094899e-01 -1.490788e-01 -3.042235e-01 -8.517858e-02 -3.195013e-01 2.113225e-01 4.761743e-01 -5.817145e-03 -1.879549e-01 1.985841e-02 -2.364139e-01 1.045801e-01 -1.262450e-04 1.386956e-01 -8.289710e-02 5.332959e-02 3.789080e-01 -2.044682e-01 1.061528e-01
1.296637e-01 -1.060664e-01 -2.565670e-01 8.532364e-02 -2.921711e-02 1.082422e-01 1.348989e-02 -2.061834e-01 3.390287e-01 -1.044159e-01 2.209174e-01 4.893080e-01 2.629725e-01 2.322031e-01 -1.238989e-01 3.315184e-01 -3.908504e-02 1.577131e-01 3.472676e-01 -2.790552e-02 -1.342625e-01 1.339428e-01 3.392096e-01 3.723751e-02 -6.118045e-01 1.695211e-01 2.122002e-01 -1.962958e-01 2.391169e-01 1.269156e-01 7.726269e-03 -7.878836e-02
9.303640e-02 -3.313828e-02 -1.460027e-01 2.190516e-02 5.173422e-01 -3.085783e-02 -6.321304e-02 -3.577332e-02 -6.131077e-02 3.460811e-01 -4.203258e-01 -3.284863e-01 9.524275e-02 -1.735692e-01 9.990424e-02 3.718497e-01 5.370157e-02 -9.988390e-02 -2.377958e-01 -3.210981e-01 -8.412373e-02 -5.752737e-01 8.976062e-03 -1.885681e-01 -1.076582e-01 -1.263793e-01 1.273666e-01 3.638333e-02 -1.203541e-01 -3.083603e-01 -4.627158e-01 -1.268338e-01
-1.844803e-01 1.803076e-01 4.154775e-01 -2.713509e-01 2.273059e-01 4.527656e-02 2.995227e-01 -7.293129e-02 -1.632428e-01 -1.608489e-01 3.071858e-01 1.509788e-01 -1.343662e-01 -3.061342e-01 -3.825873e-03 4.237589e-01 2.215753e-01 2.853386e-01 9.166019e-03 3.216021e-01 4.669249e-02 -3.539647e-01 4.887536e-02 1.364232e-01 -3.537255e-02 -3.382188e-01 -3.823460e-01 3.270600e-01 2.421901e-01 6.742032e-02 2.051777e-01 -1.579202e-01
-6.104809e-02 -5.449843e-02 -1.311505e-01 -2.448685e-01 -1.070046e-01 -2.026295e-01 -1.149339e-01 1.678474e-02 1.735670e-02 1.092804e-01 2.083168e-01 3.457527e-01 -3.666660e-01 4.926922e-01 1.899120e-01 2.243141e-02 1.325338e-02 -1.430478e-01 2.307412e-01 -9.542120e-02 -1.310382e-01 2.489421e-01 1.729356e-01 4.566329e-02 -2.617489e-01 -2.902480e-02 -5.212202e-02 -1.500358e-01 4.555438e-01 3.740307e-01 1.784616e-01 -3.111243e-01
3.289491e-01 3.280034e-02 6.091808e-02 2.274386e-01 -3.737633e-02 -2.977442e-02 -1.119660e-02 8.489616e-02 3.597994e-01 -2.194061e-02 -2.702888e-01 2.005547e-01 -3.586742e-01 9.654633e-02 -2.518020e-01 2.131401e-01 -1.747994e-01 -4.856885e-02 7.676638e-02 -5.379519e-02 1.295687e-01 -5.289845e-01 5.076450e-02 -2.240840e-01 1.099325e-01 -1.502717e-01 -1.823023e-01 -1.731226e-01 -1.617574e-01 -1.004848e-01 -2.539931e-01 -9.517235e-03
4.752014e-02 5.745215e-02 1.987648e-02 9.137727e-03 -1.676584e-01 8.519223e-02 1.711896e-01 -9.006122e-02 -6.559266e-02 -2.839909e-01 5.740393e-01 -9.229251e-02 -1.094907e-01 -4.466745e-01 4.138815e-01 2.542339e-01 1.884705e-02 -3.722436e-02 -6.722632e-02 1.400068e-02 -2.821551e-01 -7.881816e-02 -9.010277e-02 -1.979582e-01 2.787319e-02 3.144322e-02 -1.326041e-01 -4.339562e-01 -5.079180e-01 3.230006e-01 2.949471e-01 4.140612e-01
4.439921e-01 -3.633097e-02 1.335215e-01 -2.231506e-01 2.956857e-02 2.642510e-01 2.520579e-01 1.366096e-02 1.901461e-01 2.489755e-02 3.737905e-01 -1.783160e-01 4.434512e-01 1.857395e-01 3.225756e-01 1.808142e-01 -9.963699e-02 -6.457633e-03 2.577913e-02 -8.875832e-03 4.804108e-01 1.266162e-01 -2.626418e-01 5.194418e-02 4.575822e-01 -1.244661e-01 -2.043757e-01 2.548644e-01 4.303247e-01 -2.957906e-02 -3.724038e-01 2.315130e-02
-2.438417e-01 4.433930e-01 -1.351768e-01 1.731171e-01 -2.917441e-01 2.719075e-01 1.829459e-01 1.459998e-01 8.714147e-03 -8.325468e-02 3.129687e-01 -1.648766e-01 1.262313e-01 -4.108706e-02 2.837871e-01 -6.652144e-02 1.116209e-01 3.269755e-01 -1.092033e-01 -4.422146e-01 1.236477e-02 5.210429e-01 2.036818e-01 -2.316108e-01 3.138750e-02 2.085573e-01 -1.107107e-01 -8.712381e-02 1.031416e-02 2.028456e-01 1.223777e-01 2.113145e-02
-2.842618e-01 -1.350521e-01 -9.480725e-02 5.676931e-02 -2.948592e-01 2.461653e-01 3.414539e-01 -2.826708e-01 3.369066e-01 3.276096e-01 1.981835e-01 -7.703733e-02 -9.164418e-02 -1.088590e-01 -3.336485e-01 1.874348e-01 -2.958449e-01 8.873405e-02 -8.687710e-02 6.897566e-02 -2.973259e-02 2.901028e-02 3.312506e-01 -1.321830e-01 1.038782e-01 -4.690474e-02 2.691569e-01 -4.712684e-01 9.447359e-02 -4.570719e-01 6.448692e-02 2.312027e-01
-4.144393e-01 2.078929e-01 4.336841e-02 1.367171e-01 -5.354839e-02 1.171267e-01 -6.948625e-02 -4.658828e-02 4.733653e-01 2.050645e-01 -3.624998e-01 -3.179098e-01 1.525279e-01 -2.733421e-01 -2.823043e-01 2.105084e-01 2.096883e-01 1.534413e-01 -5.424608e-02 1.719856e-01 -3.918129e-01 -5.471968e-02 2.666787e-01 1.024794e-01 5.837485e-02 6.409287e-02 4.480832e-01 9.937855e-02 -3.820108e-02 6.151747e-01 -1.312762e-01 -7.289602e-02
-6.369465e-02 -1.776770e-01 1.582749e-01 5.619301e-01 -2.158891e-01 2.242235e-01 -2.831789e-01 -7.401309e-02 1.149288e-01 -2.561350e-01 -5.697794e-03 1.493641e-01 1.353884e-01 -1.085093e-01 -2.066986e-01 7.644676e-02 -2.566988e-02 8.514559e-02 3.175646e-02 -4.534124e-01 -4.720364e-02 4.039980e-01 -1.056279e-01 -2.620504e-01 -4.225031e-02 2.082010e-01 4.314934e-01 -9.901576e-03 9.676710e-03 3.133761e-01 -2.028198e-01 1.182384e-02
-1.239475e-01 7.550767e-02 9.940749e-02 -3.800399e-01 2.137241e-02 -1.184224e-01 -7.951671e-02 9.393498e-02 -2.931957e-01 -3.439098e-01 5.898995e-01 -2.450589e-01 8.798054e-02 -6.838139e-02 4.921556e-02 -5.537146e-02 -1.304459e-01 8.067470e-02 1.946253e-01 3.345620e-02 2.788373e-01 6.040363e-01 -1.435410e-03 -1.891870e-01 8.234453e-02 -7.025263e-02 -3.663271e-01 8.429210e-02 2.388654e-02 4.260385e-01 2.367797e-01 -3.534598e-02
1.920079e-01 -2.410121e-01 -9.878952e-03 3.873201e-01 2.976074e-02 3.321255e-02 -1.873724e-01 2.870774e-01 -1.002246e-01 -8.092140e-03 -1.045895e-01 2.832210e-02 -8.446899e-02 -3.375801e-01 2.533968e-01 3.722681e-01 3.188570e-01 1.068867e-01 -1.868160e-01 -9.896685e-02 3.852626e-02 3.047928e-01 2.940692e-01 -8.447866e-02 -8.365624e-02 -6.308074e-02 5.196169e-01 2.027912e-01 7.371847e-02 1.532886e-01 1.324415e-01 2.092633e-02
2.954668e-01 3.548319e-01 2.735534e-01 -2.445875e-01 -2.260262e-01 4.355282e-02 7.770490e-02 2.340408e-01 -2.881825e-02 4.291723e-02 -3.164098e-01 6.464183e-02 -3.247335e-02 -1.166877e-01 -2.654268e-01 -1.675884e-01 -1.267250e-01 -2.706377e-01 1.145017e-02 -6.044881e-01 -1.182277e-02 -2.174480e-01 -1.833557e-01 1.793997e-02 -1.767970e-01 2.439195e-01 -9.651826e-02 -2.008842e-01 -1.026590e-01 -2.096631e-01 -1.895200e-01 -5.078686e-02
-2.469669e-01 6.351348e-02 -8.043335e-02 -3.646604e-01 -1.029655e-02 4.442453e-01 -3.927860e-02 -1.155057e-01 4.468639e-01 -1.545781e-01 -3.772536e-01 -2.778099e-02 -1.827034e-01 -1.417970e-02 -6.542428e-02 7.914950e-02 7.262128e-01 -1.359187e-01 -1.715706e-02 -3.169078e-01 6.431883e-02 1.702511e-01 8.614768e-02 7.310970e-02 2.235197e-01 -2.175139e-01 3.088731e-04 3.911737e-03 1.475383e-03 -9.521511e-02 -3.003054e-01 1.184093e-01
3.392534e-01 -1.608531e-01 1.329089e-01 -3.174875e-01 3.852633e-01 -1.602361e-01 1.838216e-01 -1.723143e-01 2.888497e-01 -1.204927e-01 -2.205737e-01 1.589329e-01 -1.490017e-01 -6.465469e-02 -2.998804e-01 1.114571e-01 -6.670719e-02 -2.838452e-01 2.712793e-01 5.252483e-01 2.651396e-02 -6.929054e-02 -7.517592e-02 3.337129e-01 -2.907851e-01 -1.039459e-02 2.501819e-01 8.180472e-02 -1.884605e-02 8.557183e-02 -2.705602e-01 -1.145525e-01
6.059539e-02 -5.801943e-02 4.476600e-01 -3.195687e-01 -2.652534e-01 -1.310838e-01 3.202379e-01 1.570702e-01 -2.357613e-01 1.025582e-01 -3.995037e-02 4.285792e-01 -7.894813e-02 -3.226143e-02 -4.217986e-03 -8.514240e-02 4.442067e-02 7.751908e-02 6.892360e-02 -2.834800e-01 2.207060e-01 -4.602118e-02 2.402463e-01 1.472222e-01 -2.768656e-01 3.617353e-01 -1.963875e-01 2.806669e-01 3.099054e-01 -3.987642e-03 -7.075127e-02 -2.387266e-01
2.413897e-01 -1.050762e-01 1.003597e-01 4.909891e-01 -7.538489e-02 1.736467e-01 -2.659841e-01 -2.438063e-02 -4.952725e-02 -7.989299e-02 -1.236015e-01 -8.632648e-02 -1.503841e-01 -1.982525e-01 2.367288e-01 3.170508e-01 2.187461e-01 -1.511170e-03 1.699410e-02 -8.299409e-02 1.903581e-01 4.160201e-01 -4.137662e-03 3.393221e-02 5.857465e-02 -3.999994e-02 5.369048e-01 2.099870e-01 8.726458e-02 2.605646e-01 -1.330934e-01 -9.597938e-02
1.403642e-01 -4.080405e-02 6.875440e-03 1.971287e-01 -2.771223e-01 7.491156e-02 -7.221907e-02 5.074729e-01 -4.105661e-01 -1.116514e-01 -3.665793e-02 -1.538768e-01 2.311693e-01 -4.673845e-03 -3.159866e-01 8.575906e-02 4.319309e-02 4.757822e-01 1.922656e-01 1.354564e-01 1.716179e-01 -2.560239e-01 5.690353e-02 -2.814190e-02 -1.573193e-01 4.782152e-02 -4.299014e-01 9.928159e-03 -3.396019e-01 -6.004537e-02 1.016677e-01 -2.192480e-01
4.634683e-01 -7.117548e-02 4.861766e-02 2.754191e-01 1.910987e-01 3.725704e-01 -3.043406e-01 -1.310229e-01 1.458023e-01 1.403381e-01 -5.087404e-02 7.570379e-02 2.862258e-01 -3.943219e-02 3.535461e-01 2.681211e-02 -1.184396e-01 9.240322e-02 4.153295e-01 3.923995e-01 -3.057159e-03 1.989674e-02 -1.455085e-01 -7.541050e-02 3.977567e-01 8.691996e-02 5.120982e-02 1.553645e-01 1.855165e-01 1.156576e-01 4.158053e-01 -2.618429e-01
-2.589154e-01 1.402779e-01 4.796126e-01 3.645150e-01 -3.897607e-02 -2.597200e-01 1.621699e-01 -3.882914e-01 -7.975893e-02 4.767637e-02 2.090680e-01 -2.642062e-01 3.093630e-02 1.352489e-01 -6.792854e-02 2.552299e-01 1.268491e-01 2.747679e-01 -2.265065e-01 -1.388278e-01 7.235215e-02 9.449980e-02 1.805164e-02 5.191978e-02 4.617749e-01 3.175901e-01 -2.536485e-01 -2.018432e-01 1.962010e-01 1.208443e-01 2.735972e-01 8.709887e-02
-8.145622e-02 2.149174e-01 -1.072185e-01 -1.063472e-01 5.309440e-01 4.536064e-02 1.031076e-02 -1.698112e-01 -2.592046e-01 3.766788e-01 7.220107e-02 2.202936e-02 -1.343237e-01 -3.540348e-01 2.901394e-02 -1.149463e-01 1.244398e-01 -1.627505e-01 -1.570688e-01 -1.511329e-01 5.391184e-01 7.777072e-02 8.103466e-02 9.620090e-02 -4.500713e-02 -2.779410e-01 -3.937485e-01 3.131142e-01 2.148881e-01 -1.252654e-01 7.290159e-03 -2.235402e-01
-4.629011e-01 2.205096e-02 6.708306e-02 -2.541384e-01 -1.285410e-01 -2.621975e-01 5.855004e-01 1.605197e-01 -9.244314e-02 -7.446742e-02 1.300546e-01 -1.563192e-01 7.816468e-02 -8.790760e-02 -4.241928e-02 8.522566e-02 2.656431e-02 -4.236782e-02 -3.960657e-01 -4.031915e-01 1.193646e-01 1.937564e-02 1.577646e-01 7.396024e-02 -1.851047e-01 -4.132717e-02 -9.816434e-03 -1.832521e-01 -2.190294e-01 -2.063736e-01 -4.541255e-01 3.871695e-01
1.411113e-01 -2.442471e-01 -7.516713e-02 -2.843585e-01 -3.055943e-02 -1.159608e-01 2.621975e-01 -7.159548e-02 3.085974e-01 -1.993749e-01 -2.912499e-01 2.218487e-01 -2.000984e-01 1.307495e-01 8.888446e-02 4.439948e-01 -2.953202e-02 -6.218273e-02 9.425294e-02 2.620376e-02 2.617500e-01 -1.229198e-01 -7.220539e-02 -6.146045e-01 -4.411881e-02 -1.956957e-01 1.034810e-01 -2.377432e-01 -1.172416e-01 -1.097521e-01 6.879001e-02 -1.586138e-01
3.697910e-01 2.064622e-01 1.841606e-01 -1.530007e-01 -2.669512e-01 3.990296e-01 -8.701421e-04 -3.885689e-02 1.378959e-01 8.084436e-02 3.329205e-01 -3.692935e-01 4.250842e-01 -1.249402e-01 9.729525e-02 7.078439e-03 -3.810975e-02 -1.239030e-01 1.131524e-02 2.192009e-02 6.391639e-01 2.521697e-02 -8.704795e-02 3.518781e-02 4.122232e-01 -8.376526e-02 -2.591408e-01 3.054480e-01 2.651000e-01 -2.641837e-02 -3.366479e-01 -1.525644e-02
7.673392e-02 4.022579e-01 2.706444e-01 -2.531093e-01 2.864139e-01 -6.928343e-02 1.252366e-01 -2.384588e-01 -3.706116e-01 -3.755002e-02 4.381108e-01 -1.590172e-01 3.147310e-02 1.653866e-01 1.141350e-01 3.698873e-02 5.162299e-02 -3.196652e-01 1.244707e-01 -5.159525e-01 7.104051e-02 -9.174480e-02 -4.964617e-02 1.959248e-01 4.016853e-02 -1.101848e-01 -1.371574e-01 -4.156195e-01 -1.362219e-02 -5.146156e-01 2.017850e-01 -8.772463e-02
-6.676760e-02 -1.156332e-01 5.299824e-02 9.235741e-02 -1.395829e-01 -1.553082e-01 7.734398e-02 4.993580e-01 -4.889140e-02 -1.833525e-01 -5.826187e-02 2.443445e-01 7.384878e-02 -2.903366e-01 2.076066e-01 1.302660e-01 -4.697856e-02 2.510531e-01 6.248133e-02 -1.821157e-01 -9.731207e-02 -3.212485e-01 3.426380e-01 -8.777621e-02 -2.603638e-01 1.041359e-01 3.224145e-01 7.418924e-02 9.645320e-02 1.417195e-01 1.384013e-01 2.062199e-01
2.544105e-01 1.119851e-01 1.339230e-01 -2.078470e-01 2.563778e-01 -2.727141e-01 5.303150e-02 -1.887086e-01 -3.703279e-01 -1.048461e-01 2.776489e-01 -5.894799e-02 -6.193418e-03 4.900035e-01 2.290925e-03 -2.002105e-01 -1.276597e-01 -2.852362e-01 7.454397e-02 -4.773339e-01 2.296030e-01 -5.948636e-02 -1.859731e-01 1.787570e-01 9.135274e-03 -8.836612e-02 -1.878330e-01 -3.625486e-01 6.502800e-02 -4.988540e-01 1.812981e-01 2.095386e-02
4.646394e-01 4.974042e-02 2.306736e-01 -2.126589e-01 -2.095340e-01 4.536815e-02 2.046397e-02 -2.274833e-02 -3.227980e-01 1.354679e-01 -3.913152e-01 3.668434e-01 -3.618078e-02 3.081566e-01 -2.300027e-01 4.731658e-02 3.191434e-01 2.229446e-01 -8.997785e-02 -4.735614e-01 -2.150542e-01 1.368700e-01 -4.773204e-01 -4.703056e-02 1.062299e-01 -1.241588e-01 -1.241910e-01 -2.194487e-01 -2.286144e-01 1.729622e-01 -1.392147e-01 -4.213920e-03
-3.126323e-01 -1.218905e-01 -8.421075e-02 -3.013191e-01 4.477785e-01 -2.823506e-01 1.954273e-02 -2.423576e-01 -1.044450e-01 -3.120191e-01 1.406681e-01 2.384698e-01 2.840026e-01 4.639577e-02 -2.488415e-01 -1.714751e-01 -3.358555e-02 8.837478e-02 4.734540e-01 -2.052688e-01 2.849718e-01 3.769752e-01 -2.647009e-02 1.279831e-01 -8.729117e-03 -1.465309e-01 6.122098e-02 3.705311e-02 2.871159e-01 3.973117e-01 2.786637e-01 -2.768195e-01
2.930719e-01 -2.794285e-03 2.157547e-01 -1.555776e-01 4.510183e-01 -1.117099e-01 1.988059e-02 -2.002964e-01 1.496645e-01 1.223136e-01 -5.338600e-02 -8.524835e-02 -3.769274e-01 -1.296516e-02 -3.831564e-01 -2.867004e-02 -7.424685e-02 -2.240386e-01 2.750630e-01 5.190516e-01 -3.710501e-02 -1.342143e-01 -9.899083e-02 4.182364e-01 -3.068059e-01 1.031003e-01 2.650495e-01 1.347711e-02 3.281579e-02 1.321554e-01 -2.533067e-01 -2.559955e-02
-8.955986e-02 3.672118e-01 4.883744e-01 2.295217e-01 -2.991614e-01 2.217072e-01 -2.641988e-01 1.284029e-01 -3.452725e-02 -2.728830e-01 8.640019e-02 7.158115e-02 4.016652e-02 -1.203429e-01 1.373336e-01 -6.435606e-02 1.770261e-01 2.683091e-01 5.372536e-02 -3.787174e-01 1.408175e-01 4.563988e-01 1.710173e-01 6.877570e-02 -9.197219e-02 2.038894e-01 -1.320536e-01 2.375970e-02 1.092397e-01 1.744376e-01 1.437750e-01 -8.566768e-02
-1.662861e-01 -1.187137e-01 1.956916e-01 3.553548e-01 -1.737320e-01 -1.208526e-01 -1.274084e-01 4.394990e-02 3.619350e-01 2.055250e-01 -4.255922e-02 2.218139e-01 -1.529653e-02 -1.893256e-01 -1.541612e-01 -2.669692e-01 1.421796e-01 -7.244653e-02 3.016534e-01 1.123327e-01 9.939410e-02 -3.467083e-01 -9.294549e-02 -1.105455e-01 -8.138972e-02 -1.243811e-01 -2.253363e-01 1.950977e-01 -5.730745e-01 1.980904e-03 6.783992e-02 -1.498760e-01
2.699203e-01 5.936883e-02 -1.554540e-01 3.573764e-02 -2.675659e-01 3.655444e-01 -2.272938e-01 8.051006e-02 6.886147e-02 4.567078e-01 2.004846e-02 4.654856e-02 3.879250e-02 -4.217470e-01 2.414685e-01 1.435030e-01 -5.253806e-01 1.538592e-01 1.833130e-01 5.934789e-02 8.241337e-02 1.046296e-01 8.797154e-02 7.129897e-02 4.244552e-01 2.463012e-01 -3.245091e-02 1.991657e-02 3.100315e-01 -4.219412e-02 8.958074e-02 -1.872577e-01
6.019277e-01 -1.143046e-01 -4.992298e-02 1.449265e-01 1.080880e-01 -8.099632e-02 4.944003e-02 -2.449394e-01 -3.912909e-01 -1.605631e-01 3.503268e-01 -2.503538e-02 -8.331649e-02 3.415401e-01 4.098418e-02 -1.881149e-01 -7.903189e-02 -3.838230e-01 4.082750e-02 -1.654863e-01 2.032791e-01 -3.634047e-02 -9.271943e-02 2.629205e-02 -8.849993e-02 -2.389046e-02 -2.351656e-01 -1.148708e-01 -9.443073e-02 -7.969931e-01 4.694558e-02 2.781727e-02
-7.456487e-02 7.514425e-02 9.176468e-02 -5.590646e-02 -4.532973e-01 -7.570238e-02 -5.426017e-02 7.374617e-02 2.549973e-02 -2.889873e-01 5.403557e-01 2.552958e-01 -4.843845e-02 1.567059e-01 -3.391654e-02 -4.273385e-01 -9.532005e-02 8.190747e-02 2.693096e-01 2.455708e-01 4.397468e-02 5.927035e-01 3.663697e-03 1.047016e-01 1.554547e-01 1.275140e-01 -1.687238e-01 -4.187414e-02 9.410340e-02 3.118488e-01 5.005051e-01 6.163400e-02
-1.299703e-01 -3.502523e-01 8.187322e-02 -9.801701e-02 2.961649e-01 1.846227e-01 9.991127e-02 -2.328323e-01 4.872143e-01 2.252528e-01 1.755643e-02 1.718304e-01 -5.142909e-02 1.558961e-01 2.301245e-01 3.028208e-01 -9.574071e-02 -3.726282e-01 -2.023258e-01 -1.562051e-01 -2.606048e-01 -3.348024e-02 -1.121608e-01 -5.708563e-02 2.665201e-01 -2.405073e-01 3.782599e-02 4.276692e-01 3.611581e-01 2.516190e-01 2.009946e-01 2.227364e-02
-1.867208e-01 -1.702261e-01 -1.922750e-01 6.514192e-01 1.678321e-01 1.252809e-01 -4.984976e-01 1.540258e-01 1.033538e-01 -7.588162e-02 8.942637e-02 1.491072e-01 -6.997339e-03 7.069270e-02 1.020802e-01 5.494732e-02 6.572988e-02 3.072760e-01 1.668110e-01 2.997151e-01 2.026647e-01 1.892848e-01 2.050737e-01 1.944277e-01 1.966366e-01 -3.575733e-01 4.334791e-02 -1.509544e-01 7.550354e-02 -1.391960e-01 5.503387e-01 1.985933e-01
-2.967663e-01 -2.316032e-01 -9.345934e-02 1.140029e-01 5.911511e-01 8.314712e-03 -5.874987e-02 -5.099950e-02 -3.621672e-02 3.280315e-01 -3.304484e-01 -7.971191e-02 2.155528e-01 -2.272345e-01 1.727275e-01 4.696409e-02 -7.876690e-03 -2.071095e-01 -1.444974e-01 -2.923909e-01 -1.505812e-01 -6.111584e-01 1.300225e-02 -1.490280e-01 -3.106158e-02 -1.316891e-01 2.229155e-01 1.895516e-02 -4.042568e-02 -4.771470e-01 -1.733226e-01 -2.051208e-01
-2.791489e-01 1.781324e-01 8.085769e-02 -4.464515e-03 4.032982e-02 5.146454e-02 2.355060e-02 -5.510012e-02 6.575323e-01 1.158909e-01 -2.913983e-01 4.278024e-02 -5.699193e-02 -2.929142e-01 -8.577050e-02 -8.623385e-02 1.181224e-01 -7.840348e-02 2.273892e-02 -1.941561e-02 2.501271e-01 -3.481492e-02 -9.046710e-02 -3.721454e-01 4.547817e-01 -2.756401e-01 -1.059946e-01 8.242493e-02 -2.479245e-01 -1.119356e-01 -9.012358e-02 2.426487e-01
-3.289886e-01 3.467168e-01 -6.859852e-02 1.887233e-01 -1.985394e-01 1.090534e-01 -3.801413e-01 -1.253603e-01 3.688556e-01 -2.165092e-01 2.638097e-01 1.927428e-01 7.140942e-02 5.173053e-02 -1.853644e-01 2.297542e-01 -2.810768e-01 1.502939e-01 4.546137e-01 -5.829579e-01 -9.874742e-03 3.165964e-01 1.825229e-02 -1.038713e-01 1.220128e-01 1.561524e-02 1.051890e-01 -5.682203e-02 8.101250e-02 1.774819e-01 1.536823e-02 -3.684957e-01
3.995591e-01 -3.302901e-01 1.345645e-01 -2.664774e-01 1.391974e-01 -2.226518e-01 4.944635e-01 -8.645821e-02 -2.502247e-01 5.761318e-02 -2.997905e-01 4.049329e-03 6.174206e-02 -2.591054e-03 5.878963e-02 -8.616780e-02 2.168849e-01 -1.441384e-01 -4.673283e-01 5.653387e-01 2.467074e-02 -4.430770e-01 -5.701278e-03 4.717374e-02 -3.728258e-02 -1.065315e-01 -8.657449e-02 4.882653e-02 -1.163840e-01 -1.113959e-01 -2.214830e-02 2.740483e-01
-4.184717e-01 5.149730e-04 2.913101e-01 1.532209e-01 2.336819e-03 -7.647537e-02 2.148089e-01 -3.289233e-01 5.219246e-01 9.779701e-02 -2.189100e-01 1.606129e-02 8.871982e-02 -2.436371e-01 -3.601152e-01 6.351186e-03 -3.344668e-02 3.228379e-01 -2.010212e-01 3.108849e-01 -6.961077e-02 3.038061e-02 1.291487e-01 4.475383e-02 9.921014e-02 3.178933e-02 3.035660e-01 1.595798e-01 1.352651e-01 7.502313e-01 2.881575e-02 6.109277e-02
1.535522e-01 2.236947e-01 -2.571813e-01 -3.744365e-01 2.286796e-01 7.225163e-02 2.364170e-01 1.910601e-02 -3.581651e-01 -2.399193e-01 3.567538e-01 -7.744923e-02 -6.357925e-02 1.215097e-01 -2.551865e-01 4.275203e-01 -2.405253e-02 -2.077589e-01 -3.639326e-01 -4.374555e-01 -1.719186e-01 -1.962461e-01 2.035881e-02 1.374666e-01 -3.856489e-02 5.285974e-01 7.384241e-02 -2.214569e-01 2.205264e-01 9.457389e-02 1.669684e-01 -2.642814e-01
-1.489433e-01 -3.413424e-01 -9.228225e-02 -1.094136e-01 5.978793e-02 2.756724e-01 -1.049777e-02 3.182692e-04 3.149974e-01 3.783408e-01 2.378638e-02 1.931663e-01 1.518374e-01 -3.759592e-02 1.225320e-01 5.701388e-01 1.468306e-01 -2.835195e-01 6.233943e-02 -6.811556e-02 -1.064012e-01 2.326102e-01 -6.813587e-02 -1.208809e-02 -6.934516e-02 -2.864168e-01 -5.497256e-03 1.723480e-01 -1.822604e-01 3.840692e-01 4.520042e-01 4.545441e-01
1.243668e-01 5.060887e-02 -1.296115e-01 2.368678e-01 2.713927e-01 -1.185423e-01 -1.131562e-01 2.309130e-02 6.255354e-02 6.282588e-01 -4.357638e-01 -9.350809e-02 -7.747261e-02 -1.272497e-01 1.090598e-01 1.132838e-02 -3.582422e-02 -1.164607e-01 -1.971765e-01 -1.577558e-01 -2.703435e-01 -6.537381e-01 -1.439325e-02 -4.970750e-02 -1.397924e-02 1.337087e-01 2.215649e-01 -4.069106e-02 -9.173025e-02 -4.904659e-01 -1.421235e-01 -2.223987e-02
1.468442e-01 -5.978652e-02 -1.798633e-01 -2.868627e-01 4.213454e-01 -1.778230e-01 7.961190e-02 6.995470e-02 -2.662102e-01 -2.206971e-01 -2.144807e-01 9.369341e-02 -1.798805e-01 2.203646e-01 2.690291e-01 -2.374956e-01 2.795705e-02 -1.457018e-01 1.604138e-01 2.850824e-01 2.150151e-01 5.707666e-04 9.371343e-02 1.577037e-01 3.834413e-03 -3.111699e-01 -5.042770e-01 3.313342e-01 1.236755e-01 1.919870e-01 1.502658e-01 4.502670e-02
1.136205e-01 3.508681e-01 5.121527e-01 -2.503888e-01 -2.095681e-01 2.621262e-01 -1.335814e-01 1.279568e-01 -4.919663e-02 3.159923e-02 -2.705092e-01 1.999150e-01 -1.601721e-01 2.417418e-01 -2.840057e-01 1.587492e-01 2.760327e-01 2.701999e-01 -6.382438e-02 -3.927544e-01 -1.747659e-01 4.718719e-02 -4.654263e-01 -1.334692e-01 -1.994046e-01 7.311311e-02 1.683863e-01 9.606326e-02 -8.868100e-02 4.530778e-01 -8.381604e-02 -1.008423e-02
-9.012418e-02 -2.633227e-02 -1.787797e-03 1.689104e-02 -4.088941e-01 -6.796324e-02 -1.173574e-03 -5.502560e-02 1.948497e-01 -1.340915e-01 4.746438e-01 4.858896e-01 -4.485003e-02 1.648497e-01 -1.561940e-01 -2.578122e-01 -2.971311e-02 -3.195281e-01 -6.286316e-02 2.097130e-02 9.469371e-02 2.426275e-01 1.222182e-01 -2.810891e-02 -3.600575e-01 4.114599e-02 -8.735301e-02 -4.698437e-01 2.811491e-01 -3.094009e-01 2.885464e-02 3.856693e-01
4.974638e-01 1.547851e-01 3.846234e-01 -1.589186e-02 2.471381e-01 -1.169868e-01 -4.165486e-01 1.339013e-01 -1.696441e-01 -2.455150e-01 9.156929e-02 2.612813e-01 8.582242e-02 4.552035e-03 1.468653e-01 -1.108737e-01 4.228507e-01 4.109072e-02 3.251634e-02 -2.015356e-01 -2.765389e-02 -1.107051e-01 -3.232034e-01 -1.111155e-01 5.385396e-03 1.392821e-01 2.262793e-02 3.224506e-01 -1.366629e-01 3.676842e-01 -1.879930e-01 -4.000189e-01
-1.919354e-01 4.983828e-01 -1.496128e-01 3.292457e-01 -1.026743e-01 4.231521e-02 -2.347714e-01 1.250842e-01 -2.220023e-02 2.185996e-02 4.666749e-01 -2.529782e-01 -1.795502e-01 1.139262e-02 1.284002e-01 -7.394398e-02 1.200655e-02 1.808132e-01 -6.622940e-02 -5.103937e-01 2.897064e-02 3.254628e-01 1.745859e-01 -3.761409e-01 2.987573e-02 3.582979e-01 -3.334722e-02 -2.455700e-02 1.309712e-01 1.758271e-01 1.861338e-01 -5.343645e-02
-2.636474e-01 5.744295e-01 2.891826e-02 -3.604088e-01 3.141346e-01 -1.093778e-02 6.742087e-02 -1.720992e-01 -6.371364e-05 7.921556e-02 2.887490e-01 -1.056698e-01 -1.469443e-01 -1.360704e-02 2.734130e-03 -3.752586e-02 2.671529e-02 -2.387100e-01 1.736943e-01 -4.450057e-01 -6.098492e-02 -7.421330e-02 -5.963975e-02 2.427018e-01 8.798607e-03 -1.556724e-01 -1.427256e-01 -4.454261e-01 1.054926e-01 -5.492346e-01 4.475234e-02 -5.317933e-02
3.076703e-01 1.319847e-01 -2.457374e-01 2.218296e-01 -2.085374e-01 -3.779306e-02 -1.149432e-01 2.818540e-01 2.657043e-01 5.423952e-01 -2.571588e-01 -1.898194e-01 -9.690538e-02 -2.995822e-03 1.783586e-01 -1.409075e-02 -3.846592e-02 -1.519476e-01 -3.917136e-01 7.127253e-03 -3.928662e-01 -5.378717e-01 -6.281463e-04 -8.081365e-02 8.698861e-02 1.607123e-01 1.999861e-01 -8.786001e-02 -1.518837e-01 -4.150192e-01 -1.063966e-01 1.245360e-01
4.262141e-02 4.671935e-01 1.149672e-01 4.286511e-01 6.683530e-02 -6.894157e-02 2.166480e-01 -1.624297e-01 7.739114e-02 2.347253e-01 2.393127e-01 -1.171202e-01 -2.094639e-01 3.858167e-02 -1.407608e-01 -3.762423e-02 -8.195198e-02 1.311774e-01 -3.340822e-02 -3.397435e-01 -1.008636e-01 2.767193e-02 6.930404e-02 -4.239885e-01 -1.555498e-01 1.518425e-01 -6.652428e-02 -2.869711e-01 1.102723e-01 -2.082116e-01 2.067563e-01 6.524363e-02
2.112695e-01 -2.610405e-01 1.304626e-01 -3.615640e-01 -4.515734e-02 -2.452675e-01 4.514284e-01 -1.719399e-01 -9.840845e-02 -1.564791e-01 -3.343511e-01 2.696017e-01 2.561376e-01 3.686417e-02 -6.486395e-02 -1.366299e-03 2.208347e-01 -1.673625e-01 -4.538729e-01 5.766647e-01 -2.472034e-02 -4.305169e-01 9.120457e-03 4.229557e-02 4.703878e-02 -1.601320e-01 -7.065572e-02 5.248589e-02 -9.791653e-02 -1.094579e-01 -5.588715e-02 2.180411e-01
4.207230e-01 9.595675e-02 6.641386e-02 2.080636e-02 3.339747e-01 -3.503321e-01 3.812463e-01 2.752967e-02 2.507949e-01 3.945970e-02 3.142849e-01 -6.325498e-02 1.175091e-01 -5.463513e-02 1.464461e-01 -2.312174e-01 -1.574996e-01 -1.106925e-02 8.099935e-02 2.583214e-01 7.975502e-03 4.261117e-02 -3.195877e-01 -2.024493e-01 3.103224e-01 -2.108367e-01 3.375862e-02 4.214551e-01 2.359547e-01 6.434938e-03 4.275175e-01 -1.742231e-01
-1.928081e-01 -1.882420e-01 -2.345671e-01 5.338622e-01 2.864874e-01 -7.588173e-02 3.424220e-02 -7.873524e-02 1.105443e-01 8.637290e-02 2.843322e-01 -1.137698e-01 1.452204e-01 2.933834e-01 1.147981e-01 -2.877172e-02 8.129214e-02 9.422331e-02 -5.384596e-02 8.385392e-01 7.235281e-02 2.696602e-02 7.381782e-02 5.329550e-02 1.774906e-01 -7.345425e-02 -2.193026e-03 -9.259643e-02 1.323353e-01 3.194628e-02 2.376528e-01 2.605943e-02
2.520337e-02 -1.339609e-01 -2.282253e-01 1.080718e-01 5.881670e-01 2.421799e-02 -1.078469e-01 3.282570e-02 -5.194401e-02 3.218822e-01 -3.133876e-01 -2.860147e-01 2.120924e-01 -9.690908e-02 2.947890e-01 1.520618e-01 5.537980e-02 -2.182701e-01 -1.806466e-01 -3.843318e-01 -1.957608e-01 -4.417717e-01 3.281998e-02 -3.248991e-01 -3.531474e-02 -2.648756e-01 1.058280e-01 -7.054304e-02 -8.074296e-02 -3.160418e-01 -2.875547e-01 -2.601369e-01
-3.826603e-01 2.438744e-02 -1.455261e-01 -2.305374e-01 -2.045111e-01 -2.879281e-01 5.396887e-01 7.908476e-02 -1.213949e-01 3.278013e-02 8.544601e-02 -1.624902e-01 -2.947428e-01 -1.319059e-01 6.083934e-02 1.673022e-01 1.473721e-01 -1.157465e-01 -2.022454e-01 -3.510854e-01 2.177421e-01 -1.012216e-01 2.675581e-01 1.230770e-01 -2.142575e-01 -1.033889e-01 2.552210e-02 -3.632746e-02 -1.762398e-01 -2.759388e-01 -4.758269e-01 3.846915e-01
-1.916709e-01 3.918546e-01 -1.738880e-01 4.273366e-01 -1.475123e-01 6.762374e-02 2.815001e-01 -1.354866e-02 1.110738e-01 -1.132213e-01 3.100190e-01 1.146884e-01 -8.987984e-02 8.711497e-03 5.081670e-02 1.282716e-01 7.367156e-02 2.662424e-01 -4.151137e-02 -5.012393e-01 1.228871e-01 2.057550e-01 1.007426e-01 -4.644195e-01 -1.146449e-01 7.572085e-02 -1.478230e-01 -2.489704e-01 1.344186e-02 -3.912216e-02 2.472832e-01 8.590518e-03
-3.452858e-02 -3.397134e-01 -2.590448e-01 9.580778e-02 2.885935e-01 -6.281372e-02 3.087425e-01 -1.246245e-01 4.205886e-02 1.571844e-02 5.199904e-01 -9.027855e-02 6.143866e-02 1.141827e-01 1.676288e-01 9.308870e-02 1.022614e-01 1.907847e-01 2.053240e-03 8.111265e-01 -1.288223e-02 6.173114e-02 7.441898e-02 -4.982710e-02 1.423974e-01 -1.596394e-01 5.628700e-02 1.211366e-01 1.458337e-01 1.603392e-01 4.686575e-02 6.951974e-03
2.720035e-01 3.323965e-01 2.233636e-01 3.160105e-02 -2.617517e-01 2.532088e-01 -1.225530e-01 -1.216076e-01 1.380976e-01 4.712936e-02 3.773667e-01 -3.182376e-01 4.059363e-01 -2.071535e-01 -1.870343e-01 1.658687e-03 3.923738e-02 2.752158e-02 8.687462e-02 4.766901e-02 5.129628e-01 1.052345e-01 2.551986e-01 3.109584e-02 3.348302e-01 -6.246033e-02 -4.919523e-03 1.623133e-01 4.215127e-01 9.014039e-02 -4.208897e-01 1.304280e-01
5.028163e-01 -1.080304e-01 -9.554456e-02 2.193001e-02 -3.660797e-01 -7.772873e-02 -1.123126e-01 -2.307234e-01 9.259374e-02 1.150669e-01 2.412047e-01 -1.474598e-01 4.068075e-01 -1.728865e-01 -2.403381e-01 1.141510e-01 1.587252e-02 8.111600e-02 6.657811e-02 6.319607e-03 -5.430201e-02 -2.233694e-01 -3.118956e-01 -3.955955e-01 1.765914e-01 -3.964435e-01 4.232647e-03 4.268454e-01 -3.900473e-02 8.698614e-02 -3.344676e-01 3.378776e-02
-5.237492e-03 -2.396717e-01 2.662237e-02 -2.993852e-01 -1.289570e-01 -8.665481e-02 1.807818e-01 4.272935e-02 5.160093e-02 -2.531098e-01 -3.304376e-01 3.139797e-01 5.048477e-01 -5.456052e-02 3.054840e-01 -8.797932e-02 4.358091e-01 -1.370603e-01 -2.827516e-01 5.390029e-01 -7.411271e-02 -4.003147e-01 3.716280e-02 -3.738594e-02 4.348398e-02 2.295403e-02 -5.100328e-02 9.615706e-02 -1.454433e-01 -1.268480e-01 8.006630e-02 4.889897e-02
6.118824e-02 9.788670e-02 2.953895e-01 -8.648575e-02 -2.554945e-01 -1.519201e-01 4.765052e-03 -2.062430e-01 1.288751e-01 4.945462e-01 -3.636764e-01 1.408453e-01 8.173035e-03 -2.314446e-01 -8.504704e-02 -3.646922e-01 -5.488238e-02 1.209145e-01 4.643062e-02 -2.702808e-01 1.256149e-01 3.195706e-01 -2.949967e-01 1.149032e-01 1.261347e-01 -2.316260e-01 -1.495471e-01 1.768716e-01 -5.130315e-01 7.295638e-02 -1.041351e-01 2.952097e-01
3.294423e-01 -1.927769e-01 -3.977254e-01 -4.227475e-01 -4.218617e-03 2.385422e-01 5.467506e-02 5.176532e-01 1.920311e-03 1.688183e-01 -6.351221e-02 -1.035236e-01 -1.486138e-01 5.718105e-03 2.814344e-01 -1.208487e-01 -2.889704e-01 -3.896790e-02 6.051406e-02 2.399611e-01 -3.071226e-01 -2.381074e-01 6.758863e-02 -6.955761e-01 -1.135668e-01 -1.722532e-02 1.998086e-01 -1.509617e-01 -9.434810e-02 -1.920272e-01 -7.227199e-02 1.086219e-01
-1.477885e-02 -1.761913e-01 -2.999601e-01 3.130715e-01 -1.904162e-01 1.315721e-01 1.186602e-01 -3.726646e-02 4.002030e-01 1.625270e-01 -3.804883e-01 3.825982e-01 3.504027e-03 1.809011e-01 -4.795905e-03 -5.981555e-02 9.513661e-02 -1.298275e-01 -3.157995e-01 -1.212435e-01 -3.332488e-01 -5.063857e-01 8.506660e-02 2.028467e-01 -1.512959e-02 7.014059e-02 4.243402e-01 -6.794252e-02 -8.391704e-02 -3.431902e-01 -1.451519e-01 6.622495e-04
-1.738934e-03 1.842920e-01 4.665052e-01 -8.335832e-02 -2.022039e-01 7.158809e-02 -9.735637e-02 -2.108794e-02 -1.973281e-01 -2.294110e-01 -2.118902e-01 -2.351494e-01 -8.787392e-02 -3.763543e-01 -2.093110e-01 -3.057796e-01 7.019632e-02 -4.940796e-02 -3.573017e-01 4.857733e-02 2.933928e-01 6.217833e-02 -3.683822e-01 -5.220814e-02 3.722180e-01 2.253607e-02 -3.345100e-01 3.423035e-01 -2.507745e-01 -1.816420e-01 -1.574827e-01 1.368901e-02
-9.912853e-02 1.419009e-01 -3.912434e-03 3.451479e-02 -2.524221e-01 4.847870e-01 1.844680e-02 1.850097e-01 1.300873e-01 -1.499398e-01 2.593501e-02 -4.229991e-02 4.476732e-02 3.294216e-01 -1.251093e-01 -1.562474e-01 2.437663e-02 1.698464e-01 2.715287e-01 1.046332e-02 -4.632831e-02 2.673632e-01 -2.954222e-01 -1.825899e-02 -4.255755e-02 -4.632682e-01 -1.408814e-01 8.317060e-02 1.801566e-02 3.655946e-01 1.169674e-02 -2.609173e-01
-2.439177e-02 -2.042008e-01 1.454117e-01 5.405030e-01 -7.125713e-02 -4.096203e-03 -3.236553e-01 -1.709810e-02 3.348170e-01 -1.076954e-01 -1.872468e-01 2.145112e-01 1.784151e-01 -2.284787e-01 -2.813186e-01 2.065320e-01 1.922710e-02 2.139512e-01 -1.602884e-01 4.944608e-01 -7.115607e-02 1.275093e-01 6.780393e-03 -1.417166e-01 5.993114e-02 5.545515e-02 1.969851e-01 5.402126e-01 -1.006431e-01 4.768082e-01 -1.756214e-01 2.904306e-02
1.510650e-01 5.597367e-02 1.039224e-01 -2.328274e-01 -1.615112e-01 7.060485e-02 -6.512322e-02 -6.457918e-02 -7.168418e-02 8.118525e-02 2.329970e-01 2.735672e-01 -3.340255e-01 4.808430e-01 2.826787e-01 -2.403175e-01 2.231202e-01 -8.257900e-02 2.106464e-01 1.050018e-01 7.042123e-02 3.237851e-01 4.141168e-01 5.868382e-02 -2.540754e-01 -4.586218e-02 -5.713058e-02 -6.578981e-02 3.255173e-01 4.562887e-01 1.128675e-01 -7.379004e-02
1.400884e-01 3.092177e-01 3.902788e-01 9.072863e-02 -1.642109e-01 2.122494e-02 -3.512174e-02 2.316644e-01 -1.960540e-01 4.036953e-02 4.197406e-01 -2.999440e-01 -6.517342e-02 6.005935e-02 1.620982e-01 -2.035844e-01 -8.504627e-02 -2.441511e-01 -1.364776e-01 5.256267e-02 -1.789086e-01 1.992828e-01 2.468004e-01 -2.416102e-01 -2.259666e-01 3.374959e-04 -2.015292e-01 1.137636e-01 3.040484e-01 -3.419116e-01 4.647278e-02 5.172811e-01
3.426395e-01 -3.018104e-01 -3.951626e-02 -2.302254e-01 1.623715e-01 -1.338270e-01 4.184456e-01 1.384783e-01 -2.845346e-01 2.489956e-01 -2.042121e-01 -1.755980e-01 -1.075856e-01 -5.257054e-02 1.627223e-01 -2.665220e-01 2.748314e-01 -1.313591e-01 -4.160087e-01 5.712613e-01 1.200788e-02 -2.544450e-01 -4.229654e-02 1.555981e-01 -1.523226e-01 -2.777864e-02 -1.145978e-01 6.203843e-02 -5.206245e-02 -2.184788e-01 1.126229e-03 4.439949e-01
5.825812e-02 -1.824178e-01 2.127795e-01 -3.201994e-01 -4.900226e-02 -8.535682e-02 4.915431e-02 -1.313166e-01 -2.892116e-01 -6.377789e-02 5.092659e-01 1.040151e-02 2.160144e-01 3.630021e-03 -2.369974e-01 4.863810e-01 4.212971e-02 1.965870e-01 1.679587e-01 7.808601e-01 7.739844e-02 9.530760e-02 4.191916e-02 -1.135759e-01 1.727695e-01 -1.527765e-01 2.804598e-02 -3.004633e-01 1.648118e-01 6.766063e-02 -5.529580e-02 -1.825285e-01
-2.646291e-01 4.648993e-01 -1.754155e-01 4.586096e-01 -1.118505e-01 9.958666e-02 -2.245683e-01 1.590758e-01 -1.002584e-01 -1.451023e-01 4.099364e-01 -2.452922e-01 -8.900785e-02 2.491354e-02 6.882508e-02 1.779390e-02 6.476645e-02 3.143716e-01 -2.259063e-01 -3.239154e-01 -4.985482e-03 2.741779e-01 3.470465e-01 1.034715e-01 2.436890e-01 4.723982e-01 -4.731665e-02 4.295250e-02 9.825230e-02 2.811438e-01 -1.355297e-01 7.581662e-02
2.051046e-01 4.715541e-01 -5.899404e-02 -1.495096e-01 -2.986536e-01 -2.427622e-01 -1.718099e-01 -1.246418e-02 -1.666470e-01 -2.633887e-01 2.357128e-01 5.774663e-02 -1.841196e-01 3.150794e-02 4.098415e-02 2.066145e-01 1.473876e-01 6.655462e-02 4.617970e-02 -1.400204e-01 1.437467e-01 -4.771447e-01 3.579316e-01 2.717740e-01 -1.246199e-01 8.412071e-02 -1.282132e-01 1.895292e-01 -7.311586e-02 -2.556681e-01 -1.923290e-02 -4.452347e-01
-3.690111e-01 -4.622479e-02 9.334950e-02 4.766097e-03 -1.465528e-01 -2.187897e-01 1.830131e-01 -5.174243e-02 -1.199073e-01 2.675399e-01 -2.839978e-01 -4.673219e-02 -1.303969e-01 -2.949281e-01 1.200311e-01 5.033333e-01 1.099875e-01 4.936192e-01 -1.886164e-01 -5.020011e-01 7.330758e-02 1.115572e-01 -6.651641e-02 3.080787e-01 -1.052219e-01 -4.608830e-02 -3.024075e-02 6.462600e-02 2.000698e-02 -2.222428e-01 6.676351e-02 -1.173009e-01
1.690938e-01 -3.054471e-02 -1.363262e-01 1.817366e-01 1.757462e-02 4.344979e-02 -3.554458e-01 -9.730519e-02 3.852184e-01 -3.404580e-01 1.599937e-01 4.537779e-01 1.053736e-01 1.580773e-01 -1.161874e-02 3.471894e-01 9.848982e-02 2.519096e-01 2.267051e-01 -2.372984e-02 -6.831266e-02 5.560464e-02 1.868694e-01 4.305075e-02 -7.027568e-01 3.197595e-01 2.381361e-01 -2.157630e-01 1.477679e-01 1.042776e-01 1.247713e-02 -1.098515e-02
-2.980618e-01 -1.678948e-01 4.446047e-01 -3.536778e-01 -1.111934e-02 -1.606722e-01 3.468456e-01 -1.688699e-01 -1.847989e-01 -1.559905e-04 -7.338589e-02 -2.680803e-01 6.560562e-03 9.106821e-02 2.581946e-01 -1.523346e-01 -1.866162e-02 -1.628844e-01 -1.593501e-01 1.287091e-01 2.275192e-01 1.940382e-01 -3.510524e-01 5.514373e-02 4.746459e-01 -1.268618e-01 -2.210642e-01 4.744697e-01 -4.359058e-02 -2.538492e-01 2.516857e-02 -1.490876e-01
1.137387e-01 1.714384e-01 4.052060e-01 -1.027615e-01 -2.475279e-01 -1.981626e-01 3.348064e-02 -1.090464e-01 -2.629012e-02 -8.899453e-02 5.966090e-01 -7.643542e-02 6.358384e-02 -2.479379e-01 -7.435213e-02 -7.453658e-02 -2.087855e-01 -2.624383e-01 -1.683036e-01 4.288295e-02 -1.391167e-01 1.544261e-01 1.723089e-01 -2.652059e-01 -3.266858e-01 6.733079e-03 2.345436e-02 -8.139692e-02 3.738035e-01 -4.939723e-01 5.146880e-02 3.365696e-01
-1.746024e-01 4.639048e-02 4.551826e-01 -2.051868e-01 -9.199384e-02 -1.453151e-01 2.604301e-01 1.800192e-01 9.470091e-02 -2.634242e-01 1.371677e-01 -1.221370e-02 3.617058e-01 -1.228367e-01 -2.536925e-01 1.334895e-01 4.639357e-02 4.688405e-03 -6.603599e-01 -3.176605e-01 6.669549e-02 5.618821e-02 -8.812457e-02 1.547010e-01 -1.136765e-01 -2.019707e-02 -6.822520e-02 -3.076935e-01 -1.260668e-01 -5.554667e-02 -1.596678e-01 3.086126e-01
6.274825e-01 -7.987726e-03 1.458295e-02 1.961978e-01 2.725203e-01 -8.799677e-02 1.115670e-01 -3.360219e-02 -3.233019e-01 -9.283124e-02 -3.295321e-01 -1.886365e-01 1.064598e-01 7.674798e-02 1.346527e-01 -1.040372e-01 1.486572e-01 9.888750e-02 1.537543e-01 -4.516127e-02 -9.980845e-02 -2.806849e-01 -1.108518e-02 1.126723e-01 5.321170e-01 3.892188e-03 1.223247e-01 4.811825e-01 -9.994140e-02 1.270330e-01 -1.626825e-02 -2.810082e-01
-1.992641e-03 -1.394446e-01 3.717782e-01 -1.096507e-01 -2.056334e-01 1.851305e-01 4.788946e-01 1.968730e-01 1.371769e-01 2.871063e-01 1.819383e-01 -1.744795e-01 1.203024e-01 -2.480571e-01 7.818581e-02 5.436186e-02 -2.702250e-01 -6.426480e-02 -1.886099e-01 -4.138629e-01 1.486470e-01 -2.036763e-02 1.284509e-01 3.020273e-01 1.080369e-01 -3.689970e-02 1.146113e-01 -3.016063e-01 2.187857e-01 -3.503606e-01 -1.652708e-01 3.223162e-01
-1.201254e-01 8.866130e-04 -3.023639e-01 4.522322e-02 1.106280e-01 -1.277237e-01 2.296364e-02 -4.953002e-02 1.488281e-01 1.946435e-02 2.462887e-01 1.717120e-02 -5.425264e-02 3.971989e-01 5.784283e-01 1.776827e-01 -9.500276e-02 -1.662797e-01 1.565667e-01 2.253250e-01 -5.707684e-01 -1.024448e-01 1.284105e-01 1.537962e-02 3.162487e-01 -1.613795e-01 6.125207e-02 5.387915e-02 -1.507231e-01 -1.571063e-01 2.907079e-01 -8.395609e-02
-2.586833e-01 -9.657446e-02 1.790846e-01 -8.366037e-03 5.614809e-01 -1.080739e-01 -1.784613e-01 -1.295360e-01 -2.590361e-01 3.648738e-01 -8.753881e-03 -2.442493e-01 2.092595e-01 -3.090704e-01 2.052022e-01 8.404189e-02 1.728877e-02 -1.343660e-01 -3.739318e-02 -2.273835e-02 -1.885512e-01 -5.272659e-01 6.354301e-02 -1.110933e-01 -7.162061e-02 -1.044302e-01 7.449833e-02 6.488536e-02 -7.496478e-02 -5.967545e-01 -4.327762e-01 -1.634874e-01
1.662204e-01 3.897645e-01 2.260422e-01 -2.420151e-01 -3.348790e-01 1.068233e-01 -2.249061e-01 1.115754e-01 -2.668253e-01 -6.103817e-02 -1.853458e-01 1.599977e-01 -1.815234e-01 -8.051780e-02 -1.709197e-01 1.225162e-01 -7.960109e-02 -2.354887e-02 -1.797253e-02 -7.253084e-01 -4.942343e-02 -4.312108e-02 -1.024688e-01 -1.101039e-01 -1.465670e-01 1.281997e-01 -7.385445e-02 1.398076e-02 6.471249e-02 5.884500e-02 -2.760966e-01 -1.154944e-01
1.618776e-01 -2.107764e-01 1.192953e-02 1.362626e-01 -8.996380e-03 -2.190822e-01 2.088493e-02 -5.027644e-02 5.030628e-01 -2.452051e-01 3.735744e-02 3.396384e-01 2.004188e-01 1.741475e-01 2.933423e-01 3.156514e-01 -1.153087e-02 2.800331e-01 2.118454e-01 1.271149e-02 -1.549209e-01 1.410463e-01 1.221414e-01 9.108093e-02 -6.713138e-01 3.157229e-01 1.859267e-01 -2.612062e-01 -4.714892e-02 1.605051e-01 5.115595e-02 1.219165e-02
2.060225e-01 4.857189e-02 -1.249750e-02 -6.056473e-02 -3.824416e-01 9.649020e-02 1.969227e-01 -4.473513e-02 3.157369e-01 -2.164291e-01 5.285517e-01 2.389486e-01 -3.558051e-02 3.025574e-01 -5.236057e-02 -1.704997e-01 3.624383e-02 -3.932206e-01 -1.663529e-01 -4.336209e-02 -1.270094e-01 3.621893e-01 1.621800e-01 -5.276762e-02 -1.461815e-01 9.656593e-02 -1.287694e-02 -2.167870e-01 1.884027e-01 -3.193426e-01 8.986767e-02 5.477582e-01
9.268628e-02 8.603676e-02 -2.920110e-01 1.504320e-01 7.140538e-02 3.108745e-01 -2.578925e-01 -1.235125e-01 4.439975e-01 -2.223730e-01 2.783380e-01 7.896425e-02 8.572021e-02 -2.182150e-01 1.310879e-01 1.196166e-01 2.073832e-02 -9.832432e-02 3.505238e-02 3.762084e-01 -6.186718e-01 -4.815698e-02 -4.050520e-02 4.833851e-02 3.805505e-01 -1.055835e-01 1.960982e-01 -1.515104e-02 -1.997469e-01 1.283404e-02 2.860405e-01 4.051935e-02
-3.512591e-01 -1.721839e-01 -2.234216e-01 2.604825e-01 1.865905e-01 -1.493456e-01 1.077534e-01 -4.384854e-02 4.505897e-01 8.784410e-02 3.374259e-01 -1.502180e-01 1.880418e-02 -3.966262e-02 3.165705e-01 -2.975743e-01 1.631271e-01 -1.631627e-01 2.088290e-02 2.733362e-01 1.490305e-01 1.862156e-01 1.831894e-01 1.220363e-01 4.081821e-01 -1.698811e-01 1.609334e-01 5.031376e-01 -1.635397e-01 2.061843e-01 1.903723e-01 1.060257e-01
1.920662e-02 2.018470e-01 1.696941e-01 3.113598e-03 7.569548e-01 -3.209002e-02 -1.485594e-01 -1.416917e-01 -2.397411e-01 -3.751567e-02 2.200749e-02 1.515724e-01 -5.833386e-02 1.170985e-01 -8.808520e-02 -1.265543e-01 1.014709e-01 -1.254458e-01 -1.482614e-02 -2.371621e-01 5.934937e-01 1.746805e-01 3.375612e-02 3.563643e-02 3.674578e-02 -1.720587e-01 -4.592751e-01 1.495503e-01 2.404819e-01 1.327182e-01 -3.321674e-02 -1.917798e-01
-4.022801e-01 6.516027e-02 -1.751108e-02 1.867468e-01 -2.616718e-02 -1.007307e-01 -2.346783e-01 8.945287e-02 5.585905e-01 7.856753e-02 -2.017538e-01 -1.952008e-01 -6.284720e-02 -1.551359e-01 1.712165e-01 -3.373973e-01 2.535469e-01 -3.186997e-01 -1.673650e-02 -4.421778e-01 1.038288e-01 1.963609e-01 1.805272e-01 7.366957e-02 5.896858e-02 -1.733788e-01 7.871783e-02 5.058665e-01 -1.973837e-01 -1.251323e-02 2.295825e-01 4.125031e-02
-9.023079e-02 -1.205705e-01 5.075715e-01 -2.702353e-01 -1.118322e-01 9.673249e-02 1.359780e-01 8.095733e-02 -3.140425e-01 -3.199570e-01 3.196180e-01 -1.142547e-01 1.101141e-01 -2.450994e-01 1.872942e-01 1.189159e-01 -1.876896e-02 1.337352e-01 2.679212e-01 8.823040e-02 3.772714e-01 4.062849e-01 1.987199e-01 1.046270e-01 1.095649e-01 -2.130343e-01 -3.196416e-01 -6.278449e-02 4.369578e-01 1.344061e-01 1.655890e-01 5.296807e-02
6.792761e-02 -8.861576e-02 -1.166875e-01 1.780407e-01 5.627141e-01 1.959503e-01 -5.486210e-02 2.383307e-02 1.792711e-02 3.238627e-01 -4.271973e-01 -3.390285e-01 1.566388e-01 9.593703e-03 1.981249e-01 1.437071e-01 9.834002e-02 -1.669116e-01 -2.617341e-01 -2.552076e-01 -1.129865e-01 -4.752894e-01 -1.245265e-01 -1.729994e-01 -1.449244e-01 -2.267523e-01 1.300535e-01 2.771380e-03 -1.512533e-01 -2.083778e-01 -5.454084e-01 -1.399837e-01
2.541148e-01 3.780593e-02 7.648240e-02 1.820160e-01 3.801251e-01 -3.444624e-01 5.731156e-02 9.844805e-02 -5.014667e-02 -8.534081e-02 4.431227e-01 -2.381324e-01 1.825351e-01 5.026390e-02 3.099569e-01 -1.093846e-01 -5.346270e-01 1.424920e-01 2.657289e-02 3.136269e-01 -2.847599e-02 -1.537476e-01 6.432485e-02 -2.101398e-02 1.497090e-02 2.270274e-01 -5.755153e-02 1.397822e-01 7.288392e-02 -1.047815e-01 5.424510e-01 -6.444097e-02
3.641326e-02 -1.742444e-01 -6.416338e-02 1.784697e-01 2.264199e-01 1.114978e-01 -2.184523e-03 -5.229142e-02 -2.905380e-02 -1.137685e-01 6.025993e-01 1.125447e-01 1.342131e-02 2.253086e-01 1.817033e-01 3.081666e-01 1.904722e-01 1.553232e-01 -3.449458e-02 7.878591e-01 3.554556e-02 1.188168e-01 9.057907e-02 -3.428842e-02 2.479652e-01 -1.132884e-01 6.274258e-02 -5.814766e-02 3.045222e-01 9.748684e-02 1.249736e-02 -5.871432e-02
2.246442e-01 4.415230e-01 -3.465240e-02 -8.743680e-02 -1.075237e-01 1.982711e-01 4.985109e-01 6.150158e-02 4.742695e-03 -9.952283e-02 -1.582957e-01 5.586718e-02 -2.107189e-01 3.705322e-02 -5.193410e-02 -5.051668e-02 -1.966188e-01 8.747005e-02 1.286499e-01 -2.824357e-01 -1.121569e-01 2.488955e-01 -3.223123e-02 -5.342710e-01 -3.221088e-01 9.896386e-02 -2.253494e-01 -1.942468e-01 -1.220878e-01 -7.493120e-02 -1.958831e-02 -1.919030e-01
-1.619931e-01 2.448415e-01 -1.483115e-01 -4.246506e-02 1.403824e-01 -4.024233e-01 -1.178522e-02 2.033738e-02 5.498521e-01 -2.191278e-02 -1.921317e-01 -4.475458e-01 -9.476158e-02 1.196885e-01 -1.018392e-02 -3.157884e-01 -1.486482e-01 -4.420056e-01 -2.436498e-01 -5.516864e-03 4.095173e-02 5.080245e-02 9.686052e-02 -2.073609e-01 3.608346e-01 -9.559537e-02 9.769759e-02 3.737092e-02 2.237617e-01 -4.302288e-01 -4.202128e-01 -2.365934e-01
1.507959e-01 2.287890e-01 -1.452482e-01 -3.720221e-01 6.825514e-02 -1.455775e-01 1.937942e-01 -1.453401e-01 -1.535157e-01 -1.619309e-03 1.027858e-01 -1.869472e-01 -1.274701e-01 5.111781e-01 -5.008462e-02 -3.148913e-01 -7.157732e-02 -1.899737e-01 1.134151e-01 -4.038140e-01 6.594092e-02 -1.088828e-01 -1.006679e-01 1.923277e-01 -7.960705e-02 -3.500110e-02 -2.463323e-01 -4.959198e-01 1.106258e-01 -5.466139e-01 8.937521e-02 1.043451e-03
-2.926794e-01 1.411899e-01 -3.765114e-02 4.564402e-01 -2.554792e-01 1.566118e-01 -2.169523e-01 3.215366e-01 6.132633e-02 -1.608820e-01 2.600028e-02 3.665870e-02 1.770076e-01 -1.487490e-01 4.077851e-01 1.257178e-02 1.033713e-01 3.241802e-01 -1.707273e-01 -6.291447e-01 7.585989e-02 2.717732e-01 1.406449e-01 -2.283408e-01 4.514338e-02 1.106546e-01 -2.424525e-01 -5.165400e-02 -9.855501e-03 9.611343e-02 2.236091e-01 -5.240817e-02
3.684243e-02 -2.177940e-01 -3.194729e-01 2.449218e-01 1.602347e-01 5.039102e-01 1.007480e-01 1.691474e-02 2.161642e-01 2.110649e-01 -4.391648e-01 -1.175754e-02 -4.452616e-02 1.331037e-01 3.254303e-02 6.618010e-02 1.965826e-01 -1.444300e-01 -2.178882e-01 -2.692505e-01 -1.231917e-01 -5.029922e-01 -4.548262e-02 -8.932782e-03 -1.251152e-01 -1.607985e-01 2.352649e-01 -3.954404e-02 -1.278474e-01 -3.701891e-01 -4.304946e-01 -1.440389e-01
2.575462e-01 -6.955304e-02 3.556287e-01 2.176411e-01 1.356839e-01 4.339551e-01 -1.962641e-01 -7.133433e-02 2.359980e-02 -1.389818e-01 -1.332139e-01 2.186039e-01 4.350759e-01 -3.210316e-01 1.768431e-02 -6.917635e-02 -1.792234e-03 6.377500e-02 1.427473e-01 4.250184e-01 -7.965618e-02 1.104035e-01 8.940538e-03 -1.267679e-01 4.026631e-01 5.072547e-02 -1.312308e-01 6.003940e-02 2.309672e-01 5.808374e-02 5.668149e-01 -2.712250e-01
3.009164e-01 2.074379e-01 1.341980e-01 1.487953e-01 -1.852458e-03 -1.693013e-01 2.535927e-01 -1.241044e-01 3.243479e-01 -9.521582e-02 -1.224679e-01 1.066967e-01 -3.684271e-01 2.403113e-01 -1.726470e-01 3.780980e-01 -1.425915e-01 2.119328e-01 9.979002e-02 -2.127031e-01 1.794121e-01 -2.391374e-01 1.031941e-01 -4.701187e-01 -2.944885e-02 -2.638447e-02 -1.665552e-01 -4.512002e-01 -3.933251e-02 -1.392587e-01 -5.593985e-02 1.043580e-02
5.075361e-01 -1.221124e-01 1.736757e-01 1.362063e-01 1.121978e-02 2.448569e-02 -1.113575e-01 -3.171612e-01 -9.542751e-02 2.211231e-02 4.522149e-01 -1.672821e-01 3.839536e-01 -1.883274e-01 1.870829e-01 -6.136578e-02 -2.033019e-01 -1.828415e-01 -9.262292e-02 -7.064521e-03 1.887386e-01 -8.368153e-02 4.138122e-01 2.637112e-01 1.325410e-01 2.985700e-01 3.508262e-01 3.474240e-01 3.099880e-01 -2.997321e-01 6.444133e-02 -1.993140e-02
3.734840e-01 -8.357502e-02 3.444619e-02 1.512614e-01 1.331830e-01 -7.405632e-02 -2.533349e-01 3.685513e-01 1.654983e-01 -2.971039e-01 -1.995440e-01 2.648202e-01 1.481392e-01 -1.005399e-01 6.166862e-02 -2.764376e-01 -2.606578e-02 1.609981e-01 6.301691e-02 5.477421e-01 7.110252e-02 2.710998e-01 2.314082e-02 -1.636729e-01 -4.412298e-02 1.992307e-01 -2.349628e-02 4.054804e-01 5.013204e-02 4.227592e-01 -1.837564e-01 8.030611e-02
-3.068301e-01 4.326899e-01 -1.559580e-01 3.855836e-01 -2.367286e-03 1.757195e-01 -2.669829e-01 1.180616e-01 -1.893641e-01 -9.318233e-02 4.240354e-01 -3.449219e-01 -1.193414e-02 -3.722478e-02 8.054060e-02 5.864147e-03 6.372385e-02 2.251751e-01 -2.514733e-01 -8.814669e-02 -1.808090e-01 3.217390e-01 3.212562e-01 2.958928e-01 1.325631e-01 4.333711e-01 -6.202023e-02 -1.250540e-01 1.135563e-01 3.414828e-01 -1.239805e-01 9.267117e-02
-1.058031e-01 2.563753e-01 8.009449e-02 -1.739177e-01 -2.231498e-02 1.615081e-02 -1.335346e-01 -1.312250e-01 -7.138832e-02 -6.912146e-04 5.057480e-01 -4.019671e-03 2.090060e-01 1.693119e-01 -3.118758e-01 5.019591e-01 2.777570e-03 -1.877064e-02 6.188647e-02 7.378835e-01 2.640728e-01 1.496589e-01 4.027002e-04 -3.563933e-02 -4.796976e-02 -1.257487e-01 -2.424768e-02 -4.559721e-01 -1.888052e-04 -1.264653e-01 8.718472e-02 -5.126885e-02
5.224164e-02 5.264909e-01 7.834116e-02 2.317086e-01 -7.693475e-02 -1.909832e-01 -1.557726e-01 -1.534773e-01 -3.508865e-01 -2.187124e-01 6.387866e-02 -1.008452e-01 -1.721333e-01 -3.976520e-02 -3.702404e-01 -3.605646e-01 3.071060e-02 1.104218e-01 6.634493e-02 1.578698e-01 1.654916e-01 3.752491e-02 1.131492e-01 -3.725503e-02 3.659390e-01 1.764092e-01 -9.665430e-02 4.630195e-03 -1.259609e-02 -2.102537e-01 -4.875235e-01 -5.938579e-01
1.394418e-01 3.154903e-01 4.235207e-01 -2.541047e-01 -2.118818e-01 1.453120e-02 -9.211065e-02 2.940411e-01 1.943067e-01 1.163208e-02 -1.318000e-01 8.317541e-02 -1.790081e-01 -3.084360e-01 -9.821598e-02 -3.773596e-02 4.445978e-02 -2.769489e-01 3.824507e-02 -7.951962e-01 -2.426888e-02 -5.290383e-02 -3.617662e-02 3.705341e-04 -2.150084e-01 5.137993e-02 5.134767e-02 -5.600564e-02 -4.999229e-02 -7.333721e-02 -1.387288e-01 -9.069639e-02
1.667689e-01 -1.975769e-01 3.210831e-01 -2.820832e-01 -1.707384e-01 3.055632e-01 1.079856e-01 -3.473507e-02 -2.304210e-01 -3.192800e-01 -1.348492e-01 4.475554e-01 1.713572e-01 -9.596107e-02 -1.283474e-01 9.831577e-02 5.910389e-02 1.228147e-01 1.909745e-01 -1.991807e-01 1.992744e-01 -1.205951e-01 3.034916e-01 4.167076e-01 -5.339072e-01 2.357465e-01 -1.122837e-01 -1.431554e-02 -1.315404e-01 -3.332455e-02 1.020704e-01 -1.966240e-01
-1.741016e-01 1.702449e-01 5.160160e-02 1.031671e-01 -2.436549e-01 1.354302e-01 -5.904622e-02 -6.751331e-02 3.605872e-01 4.440610e-01 8.212528e-02 -2.584687e-01 1.870351e-01 -2.442704e-01 -2.563130e-01 3.227251e-01 -8.233938e-02 1.045659e-01 -1.404630e-01 -6.412093e-02 -1.997231e-01 -1.425731e-01 -5.615702e-02 -3.203298e-02 -4.926974e-02 2.523158e-01 3.565319e-01 -4.852031e-01 -2.370435e-01 -4.749364e-01 -9.883075e-03 -3.936282e-02
1.443571e-01 -1.391054e-01 5.814519e-02 3.840909e-01 1.068070e-01 -2.956799e-02 -2.626590e-01 -4.123558e-03 -2.390531e-01 -2.227778e-01 2.743711e-01 1.285914e-01 3.372102e-02 5.222350e-01 7.328280e-02 1.976155e-01 6.756713e-02 8.217210e-02 -7.255990e-03 8.169452e-01 8.874486e-02 -8.939078e-03 1.099442e-01 4.468945e-02 2.465480e-01 -4.812489e-03 1.954945e-02 -2.386696e-01 2.898189e-01 -4.005990e-02 1.219288e-01 -2.455008e-02
-2.758375e-01 -9.161367e-02 1.674173e-01 -2.167639e-01 2.697628e-02 -2.803247e-01 4.943812e-01 6.146076e-02 -2.824618e-01 3.237080e-01 -2.343430e-02 -3.089222e-01 -9.651087e-02 -2.013875e-01 1.282070e-01 -8.052404e-02 -7.445562e-02 -2.375874e-01 -3.637396e-01 1.066302e-01 8.154765e-02 -2.844441e-02 -1.828169e-01 -1.582888e-01 5.759937e-01 -1.911515e-01 -2.655802e-01 1.412716e-01 -2.267986e-01 -2.397667e-01 4.432328e-02 -6.979614e-02
5.553451e-01 -4.081291e-01 -2.064655e-02 -3.491685e-01 -1.058526e-02 -7.662963e-02 2.246710e-01 1.003474e-01 1.674055e-01 1.782584e-01 -2.907252e-01 -8.879140e-02 -6.720504e-02 4.501298e-02 7.028031e-02 -8.609058e-02 -2.791861e-01 -1.569572e-01 1.306192e-01 2.926406e-01 -8.688810e-02 -3.780237e-01 -2.639764e-01 -3.190970e-01 -8.873529e-02 -1.865549e-01 1.347804e-01 5.652144e-02 -3.653233e-02 -3.023576e-01 -2.806555e-01 6.712006e-02
-7.581475e-02 -4.482905e-02 2.434690e-01 4.734463e-01 -2.670670e-01 2.374015e-01 -2.267546e-01 -5.971316e-02 1.705900e-01 -2.615537e-02 1.006922e-01 -7.355417e-02 2.219552e-01 -1.515907e-01 -2.560217e-01 2.683529e-01 -2.642455e-02 1.676144e-01 -9.520607e-03 -3.282067e-01 -1.274144e-01 2.136135e-01 -1.145564e-01 -1.684826e-01 -3.105279e-03 2.956878e-01 5.785735e-01 -2.953182e-01 -2.197849e-02 2.406073e-02 -1.687184e-01 -1.179864e-01
-2.465081e-01 -9.566209e-02 4.841667e-01 6.474221e-03 -2.319776e-03 -4.192806e-02 4.320231e-01 2.285576e-01 1.179148e-03 -5.727511e-02 8.837754e-02 -2.223779e-01 2.052273e-01 2.479276e-01 -2.619095e-01 1.350215e-02 2.200952e-02 -1.763732e-01 -3.771783e-01 -3.569984e-01 1.393177e-01 6.899153e-02 6.567616e-02 3.708754e-02 -1.843156e-01 -2.809997e-01 1.122801e-01 -3.229648e-01 -7.713076e-02 -7.546619e-02 -2.757708e-01 3.575563e-01
7.179452e-02 -1.613257e-01 1.422444e-01 2.130207e-01 -5.310789e-02 9.949891e-02 -1.198579e-01 5.310496e-01 -4.025816e-02 -5.341671e-02 -7.290597e-02 -1.941296e-01 -1.673061e-01 -1.893832e-01 3.377008e-01 2.617145e-01 -5.491575e-02 2.513499e-03 1.240445e-01 1.766842e-02 3.516799e-01 1.031621e-01 2.266982e-01 1.513188e-01 3.057464e-02 -1.190238e-01 6.349759e-01 4.532653e-02 1.392735e-01 7.027850e-02 -1.275334e-01 -9.441724e-02
-9.775945e-02 1.479076e-01 2.012201e-01 1.000178e-01 -3.486351e-01 1.604060e-01 9.384362e-02 -1.370123e-01 2.095086e-01 3.609646e-01 5.003152e-01 -5.575635e-02 -3.710193e-02 -2.463328e-01 -3.134761e-01 2.736275e-01 -3.527369e-02 5.263958e-02 -2.382213e-01 -1.767701e-01 -2.536322e-01 -2.261039e-01 9.571993e-02 -2.366016e-01 8.447678e-02 1.681602e-01 4.971078e-01 -2.556590e-01 -2.250630e-01 -4.333920e-01 -6.134594e-02 -1.507247e-01
3.312058e-01 4.371774e-01 2.386367e-01 -9.761744e-02 -1.374688e-01 4.434542e-01 -4.197616e-02 1.095100e-01 7.990217e-02 -3.019305e-01 1.797614e-01 -1.570209e-01 -6.836064e-02 9.654662e-02 1.161150e-02 -1.705963e-01 3.749220e-02 -1.759397e-01 1.222159e-01 3.901424e-01 -1.543252e-01 -6.204664e-02 -2.659046e-01 -2.859559e-01 -1.530581e-02 -1.524035e-01 -4.689597e-02 -2.210762e-01 -7.403255e-02 5.342545e-01 1.876148e-01 1.116217e-02
1.445266e-01 -2.509239e-01 1.435248e-01 1.934126e-01 -2.345283e-01 -1.610966e-01 -5.742488e-04 4.068242e-02 -3.125098e-02 -9.418688e-02 3.187554e-01 1.951825e-01 1.925217e-01 4.343625e-01 -2.328770e-01 6.571530e-02 -3.743323e-02 1.863363e-01 1.260836e-01 -1.736615e-01 -4.142716e-01 1.195166e-01 5.822448e-02 -2.594325e-01 5.963552e-02 1.982348e-01 1.242366e-01 -3.694513e-01 -9.848024e-02 1.809597e-01 -1.956001e-01 -1.994370e-03
2.683886e-01 1.493972e-01 2.701195e-02 7.792677e-02 -1.268327e-01 -1.608598e-01 1.521346e-01 1.908064e-01 -1.211982e-01 5.065313e-01 3.589062e-01 2.681064e-01 7.761779e-02 -1.720979e-01 2.807483e-01 -2.979852e-01 -3.513193e-01 1.402328e-01 -4.147036e-02 3.204480e-01 -1.290994e-01 -3.024579e-02 -4.528226e-01 -7.169189e-02 -1.917355e-01 2.770339e-01 3.586535e-02 3.258620e-01 -2.223285e-01 6.130178e-03 3.928996e-01 -1.112358e-01
2.295606e-01 -2.936360e-02 -1.086443e-01 -3.120105e-01 5.454956e-01 4.649321e-02 1.350212e-01 -9.860314e-02 -2.987103e-01 1.474299e-01 1.288977e-02 -9.530914e-02 -1.509114e-01 1.869444e-01 1.395848e-01 6.890110e-02 1.001099e-01 -1.665990e-01 6.968521e-03 3.971030e-01 2.209572e-01 -6.224123e-02 1.590648e-01 2.331568e-01 1.600462e-01 -2.887084e-01 -4.588704e-01 1.073583e-01 1.312898e-01 -2.115793e-01 1.360838e-01 -1.789447e-01
-1.584989e-01 -1.906545e-01 -7.297445e-02 -2.188760e-01 -1.206092e-01 2.072545e-01 -2.762679e-01 1.266875e-01 -3.385138e-01 -7.969745e-03 1.974062e-01 -3.345789e-01 5.598771e-01 -5.642008e-02 2.314945e-01 -2.210114e-02 1.442000e-01 1.572937e-01 -1.552837e-01 3.440730e-01 -4.031942e-01 1.458431e-01 -1.953208e-01 8.423613e-02 -4.910395e-02 3.864368e-01 1.543313e-01 -2.722055e-02 2.289926e-01 1.327258e-01 1.649634e-01 2.063029e-01
-2.227253e-01 -7.938708e-02 3.701209e-01 -3.149441e-01 -2.546959e-02 -3.320880e-01 2.466871e-01 9.747698e-02 -2.095349e-01 -7.074272e-02 4.294377e-02 4.941182e-01 -2.287323e-02 3.844221e-02 9.494431e-02 -9.013811e-02 -1.476850e-02 5.706848e-02 2.624221e-02 -4.031291e-01 3.520226e-01 5.401015e-02 7.923429e-02 2.061818e-01 -4.392478e-01 3.563796e-01 -1.586090e-01 1.182260e-01 1.885712e-01 -7.885751e-02 1.062236e-01 -1.880486e-01
7.664527e-02 -8.584692e-02 3.331683e-01 1.482045e-01 1.377954e-01 -1.152107e-01 9.380359e-02 -5.864653e-02 -1.782102e-01 -2.189276e-01 5.600768e-01 -1.565836e-01 2.535462e-02 -2.932887e-01 -2.618551e-03 -2.591259e-01 -8.934513e-02 -3.641238e-01 -2.829604e-01 -3.805827e-03 3.324257e-02 1.095942e-01 3.514972e-01 -5.748932e-02 -2.191872e-01 1.061709e-01 -9.714884e-02 -3.182507e-02 2.639979e-01 -4.864809e-01 6.552389e-02 3.598768e-01
6.697197e-02 -1.533448e-01 -2.702641e-01 5.558918e-01 -5.791451e-02 -2.756867e-02 -1.992277e-01 -4.040490e-03 -2.921827e-01 -1.663727e-01 7.741389e-02 -8.877364e-02 1.666282e-01 4.679255e-01 -3.982004e-02 2.881126e-02 2.466086e-02 1.583126e-01 -9.993463e-02 7.225797e-01 1.504568e-01 3.050528e-02 7.777600e-03 9.226231e-02 3.562046e-01 1.281759e-01 -9.943637e-02 -2.818023e-01 1.563227e-01 5.555616e-02 2.089939e-01 3.379267e-02
1.334029e-01 -4.328374e-02 1.356214e-01 2.543541e-01 -2.315827e-02 2.579266e-01 -2.061301e-01 2.129728e-01 -1.853831e-01 -2.350012e-01 -1.064807e-01 -3.743567e-01 4.394524e-01 -1.744696e-01 3.042841e-02 -1.326310e-01 -9.761920e-02 1.168077e-01 -3.157664e-02 2.906878e-01 3.251888e-01 -2.765778e-01 -9.630220e-02 -1.633840e-01 1.961906e-01 -1.693713e-01 -1.149314e-01 -7.714046e-03 -2.948885e-01 -3.913789e-01 -8.752294e-02 3.825083e-01
1.113591e-01 2.166881e-02 2.523633e-01 -3.980272e-01 -6.788366e-02 1.282881e-01 1.084679e-01 -1.544663e-01 -2.432505e-01 -1.448783e-02 3.963931e-01 1.076722e-01 1.675444e-01 5.484945e-02 -3.393315e-01 4.758322e-01 -1.201518e-01 2.446321e-01 1.591493e-01 6.333909e-01 -4.079613e-02 -5.628000e-02 -1.648237e-01 -1.648611e-01 -8.906376e-03 3.806284e-02 1.004148e-02 -3.744984e-01 3.343396e-01 -6.608579e-02 -1.764356e-01 -2.001382e-01
2.597870e-01 -1.190388e-01 2.105508e-01 8.751068e-02 -1.264500e-01 -4.306892e-02 2.403850e-01 -5.129923e-02 1.221415e-01 -2.327614e-01 6.557963e-01 -1.032205e-02 1.890361e-01 6.659571e-02 3.637455e-02 -1.671776e-01 -1.035078e-01 -3.228891e-01 -2.237719e-01 8.488409e-04 9.489780e-03 2.120510e-01 3.194860e-01 -3.948011e-02 -1.445617e-01 1.478614e-01 8.889017e-02 -2.974286e-02 3.400698e-01 -3.959112e-01 8.712664e-02 4.851456e-01
-2.940568e-01 -2.235810e-01 3.436804e-01 1.395783e-01 4.828013e-01 2.271844e-02 1.884660e-02 -3.075484e-01 -4.684057e-02 3.001702e-01 -1.225975e-01 -1.489968e-01 2.793949e-01 -3.099201e-01 1.520528e-01 8.619234e-02 4.397919e-02 -6.902155e-02 -1.339877e-01 -2.904606e-02 -1.933545e-01 -6.105596e-01 -7.979698e-02 -2.308781e-02 -1.357702e-01 -1.470636e-01 1.867941e-01 9.738927e-02 -9.146899e-02 -5.347305e-01 -3.873511e-01 1.934237e-02
-1.617819e-01 2.171030e-01 2.420663e-02 8.504553e-02 -1.335238e-01 -4.057455e-02 -2.353002e-02 1.873460e-01 -3.202530e-01 6.037859e-02 4.253992e-01 -9.984440e-02 5.062240e-01 -8.674755e-02 -5.191634e-02 -2.625696e-01 -6.671696e-03 5.356797e-01 -2.932427e-03 9.478772e-03 -1.523512e-01 1.548045e-01 -1.393037e-01 3.328144e-01 2.416430e-02 6.580539e-02 -1.366685e-01 1.330555e-01 2.113590e-01 3.200763e-02 1.071974e-01 3.227194e-01
-1.760868e-01 -2.047732e-01 -2.427945e-01 6.641844e-02 5.758232e-02 -5.679514e-02 2.638864e-01 -1.193978e-01 -1.433785e-01 -2.101970e-01 -3.379938e-02 3.535893e-01 1.471182e-02 2.963895e-01 4.379422e-01 4.258334e-01 -5.994182e-02 -3.030401e-01 3.918566e-02 2.190150e-01 -5.756506e-01 1.222004e-02 1.311030e-01 9.700663e-02 5.331361e-01 -1.549820e-01 3.860174e-02 -1.640963e-02 -6.327508e-02 2.945397e-01 -9.461164e-02 8.127439e-02
-2.418226e-01 8.488473e-02 1.183304e-01 -2.658553e-01 3.410937e-03 8.597731e-02 2.593723e-01 -1.828131e-01 8.139614e-02 -8.161436e-04 9.369449e-02 -1.210577e-01 -4.679793e-02 5.247216e-01 -2.749027e-01 -3.619963e-01 -3.895580e-01 -6.368849e-02 1.806903e-01 7.862321e-02 3.956709e-02 -1.985592e-01 -2.419614e-01 2.474543e-02 1.426575e-01 2.107086e-02 -5.043603e-01 -1.272797e-01 -1.984836e-01 -2.309444e-01 -1.653720e-01 -7.414083e-03
1.445157e-01 -1.624558e-01 -1.045514e-01 -3.406836e-01 3.069013e-01 7.788476e-02 2.671093e-01 -2.931633e-02 -1.065549e-01 -1.207637e-01 3.756579e-01 -3.875961e-02 2.076746e-02 -4.007540e-03 -4.182838e-02 5.679832e-01 -7.650562e-02 3.145162e-01 4.537250e-02 6.938503e-01 -3.140876e-02 9.031156e-02 5.288947e-02 -1.247962e-01 2.378719e-01 4.503785e-02 7.779977e-02 -3.589904e-01 2.323958e-01 1.068726e-01 -7.132011e-02 -6.692077e-02
-2.817432e-02 6.364018e-02 9.814206e-02 -3.489124e-01 -3.999066e-02 1.367875e-02 -1.690304e-01 -1.227259e-01 -2.019158e-01 -1.816626e-01 3.872035e-01 1.214899e-01 1.583524e-01 1.158217e-02 -3.812927e-01 5.623630e-01 -1.327636e-01 2.062458e-01 2.572161e-01 5.648401e-01 1.558085e-01 1.869104e-01 3.075630e-02 -1.348636e-01 -1.948039e-02 -1.206005e-01 2.822987e-02 -5.118532e-01 1.361651e-01 -1.055603e-01 -4.622014e-02 -1.851928e-01
-3.912714e-02 -1.478620e-01 -1.916618e-01 -7.095685e-02 1.905870e-01 -2.482027e-01 2.479831e-01 1.392508e-01 2.284117e-02 2.852174e-01 1.630959e-01 -8.208438e-02 -8.619766e-02 4.143784e-01 6.000087e-01 1.296043e-01 -7.259037e-02 -3.964833e-01 2.814356e-01 1.591024e-01 -1.935899e-02 -8.376601e-02 3.445981e-01 1.126745e-01 -2.118567e-01 -1.085853e-01 4.645109e-01 -1.729677e-01 6.981178e-02 8.847193e-02 2.877593e-01 -2.778474e-01
-4.641249e-02 -2.628262e-02 3.488476e-01 -5.979457e-02 -1.500404e-01 -2.428083e-01 2.215113e-01 1.108295e-01 -2.584046e-01 7.872938e-02 -1.441381e-01 -2.591374e-02 -1.062998e-01 5.571838e-01 -1.198916e-01 -6.685573e-02 -5.209076e-02 2.795048e-02 -6.960003e-03 -4.071367e-01 5.160704e-01 -9.472630e-02 1.125586e-01 -4.555593e-02 -3.401371e-01 5.616121e-02 -2.935305e-01 -2.330344e-02 2.818871e-01 -1.054180e-01 -2.387199e-01 8.852568e-03
-2.098158e-01 -8.831359e-02 -9.527124e-03 4.784610e-01 1.736878e-01 -5.229666e-03 -4.462915e-01 2.005070e-01 4.480816e-01 2.004752e-01 -1.491158e-02 1.258793e-01 -5.172640e-04 -2.138107e-01 1.115916e-01 -9.717377e-02 7.024006e-02 9.471771e-02 2.833096e-01 -2.245985e-01 1.936805e-02 8.293052e-02 1.294363e-01 1.603712e-01 -2.642628e-02 -4.858987e-01 3.973453e-02 -7.374916e-02 2.193961e-03 -1.765833e-01 5.685310e-01 2.022941e-01
-8.021626e-02 -2.285353e-01 -1.094500e-01 -1.075139e-01 2.227025e-01 1.924935e-01 -1.287358e-02 -9.403575e-02 1.502628e-01 1.447806e-01 -4.145933e-01 1.961038e-02 2.274393e-02 -1.371753e-01 4.911190e-02 4.327195e-01 1.255833e-01 2.952908e-01 2.065674e-01 -3.200721e-02 8.132321e-02 -1.946552e-01 -2.548814e-01 1.399114e-01 1.718320e-01 3.267486e-02 1.737327e-01 1.417359e-01 -3.469641e-01 2.817516e-01 -7.186336e-02 -4.893697e-01
-3.414821e-02 -3.373470e-01 -1.479246e-03 -5.338777e-02 -1.979651e-01 9.883430e-02 -1.353399e-01 3.943530e-01 1.579324e-01 -9.242073e-02 -2.180539e-01 4.147537e-02 -2.131279e-01 -2.171121e-01 3.892840e-01 1.390275e-01 -3.568904e-02 2.554808e-01 -5.781841e-02 4.384003e-01 1.019487e-02 1.279810e-01 1.164379e-01 -2.213074e-01 -6.256017e-02 9.433052e-02 2.066322e-01 4.368773e-01 -5.218091e-02 5.510287e-01 -1.058768e-02 5.527431e-02
3.449886e-01 -4.806995e-02 2.205618e-01 -2.718114e-01 -2.989826e-02 -3.371276e-02 1.335033e-01 1.074145e-01 -1.691334e-02 9.121448e-04 3.976641e-01 1.180939e-02 5.425448e-01 2.705412e-01 2.853549e-01 2.032575e-01 -1.557197e-01 6.285638e-02 1.057990e-01 -2.454282e-01 1.642122e-01 -2.310514e-01 4.120613e-01 3.716615e-01 -2.146570e-01 4.027963e-02 -7.730598e-02 8.692585e-03 1.552143e-01 -1.055222e-01 1.510508e-01 -5.633818e-01
1.168300e-01 -1.600883e-01 -1.809731e-01 3.524997e-01 1.710614e-01 2.174509e-01 -3.827826e-02 2.474873e-02 4.397238e-01 -2.202251e-01 1.402880e-02 -3.445099e-02 -6.004065e-02 -3.297860e-02 2.798400e-01 2.358440e-01 -1.819988e-02 7.382885e-02 2.994545e-02 3.183087e-01 -3.985770e-01 9.020942e-02 3.853555e-02 1.001528e-01 6.098245e-01 -1.430801e-01 1.020895e-01 -6.092442e-02 -1.840233e-01 3.261133e-01 1.838388e-02 6.662706e-02
-3.446953e-01 -8.405989e-02 8.695336e-02 5.457348e-01 4.408938e-02 6.238966e-02 -1.672052e-01 1.518310e-01 1.651386e-01 1.216825e-02 -1.736469e-01 2.883078e-01 1.941037e-01 -3.410790e-01 -1.114764e-01 1.300641e-01 4.464420e-02 2.403694e-01 -8.104210e-02 4.490624e-01 -6.109238e-02 1.265701e-01 1.230078e-01 -1.041808e-01 1.164950e-01 4.227071e-03 2.258790e-01 4.362717e-01 -1.166446e-01 5.528057e-01 -1.475984e-01 -1.438819e-02
1.845023e-01 -3.660280e-01 4.838666e-01 -5.875262e-02 1.268291e-01 9.717435e-02 -2.245341e-01 3.151075e-03 1.008953e-01 9.751362e-02 -3.573989e-01 2.616237e-02 -1.084051e-02 7.254855e-02 -1.871392e-01 -1.754899e-01 -1.139255e-01 -1.568686e-01 1.336077e-01 5.509086e-01 -4.208340e-02 -2.509021e-01 -1.142239e-01 3.228029e-01 7.564493e-02 -2.203955e-01 9.898439e-03 1.438275e-01 -6.839806e-02 -3.310600e-02 -1.893616e-01 4.076261e-02
3.025120e-02 -2.763011e-01 2.034357e-01 2.412039e-01 -2.484719e-01 1.902676e-01 -1.620338e-01 -3.341030e-02 2.440251e-01 -1.434775e-01 -2.714772e-01 8.100089e-02 2.118207e-02 -3.246748e-01 1.238844e-01 3.929842e-01 1.450168e-02 1.974816e-01 -2.841411e-01 3.855900e-01 1.240574e-01 1.207298e-01 5.509987e-02 -1.194383e-01 3.860523e-02 6.240997e-02 2.080548e-01 4.001573e-01 -1.262010e-01 6.060440e-01 -5.443038e-02 8.538862e-03
-4.857058e-02 5.589573e-02 4.184005e-01 -3.596948e-01 -3.724352e-02 -1.409584e-02 2.206792e-02 -2.761807e-01 -3.355732e-01 -3.669669e-01 4.484739e-01 -3.283373e-02 -7.455718e-03 -8.334926e-02 -7.627226e-02 2.490843e-02 2.878438e-02 2.846701e-01 3.545657e-01 1.922213e-01 3.166964e-01 5.237611e-01 -3.040697e-02 -4.899393e-02 -5.598225e-03 -5.565865e-02 -4.215721e-01 8.065253e-02 8.099115e-02 3.287905e-01 2.571979e-02 -3.639316e-03
2.075327e-01 -1.967223e-01 3.448413e-01 5.946671e-01 -6.297762e-02 -6.266610e-02 -2.736149e-01 -1.354645e-01 1.577153e-01 -1.222048e-01 -1.485735e-01 1.036396e-01 2.976172e-01 -1.089023e-01 -2.008995e-01 2.408897e-01 2.744150e-03 1.612826e-01 -1.780498e-01 4.328184e-01 1.921518e-03 1.328095e-01 -2.201322e-02 -1.528763e-01 5.728427e-02 9.345826e-02 2.057976e-01 5.106943e-01 -1.580307e-01 5.776343e-01 -9.313115e-02 1.936579e-02
1.741904e-01 2.829439e-01 4.430210e-01 -2.571946e-01 -3.243648e-01 -1.273904e-01 -1.042375e-01 -5.036409e-02 -1.853125e-01 -1.659263e-01 4.808116e-01 -1.135293e-01 -9.254934e-02 2.935164e-02 -5.145779e-02 -1.755474e-01 -6.741911e-02 2.409350e-01 3.230978e-01 3.974983e-01 1.273400e-01 4.887085e-01 -8.042424e-02 5.831489e-02 1.138717e-01 1.957032e-01 -3.866090e-01 3.016519e-02 4.100036e-02 2.855511e-01 2.991953e-02 1.945927e-01
-1.669378e-01 -3.677993e-01 -1.633018e-01 -4.578694e-02 2.971850e-01 -9.668102e-02 2.635837e-01 1.854021e-01 -6.375436e-02 -6.648596e-02 -1.941623e-01 2.784607e-01 -2.736738e-01 2.856634e-01 4.461879e-01 1.956450e-01 -1.295683e-01 -6.542185e-02 7.739586e-02 3.580828e-01 -5.069193e-01 -4.151164e-03 1.179904e-01 9.406222e-02 6.006721e-01 -1.891721e-01 4.223943e-02 1.521051e-01 -2.405183e-02 2.096136e-01 -1.486821e-01 5.197342e-03
-2.672251e-01 2.410441e-01 6.028261e-02 -1.863700e-01 -5.573238e-02 7.839558e-02 7.454184e-02 1.032279e-02 4.458527e-01 3.346036e-01 -2.594901e-01 3.962951e-02 -9.038936e-02 -3.248517e-01 4.025281e-02 -2.215377e-01 -7.845682e-03 -8.146454e-02 3.932328e-02 -7.784439e-01 -1.056853e-01 -8.952448e-03 -5.342624e-02 -8.853532e-03 -3.097655e-01 -6.716140e-02 -4.985601e-02 2.242500e-01 -2.293475e-01 -1.366209e-02 -6.116101e-02 1.089972e-01
-2.758100e-01 -1.310103e-02 2.439466e-01 1.833079e-02 1.218126e-01 -1.415118e-01 -9.816946e-02 -1.980751e-01 6.070185e-01 1.503510e-01 -4.091035e-01 -1.590589e-01 2.094452e-01 -9.837981e-02 -3.229725e-01 -2.346358e-02 6.621112e-02 3.132307e-01 -1.540108e-01 3.062937e-01 -4.868359e-02 3.371090e-03 -2.169229e-02 3.343520e-02 -3.065865e-02 9.454506e-02 3.644056e-01 2.655754e-01 5.231004e-02 7.231980e-01 -1.563774e-01 7.370263e-04
5.104887e-02 8.031130e-02 1.467083e-01 1.908422e-01 6.212134e-01 -1.140044e-01 -2.178262e-01 -8.566986e-02 -2.172805e-01 -1.938393e-01 9.120307e-02 2.598303e-01 2.376720e-02 2.749003e-01 -2.486920e-01 -1.029253e-01 1.396692e-01 -1.135238e-01 8.279101e-02 -3.369558e-01 4.589580e-01 3.395977e-01 -3.522848e-02 -6.200137e-02 7.795610e-02 -8.203008e-02 -3.856653e-01 3.187097e-02 2.164127e-01 3.195383e-01 -1.156759e-01 -9.686317e-02
-3.201930e-01 1.937883e-01 4.202575e-01 4.736235e-01 -3.205352e-03 -2.226613e-01 -8.998730e-02 -3.856637e-01 -3.770487e-02 -2.072167e-01 6.552722e-02 1.157264e-01 2.389044e-01 1.958212e-03 -2.480455e-01 1.315315e-01 2.843308e-01 1.437951e-01 1.170854e-02 -2.390239e-01 2.502374e-01 3.419948e-01 4.849397e-02 4.803531e-01 8.081116e-02 5.061276e-02 -2.146384e-01 4.398655e-01 1.273038e-01 1.144150e-01 5.423298e-02 -1.444333e-01
-2.076854e-01 4.178458e-01 -9.246673e-03 2.715832e-01 -2.398040e-02 1.604962e-01 -1.792922e-01 1.586563e-01 -2.398044e-01 6.555519e-02 5.005379e-01 -2.856345e-01 1.697043e-02 -1.782670e-02 8.130649e-02 -6.100858e-02 1.249303e-01 4.161490e-01 -6.772806e-02 -1.019866e-01 -1.960312e-01 3.179526e-02 1.143213e-01 1.998087e-01 -4.292282e-02 3.192087e-01 -1.058617e-01 -3.610727e-01 1.476976e-01 2.406413e-01 1.884043e-01 2.156799e-01
1.939230e-01 3.701816e-01 1.398363e-01 8.072452e-02 -2.390356e-01 1.761767e-01 -2.016219e-01 -1.260275e-01 -1.373149e-03 2.572366e-01 2.524836e-01 -3.337453e-01 4.428913e-01 -2.119204e-01 -2.367247e-01 -1.379446e-01 1.605136e-01 1.183955e-01 -1.106834e-01 -4.075646e-01 3.923241e-01 -5.089694e-02 -9.567496e-02 -7.799980e-02 -6.076813e-01 1.573647e-01 -1.393355e-02 -2.032085e-01 1.681889e-01 -9.912516e-02 1.269682e-01 2.076188e-02
1.086259e-01 3.937637e-01 7.978293e-02 7.493804e-02 1.385925e-01 1.146156e-01 5.556290e-01 -1.044684e-01 1.766789e-01 -2.212721e-02 2.253400e-01 -1.446666e-02 -3.893520e-01 4.048909e-02 -1.462306e-01 -5.524305e-02 -2.126674e-01 2.034208e-02 3.122029e-02 -4.240881e-01 -5.677946e-03 3.155877e-01 7.434567e-02 -5.775846e-01 -1.857219e-01 -4.709366e-02 -1.791744e-01 -5.678588e-02 1.896690e-02 -6.784256e-02 -1.998295e-02 -2.615483e-01
-2.549493e-01 4.295712e-01 -1.414983e-01 3.733605e-01 -1.311391e-01 8.104619e-02 -2.158576e-01 2.101026e-01 -1.316079e-01 1.938147e-02 4.227762e-01 -1.909067e-01 -1.060458e-01 3.422726e-02 1.284463e-01 1.053646e-02 1.319310e-01 3.854504e-01 -9.912661e-02 -4.452613e-01 -5.384059e-02 3.026155e-02 1.267016e-01 -1.653187e-01 -2.488267e-03 2.643566e-01 -1.657884e-01 -2.843496e-01 9.969282e-02 2.064177e-01 2.279996e-01 1.551311e-01
-1.541496e-01 -1.141840e-01 -3.611123e-01 8.296367e-02 2.803296e-01 1.943042e-02 5.104636e-01 -1.477521e-01 -2.676278e-01 -1.371370e-01 1.835887e-01 -2.453419e-01 3.550348e-02 7.785636e-03 6.175634e-02 -1.074109e-02 -2.448720e-02 -1.041340e-01 -1.250814e-01 -9.926836e-02 -6.742372e-02 -1.612815e-01 3.573021e-01 4.407387e-01 -3.384988e-02 2.479059e-01 8.595229e-02 -2.645903e-02 4.750850e-01 -2.632681e-01 -2.980534e-02 -2.959988e-01
3.874119e-01 -2.494382e-01 2.921407e-01 -3.586053e-01 9.897364e-02 7.499476e-02 4.210711e-01 1.987233e-01 7.594562e-02 -1.319142e-01 2.721007e-01 1.786962e-01 4.980364e-02 2.868896e-01 1.036485e-01 1.424929e-01 -7.992079e-02 5.202649e-02 1.158407e-01 -5.240887e-01 1.436824e-01 -2.116615e-01 2.517810e-01 1.355007e-01 -3.137100e-01 -8.115813e-02 5.152072e-02 8.091570e-02 1.416341e-01 8.327059e-02 3.762446e-02 -4.818604e-01
3.223728e-01 -3.928330e-02 -9.076647e-02 8.827257e-02 -1.417143e-01 6.456726e-01 1.161409e-01 1.806646e-01 9.507997e-02 3.519445e-02 -2.512054e-01 -3.084516e-01 -1.857196e-01 -2.734159e-02 8.982742e-02 2.993486e-01 2.455264e-01 -8.229204e-02 -2.659136e-01 -8.163704e-02 -7.560461e-03 -4.112622e-01 6.856390e-03 -6.462181e-02 -1.434507e-01 -7.001673e-02 -2.525830e-02 6.606051e-03 -2.021917e-01 -4.111980e-01 -6.414624e-01 1.094783e-01
-3.127289e-01 6.971335e-02 -9.502782e-02 5.299926e-01 -3.802195e-02 1.845717e-01 -1.675385e-01 -2.817726e-01 2.452020e-01 8.292288e-02 5.542435e-02 -2.367739e-02 2.042044e-01 -3.686134e-01 1.913481e-01 -3.403185e-01 1.033409e-01 5.974237e-02 1.307027e-01 3.457225e-01 -2.162389e-02 5.531590e-01 9.966135e-02 -2.960408e-01 1.589716e-01 7.528704e-02 5.731542e-03 3.436918e-01 6.754845e-02 -9.645067e-02 3.817772e-01 -3.198135e-01
5.405719e-01 -3.759865e-01 -3.596351e-02 -1.321522e-01 1.183390e-01 -1.155853e-01 3.031205e-01 -4.488049e-02 -2.909396e-01 -1.192517e-01 1.682869e-01 8.961916e-03 1.831133e-01 2.419333e-01 -7.520672e-04 6.856196e-02 -2.128114e-02 1.332704e-02 -9.735557e-02 7.285077e-01 -2.310568e-02 -1.402321e-01 -2.191967e-03 -1.392687e-01 4.527748e-01 6.667258e-02 8.492552e-02 -1.012489e-01 2.816186e-01 1.475542e-01 -4.787213e-02 -6.018627e-02
3.525380e-01 -3.758845e-03 5.927692e-01 -4.211079e-02 -2.856136e-01 -1.165820e-01 -6.395010e-02 1.302503e-01 1.188689e-01 -2.178967e-01 -1.523344e-01 -1.968727e-01 -2.043058e-01 -1.841503e-02 1.444325e-01 -3.766121e-03 8.758916e-02 1.542510e-02 -3.586804e-01 1.781987e-01 5.965204e-01 1.912139e-02 -1.843538e-01 2.030777e-01 4.245510e-01 -3.269079e-02 5.060438e-02 1.822118e-01 -1.109956e-01 1.485309e-02 -3.163521e-02 4.081274e-02
-2.932462e-01 -2.451664e-01 1.612004e-01 -3.634120e-01 8.868092e-02 -1.664475e-01 4.956032e-01 -2.137631e-01 -4.726549e-02 1.982626e-01 3.177210e-02 -2.212943e-01 3.095426e-02 5.723257e-02 3.155461e-01 -9.936947e-02 -1.264563e-01 -3.248317e-02 -1.405357e-01 2.795817e-02 1.534176e-01 1.089946e-01 -2.011587e-01 1.323883e-02 6.439711e-01 -3.155712e-01 -2.292870e-01 3.240637e-01 -4.682253e-02 -2.351685e-01 -1.315729e-03 -7.931536e-02
3.655044e-01 1.523870e-01 -1.243049e-01 -2.531194e-01 1.730078e-01 -2.064907e-01 2.353375e-01 5.493323e-02 1.553012e-01 4.527330e-01 3.843107e-01 8.678514e-02 1.236709e-01 -8.315834e-02 1.905390e-01 -3.389166e-01 -1.788917e-01 -3.815031e-02 1.207413e-02 1.134617e-01 -1.690392e-02 -4.050573e-02 -1.446130e-01 4.527483e-02 -1.839156e-02 5.689023e-02 -2.427013e-01 3.685964e-01 -1.314121e-01 -3.599219e-01 7.091040e-01 -1.551605e-01
5.410989e-01 -4.639402e-02 6.385352e-02 -3.130302e-01 2.726332e-01 -5.069353e-02 4.212573e-02 -4.486465e-02 -7.723853e-02 -2.374215e-01 1.059661e-01 -4.229875e-01 2.153061e-01 1.309308e-01 1.242527e-02 8.358575e-02 -3.370357e-01 1.689214e-01 2.376064e-01 -5.876485e-01 4.721354e-02 1.524347e-01 5.499731e-02 -1.126011e-01 -2.002604e-01 2.132048e-01 7.847941e-02 -3.646634e-02 1.626699e-01 1.724991e-01 3.580601e-01 -2.754770e-01
8.649601e-02 -7.707272e-02 3.502286e-01 6.119536e-01 -8.851274e-02 2.822765e-02 -1.966059e-01 1.669550e-02 -8.314331e-02 -1.590744e-02 -1.079762e-01 1.613477e-01 3.005693e-01 -3.329085e-01 5.983388e-03 2.401293e-01 1.101153e-02 1.437608e-01 -1.894033e-01 3.864352e-01 5.014256e-02 1.082649e-01 7.113408e-02 -1.321965e-01 6.599689e-02 6.214437e-02 1.981684e-01 4.264657e-01 -1.412084e-01 6.616955e-01 -2.846840e-02 -3.960029e-02
4.492750e-01 2.014305e-01 -1.458438e-01 -3.331737e-02 8.565879e-02 4.059502e-01 -3.615427e-01 -3.425050e-03 -4.932458e-02 -1.979232e-01 1.234896e-01 8.230087e-02 -1.166976e-01 2.647577e-01 1.124981e-01 -1.773040e-01 -1.444414e-01 -4.481212e-01 3.172189e-01 -5.188448e-02 -3.857573e-02 -1.316656e-01 1.491355e-01 -2.185879e-01 7.539397e-02 1.154282e-01 -4.418055e-02 -6.314924e-03 2.815856e-01 3.843821e-01 2.824666e-01 -1.241947e-01
-3.178462e-01 -2.334097e-01 -2.538259e-01 1.800641e-01 3.648631e-01 9.971139e-02 -1.264194e-01 -1.973124e-01 1.438373e-01 -1.328498e-01 4.725605e-01 -2.897676e-02 8.509555e-02 -1.428112e-01 1.966843e-01 3.738108e-02 -4.127008e-01 -1.590546e-01 1.735792e-02 3.876038e-01 1.865330e-01 6.053207e-03 2.414377e-01 -2.985211e-02 -1.752057e-01 -1.121236e-01 -3.203258e-02 -2.632174e-01 3.310249e-01 1.118952e-01 1.451810e-01 2.862890e-03
4.042805e-02 -1.304391e-01 -2.035737e-01 1.875570e-01 9.524432e-02 9.778249e-02 -1.263527e-01 -1.338869e-01 4.768026e-01 -2.658902e-01 2.563242e-01 3.052022e-01 1.551029e-01 -2.077513e-01 2.888330e-01 2.643688e-01 -1.838070e-02 -5.812483e-02 2.845755e-02 3.714010e-01 -6.118473e-01 2.143824e-02 5.939483e-03 1.823585e-01 4.488401e-01 9.102324e-03 1.278331e-01 -1.305443e-02 -1.692184e-01 2.201701e-01 2.477959e-01 -1.005995e-01
-5.567654e-02 -1.477459e-01 -3.060945e-01 4.194092e-01 5.915919e-02 7.723451e-02 -3.092390e-01 1.536896e-01 -2.576165e-01 -3.305208e-01 3.982814e-01 -1.017061e-01 7.779103e-03 2.731620e-01 2.526892e-02 2.022547e-01 1.680155e-01 -1.505252e-01 2.127513e-01 5.714706e-01 1.379263e-01 -2.634725e-01 2.410907e-01 -2.819189e-01 -1.904060e-01 -3.538694e-02 9.377418e-02 -1.584718e-01 1.492528e-01 1.221416e-01 1.982365e-01 -2.294419e-01
-5.505540e-02 -1.756295e-01 -2.462425e-01 1.514602e-01 5.764911e-01 1.192057e-01 2.358981e-03 5.824293e-02 3.465863e-02 2.617255e-01 -4.900978e-01 -1.879276e-01 1.287567e-01 -5.158160e-02 1.691354e-01 2.202409e-01 6.539828e-02 -1.909265e-01 -3.017396e-01 -3.893637e-01 -9.669960e-02 -5.259631e-01 -4.956955e-02 -1.984317e-01 -8.940184e-02 -2.498192e-01 2.361172e-01 9.753133e-03 -8.302408e-02 -2.565125e-01 -3.069218e-01 -1.780864e-01
-9.242723e-02 3.542624e-02 2.672271e-01 -8.456741e-02 -4.213731e-01 7.604709e-02 1.430894e-01 -1.571075e-01 8.823302e-02 -1.363198e-01 6.655126e-01 6.596951e-02 9.609805e-02 2.429827e-02 -9.634101e-02 -1.432997e-01 -7.654095e-02 -2.393856e-01 -1.064892e-01 -6.828405e-03 -6.379724e-02 2.795165e-01 2.950583e-01 -1.451092e-01 -3.496577e-01 -2.947818e-02 -4.953877e-02 -1.968381e-01 2.558632e-01 -5.029083e-01 9.174058e-02 3.894190e-01
-8.389839e-02 -5.722931e-02 4.857303e-01 2.665254e-02 3.884519e-02 2.837397e-01 8.695902e-02 -2.943321e-01 3.627215e-01 4.435871e-02 2.835706e-01 1.419218e-01 -1.068702e-02 -9.375320e-02 -3.663795e-01 3.249828e-01 -1.403829e-01 2.246747e-01 -2.399554e-01 -5.502997e-02 -6.289467e-02 -2.037320e-01 2.020076e-01 -3.059005e-01 1.583290e-01 2.695260e-01 4.430287e-01 -3.964839e-01 -4.431543e-02 -2.412204e-01 -9.333807e-02 -2.561575e-01
-1.128742e-01 -1.743814e-02 -2.435511e-01 5.015079e-01 3.593034e-02 -1.491395e-01 -1.452659e-01 1.385597e-01 1.729225e-01 1.909218e-03 -3.277355e-01 -9.884015e-02 -1.751402e-01 -2.472147e-02 3.923141e-01 -4.258695e-01 1.439342e-01 -2.187390e-01 -1.994708e-01 -6.370451e-01 3.850266e-02 3.796706e-02 1.505036e-01 2.066328e-01 -1.367008e-02 -6.188669e-02 -3.218412e-02 3.649855e-01 -3.069856e-01 7.982728e-02 1.395680e-01 1.867912e-01
-1.156396e-01 -2.603514e-01 3.409970e-01 -7.276831e-02 -8.845186e-02 -2.957975e-01 2.960324e-01 -1.832561e-01 -5.152122e-02 4.319650e-01 -1.202623e-01 -2.165420e-01 -1.946694e-01 -1.831613e-01 1.689384e-01 1.595560e-01 2.621216e-02 -1.157517e-01 -4.851891e-01 1.472651e-01 2.200148e-01 -1.000677e-01 1.134263e-01 -1.685197e-01 4.513752e-01 -2.779077e-02 -1.166110e-01 -9.974115e-02 -4.087827e-01 -6.145142e-02 1.427309e-01 -1.027860e-01
1.289331e-01 8.389055e-02 -2.612563e-01 4.758267e-01 -2.267486e-01 1.891782e-01 -3.219580e-01 -1.191996e-01 9.647545e-02 4.137481e-01 -6.321970e-02 -1.043483e-02 2.572035e-01 -1.385362e-01 2.287949e-01 -3.365215e-01 -5.308436e-01 1.217156e-01 9.533428e-02 1.956918e-01 -8.353393e-02 4.820212e-01 -1.098951e-01 -3.335796e-01 1.404019e-01 2.285663e-01 -4.753964e-02 -1.192152e-01 -5.937518e-02 1.140270e-01 2.541024e-01 -3.030744e-01
-7.179887e-02 -2.672684e-03 -2.060269e-01 -9.562869e-02 2.971663e-01 2.645929e-01 -2.792240e-01 3.033366e-02 -4.667815e-02 1.666091e-01 -3.278233e-01 -2.511027e-01 -1.916562e-01 -7.050695e-02 3.194612e-01 2.422109e-01 1.567351e-01 2.853932e-01 1.251182e-01 -6.522615e-02 -1.503100e-01 -1.760408e-01 -1.216553e-01 1.884241e-01 3.670488e-01 -1.435252e-02 6.871216e-02 3.406648e-01 -2.913825e-01 3.776157e-01 -6.645284e-03 -2.755205e-01
-3.151240e-01 -1.457486e-01 -1.911524e-01 -3.225643e-01 -1.911902e-01 -5.918129e-03 3.670236e-01 8.426331e-02 1.659781e-01 3.134953e-02 -1.290584e-01 -2.170637e-01 3.099748e-02 3.156823e-02 3.744599e-01 -4.279255e-02 -1.759149e-01 8.246010e-02 -9.844120e-02 3.772793e-01 -2.569518e-01 -4.167702e-01 2.147162e-01 1.589571e-01 -1.278081e-02 7.900914e-02 1.300173e-03 -7.873285e-02 -1.190784e-01 -4.152691e-01 1.679324e-01 1.627167e-01
6.503681e-01 -6.543632e-02 1.122926e-01 4.870149e-02 1.464045e-01 -1.162981e-01 1.873082e-01 -1.972748e-01 -2.791852e-01 -5.251329e-02 7.655916e-02 -2.355281e-01 2.254999e-01 -1.603480e-01 1.507545e-01 -2.246674e-01 4.448660e-02 -1.996318e-01 2.216858e-02 4.088850e-02 -1.901858e-01 -1.094273e-01 3.703736e-01 2.724530e-02 3.582755e-01 -7.823446e-02 2.175401e-01 3.461033e-01 1.163762e-01 -3.176469e-01 3.517113e-01 -3.274881e-02
-2.653539e-01 -1.892539e-01 -3.825636e-02 4.337887e-02 -1.852148e-01 7.677348e-02 -3.458984e-01 2.295356e-01 -3.447191e-01 2.106607e-02 -8.488043e-02 4.080278e-02 4.913617e-01 -7.760020e-02 1.399795e-01 -2.094783e-01 1.437981e-01 1.902018e-01 -9.029055e-02 2.729868e-01 2.973646e-02 -1.304616e-01 6.694504e-03 7.069422e-01 1.917228e-01 1.035754e-01 -8.869042e-02 1.608454e-01 -2.502196e-02 1.211869e-01 -3.626284e-02 2.407379e-01
2.331804e-01 -6.279725e-02 1.217116e-01 3.983892e-01 -1.122691e-03 -3.692730e-01 1.916778e-02 1.551262e-01 -2.530763e-01 7.758998e-02 4.834674e-01 3.193644e-02 1.855111e-01 9.502348e-02 1.408875e-01 7.320628e-02 -6.713377e-01 6.872396e-02 8.630854e-02 2.961065e-01 -1.838564e-01 -2.268727e-01 -9.016765e-02 -5.190582e-03 -1.673596e-01 2.416532e-01 2.082301e-02 3.086679e-02 1.305837e-02 7.271446e-02 2.781176e-01 -1.312421e-01
3.231511e-01 5.326941e-02 9.929071e-02 8.003278e-02 -1.791145e-01 -2.770837e-01 2.334381e-01 3.708953e-02 -2.952266e-01 3.297514e-02 5.273407e-01 -7.514536e-02 3.594967e-02 -2.885683e-03 2.765185e-01 -3.519205e-01 -1.038836e-01 -4.481150e-01 -1.114260e-01 1.689007e-01 -2.161344e-01 1.501286e-01 3.053587e-01 -2.715084e-01 -1.835613e-01 -3.994007e-02 -1.423329e-01 -5.871376e-02 3.288240e-01 -4.080645e-01 9.175783e-02 2.715069e-01
3.089087e-01 -9.603778e-02 4.629776e-01 -3.179743e-01 -2.946578e-01 3.042555e-01 3.363259e-01 4.757387e-03 -2.545415e-01 -4.787904e-02 -4.571187e-02 -6.946415e-02 7.865934e-02 4.407136e-02 -2.174492e-01 -8.374853e-02 -1.114890e-02 -9.164852e-02 -3.699418e-01 5.577679e-02 6.040859e-01 5.990550e-02 -2.548417e-01 1.391741e-02 3.307693e-01 -1.188242e-01 -3.457181e-01 1.611520e-01 1.211625e-01 -1.415490e-01 -1.442769e-01 2.746044e-02
-1.511634e-01 -7.227729e-02 -8.746973e-02 -1.291875e-03 -2.458782e-01 -2.991076e-01 2.204062e-02 -2.419985e-02 1.860587e-01 -5.455212e-02 2.793030e-01 6.593851e-01 -3.051857e-02 3.160641e-02 -2.121582e-01 -2.380275e-01 3.179057e-02 -2.047098e-01 8.175334e-03 1.574402e-01 3.043264e-01 5.715626e-02 8.258488e-03 -5.584763e-02 -4.448188e-01 1.867398e-02 -1.485587e-01 -6.248946e-01 1.979190e-01 -1.246827e-01 -7.283375e-02 1.334505e-01
1.307289e-01 1.218809e-01 1.907349e-01 -1.114760e-01 -3.327606e-01 2.501293e-02 1.290960e-01 -1.014638e-01 1.725986e-01 -1.580453e-01 7.197173e-01 -5.709936e-02 2.730227e-02 2.410466e-02 -1.234549e-02 -1.358946e-01 -9.870621e-02 -3.036862e-01 -1.921395e-01 -1.527162e-02 -1.810442e-01 3.263415e-01 2.372803e-01 -1.469476e-01 -2.045436e-01 3.479840e-02 4.344044e-02 -9.020864e-02 2.677969e-01 -3.729899e-01 9.826202e-02 5.024471e-01
-5.577578e-02 -4.199976e-01 -5.743577e-02 -1.086071e-01 6.492300e-02 1.136890e-01 3.448750e-02 7.950030e-02 3.018524e-01 3.449864e-01 -1.110883e-01 3.381531e-02 1.750952e-01 -4.822076e-02 3.576133e-01 5.579162e-01 1.137001e-01 -1.082598e-01 -1.020297e-01 -1.665307e-01 -1.747801e-01 -2.370810e-03 -1.206197e-01 5.070869e-02 -2.971844e-01 -2.229028e-01 6.765973e-03 2.522351e-02 -1.020502e-01 2.739478e-01 5.203007e-01 5.547315e-01
-1.003933e-01 -3.045762e-01 -1.441959e-01 -1.423107e-02 2.729838e-01 -3.637908e-01 3.518455e-02 5.565660e-02 1.005708e-01 -1.490518e-01 -1.531124e-01 5.204937e-01 -2.644437e-01 3.056067e-01 1.222610e-01 2.389733e-01 3.053636e-02 1.842836e-01 9.788606e-02 -2.821201e-02 -4.270578e-01 -9.964034e-02 4.920354e-02 1.299182e-02 -5.735861e-01 9.699208e-02 2.731237e-01 -4.490987e-01 -5.865168e-02 9.824073e-02 1.924385e-01 1.495239e-02
-3.577817e-02 -3.974045e-02 -1.586182e-01 1.281632e-01 2.206499e-01 -3.111823e-01 -2.048217e-01 -1.153969e-01 -1.585495e-01 2.421884e-01 -8.500664e-02 2.993780e-01 -7.119720e-02 4.907286e-01 -4.060702e-01 -2.435580e-01 -7.225680e-02 -5.591424e-02 1.693072e-01 -1.089194e-01 6.236756e-02 -1.012272e-01 2.863823e-01 2.114166e-01 -7.488932e-04 1.350587e-01 2.764619e-02 5.226583e-01 3.196216e-01 -5.010997e-01 -2.180191e-01 -2.343212e-01
-5.018768e-02 -1.661743e-01 -2.769787e-01 1.566238e-01 2.569885e-02 1.955714e-02 1.232900e-01 -2.588134e-01 4.444384e-01 -1.114635e-01 1.855177e-01 3.512201e-01 2.554578e-01 1.720614e-01 1.135559e-01 3.575589e-01 -4.480346e-02 -1.906877e-01 2.506278e-02 3.290070e-01 -5.677097e-01 -9.382496e-03 9.068717e-02 1.548797e-01 5.800533e-01 -1.266472e-01 8.034683e-02 -7.547188e-02 -8.335334e-02 1.661402e-01 6.887884e-02 -1.066385e-01
3.712211e-01 1.007601e-01 -2.130491e-01 -1.477005e-01 -1.926016e-01 -2.340444e-01 4.053794e-01 -2.232999e-02 -1.033320e-01 -1.561791e-01 5.453444e-01 -4.616894e-02 6.790715e-02 2.312443e-02 5.397967e-02 -2.656435e-01 -2.171669e-01 -4.131930e-01 -2.376816e-01 1.072333e-01 -3.255870e-01 2.791045e-01 3.168369e-01 -1.486746e-01 -6.501662e-02 -2.900908e-02 -6.256639e-02 -1.728757e-01 3.074341e-01 -2.120378e-01 1.475060e-01 3.468761e-01
2.905111e-01 3.785664e-01 -1.712365e-01 1.564282e-01 -3.731211e-02 4.108092e-01 -3.744744e-01 2.269669e-01 1.134006e-02 -2.252814e-01 1.597084e-02 5.444259e-02 1.227356e-01 -3.525585e-02 -3.399034e-01 -2.116533e-01 1.699738e-02 -3.771149e-02 3.293445e-01 -2.189123e-01 -7.047546e-02 -5.117232e-02 8.039314e-02 1.807384e-01 -6.018443e-01 -6.163523e-02 1.485921e-01 -5.910648e-03 3.613054e-01 2.193765e-01 -1.490059e-01 1.613325e-01
-1.657910e-01 3.439527e-02 -1.192751e-01 -2.260630e-01 -2.073724e-01 3.402431e-01 -9.449000e-02 1.582318e-01 -2.661958e-01 1.893415e-01 -2.546430e-01 2.094736e-01 5.061226e-02 2.513562e-01 8.569014e-02 2.583207e-01 2.248877e-01 -5.369438e-02 -6.266703e-02 -3.300265e-01 5.871776e-02 -1.332487e-01 2.208604e-01 1.374458e-01 -4.824464e-01 1.193673e-01 1.098853e-01 -2.571252e-01 -2.780578e-01 -1.679173e-01 -1.231443e-01 3.951611e-03
-2.569444e-01 -7.110018e-02 2.716194e-01 -1.717656e-01 -1.410399e-01 -1.851760e-02 5.984653e-01 1.373307e-01 8.789150e-02 7.648285e-02 2.350759e-01 -2.105498e-01 -5.107892e-02 -3.599505e-02 -2.291491e-01 -9.553472e-02 -1.021407e-01 -1.484013e-01 -2.791021e-01 -4.671957e-01 -1.961995e-02 -1.295954e-01 1.132484e-01 2.228494e-01 -3.035724e-01 -7.228735e-02 1.298489e-01 -1.254100e-01 -4.322710e-02 -1.978362e-01 -2.717260e-01 4.250560e-01
-1.624371e-01 5.719703e-02 2.862298e-01 2.284844e-01 -1.838031e-01 4.531310e-01 -3.205469e-02 1.412698e-02 -3.992248e-02 -3.530447e-01 -3.470384e-01 7.448465e-02 4.813177e-02 -4.379312e-02 -2.031332e-01 3.858648e-01 2.760127e-01 -7.730615e-04 3.012546e-02 -1.113224e-01 1.581967e-01 7.766392e-02 3.512616e-02 -5.410412e-02 5.963130e-02 -1.811646e-02 4.151401e-01 -2.210388e-01 1.307730e-01 2.797454e-01 -6.983660e-01 1.315589e-01
-2.878048e-01 -1.792355e-01 -8.797087e-02 -9.300119e-02 -2.579113e-01 3.609981e-01 -3.432235e-01 1.324152e-01 -1.408732e-01 1.305708e-01 -2.085592e-01 -5.518982e-02 -2.261598e-01 3.708867e-01 -9.489603e-02 1.144587e-01 4.325686e-04 -1.384605e-01 2.514199e-02 -3.517066e-01 -1.520624e-01 -2.470464e-02 2.193152e-01 3.968958e-01 -2.924094e-01 -1.834774e-01 -6.673438e-02 -2.289251e-01 -1.737580e-01 -2.871507e-02 -2.312425e-01 9.460280e-02
-1.391489e-01 -1.048332e-01 -7.929764e-02 -2.915391e-01 2.551957e-01 -9.753333e-02 1.763406e-01 -4.122263e-01 5.194539e-01 -3.731221e-02 -2.075814e-02 7.494017e-02 -1.497681e-01 -1.854459e-02 4.401011e-01 8.614453e-02 -1.874185e-01 -3.756407e-01 -2.728380e-01 -1.964745e-01 -2.312039e-01 5.884288e-02 -8.723983e-02 4.447492e-02 -7.548570e-02 9.342943e-02 3.898514e-01 -1.252854e-01 1.671730e-01 2.134827e-01 1.778151e-01 4.980540e-01
3.614566e-02 -1.969980e-01 -1.163150e-01 6.346121e-02 1.483229e-01 -2.619011e-01 -1.136448e-01 -2.070437e-02 2.896852e-01 -3.519083e-01 -6.387909e-02 5.522578e-01 -1.995528e-01 1.742707e-01 -4.721406e-02 2.831902e-01 9.740090e-02 2.038437e-01 1.227402e-01 -1.940528e-02 -2.690528e-01 -6.341263e-02 8.801383e-02 -2.901837e-03 -7.064210e-01 2.584676e-01 2.336416e-01 -3.047662e-01 -8.046789e-02 9.824629e-02 9.391806e-02 -2.524871e-02
-7.700432e-02 -1.645241e-01 -2.954327e-01 -2.163663e-02 2.258382e-01 -7.237511e-02 -1.007795e-01 6.120314e-03 6.289149e-02 -1.747527e-01 -6.763741e-02 3.774450e-01 1.395562e-01 4.865231e-01 3.281039e-01 2.393681e-01 -1.021861e-01 3.146424e-01 2.271805e-01 -7.468328e-03 -3.208804e-01 4.705975e-02 -1.405718e-01 1.410673e-01 -4.655849e-01 8.830367e-02 1.945911e-01 -3.098792e-01 1.522748e-01 2.617265e-02 1.981064e-01 -7.871439e-03
-6.424805e-02 -2.917471e-01 1.187411e-01 -2.356716e-03 -1.622866e-01 -1.142900e-01 -2.484003e-01 1.079403e-01 -1.397923e-01 -1.251632e-01 -6.902300e-02 1.511346e-01 5.560452e-01 -7.415999e-02 1.681701e-01 8.983045e-02 9.636018e-02 3.322030e-03 -5.145513e-02 5.659582e-01 5.732315e-03 -2.032556e-01 -2.490491e-02 5.363087e-01 1.906639e-01 -4.614274e-02 5.027674e-02 1.361504e-01 3.859985e-02 -1.393572e-02 9.749111e-03 2.943222e-01
3.273545e-01 -4.108511e-02 4.284078e-01 -2.232616e-01 -3.826927e-01 -3.886260e-02 9.481192e-02 -1.054481e-01 -9.682010e-02 2.881061e-01 -3.120931e-01 2.992344e-01 -6.534329e-02 6.755872e-02 -1.989104e-01 -1.307765e-01 4.571937e-01 4.081521e-02 3.431956e-02 -4.519832e-01 -1.118496e-01 3.058885e-02 -2.787657e-01 1.596129e-01 -8.910009e-02 -1.200159e-01 -1.114535e-01 6.813956e-02 -3.466901e-01 1.003091e-01 -2.795485e-01 -1.854375e-02
-7.864359e-02 -4.382865e-01 7.166392e-02 -9.347963e-02 2.443088e-01 -1.687945e-01 3.936909e-01 1.673233e-04 -1.310075e-01 5.110392e-03 -1.836202e-01 -3.779413e-01 3.737022e-01 -5.613445e-02 6.245241e-02 1.785277e-01 -3.610485e-02 2.349122e-01 -1.799368e-01 -2.039676e-01 1.248812e-01 1.666767e-01 1.621975e-01 6.828462e-02 -1.052701e-01 2.006898e-01 6.191786e-02 -4.373934e-02 -1.431638e-01 -6.710386e-01 -2.151885e-01 -2.151330e-01
-6.982419e-02 2.522062e-01 4.068304e-01 4.496584e-02 1.949898e-01 8.789589e-02 -2.612785e-01 -1.409492e-01 1.207925e-01 -9.229661e-02 -9.074178e-02 -2.785890e-01 2.957286e-01 -3.317127e-01 -2.082855e-01 -9.373840e-02 -6.778285e-02 -1.068387e-02 -5.162608e-02 1.213037e-01 -1.973803e-01 -1.986165e-01 -4.182252e-01 1.554980e-01 3.055339e-01 3.474064e-01 -1.753638e-01 1.065170e-01 -2.131379e-01 -2.188346e-01 -7.059831e-02 3.845567e-01
-2.654282e-01 2.025140e-02 -2.582324e-01 -2.213394e-01 -2.440884e-01 -1.052538e-01 2.939135e-01 3.251116e-02 2.911253e-01 -2.085908e-01 7.041904e-02 4.657491e-01 -1.736635e-01 1.375876e-01 -3.108668e-01 -1.344069e-01 1.258001e-01 -1.718005e-01 -2.568118e-02 -1.931664e-03 -9.966619e-02 2.351452e-01 -1.025981e-01 -2.505288e-02 -3.462856e-01 -8.408977e-02 -2.418394e-01 -6.830149e-01 -1.976250e-02 1.083855e-01 4.315069e-02 2.327060e-01
-2.139960e-01 2.601421e-01 -2.715914e-01 2.433459e-01 1.293973e-02 3.918065e-01 -1.641635e-01 7.088398e-03 -1.636180e-01 -2.340024e-02 -1.105496e-01 -1.805000e-01 4.509364e-02 -1.730705e-01 -3.470598e-01 -2.499379e-01 3.951806e-02 -5.345239e-02 -1.679562e-01 4.134119e-01 -3.691798e-01 1.168106e-01 -3.442306e-01 -1.489312e-01 2.131721e-01 -1.827217e-01 1.400739e-01 -9.275863e-02 -2.770140e-01 -1.452898e-01 -4.385926e-02 3.296163e-01
8.391708e-02 2.249415e-01 -6.465720e-02 2.060515e-01 -1.620078e-01 1.491313e-01 -1.015810e-01 5.674869e-01 -4.225201e-01 -1.334272e-01 6.970735e-02 1.875215e-01 1.175088e-01 -1.347991e-01 -2.933684e-01 -4.499367e-02 2.628103e-01 2.033493e-01 1.836977e-01 1.699167e-01 1.788217e-01 -3.864308e-02 -1.823336e-01 -2.976915e-02 -5.082529e-01 6.775609e-02 -1.215833e-01 -2.726831e-01 -2.130450e-01 1.264143e-01 2.141890e-01 4.316743e-01
-2.243035e-01 -1.366187e-01 2.319802e-01 -2.073310e-04 4.378246e-01 -1.153461e-01 -1.197518e-01 -3.318743e-01 -1.353284e-01 3.344909e-01 1.346494e-01 -2.126054e-01 3.419864e-01 -3.299668e-01 2.135253e-01 -1.998525e-03 2.838072e-02 -8.539769e-02 -3.273651e-03 -6.684896e-03 -3.604228e-01 -4.538472e-01 4.310302e-02 -1.093893e-01 -6.619780e-02 -1.424839e-01 1.316560e-02 1.395265e-03 -1.051030e-01 -5.973995e-01 -3.974801e-01 -1.098756e-01
1.148633e-01 4.254768e-01 -2.981311e-02 1.831748e-01 -2.088881e-01 -2.173786e-01 -9.857976e-02 -1.366173e-01 -3.503180e-01 -1.908624e-01 8.451641e-02 -1.943653e-01 -1.069157e-01 -1.228180e-01 -2.245779e-01 -2.502921e-01 1.453982e-01 2.584957e-01 2.130128e-01 1.476853e-01 1.711366e-01 7.652078e-02 1.046823e-01 8.466224e-02 7.059828e-02 1.803512e-01 1.490332e-02 -3.408514e-01 -2.360861e-01 -2.828660e-01 -3.762091e-01 -1.890150e-01
3.771684e-01 2.688651e-01 -4.308102e-02 -1.643324e-01 -1.209786e-01 5.049922e-01 -2.069851e-01 -1.337437e-01 2.817411e-01 -1.004166e-01 1.707025e-02 -2.891717e-02 -1.139960e-01 2.921742e-01 -6.827696e-02 -3.777252e-01 -1.318685e-01 -5.352375e-01 3.143422e-01 1.878977e-01 -4.452398e-02 -2.539873e-01 -1.519886e-01 -2.041357e-01 3.587726e-02 -5.747577e-02 -1.977264e-01 -4.554600e-02 2.737249e-01 3.418227e-01 9.750582e-02 -1.327005e-01
5.357619e-01 -8.076226e-02 -6.812406e-02 -4.799467e-03 2.761916e-01 -7.838884e-02 1.595213e-02 -5.831210e-02 -2.528251e-01 1.725627e-01 -3.338900e-01 -2.285993e-01 5.847799e-02 -2.366119e-01 2.165944e-01 -5.477486e-02 8.773987e-02 4.307342e-02 1.047196e-01 8.586004e-02 -2.930157e-01 -2.828428e-01 -9.029847e-02 5.534073e-02 4.401416e-01 -5.630980e-02 2.175586e-01 4.489909e-01 -1.503716e-01 1.650436e-01 8.649858e-02 -2.741097e-01
1.609253e-01 2.459097e-01 2.796084e-01 -8.389395e-02 -2.639289e-01 2.367237e-01 -4.326438e-02 6.382388e-03 -2.244509e-01 3.591964e-01 1.451461e-01 -2.987171e-01 3.856983e-01 -2.048205e-01 -6.691788e-02 -1.857343e-01 1.337363e-01 1.233921e-01 -9.866576e-02 -3.970530e-01 4.620985e-01 -1.942659e-01 -2.488292e-02 -1.572892e-01 -4.795709e-01 1.014038e-01 -7.224035e-02 -6.846550e-02 2.218956e-01 -9.789515e-02 3.840890e-02 2.726150e-02
-1.554342e-01 -3.138428e-01 -2.363916e-01 -1.827189e-01 -2.672340e-01 -3.991319e-03 1.726095e-01 5.591733e-02 4.882941e-01 4.258153e-03 -2.871304e-01 -2.071001e-01 2.583519e-02 -8.453789e-02 2.618905e-01 -1.000606e-02 -2.742894e-01 1.471253e-01 -1.216279e-01 3.436703e-01 -1.316696e-01 -3.171397e-01 2.008661e-01 -6.528975e-02 -1.343569e-03 1.559839e-01 4.927407e-01 -1.365961e-01 -1.472957e-02 -2.262323e-01 3.274455e-02 7.112561e-02
-5.194706e-02 -7.012817e-02 -2.562754e-01 5.056808e-01 1.928639e-01 -3.306041e-01 -3.001561e-01 4.175345e-02 -3.853537e-01 -9.413031e-03 6.834726e-02 -1.006654e-01 -2.104198e-01 -1.828781e-01 -1.177135e-01 -2.528705e-01 -6.852791e-01 1.451124e-01 3.048255e-02 1.735977e-01 -2.007777e-01 -8.511855e-02 -3.515635e-02 -1.298157e-01 -8.739005e-02 1.454954e-01 -6.986273e-02 -3.231362e-03 -8.514153e-02 1.045590e-01 3.479501e-01 3.987306e-01
-3.517239e-01 3.044436e-02 -2.690484e-01 -7.110882e-02 -1.604325e-01 -1.346155e-01 -1.304909e-01 1.603112e-01 2.941175e-01 -5.568042e-03 -1.635856e-01 5.794619e-01 -1.739392e-01 1.104792e-01 -2.458326e-01 3.926005e-02 3.076793e-02 6.630107e-02 5.263074e-02 1.366968e-01 2.921249e-01 -1.717527e-02 -3.180988e-01 3.395174e-02 -3.822883e-01 1.242696e-01 -2.311767e-01 -5.126043e-01 -1.121477e-01 2.476486e-01 -2.170149e-01 -5.738058e-02
2.764699e-01 -2.818957e-01 3.815742e-01 -1.627483e-01 -9.862891e-02 -3.210197e-01 1.385620e-01 -1.264161e-01 -9.511892e-02 2.061096e-01 -2.724910e-01 3.022344e-01 -3.807505e-02 1.010953e-02 9.366800e-02 2.854045e-01 4.030186e-02 1.178828e-01 8.276702e-02 -2.691212e-01 4.770404e-01 -8.549400e-02 2.912744e-01 8.215594e-02 -1.644680e-01 1.948088e-01 -1.644635e-01 1.439125e-01 2.690775e-01 3.732038e-01 -4.176746e-03 -2.884098e-01
1.556203e-01 7.356429e-03 7.861818e-02 1.384868e-02 -4.366657e-01 -8.302531e-02 7.143237e-02 -7.523504e-02 -4.371117e-02 -6.158687e-02 6.569521e-01 2.035993e-01 1.206527e-02 1.412077e-01 3.598249e-02 -3.410003e-01 -5.270526e-02 -3.908770e-01 -9.400536e-02 7.860587e-02 -1.104508e-01 2.546974e-01 2.649315e-01 -1.120612e-01 -2.409687e-01 -1.160232e-02 -4.651729e-02 -2.520761e-01 3.108513e-01 -4.351362e-01 1.174552e-01 4.019216e-01
3.975494e-01 -1.922784e-01 1.242985e-01 -3.270302e-01 1.789532e-01 9.138535e-02 -2.312925e-01 1.067715e-01 7.882416e-04 -6.489326e-02 2.281155e-01 -3.800259e-01 4.735268e-01 1.057986e-01 1.727138e-01 -5.032823e-02 -1.794401e-01 9.583702e-02 3.629890e-01 -5.613387e-01 -2.837794e-02 9.091197e-02 5.613434e-02 -1.695250e-01 -1.117123e-01 2.807287e-01 6.609896e-02 1.438937e-02 1.049965e-01 2.037720e-01 3.049515e-01 -4.170845e-01
7.648399e-02 4.519264e-01 2.169403e-01 -1.127328e-01 3.033138e-01 -2.684903e-01 9.876683e-02 -2.185672e-01 -3.388671e-01 -1.749713e-02 2.307007e-01 1.768936e-02 1.355768e-01 3.367782e-01 -1.627628e-01 -1.421283e-01 -9.788050e-03 -2.626606e-01 8.274070e-02 -4.842453e-01 6.806916e-02 -1.061513e-01 -7.659139e-02 2.829025e-01 5.176569e-02 -1.206096e-01 -1.973693e-01 -4.719221e-01 4.179276e-02 -4.894720e-01 7.454856e-02 -1.044902e-01
4.077608e-02 5.311549e-02 1.766932e-01 2.854022e-01 9.746474e-02 1.886145e-01 -2.802758e-01 -1.045274e-01 -5.468630e-02 3.674292e-01 4.666619e-01 -3.808358e-01 -3.418623e-01 8.111014e-02 -1.489320e-01 -3.334533e-02 -3.562906e-01 2.013056e-01 3.579624e-01 -5.635586e-01 -2.144012e-02 2.447493e-01 1.829155e-03 -1.352440e-01 -4.569732e-02 1.096022e-01 9.785554e-02 -1.615358e-01 1.571517e-01 3.032308e-01 6.463918e-03 -3.300938e-01
2.004961e-01 3.531326e-02 2.908118e-01 -9.037755e-02 -2.860926e-01 1.527815e-03 1.942586e-01 -1.416827e-01 -8.036125e-02 -8.596680e-02 6.573926e-01 -1.793043e-01 9.628241e-02 -1.342681e-01 7.676496e-02 -1.811390e-01 -7.151024e-02 -3.063608e-01 -1.666784e-01 3.276388e-02 -2.378524e-01 2.259473e-01 2.985548e-01 -1.862173e-01 -2.197793e-01 -1.628383e-02 3.704631e-02 1.603689e-02 2.429933e-01 -5.143349e-01 1.289495e-01 3.844257e-01
-2.861603e-01 -2.169714e-01 -8.063191e-02 -1.689737e-01 1.992788e-04 2.029339e-01 -3.309345e-01 7.064103e-02 -2.954436e-01 1.391536e-01 9.924258e-02 -2.542684e-01 4.564776e-01 -2.156331e-01 1.847471e-01 -2.965761e-01 1.703398e-01 -2.592014e-01 -1.226874e-01 1.372693e-01 -3.323131e-01 2.981634e-01 -9.957895e-02 3.462182e-01 -2.053333e-02 2.096558e-01 1.701507e-01 4.138657e-01 4.162371e-02 9.040517e-02 9.508371e-02 -9.833069e-03
-9.748343e-02 -2.044027e-01 3.623590e-01 -3.630967e-01 -1.372756e-01 -1.752595e-01 2.533496e-01 -1.058198e-01 -5.591251e-02 1.598378e-01 8.586162e-02 4.496227e-01 8.351419e-03 5.863326e-02 2.401910e-01 1.517696e-02 2.936143e-02 4.858144e-02 8.312965e-02 -3.721707e-01 3.080922e-01 -1.161589e-01 2.183672e-01 5.115114e-02 -4.234911e-01 2.777735e-01 -1.809170e-01 1.608571e-01 3.484649e-01 -1.524498e-01 2.280754e-02 -2.739222e-01
5.401972e-01 1.995680e-01 -1.324619e-01 -3.712303e-01 1.481822e-01 9.185161e-02 1.449655e-01 2.628393e-01 2.060588e-01 1.325930e-02 1.304505e-02 -1.404883e-01 -4.684458e-01 -1.756385e-02 4.275366e-02 -2.090150e-01 -1.181010e-01 2.894982e-03 3.268473e-01 4.777742e-01 -1.913586e-01 3.981697e-02 5.655053e-02 -7.015762e-02 -4.092622e-01 1.058133e-01 3.768587e-01 -1.274913e-01 4.154291e-02 1.229926e-01 -3.973909e-01 5.591618e-02
-1.046223e-01 -3.058983e-03 4.799579e-01 2.144546e-01 -9.216186e-02 1.064762e-01 -1.742781e-01 -7.661758e-02 4.118855e-01 -8.549061e-02 2.443841e-02 -8.728285e-03 2.684473e-01 1.288902e-01 -3.317394e-01 3.867089e-02 -2.458102e-01 2.510304e-01 -2.719843e-02 -2.722333e-01 -1.142012e-01 -5.596852e-02 -1.447921e-02 -2.781123e-01 -2.255732e-02 3.942202e-01 3.592404e-01 -4.042147e-01 -7.547985e-02 -8.929800e-04 -9.565382e-02 -8.665824e-02
1.767026e-01 4.000400e-01 2.052122e-01 -5.648854e-02 -1.907264e-01 6.360908e-02 -2.388544e-01 -1.467576e-01 1.917648e-01 1.885879e-01 2.232931e-01 -3.379570e-01 3.769109e-01 -2.516346e-01 -2.729492e-01 -9.225271e-02 1.764885e-01 9.737357e-02 -3.462090e-01 -4.074595e-01 2.886460e-01 -9.901845e-02 1.440112e-02 -1.257033e-01 5.797663e-02 2.313099e-01 -8.180117e-02 -2.829571e-01 2.675677e-01 1.165993e-01 -1.646092e-01 -5.842591e-02
3.317498e-01 -5.108284e-02 1.966387e-01 -1.741388e-01 -2.201900e-01 -1.342263e-01 1.490784e-01 -6.153953e-02 -1.242754e-01 -2.931970e-01 -9.716377e-04 -2.572244e-01 4.421552e-01 1.483425e-01 2.122573e-01 1.084256e-01 -1.908069e-01 1.586034e-01 3.190821e-01 -4.622578e-01 1.186092e-02 1.683406e-01 6.468769e-02 -1.276504e-01 -1.300092e-01 2.011121e-01 9.246428e-02 -5.472527e-02 1.428159e-01 2.987156e-01 4.170153e-01 -3.349912e-01
6.847438e-02 -9.665870e-02 1.827202e-01 -3.811422e-01 -4.773990e-02 3.712859e-02 5.643965e-02 -2.056535e-01 -1.604481e-01 4.874660e-02 5.428896e-01 6.047622e-02 1.691607e-01 1.215452e-01 -3.194565e-01 4.433002e-01 2.574421e-02 1.477050e-01 1.383635e-01 8.543257e-01 6.197742e-02 6.983430e-02 -1.659630e-02 -1.086220e-01 1.575484e-01 -8.945345e-02 3.732852e-02 -2.115936e-01 1.982882e-01 4.343643e-02 -8.319852e-02 -1.651821e-01
-1.562231e-01 -1.804528e-01 3.557274e-02 -1.569672e-01 9.401639e-02 3.063928e-01 7.967990e-02 2.535080e-01 3.113714e-01 2.237693e-01 -1.145328e-01 3.567109e-01 3.112854e-01 1.015803e-01 2.074750e-01 1.037839e-01 -4.418918e-02 -1.645150e-01 -2.632107e-01 -7.956991e-02 2.860384e-02 5.889809e-02 -4.749936e-02 -1.110277e-01 -6.335514e-02 -5.765129e-03 1.676797e-01 2.566076e-01 1.464636e-01 4.076329e-01 4.534552e-01 3.244256e-01
2.424114e-01 -5.390273e-02 -2.638614e-01 2.321020e-01 1.559366e-01 3.355047e-02 -3.563861e-01 7.221401e-02 4.819149e-01 -2.100665e-01 1.772958e-01 2.549056e-01 -2.650809e-03 8.524395e-02 6.235699e-02 3.432559e-01 2.953512e-02 3.345165e-01 1.440508e-01 -7.083273e-02 -1.331583e-01 -1.004704e-01 1.958535e-01 6.284574e-02 -4.927631e-01 1.858310e-01 2.534346e-01 -4.286008e-01 1.145464e-01 3.221990e-01 -2.998203e-02 1.203369e-01
-3.570581e-02 -2.391580e-03 -4.568874e-01 -4.594134e-01 7.307108e-02 2.748800e-01 -1.655709e-01 4.747238e-01 -9.369494e-02 -1.539218e-01 -1.638022e-01 1.318205e-01 3.181861e-01 -1.605919e-01 1.475737e-01 -2.262112e-02 3.866054e-01 -2.318926e-01 -2.807115e-01 4.909984e-01 5.729853e-02 -2.322288e-01 -5.770234e-02 1.147626e-01 1.726162e-01 -1.717980e-01 -1.613944e-01 2.801991e-01 -1.742805e-01 -3.733937e-01 -1.968435e-02 2.006167e-01
-2.085140e-01 1.520393e-02 -6.545042e-02 -1.390364e-01 3.856985e-02 -2.852357e-01 1.759415e-01 -9.526873e-02 -1.471106e-01 2.149606e-01 -3.082232e-01 1.571646e-02 -1.298488e-01 -3.124156e-01 1.514067e-01 4.804405e-01 2.612044e-02 1.814623e-01 -2.893937e-01 -2.584041e-01 6.146542e-02 -3.571932e-02 1.999379e-01 2.974149e-01 -1.103883e-01 3.295789e-01 1.943698e-01 -4.331917e-02 9.639405e-02 -3.240705e-01 -1.795939e-02 1.806054e-01
-1.062600e-01 1.022649e-01 -3.282648e-02 4.296510e-01 1.889655e-01 2.190143e-01 -3.383499e-01 -2.090224e-01 -9.417737e-02 -2.537175e-01 -2.283069e-01 1.454845e-01 1.400547e-01 2.287985e-01 -9.338097e-02 -8.111691e-02 -2.293800e-02 -1.007131e-01 1.012670e-01 3.831260e-02 3.483065e-01 -1.497229e-01 2.759536e-01 -1.162879e-01 4.128151e-02 -1.980604e-01 -3.916398e-04 3.234917e-01 6.384769e-02 3.985857e-01 -2.616700e-01 2.195153e-01
-1.018997e-03 -1.263838e-01 -3.465508e-01 4.363236e-01 -2.015368e-01 -1.147250e-01 -3.314828e-01 5.139588e-02 2.169291e-01 1.828907e-01 -3.459870e-01 -1.978789e-01 1.474294e-01 2.146675e-01 2.600045e-02 -2.631382e-01 -2.677210e-01 -2.391208e-01 -2.692653e-02 -2.695634e-01 3.173648e-02 3.743487e-01 -7.766563e-02 -2.092170e-02 5.906956e-02 3.705083e-01 4.428952e-01 -2.923395e-01 -2.481894e-01 -1.378556e-01 -1.543069e-01 1.450494e-01
-5.928171e-02 -1.322398e-02 -2.577863e-01 7.084706e-01 1.289286e-04 9.369255e-02 -2.129350e-01 1.447882e-03 -1.976399e-01 -3.766438e-02 -1.045154e-02 -2.220647e-02 8.351468e-02 4.245781e-01 -4.098810e-03 7.430838e-02 1.119541e-02 2.353478e-01 -7.699366e-02 7.369698e-01 1.511591e-01 5.057191e-02 4.179296e-02 8.655939e-02 3.339306e-01 4.121791e-02 -9.423053e-02 -2.149296e-01 1.420940e-01 4.442360e-02 2.791601e-01 6.522001e-02
-2.155278e-01 2.605609e-01 -1.929243e-01 2.529292e-01 1.707001e-01 5.484315e-01 -1.907045e-01 4.876764e-02 -1.165541e-01 -2.536338e-01 1.585425e-01 -1.514042e-01 4.914697e-02 1.763375e-02 -3.085508e-01 -3.028692e-01 -1.493612e-02 -1.075753e-01 -1.414540e-01 1.409625e-01 -4.673797e-01 4.801808e-02 -3.195800e-01 -6.814177e-02 1.499106e-01 -3.009971e-01 1.320349e-01 -1.907093e-01 -2.865154e-01 -3.067293e-01 4.874986e-02 4.115164e-01
-1.448317e-01 -1.234577e-01 7.426546e-02 1.621747e-02 2.749284e-01 1.630651e-02 7.130869e-02 -3.330320e-01 5.012645e-01 3.373601e-01 7.509445e-02 1.150049e-01 -1.786136e-01 4.665182e-02 3.574751e-01 3.068946e-01 8.077183e-02 -4.296443e-01 -1.479608e-01 -1.277013e-01 -2.229030e-01 3.142892e-02 -1.450152e-01 -5.164419e-02 2.996768e-01 -1.531418e-01 1.034959e-01 2.936342e-01 3.588275e-01 1.881281e-01 2.844914e-01 2.855396e-01
-2.710950e-01 -2.752209e-01 -1.918824e-01 8.668534e-02 2.637447e-01 -1.055291e-01 -5.899552e-02 -8.054474e-02 2.234669e-01 6.404090e-02 4.774251e-01 -1.122064e-01 5.863429e-02 9.243135e-02 2.310979e-01 2.401561e-01 1.972508e-01 1.412751e-01 6.235293e-02 5.066417e-01 1.244921e-01 2.426731e-01 2.411430e-01 -2.511341e-02 4.324273e-01 -1.943128e-01 1.651973e-01 1.427228e-01 1.371563e-01 2.305348e-01 8.594391e-02 -5.175988e-02
2.564897e-01 1.876322e-01 6.012095e-01 -2.323323e-01 3.572235e-01 -7.012257e-02 -3.558014e-01 1.541470e-01 1.276639e-01 -1.891486e-01 1.513510e-01 1.400826e-01 3.647183e-02 -3.235570e-02 -3.044504e-02 -7.700000e-02 7.797593e-02 1.216902e-02 -8.177981e-02 3.548629e-02 -1.602243e-01 -6.507406e-01 -5.174057e-02 -1.831793e-01 7.949258e-02 2.250312e-01 1.232415e-01 5.459026e-02 -2.707445e-01 -3.156663e-01 1.292448e-01 -2.540754e-01
1.188708e-01 3.904734e-01 1.642771e-01 -2.935957e-01 4.755070e-02 -1.905768e-02 -1.842305e-01 3.338714e-02 1.818776e-03 3.523521e-01 -8.498754e-02 -3.433801e-01 2.619330e-02 9.031801e-02 -2.968650e-01 -7.795592e-02 6.894591e-02 1.324413e-01 -1.466268e-01 -4.464731e-01 6.174484e-01 -7.526243e-02 -4.130711e-02 -1.157751e-01 -2.988784e-01 6.709762e-02 -8.430105e-02 -7.496131e-02 1.429439e-01 -1.878086e-01 -6.024019e-02 -6.050217e-02
-1.509669e-01 4.925207e-01 9.001723e-03 -3.796358e-01 4.655501e-02 -7.418997e-02 2.022060e-01 -6.364308e-02 -3.075543e-01 1.688637e-01 2.333090e-01 -1.139670e-01 -2.427162e-01 2.333107e-01 1.210176e-01 -1.065925e-01 -4.199706e-02 -1.518908e-01 1.369420e-01 -4.816990e-01 -3.095698e-02 -1.502546e-01 -1.339905e-02 2.844675e-01 -2.472013e-02 -1.315333e-01 -1.670738e-01 -5.207551e-01 1.297685e-01 -4.327686e-01 1.392971e-01 -1.057842e-01
-4.900206e-02 2.727970e-02 3.083228e-01 -2.726024e-01 -1.722017e-01 1.159595e-02 4.722454e-01 -6.753657e-03 -3.503932e-01 2.775682e-01 -1.038564e-01 -3.524230e-01 1.314642e-02 -1.046905e-01 -6.169062e-02 -2.735050e-01 -2.926502e-02 -2.780501e-01 -2.425942e-01 7.665335e-02 2.747596e-01 5.587042e-02 -1.960181e-01 -3.264706e-02 5.185619e-01 -3.245477e-01 -2.882586e-01 3.015679e-01 -5.155104e-02 -2.012220e-01 -3.757211e-02 -6.004483e-02
2.840165e-01 2.015996e-01 5.143514e-01 -2.682640e-01 -2.983541e-01 1.216503e-01 -1.214199e-01 2.313925e-02 -1.749138e-01 1.712143e-01 -2.935829e-01 2.576004e-01 -9.731099e-02 1.865374e-01 -2.310697e-01 9.037171e-02 2.557239e-01 1.655713e-01 -3.778031e-02 -4.227666e-01 -1.610796e-01 1.326950e-01 -4.767966e-01 -9.680434e-02 -6.178957e-02 -7.319307e-02 -4.545443e-03 -9.999072e-03 -2.462138e-01 4.185252e-01 -1.502950e-01 7.149670e-02
-2.039330e-01 1.748488e-01 5.190541e-01 3.722327e-01 -3.374755e-02 -2.320472e-01 1.132962e-01 -4.228533e-01 -1.161942e-01 5.244220e-02 2.443813e-01 -2.466993e-01 -4.120733e-02 1.147692e-01 -1.123080e-01 2.357460e-01 2.277260e-01 3.872047e-01 -8.034084e-02 -9.879005e-02 1.350970e-01 -2.195555e-01 -1.205530e-01 4.142197e-01 1.981499e-01 1.857101e-01 -2.577813e-01 -2.873713e-01 2.205803e-01 1.831243e-01 1.673527e-01 1.779097e-01
2.827050e-01 -6.143609e-02 -4.700938e-02 -3.104976e-01 -2.716261e-01 1.607935e-01 3.632498e-02 2.663112e-01 5.747344e-02 4.800861e-01 -6.890148e-03 -3.077634e-03 -3.321271e-02 -4.079884e-01 2.728193e-01 4.098933e-01 -3.287330e-01 -2.409768e-01 2.579740e-01 -1.521946e-01 1.444347e-01 -2.090353e-01 1.954784e-01 3.382344e-01 4.345521e-01 -1.416277e-01 2.911456e-01 2.747701e-02 -2.349528e-02 2.625441e-01 -3.389079e-01 -2.070791e-01
3.058124e-01 -9.892485e-02 1.529063e-01 5.265557e-01 -1.574296e-01 1.346258e-01 -3.455570e-01 -7.591979e-02 -3.208919e-02 -2.445572e-01 3.569367e-02 1.274505e-01 1.542725e-01 1.012837e-01 -2.900225e-01 1.815185e-01 3.275769e-02 7.405359e-02 1.841882e-01 -2.486898e-01 -1.409485e-02 4.850225e-01 -2.840123e-01 -1.650017e-01 9.952142e-03 1.087887e-01 2.961346e-01 -2.039114e-01 4.916507e-02 4.652288e-01 -2.472770e-01 -3.403804e-02
5.371180e-01 -3.313801e-01 1.920312e-01 -2.779527e-01 -4.111496e-02 -1.036398e-01 3.259454e-01 -9.391610e-02 7.686654e-02 1.977504e-01 -3.109412e-01 -4.772209e-02 -7.226908e-02 8.638252e-02 -2.927421e-02 -2.029471e-02 -2.092137e-01 -2.110371e-01 8.227808e-02 4.122730e-01 -2.675327e-03 -3.677053e-01 -2.252853e-01 -3.363076e-01 7.057261e-02 -2.253214e-01 8.385820e-02 8.510739e-02 -2.035138e-02 -3.121755e-01 -6.020898e-02 9.347778e-04
2.906682e-01 -4.179321e-02 4.040605e-01 3.182598e-01 2.375524e-01 4.041423e-01 -7.283511e-02 -5.493159e-02 -4.785365e-02 -1.833176e-01 -1.402993e-01 1.837916e-01 4.152124e-01 -1.862319e-01 -5.864274e-03 -1.112397e-02 5.659346e-02 5.193939e-02 7.767297e-02 4.956943e-01 5.688921e-02 1.088320e-01 2.386221e-02 -6.755661e-02 3.704748e-01 -1.120965e-01 6.080025e-02 1.980025e-01 7.399679e-02 9.622400e-02 5.676350e-01 -2.848251e-01
7.360928e-02 2.849355e-01 -8.061074e-02 -1.793177e-01 -1.804879e-01 3.782471e-01 1.676509e-02 -6.792863e-02 -1.351090e-01 1.658090e-01 -2.972922e-01 4.016888e-01 1.739630e-01 -8.263328e-02 6.902278e-02 -1.065375e-01 3.855374e-01 -1.246623e-02 -4.494582e-02 -3.322707e-01 4.499160e-01 1.177753e-01 5.097169e-02 -9.383148e-02 -2.028486e-01 7.196106e-03 8.986244e-02 -1.017541e-01 -1.625208e-01 -1.674751e-01 6.331895e-04 -2.211101e-02
-8.161914e-02 1.826892e-01 -3.048264e-01 5.286495e-01 1.276911e-01 1.732686e-01 -3.701237e-01 -1.318704e-01 3.026080e-02 6.605554e-02 -1.183823e-01 -3.976553e-01 -7.300702e-02 -1.460818e-01 -5.992862e-02 -1.126046e-01 4.418283e-02 -2.076726e-02 -1.128182e-01 4.230618e-01 -2.255019e-01 1.376783e-01 -2.514320e-01 -1.502929e-01 3.146996e-01 -1.885601e-01 4.909340e-02 -1.511983e-01 -2.529897e-01 -1.721873e-02 3.994909e-02 4.980869e-01
2.632705e-01 -1.268319e-01 -1.149916e-02 1.844914e-01 -2.985263e-02 2.592612e-01 -2.370275e-01 1.319649e-01 -5.044116e-02 -2.603531e-01 4.961352e-01 1.361368e-02 2.478799e-01 2.490766e-01 -3.176999e-02 -2.746414e-01 -2.038360e-02 -1.971996e-01 2.860675e-01 1.095560e-01 -2.590218e-01 9.852798e-02 -1.416763e-01 -3.980295e-01 1.333729e-01 -1.647218e-01 -1.891042e-01 -2.466425e-03 -1.217643e-01 3.493009e-01 2.361033e-01 -1.722761e-01
2.287059e-01 -3.149038e-01 -1.517588e-01 2.915936e-03 -3.009770e-02 5.662053e-02 9.153511e-02 2.561445e-03 -4.277552e-01 -2.018960e-01 2.109235e-01 -2.728913e-02 4.516113e-02 5.810864e-01 -1.174152e-01 1.513366e-01 1.806418e-01 -1.376018e-01 -7.863180e-02 1.043204e-01 -2.370273e-02 -2.750428e-01 2.122902e-01 2.063602e-01 -6.903275e-02 -9.180823e-03 2.189939e-01 -2.968514e-01 7.040991e-01 1.165309e-02 -1.540990e-02 -1.509487e-01
4.219346e-01 1.750370e-01 3.408173e-01 2.211739e-01 2.251977e-01 -1.466065e-01 -3.449570e-01 1.347546e-01 -4.758811e-02 -1.303543e-01 8.193001e-03 4.180367e-01 1.470644e-01 -5.586707e-02 -4.509192e-02 -2.990299e-01 -9.447098e-02 3.283259e-03 1.738458e-02 3.748051e-01 2.941843e-01 3.407164e-01 -2.121940e-01 -9.114444e-04 3.043433e-02 2.531573e-01 -3.180081e-03 2.607491e-01 3.631881e-02 6.195596e-01 1.776477e-03 -2.301715e-02
-9.348559e-02 -1.174639e-01 -3.107974e-01 2.218586e-01 4.562451e-01 -2.066335e-02 -7.028513e-02 -1.020194e-02 1.162742e-01 4.422014e-02 5.457349e-03 1.138847e-01 9.832424e-02 3.477420e-01 3.177365e-01 4.205031e-01 -4.888489e-02 -1.688725e-01 -8.719689e-02 8.293290e-02 -3.750861e-01 6.514615e-02 -3.727480e-02 2.378357e-02 4.657427e-01 -3.552352e-01 1.840523e-01 -2.736773e-02 8.893804e-02 3.229873e-01 2.498272e-01 -5.627089e-02
-1.374101e-01 -3.199492e-01 -1.418236e-01 5.872124e-02 1.297606e-01 -4.861134e-02 1.588577e-01 8.632533e-02 -1.206602e-01 -2.688881e-01 -1.572801e-01 5.220520e-01 -3.616431e-01 2.712915e-01 2.426642e-01 1.128069e-01 -1.545413e-01 -1.491475e-01 2.283382e-01 4.649157e-01 -4.242123e-01 3.224015e-04 9.494847e-02 1.800444e-01 3.065657e-02 -1.783262e-01 -2.697175e-02 2.058400e-01 -2.553816e-01 -4.421733e-02 1.953433e-01 8.027008e-02
-3.236307e-01 -9.725493e-02 5.455079e-02 -4.807679e-02 1.540201e-01 -3.741364e-01 2.613261e-01 4.219797e-02 -5.365184e-02 -3.037909e-01 1.948252e-02 -8.781391e-02 -7.100573e-02 5.257611e-01 -2.366932e-01 -1.747724e-01 3.478431e-01 -1.277129e-01 -2.711251e-01 -1.880693e-01 2.544370e-02 -4.056264e-02 -3.656662e-02 -9.299494e-02 -5.152005e-01 -2.579564e-01 -8.181555e-03 -1.072382e-01 -2.980774e-01 -1.373566e-02 -1.861235e-01 2.686126e-01
7.805413e-02 -1.788938e-01 4.119094e-01 -2.776752e-01 5.580449e-02 -2.706093e-01 1.568591e-01 3.950818e-02 2.248619e-01 -2.593189e-01 -3.088252e-02 -8.310197e-02 -1.005369e-01 2.526668e-01 5.498809e-01 5.878326e-02 -3.385637e-02 1.834997e-01 -2.209193e-01 8.271919e-02 4.443474e-01 8.455385e-02 -4.131114e-01 2.740655e-01 5.366172e-01 -2.703062e-02 -5.388319e-02 2.079934e-01 2.873158e-02 -1.299362e-01 5.735924e-02 2.264013e-02
5.207574e-01 4.550191e-02 -5.421801e-02 5.775661e-02 -4.397838e-01 -1.677207e-01 -1.963786e-01 1.094176e-03 -1.900002e-02 1.146782e-01 2.530543e-01 -3.469030e-01 3.715737e-01 -6.204337e-02 -5.313776e-02 -6.389824e-02 3.806964e-02 2.017438e-03 2.043585e-01 1.747224e-01 -2.758006e-03 -4.895397e-01 -2.858727e-01 -3.489410e-01 1.126777e-01 -1.786796e-01 -4.480481e-03 3.379674e-01 -5.864972e-02 3.589235e-01 -1.926790e-01 2.077674e-01
-3.117938e-01 -6.346635e-02 3.252676e-01 -2.033533e-01 -8.992072e-02 -1.725024e-01 6.144167e-01 1.258995e-01 -6.278436e-02 -1.795658e-01 1.625534e-01 -8.294700e-02 1.942196e-01 7.661032e-03 -8.459827e-02 2.760909e-02 -6.444615e-02 -4.174298e-02 -4.041097e-01 -4.351107e-01 1.293596e-01 -7.404493e-03 2.882301e-03 2.074546e-01 2.017897e-04 -1.562090e-01 6.029724e-02 -2.855508e-01 -3.692401e-02 -2.750036e-01 -3.416993e-01 4.062572e-01
4.384408e-01 -1.063826e-01 3.596365e-01 3.533670e-01 3.815850e-02 6.107157e-02 -3.345445e-01 -5.365133e-02 -9.890673e-02 -2.744460e-01 1.041680e-01 1.580754e-01 1.549719e-01 1.761173e-01 -1.807516e-01 2.097136e-01 4.997318e-02 1.107790e-01 1.784999e-01 -2.601996e-01 1.756973e-02 4.007457e-01 -2.307797e-01 -2.603944e-01 2.152624e-02 1.203540e-01 3.135262e-01 -1.503986e-01 1.608887e-02 4.392773e-01 -2.470870e-01 -2.025178e-01
5.510801e-01 -1.124243e-02 1.355230e-01 1.513190e-01 2.254306e-01 -1.476940e-02 5.604686e-02 -8.065096e-02 -2.570639e-01 5.223895e-02 -1.580251e-01 -3.667874e-01 2.112443e-01 -1.820639e-01 3.011558e-01 9.736551e-02 1.860306e-02 -2.420119e-03 1.407255e-01 4.529006e-02 -1.031954e-01 -2.501574e-01 1.991603e-01 -6.126979e-02 3.861783e-01 3.657264e-02 1.709579e-01 5.559139e-01 -1.348223e-01 7.113865e-02 5.764921e-02 -3.763295e-01
1.123580e-01 1.682131e-01 2.170514e-01 2.795324e-01 1.757208e-02 4.269785e-01 -1.176500e-01 -2.177688e-01 -1.409866e-01 -1.522959e-01 -2.988212e-01 -2.564359e-01 1.417554e-01 -1.472675e-01 3.214826e-01 -1.602334e-01 -1.025909e-01 2.295091e-01 -1.079059e-01 3.767220e-01 2.512253e-01 -1.151889e-01 2.241420e-01 8.872837e-02 1.779675e-01 4.053648e-01 1.333882e-01 9.112087e-02 -3.237491e-01 -1.529003e-01 -1.509705e-01 1.952360e-01
-2.124442e-01 4.898706e-01 -1.146391e-01 2.566449e-01 -1.082980e-01 1.042744e-01 -3.184458e-01 5.889979e-02 1.353809e-01 1.834127e-01 5.019798e-01 -2.338024e-01 -2.718028e-01 4.172686e-02 -6.580542e-02 -1.717422e-02 -3.144002e-01 2.089703e-01 4.032123e-01 -5.353221e-01 2.099851e-03 4.764065e-01 -2.928255e-02 -1.157051e-02 -3.995434e-02 1.017608e-01 8.295019e-02 -1.148705e-01 1.732775e-01 1.368070e-01 -3.732368e-02 -2.342929e-01
1.517372e-01 -1.378774e-01 -4.816554e-02 5.409791e-01 1.813294e-02 -3.314250e-01 -5.734245e-02 -1.093695e-02 -3.482082e-01 6.370563e-02 1.987557e-01 5.995208e-03 -7.195239e-02 -2.978626e-01 5.409505e-03 -2.344345e-01 -6.033582e-01 2.215563e-01 5.127079e-02 1.616564e-01 -1.907886e-01 -1.712985e-01 -1.209142e-01 -1.427450e-01 -1.288494e-01 2.171757e-01 1.894819e-02 9.563732e-02 -1.252923e-01 3.782120e-02 3.901395e-01 1.331973e-01
4.080329e-01 -2.995830e-01 2.643938e-02 -3.853866e-01 4.242689e-02 5.842723e-02 5.314186e-01 1.407179e-01 -3.582874e-02 -4.121260e-02 5.920188e-02 -4.383442e-01 1.060316e-01 9.818254e-02 5.475537e-02 -1.179334e-01 -4.618935e-02 -3.430041e-02 1.034479e-01 5.544889e-02 -2.779925e-01 1.575419e-01 -8.100826e-02 -1.069833e-01 -9.175820e-02 3.182405e-01 3.077102e-02 -2.824782e-01 1.151825e-01 -7.198853e-01 -8.376018e-03 -3.302949e-01
-7.174386e-02 -6.315889e-02 -2.411317e-01 4.814907e-01 -9.721218e-03 1.370481e-01 -3.157697e-01 -1.518194e-01 -1.018512e-01 -2.255097e-01 -5.132636e-02 6.980991e-02 1.249150e-01 5.219893e-01 1.276849e-01 8.526012e-02 8.859852e-02 2.452020e-01 -1.947534e-02 7.197991e-01 1.432566e-01 1.159505e-01 4.836523e-02 1.119566e-01 3.911642e-01 -2.688108e-02 -9.898260e-03 -2.097286e-01 1.029975e-01 -7.160561e-02 2.290926e-01 4.697650e-02
-5.727512e-02 2.336051e-01 1.399544e-02 2.655700e-01 -1.683148e-01 -2.997064e-01 -2.134914e-01 -2.523632e-01 -6.139167e-03 -2.655044e-01 2.682075e-01 1.322622e-01 -2.251202e-01 5.221889e-01 -1.083263e-01 -2.116112e-01 1.518978e-01 1.259468e-02 3.254199e-01 -7.485725e-02 1.433066e-01 -5.094407e-01 3.378256e-01 1.519699e-01 1.470004e-01 -6.224724e-02 -1.369566e-01 -4.031145e-03 -1.105002e-01 -2.441839e-01 -1.623978e-02 -5.174500e-01
-4.729268e-02 1.884113e-01 2.176746e-01 3.105529e-01 -2.475250e-02 8.914439e-02 -2.591698e-01 1.008649e-01 -2.861965e-02 -1.104296e-01 -1.186732e-01 -4.167080e-01 4.422266e-01 -2.343427e-01 -5.634158e-02 -1.779627e-01 -9.900794e-02 3.946508e-02 -4.012584e-02 2.051283e-01 1.872019e-01 -2.771716e-01 -2.481106e-01 1.127120e-01 2.817640e-01 1.399486e-01 -7.696792e-02 -4.946618e-02 -3.114512e-01 -2.282792e-01 -1.073541e-01 5.225309e-01
-3.193086e-01 -5.856397e-02 1.885504e-01 1.845113e-01 -5.903661e-02 5.557129e-02 -3.569854e-01 4.579936e-02 5.570236e-01 1.986895e-01 -4.255795e-01 -8.295827e-02 -1.971992e-02 -7.725666e-02 2.396795e-01 -2.555283e-01 -1.428828e-02 4.534552e-01 2.660494e-01 4.597149e-01 -3.714452e-02 2.624137e-01 -9.188619e-02 -1.889181e-01 -1.648951e-02 -2.996306e-01 -9.909304e-03 1.812898e-01 -2.279676e-01 -1.753212e-01 -9.020934e-02 3.959043e-01
-1.171402e-01 1.814658e-01 -3.086863e-01 2.910731e-01 2.328797e-01 -3.472959e-01 -1.329570e-01 9.070804e-02 2.510264e-01 3.637501e-01 2.790636e-01 -3.030096e-01 -8.822091e-02 5.637917e-02 2.759768e-01 -5.352695e-02 1.299835e-02 -1.827612e-01 2.356886e-01 2.416851e-02 -2.585820e-01 -2.713462e-01 4.854335e-01 6.243900e-02 -1.793589e-01 -5.193213e-02 4.240803e-01 -2.664909e-01 -7.763558e-02 3.306806e-01 9.045880e-02 -1.080137e-01
-8.352986e-02 -6.423860e-02 -3.373376e-01 1.860309e-01 1.752881e-01 -5.091298e-02 -2.745306e-01 -1.058912e-01 4.922378e-01 -1.969454e-01 1.635553e-01 2.290243e-02 1.037063e-02 1.859953e-01 2.100053e-01 3.814479e-01 -4.996006e-02 -1.774283e-01 1.309241e-02 3.482102e-01 -3.219233e-01 1.208361e-01 2.006102e-02 1.218452e-01 6.424471e-01 -1.534101e-01 1.201295e-01 -6.464778e-02 -2.030587e-01 9.927532e-02 1.179667e-01 -1.043553e-01
3.532797e-01 -1.804614e-01 -7.247374e-02 -2.042561e-01 1.519099e-01 2.750522e-02 2.142900e-01 -9.487209e-02 -3.566192e-01 -4.202476e-02 4.602107e-01 1.082393e-01 8.872582e-02 1.815321e-01 -5.170383e-02 4.491894e-01 -1.141046e-01 3.337987e-01 5.576512e-02 6.852124e-01 -9.040460e-03 -4.013301e-02 -2.652140e-02 -5.769940e-02 1.715715e-01 4.221485e-02 1.767593e-02 -4.370469e-01 2.306285e-01 1.132407e-01 -1.763073e-01 -3.896615e-02
-1.618530e-01 1.660486e-01 1.776372e-01 -3.403826e-01 3.776389e-01 2.668911e-02 1.929600e-01 -7.128452e-03 9.435332e-02 2.196496e-02 2.068631e-01 3.043654e-01 -3.448494e-01 -8.397163e-02 -7.058801e-02 -5.663901e-02 4.913573e-02 -1.728435e-01 -4.567736e-02 -1.154475e-01 -4.676762e-01 -1.358001e-01 -7.907875e-02 9.095705e-02 -2.446143e-01 7.135002e-02 -2.662305e-01 4.129816e-02 2.196679e-01 -1.606959e-01 1.838045e-01 -3.271992e-01
1.658539e-02 -1.923626e-01 -1.017913e-01 1.594726e-01 4.384364e-01 1.123090e-01 2.445602e-02 -4.907896e-02 -3.026262e-02 5.119892e-03 7.140587e-02 1.012052e-01 5.054920e-02 3.704059e-01 -2.048384e-01 -3.974279e-01 -1.987111e-01 -1.629040e-01 9.204953e-02 3.916615e-01 -9.878755e-02 2.703378e-01 -1.311523e-01 -3.023314e-01 1.127427e-01 6.546253e-02 3.674941e-01 -8.822539e-02 -1.222757e-02 2.984964e-01 -5.446422e-02 2.758818e-01
-3.535147e-01 -1.850110e-01 -1.835212e-01 1.951215e-01 3.211243e-01 -1.309451e-01 1.017238e-01 -1.955338e-02 3.637749e-01 -1.425915e-01 2.735428e-01 -3.005176e-01 2.360557e-02 -2.771509e-01 4.166545e-01 -1.349853e-01 -3.129070e-01 -2.125449e-01 -1.038522e-01 3.637708e-01 2.412640e-01 1.168693e-02 4.328295e-01 9.565534e-02 4.814728e-02 -4.356125e-02 1.831751e-01 1.457837e-01 3.923571e-01 -3.853975e-01 -7.224915e-02 1.159850e-01
-2.976695e-01 -1.992494e-01 -2.250517e-01 -2.167406e-01 4.375308e-01 -3.608789e-02 -3.592935e-02 -2.932484e-01 -4.143326e-02 -2.904416e-01 2.544056e-01 1.589552e-01 1.313462e-01 -2.323437e-01 -2.897207e-01 -1.059108e-01 1.855361e-02 -2.299350e-01 -2.025967e-01 1.087466e-01 4.563278e-02 8.793215e-02 2.743976e-01 -1.237411e-01 -2.092594e-01 1.863284e-01 -1.114058e-01 -5.715350e-01 8.583540e-03 -3.691929e-01 2.130528e-01 3.469429e-03
-1.848649e-02 7.995374e-02 -1.042379e-01 3.912813e-01 3.152584e-01 1.662178e-01 -3.547158e-01 8.303577e-02 1.954390e-01 1.319628e-01 3.756433e-01 -3.412291e-01 -2.214305e-01 -9.787031e-02 5.630359e-02 3.420040e-03 -2.061370e-01 1.374013e-01 4.424075e-01 -5.851833e-01 4.611854e-02 3.867650e-01 7.732678e-05 -9.294590e-02 -1.068994e-01 2.044470e-01 7.737418e-02 -1.216023e-02 1.135748e-02 1.547695e-02 7.893436e-02 -1.381332e-01
-2.036313e-01 -2.508146e-01 -2.268564e-01 2.102274e-01 4.526862e-01 -8.780045e-02 3.049492e-01 -1.077863e-01 3.419612e-01 1.187549e-01 2.619326e-01 -1.934431e-01 1.363632e-01 3.912864e-02 1.947323e-01 -1.224424e-01 9.359444e-02 -7.466724e-02 -5.191924e-02 7.885033e-01 1.130081e-01 1.029589e-01 1.559826e-01 9.281585e-02 1.590106e-01 -1.183119e-01 1.288593e-01 4.866127e-02 -1.246426e-01 2.023946e-02 2.502725e-01 8.980867e-02
2.173332e-01 -3.542205e-01 -1.333542e-01 -4.435885e-02 1.829908e-01 -7.147549e-02 1.796842e-01 -4.377812e-02 -2.881438e-01 5.766047e-03 5.619863e-01 -1.319322e-01 1.332172e-01 1.691969e-01 4.317552e-02 2.936060e-01 5.998848e-02 3.262859e-01 1.305110e-01 7.546324e-01 5.519076e-02 4.945481e-02 2.784232e-02 -3.872708e-02 2.614730e-01 -8.627868e-02 1.079176e-01 -2.075722e-01 2.017392e-01 8.982418e-02 9.873568e-03 -5.599442e-02
-1.802563e-01 -1.284793e-01 -2.358979e-01 1.202003e-01 1.599078e-01 -5.336984e-02 -2.703178e-02 -1.368178e-01 1.535048e-01 -2.843570e-01 7.080232e-02 4.137591e-01 -2.522498e-02 3.329264e-01 3.603857e-01 4.082582e-01 -9.550010e-02 -2.457746e-01 1.173638e-01 3.828142e-01 -5.007664e-01 1.922180e-02 9.314903e-02 2.107828e-01 4.055381e-01 -1.668410e-01 1.001774e-01 -4.070175e-02 -1.124880e-01 1.796254e-01 1.336478e-01 1.949990e-02
2.542015e-01 -2.774300e-02 4.295951e-02 3.228576e-01 -1.211115e-01 5.613558e-02 -1.292207e-02 -1.305019e-01 2.812356e-01 5.944906e-01 -3.624567e-01 -7.364524e-02 -2.957105e-02 -1.432237e-01 8.359583e-02 3.475914e-03 -7.483522e-03 -6.509802e-02 -2.310922e-01 -5.026599e-02 -3.399282e-01 -5.745960e-01 -7.265272e-02 3.830532e-02 -1.385638e-02 9.738927e-02 2.978788e-01 -4.521428e-02 -1.189055e-01 -4.745218e-01 -9.421004e-02 2.270876e-01
1.627887e-01 -1.871886e-01 -3.850941e-02 5.402965e-01 3.626989e-02 -5.553360e-02 -1.809839e-01 7.419601e-02 -1.790562e-01 -3.429922e-02 2.176326e-01 -1.095031e-01 6.287570e-02 5.080479e-01 -1.255269e-01 1.314592e-01 7.181932e-02 3.059293e-02 -2.081613e-02 7.828509e-01 8.348058e-02 -2.513268e-02 6.855805e-02 4.680472e-02 2.581892e-01 3.339938e-02 -2.340823e-03 -3.225904e-01 2.864899e-01 -7.833421e-03 1.453434e-01 -2.537578e-02
6.987044e-02 1.097587e-01 5.042477e-01 -8.302157e-02 -1.196291e-02 -2.845784e-01 1.961311e-01 1.086225e-01 1.695649e-01 3.447079e-01 -1.611485e-01 1.261572e-01 -1.643589e-01 -3.906922e-01 -7.880676e-02 -7.205205e-02 1.267344e-01 3.130047e-04 9.293292e-02 -4.042024e-01 -1.742376e-01 6.665908e-02 -2.326527e-01 -4.384078e-02 1.726639e-01 1.493322e-01 -2.169619e-01 5.028983e-01 -2.316687e-01 2.473060e-01 -1.006790e-01 1.840727e-01
8.849062e-02 5.676368e-02 2.843766e-01 -3.688811e-01 -2.050922e-01 3.769777e-01 1.800577e-01 7.924235e-02 2.165758e-01 1.687502e-01 2.080397e-02 1.775749e-01 2.771636e-01 2.278321e-01 2.534293e-01 2.750273e-01 5.369653e-01 -1.160051e-01 2.913497e-03 -1.901569e-01 1.782267e-01 8.681730e-02 4.440433e-02 1.980761e-01 -1.315275e-01 -1.086942e-01 9.161910e-02 -6.180851e-02 6.182711e-02 -1.824164e-01 -2.898744e-01 -4.875838e-01
-7.609978e-02 4.163356e-01 1.810414e-01 2.699931e-01 -3.212382e-01 1.051541e-01 -2.787657e-01 2.007536e-01 -2.226790e-02 1.742115e-02 2.854232e-01 -2.086752e-01 -1.473422e-01 4.038039e-02 3.259042e-01 -1.306140e-01 7.817620e-02 3.206596e-01 1.207294e-02 -5.827815e-01 9.330848e-02 2.196542e-01 1.218399e-01 -3.663222e-01 5.099736e-04 1.776540e-01 -7.195207e-02 -1.350348e-01 6.920676e-02 1.388280e-01 1.706405e-01 3.023329e-02
-2.790378e-01 2.027197e-01 3.796297e-01 -8.414723e-04 2.395639e-01 3.877719e-03 1.710616e-01 -5.636347e-02 5.561792e-01 2.183320e-01 -1.551895e-01 3.668611e-02 -1.436331e-01 -3.558522e-01 -2.065044e-02 -1.973187e-02 3.530796e-03 2.648533e-01 -7.736463e-02 -4.536439e-01 -3.957441e-01 1.171814e-01 -2.594957e-01 -8.802742e-02 -1.297010e-01 1.276119e-01 -7.649069e-02 3.639323e-01 -1.116736e-01 -3.635357e-02 2.369775e-01 1.891958e-01
5.645537e-02 5.807750e-02 -1.856839e-01 7.995737e-02 2.861265e-01 2.426968e-01 -3.587917e-01 -2.266492e-01 -6.679854e-02 -1.551077e-01 -1.662707e-01 3.354012e-01 3.175155e-01 -6.490520e-03 1.752630e-02 -2.456094e-02 1.498326e-01 5.981444e-02 3.110853e-01 3.880629e-01 -1.624444e-01 -8.967187e-02 -1.622455e-01 -2.087024e-01 1.152692e-01 1.517941e-01 -1.753536e-01 2.203626e-01 -8.207449e-02 3.448212e-01 2.507831e-01 -3.028824e-01
-1.247031e-01 -1.474207e-01 -3.175145e-01 -5.794375e-02 1.963508e-01 4.065410e-01 1.576860e-01 9.574783e-03 -1.847731e-01 -6.093931e-02 1.500783e-01 1.186768e-01 7.491499e-02 4.434050e-01 1.991486e-01 3.975844e-02 -8.743478e-02 -1.133248e-01 2.109313e-01 2.044826e-01 -3.707569e-01 -1.007171e-01 3.930292e-02 -1.313709e-01 -1.585749e-01 -2.259408e-01 6.536370e-02 3.089622e-03 -1.459242e-01 -2.966740e-01 1.942900e-01 2.171476e-01
-1.508716e-01 9.721538e-02 4.499093e-02 -3.400153e-01 -2.452431e-02 -3.747654e-03 -1.839341e-01 -1.482780e-01 -1.622145e-01 -2.253735e-01 4.337995e-01 9.981257e-02 1.035404e-01 -1.313542e-02 -3.207393e-01 5.887215e-01 -1.654367e-03 2.222044e-01 2.570396e-01 6.653698e-01 1.847819e-01 3.323826e-01 9.889022e-02 -1.049362e-01 1.422842e-01 -2.271819e-01 5.324605e-02 -3.444777e-01 4.593212e-02 9.259849e-03 4.190849e-02 -1.651514e-01
-1.701765e-01 1.389218e-02 1.931439e-02 -1.595929e-01 1.634568e-01 9.047056e-04 1.056941e-01 -3.278129e-01 5.941569e-01 1.841433e-01 -1.037727e-01 2.163020e-02 -6.026981e-02 1.133964e-01 3.951558e-01 1.677110e-01 -2.518288e-01 -2.309545e-01 -2.169106e-01 -1.363994e-01 -3.464372e-02 3.520646e-02 1.892194e-01 -4.507042e-02 5.667762e-01 3.737587e-02 2.337630e-01 2.955095e-01 1.815376e-01 8.054501e-02 1.556758e-01 -3.043832e-02
-8.843817e-02 7.958138e-02 8.959448e-02 -3.631951e-01 1.201955e-01 4.433121e-01 9.654486e-03 -2.624355e-02 3.622484e-01 -2.747860e-01 -2.271033e-01 -6.250159e-02 4.577802e-02 3.070064e-01 -1.332968e-01 3.213630e-01 5.831531e-01 -2.001828e-01 -1.866755e-02 -2.925821e-01 1.857000e-01 1.670775e-01 1.317406e-01 1.329124e-01 2.193363e-01 -2.147128e-01 1.353528e-01 -8.506636e-02 2.339503e-01 -6.336462e-02 -4.031637e-01 3.936277e-02
2.525553e-01 -1.457730e-01 4.520435e-01 3.573171e-01 -1.827362e-01 2.239129e-01 -5.241318e-02 -1.782372e-01 -8.529593e-02 -1.371886e-01 2.033512e-01 2.565253e-01 1.450191e-01 -5.618880e-02 -3.237276e-01 2.001341e-01 -1.176307e-04 2.040211e-01 -6.885365e-02 -2.999473e-01 -6.879561e-02 1.379734e-01 -3.364470e-02 -3.218330e-01 1.556094e-01 2.799473e-01 4.471167e-01 -1.208804e-01 -3.284685e-02 1.701010e-01 -2.645268e-01 -3.958068e-01
9.900460e-02 5.364945e-02 7.238422e-02 3.051311e-01 -2.537375e-01 -1.957194e-01 -1.478497e-01 3.710707e-01 -2.823720e-01 -2.706138e-01 -1.185647e-01 -2.741546e-01 1.656311e-01 4.993508e-03 -2.118553e-01 -1.318854e-01 -5.849846e-02 3.818241e-01 9.222605e-02 7.013708e-02 8.989168e-02 -3.970724e-01 -3.369581e-02 1.095409e-01 -8.081127e-02 7.968546e-02 -3.008501e-01 -1.313358e-01 -1.315973e-01 -3.048942e-01 -1.559837e-01 -3.968228e-01
-3.313246e-02 -1.718308e-01 -1.310279e-01 5.105626e-02 1.089361e-01 -1.746541e-02 -1.968729e-02 1.668881e-03 4.607136e-01 2.192392e-01 -3.464068e-01 6.200270e-02 -3.251751e-01 -1.196254e-01 1.453727e-01 -3.378632e-01 -8.742837e-02 -6.891668e-02 -1.226788e-01 -1.630749e-01 5.091375e-02 -1.202125e-01 4.615027e-02 4.407163e-02 -3.720339e-02 4.871111e-01 5.152002e-01 1.311112e-03 -3.323444e-01 1.702344e-02 2.373759e-01 1.208473e-01
1.690372e-01 -7.551739e-02 -2.801496e-02 -1.112923e-01 1.591581e-01 1.146491e-01 -3.140163e-02 -1.534503e-01 1.745270e-02 3.797534e-01 -3.017638e-01 -3.233485e-01 1.179959e-01 -3.042683e-01 5.705525e-02 4.091044e-01 5.357860e-02 -1.154901e-01 -1.712178e-01 -1.767742e-01 -1.832541e-02 -4.996416e-01 3.546264e-02 -7.666039e-02 -8.128509e-02 -8.181642e-02 1.394042e-01 3.227448e-02 -6.292867e-02 -4.369066e-01 -5.563250e-01 -6.207863e-02
2.785010e-01 1.951923e-01 9.838636e-02 1.242791e-01 -2.930532e-01 1.916918e-03 -5.618425e-02 1.975363e-01 4.911606e-02 3.257000e-01 -1.865311e-01 -1.807944e-01 -7.417862e-02 1.940583e-01 4.880908e-01 5.247565e-02 -2.104688e-02 1.370683e-01 2.390444e-01 -1.736119e-02 -1.637348e-01 -8.303307e-02 -1.205488e-01 1.417338e-01 2.237292e-01 -1.716572e-01 1.017477e-01 5.483808e-01 1.100618e-03 3.418292e-01 -1.587600e-01 -8.449242e-03
-8.953554e-02 1.080491e-01 4.634469e-01 -1.906249e-01 -1.245225e-02 -1.863988e-01 1.130589e-01 1.820337e-01 3.641513e-01 2.074825e-01 -3.345603e-02 6.190487e-02 -8.704571e-02 -3.430977e-01 -9.274982e-02 -1.008551e-01 -4.721851e-02 -2.634518e-01 1.129104e-01 -7.178953e-01 -1.023408e-01 -4.392134e-02 -2.833780e-02 -1.321145e-01 -3.435328e-01 -1.777040e-01 -1.968058e-03 2.665170e-02 -1.401246e-01 -8.174780e-02 -9.496882e-03 -5.781133e-02
3.348848e-01 3.311201e-02 6.664684e-03 3.163184e-01 -1.326375e-01 1.678026e-01 -3.229784e-02 -1.687068e-01 -2.151633e-01 -7.029466e-02 -3.105336e-01 -3.129479e-01 3.612805e-02 9.942392e-02 3.776276e-01 -1.077074e-02 -4.018137e-02 3.301801e-01 -1.385971e-02 1.986735e-01 3.268042e-01 2.371652e-01 3.994068e-01 -8.073071e-02 8.326869e-02 1.927806e-01 3.907865e-01 1.183216e-01 -2.030634e-01 1.103923e-01 -1.383088e-01 3.358600e-02
-2.810421e-01 3.549290e-01 -2.728396e-02 2.666991e-01 -2.341528e-02 1.512682e-01 -2.307705e-01 1.522032e-01 -2.455209e-01 4.028550e-02 5.378790e-01 -3.544084e-01 4.290411e-02 -1.943837e-02 -6.693047e-03 -9.642353e-02 6.787100e-02 4.134286e-01 -8.898983e-02 -1.371626e-01 -1.823809e-01 2.055047e-01 1.751018e-01 3.648965e-01 1.384276e-01 3.853185e-01 -7.619595e-03 -1.208509e-02 2.230957e-01 2.879320e-01 2.352660e-02 1.201565e-01
-6.128290e-02 1.870808e-01 2.533799e-01 -3.559856e-01 1.012884e-02 1.508909e-02 3.063254e-01 -1.187139e-01 -1.326569e-01 -4.581582e-02 4.497757e-01 3.486311e-01 -2.635299e-01 -1.745412e-01 -9.564778e-02 2.740106e-01 3.823600e-01 1.697326e-01 4.940207e-02 2.322098e-01 -3.428248e-02 -2.534965e-01 -3.037649e-02 8.321743e-02 -2.694013e-02 -3.663247e-01 -3.923502e-01 3.101499e-01 2.851409e-01 2.948569e-01 1.728768e-01 -9.754772e-02
-4.258157e-02 5.014530e-01 -6.596822e-02 2.005555e-01 -6.928765e-02 -2.647371e-01 3.907794e-01 1.746411e-02 -2.154235e-01 3.499473e-02 2.846529e-01 -2.319905e-02 1.674856e-01 -9.614301e-02 -5.521316e-03 -1.041421e-01 -8.722496e-02 2.831546e-01 -1.626016e-01 -4.670497e-01 -2.947376e-02 8.955220e-02 -4.850208e-03 -1.200397e-01 -1.285597e-01 2.033197e-01 -9.638891e-02 1.911345e-02 2.125591e-01 -3.584180e-01 8.054464e-02 8.577836e-02
7.013656e-01 3.351974e-02 -2.753357e-02 3.955089e-02 -2.099396e-01 -9.657311e-02 -9.115229e-03 -3.420873e-03 -2.476341e-01 4.232269e-02 1.570005e-01 -2.343195e-01 -1.185989e-01 3.383605e-02 2.197992e-01 5.239022e-02 -5.854601e-02 1.610661e-01 8.576518e-02 5.746819e-04 1.702149e-01 -8.272801e-02 3.696868e-01 -3.799130e-01 -1.554716e-01 -1.169844e-01 1.846561e-01 3.516125e-01 -7.575899e-02 2.618769e-01 -6.744149e-02 -2.756951e-01
9.224405e-02 6.242086e-02 -5.861175e-02 1.335558e-01 -2.368834e-01 1.047338e-01 -1.065848e-01 1.877553e-01 2.627374e-01 2.577392e-01 -3.372181e-01 3.262508e-01 2.297879e-02 5.245948e-01 3.339913e-02 5.029498e-02 6.913202e-02 4.075729e-01 2.963476e-01 6.893240e-02 5.766845e-02 -1.134877e-01 -3.108823e-01 2.611589e-01 1.160499e-01 -9.081824e-02 1.300193e-01 7.309900e-02 -8.382927e-02 4.711297e-01 -3.742743e-01 -1.942140e-01
1.839413e-01 1.488557e-01 1.363322e-01 -5.384498e-01 -1.694826e-01 -1.181292e-01 6.272256e-01 -1.480462e-01 -1.972633e-01 4.418552e-02 -8.164391e-02 -1.078440e-01 3.242468e-02 -4.168003e-02 -1.498589e-01 -5.158788e-02 -6.137240e-02 -2.915036e-01 -1.910344e-01 -1.775571e-01 -1.639893e-01 -2.478912e-01 -1.901259e-01 -2.078097e-01 -1.167289e-01 3.736332e-01 -9.097641e-02 8.754025e-02 -6.146443e-02 1.692801e-01 -5.725236e-01 -2.468970e-01
-2.914999e-02 -4.675171e-02 -2.659371e-01 1.057274e-01 2.425003e-01 -2.259489e-01 -2.465722e-01 -2.072363e-02 4.773630e-01 -1.440365e-01 2.244362e-01 2.186221e-01 -2.776295e-02 1.560781e-01 3.701375e-01 3.423644e-01 5.578848e-02 1.430270e-01 3.970250e-01 -3.775846e-02 -3.219308e-01 -7.801589e-02 2.349915e-01 9.973218e-02 -5.648474e-01 1.003370e-01 3.432315e-01 -1.676788e-01 6.355125e-02 1.593294e-01 6.468792e-02 -6.121829e-02
2.726791e-01 -9.207939e-02 1.679278e-01 -1.949236e-01 -8.017359e-03 -1.599454e-01 2.070256e-02 8.186118e-02 2.514081e-01 -2.219967e-01 -2.667725e-01 -1.636956e-01 -2.030487e-01 1.854005e-02 4.440681e-01 -8.233210e-02 -3.566372e-02 5.403069e-02 -3.927757e-02 3.955722e-01 -3.155751e-01 -3.969685e-01 1.404910e-01 -1.246002e-01 8.793244e-02 1.765229e-01 3.099108e-01 3.798069e-02 -2.206075e-01 -1.703689e-01 2.101873e-01 -8.630611e-02
-1.610128e-01 -1.884488e-02 1.902094e-01 -4.073140e-01 -1.319321e-01 -1.407999e-01 2.500265e-02 -1.785384e-01 -2.393156e-01 -4.532602e-01 5.771258e-01 2.523490e-02 1.567281e-01 -5.959431e-02 -1.100010e-02 -5.154508e-02 -3.568423e-02 1.888882e-01 2.757260e-01 2.192279e-02 3.228264e-01 5.926362e-01 1.044970e-01 -3.956508e-02 7.968628e-02 -9.101584e-02 -3.709807e-01 1.326114e-02 1.638859e-01 3.694487e-01 2.114036e-01 -9.243102e-02
5.804303e-01 -2.926032e-01 -3.814906e-01 7.343118e-02 -3.782397e-01 -1.836555e-01 1.574674e-02 6.778921e-02 5.524779e-02 8.217681e-02 -4.757829e-02 -4.772289e-02 6.868342e-02 1.199163e-01 -9.690259e-02 -2.152640e-01 7.168689e-02 -4.931843e-02 2.437125e-01 3.065235e-02 1.601525e-02 -2.530329e-01 -1.058064e-01 -3.624291e-01 9.382370e-02 -6.940573e-02 3.969428e-01 2.519929e-01 3.368081e-02 4.371580e-01 -2.328570e-01 -1.039670e-01
2.680371e-01 1.168903e-01 2.564967e-01 -3.380344e-01 -9.921190e-02 1.377776e-01 -1.575431e-02 -3.903681e-02 -3.757836e-01 -1.261867e-01 3.041997e-02 1.709850e-01 7.273571e-02 2.547252e-02 -3.430183e-01 4.668300e-01 -1.511444e-01 2.030332e-01 5.214280e-02 2.542200e-01 -1.013173e-01 -8.978263e-02 -1.701427e-01 -1.735575e-01 -2.315886e-01 1.330477e-01 -6.027706e-02 -5.788189e-01 3.005565e-01 -1.482005e-01 -1.888027e-01 -1.731021e-01
2.430425e-02 1.310598e-01 9.885395e-02 -2.421852e-01 -4.873717e-01 -2.909023e-01 -9.684700e-02 -1.866159e-02 -9.507485e-02 -2.204648e-01 5.867953e-01 1.835286e-01 -7.703903e-02 -6.772244e-02 -5.923955e-02 -2.325769e-01 -1.389000e-01 1.395774e-01 3.153153e-01 1.949905e-01 5.642142e-02 5.029351e-01 1.375477e-01 6.565557e-02 2.142443e-01 2.102647e-01 -2.141964e-01 -4.255557e-02 1.332332e-01 1.737152e-01 5.515677e-01 7.398268e-02
2.059771e-01 -1.309976e-01 -1.613774e-01 -2.381636e-01 3.982279e-01 1.362144e-01 4.052063e-01 -1.952517e-02 1.296135e-01 -9.774880e-03 2.854819e-01 2.295541e-02 2.757862e-03 -2.793251e-02 -5.592487e-02 4.040339e-01 -4.070411e-02 2.111859e-01 -7.217029e-02 7.882082e-01 -5.454075e-02 8.447637e-02 8.399444e-02 -1.785274e-01 2.023090e-01 2.182436e-02 7.760470e-02 -2.735585e-01 2.175081e-01 1.006167e-01 -5.074610e-02 -2.170141e-02
-1.894224e-02 -1.523903e-01 1.861776e-01 5.783957e-01 4.265084e-02 -1.379818e-01 -2.300334e-01 6.648701e-02 1.101137e-01 -2.518336e-01 -1.905944e-01 1.387868e-01 3.714606e-01 1.208192e-03 -2.929872e-01 2.097942e-01 -7.929249e-02 1.971717e-01 -1.753255e-01 4.848443e-01 1.346103e-02 1.228448e-01 8.426867e-02 -8.464795e-02 3.766697e-02 9.427360e-02 2.103996e-01 4.791845e-01 -1.219448e-01 5.491390e-01 -8.617851e-02 -2.358335e-02
8.015162e-02 1.864636e-01 2.101213e-01 -1.190865e-01 -3.461728e-01 -1.345201e-01 -1.666099e-01 3.113638e-01 -1.373685e-01 2.165364e-03 5.371014e-01 -1.289819e-01 -1.069212e-01 -9.319245e-02 1.314522e-01 -3.223190e-01 -2.021965e-01 6.199461e-02 2.971105e-01 2.079566e-01 8.414843e-02 5.109771e-01 1.277304e-02 6.613517e-03 2.095927e-01 7.446822e-02 -2.454650e-01 -3.744435e-02 1.351733e-01 2.241759e-01 5.161384e-01 1.098330e-01
4.311673e-01 6.282662e-02 -1.610195e-01 -4.066388e-02 -4.275452e-01 -2.198774e-01 2.838808e-01 -5.615478e-02 1.263791e-01 -2.198048e-02 3.979454e-01 3.565302e-01 1.226804e-01 8.840796e-02 -5.356738e-02 -1.706692e-01 -9.555110e-02 -4.574980e-01 4.580351e-03 2.267736e-01 -1.383114e-01 2.974905e-01 1.607419e-01 -1.236349e-01 -2.281644e-01 1.030716e-01 -6.457431e-02 -3.776299e-01 3.571228e-01 -2.391281e-01 9.171125e-02 2.526006e-01
-9.337981e-02 7.074671e-02 1.819900e-02 -1.819037e-01 -3.675915e-01 -7.616824e-03 4.462520e-02 -1.382070e-01 2.771168e-01 -1.356806e-01 5.552304e-01 2.835494e-01 -1.347377e-01 1.415667e-01 -2.155461e-01 -2.713125e-01 -2.502435e-02 -2.501468e-01 -1.935552e-01 -1.331437e-02 -1.488696e-01 2.859530e-01 9.274751e-02 -1.950169e-02 -2.455263e-01 -3.937956e-02 -6.943196e-04 -3.280593e-01 2.406284e-01 -3.430184e-01 8.396759e-02 5.724380e-01
-2.643976e-01 -1.827026e-01 -1.471974e-01 3.332260e-01 -1.192797e-01 1.561608e-01 -2.709201e-01 3.388193e-01 -2.783689e-02 9.008312e-02 -2.433121e-01 3.815264e-01 5.208674e-02 -1.412344e-01 9.788682e-02 -1.334827e-01 2.364255e-01 -1.272381e-01 -7.865653e-02 3.019225e-01 4.751379e-02 -2.976788e-01 1.090558e-01 4.670365e-01 3.045816e-01 -8.201048e-02 -1.575892e-01 7.169119e-02 -3.932709e-01 9.383799e-02 -1.808696e-02 1.840001e-01
-2.295406e-01 1.755584e-01 -2.455912e-01 -3.818535e-01 -1.295620e-02 7.579478e-02 4.361799e-01 -3.830113e-02 -2.228289e-01 1.392344e-01 2.117039e-01 -2.738037e-01 -1.739129e-01 1.528993e-01 2.462546e-01 -4.055510e-02 9.937066e-03 -1.740692e-01 1.609659e-01 -4.918584e-01 -5.157356e-02 -1.489563e-01 5.386226e-02 1.518303e-01 -2.304842e-02 -1.026673e-01 -1.786084e-01 -4.903231e-01 9.755316e-02 -5.174803e-01 1.200638e-01 -4.194815e-02
-3.441496e-01 -2.078597e-01 4.583621e-01 -5.846778e-02 -9.330846e-02 4.946906e-03 5.469234e-01 1.117622e-01 -5.966135e-02 6.475434e-02 1.271524e-01 -1.477435e-01 1.678347e-01 2.149757e-01 -2.326714e-01 -1.030833e-01 -2.050882e-01 -1.702833e-01 -2.105885e-01 -5.479453e-01 2.037394e-01 -7.530118e-02 7.108805e-02 1.729536e-01 -1.347808e-02 -2.187635e-01 7.517579e-02 -3.241720e-01 1.643484e-01 -3.301545e-01 -1.401991e-01 3.512064e-01
-1.648108e-01 -8.600523e-02 -3.920355e-01 2.619691e-01 5.039742e-01 1.993668e-01 -9.241580e-02 -1.810804e-01 3.302228e-01 -1.098744e-01 1.517356e-01 1.509483e-01 2.058546e-02 9.684565e-02 2.703792e-01 7.843921e-02 5.416746e-03 8.813259e-02 -3.692770e-02 2.906749e-01 -4.473656e-01 7.545894e-02 -2.393415e-01 1.175771e-01 4.321282e-01 -1.332376e-01 2.285527e-01 -6.825726e-02 -2.968433e-01 4.586137e-02 3.517617e-01 8.524477e-02
-2.739245e-01 -1.254604e-01 -5.824130e-02 -2.668766e-01 -1.242155e-01 -1.515590e-01 3.527253e-01 1.836817e-01 7.440889e-03 -1.792085e-02 1.416584e-01 8.237179e-02 3.773682e-01 1.874740e-01 -9.245874e-02 -1.843109e-01 -1.939569e-01 1.668948e-01 2.521385e-02 1.751012e-02 -3.880708e-01 -3.563300e-01 4.206707e-02 -3.009055e-02 -5.141304e-02 1.566510e-01 -3.049555e-01 -3.550310e-01 -6.749906e-02 -2.184692e-01 1.727341e-02 1.473351e-01
1.387827e-01 -2.790095e-01 -1.213682e-02 -3.250532e-01 -2.192023e-02 -1.965724e-01 4.056027e-01 -1.395629e-01 1.297786e-01 -1.939823e-01 -3.803515e-01 2.757950e-01 3.660571e-01 3.984000e-02 2.121261e-01 2.430726e-02 1.698271e-01 -1.142340e-02 -3.335082e-01 3.822270e-01 8.240963e-02 -5.847474e-01 6.280002e-02 6.034886e-02 -1.615421e-02 -2.303833e-01 -2.458696e-02 5.140992e-02 -2.075417e-01 -1.919366e-01 1.050255e-01 2.897903e-01
3.027790e-01 -3.706650e-01 2.781818e-02 -3.052159e-01 4.196684e-01 -1.891925e-01 3.393029e-01 -7.225140e-02 -2.436672e-01 -1.882905e-01 -2.541124e-01 1.721180e-01 1.018425e-01 -1.022452e-02 -1.066690e-01 -9.572966e-03 3.080861e-01 -2.719848e-01 -4.738450e-01 5.346569e-01 7.032957e-04 -4.093541e-01 2.662522e-02 -9.610265e-02 -1.043746e-02 -6.205051e-02 -5.984632e-02 9.816455e-02 -1.325427e-01 -2.181368e-02 1.083589e-02 1.775044e-01
2.930939e-01 -6.178207e-02 2.946287e-01 4.679194e-01 -1.983936e-02 -2.197946e-02 -2.056088e-01 -1.386621e-01 -6.533271e-02 -3.475428e-02 -2.269812e-01 4.522062e-01 1.311089e-01 -1.381657e-02 -2.836338e-01 -1.040027e-01 -8.348405e-02 1.439940e-01 -3.330767e-01 3.915614e-01 2.459928e-01 1.300574e-01 -8.389124e-02 -6.221908e-02 5.412664e-02 1.433311e-01 1.275710e-01 2.553487e-01 -9.606840e-02 6.484131e-01 -9.375066e-03 -1.708714e-02
-1.422858e-01 7.102975e-03 3.648524e-02 2.208657e-01 1.568610e-01 -1.013121e-01 -1.470998e-01 4.740347e-02 6.317304e-02 -1.024444e-01 -2.569962e-01 -3.114253e-01 4.646305e-01 -4.198920e-01 -1.830840e-01 2.528854e-01 -3.595392e-01 1.487013e-02 -1.637891e-01 -7.503060e-02 4.127435e-04 -3.150770e-01 -4.561392e-01 -1.405179e-02 1.978773e-01 -6.878792e-03 -3.944261e-02 1.840630e-03 -1.845641e-01 -5.312876e-01 -1.228600e-01 2.057202e-02
8.780310e-03 3.162735e-01 -2.883008e-02 -1.844347e-01 2.168573e-01 -1.822487e-01 1.026771e-01 -3.150353e-03 -2.829650e-01 1.498537e-01 4.167131e-01 -2.794992e-01 -3.897643e-02 2.978624e-01 -3.413992e-02 -2.237147e-01 -4.384993e-03 -1.812433e-01 3.018496e-01 -4.030966e-01 -1.778543e-01 -1.399212e-01 -5.907048e-02 1.739969e-01 -5.070519e-02 -9.675405e-02 -1.801298e-01 -3.766939e-01 1.351710e-01 -5.577027e-01 7.951518e-02 -2.655441e-02
-2.517743e-01 -1.828246e-01 6.878574e-02 -2.347107e-01 -9.709758e-02 9.721839e-02 -1.509779e-01 -1.287132e-01 -2.863826e-01 -4.740517e-02 2.276595e-01 -2.936648e-01 5.890900e-01 4.706457e-02 1.509906e-01 -1.679202e-01 -7.662296e-02 2.643668e-01 -1.277278e-01 3.673776e-01 -8.820727e-02 2.729417e-01 -2.488928e-01 1.522059e-01 -9.906417e-03 6.370331e-02 2.062773e-01 4.401057e-02 4.156893e-01 9.435005e-02 2.827539e-01 1.036431e-01
4.188936e-01 5.305383e-02 8.533509e-03 2.328960e-01 2.476925e-02 4.707035e-01 -3.982396e-01 -1.068268e-01 1.940631e-01 2.530283e-01 -5.326590e-02 -4.460561e-02 1.061150e-01 -1.745149e-01 2.409409e-01 -7.834077e-02 -2.221382e-01 8.495172e-03 3.826244e-01 3.711738e-01 -2.363641e-01 1.699297e-01 -7.265525e-02 -1.814221e-01 2.356216e-01 2.452717e-01 4.563405e-02 9.751879e-02 2.429559e-01 1.413085e-01 3.321144e-01 -3.111072e-01
-4.394247e-02 -1.102519e-01 -2.265026e-01 4.427519e-02 1.928758e-01 -3.828110e-02 -2.907478e-01 -1.109770e-01 2.785727e-01 -3.203004e-01 3.809118e-02 4.895912e-01 8.655861e-02 3.157124e-01 2.211881e-01 3.097806e-01 -1.114742e-02 3.595067e-01 2.674896e-01 -5.311297e-02 -2.677392e-01 2.899860e-02 3.621817e-02 1.171621e-01 -6.132028e-01 2.805922e-01 2.183221e-01 -2.374744e-01 1.171649e-01 1.810263e-02 1.461173e-01 -3.202188e-02
2.512193e-01 3.007049e-01 1.679728e-01 -7.562377e-02 1.828368e-01 -1.204826e-01 3.891200e-01 -2.369270e-01 2.121937e-01 -3.862061e-02 2.534287e-01 -1.442145e-01 -2.907838e-01 2.466652e-02 -1.546313e-01 1.238928e-01 -2.196800e-01 -5.435994e-02 4.607671e-02 -3.417962e-01 -3.829781e-02 2.608317e-01 -4.355998e-02 -6.265540e-01 -2.095481e-01 -6.405253e-02 4.975901e-02 -5.012613e-02 2.223320e-01 -1.419443e-01 4.349956e-02 -2.589277e-01
-1.277423e-01 1.239821e-01 2.472850e-02 -3.094818e-03 -5.438720e-02 -2.623041e-01 5.916667e-01 -3.096507e-01 -3.091423e-01 -1.176742e-01 1.622276e-01 -1.112910e-01 8.972999e-02 6.914717e-02 1.334704e-01 1.287063e-01 6.927688e-02 4.568373e-01 -1.080312e-01 -2.452718e-01 -8.558168e-02 3.142269e-01 -4.898632e-02 -1.389556e-01 -8.189224e-02 2.218469e-01 2.143636e-01 -4.956777e-02 2.407064e-01 -1.827740e-01 2.943423e-01 7.293752e-02
-6.775408e-02 1.703241e-01 7.350704e-02 8.008720e-02 -2.274102e-01 2.422566e-02 -5.570795e-02 5.466722e-01 -6.613728e-02 -2.826667e-01 -9.710744e-02 1.603209e-01 -3.995284e-01 3.642479e-01 -1.618509e-01 -1.056586e-02 -3.865238e-02 6.837952e-02 -3.858062e-03 2.923404e-01 5.263297e-01 2.886845e-01 -4.045303e-02 2.066182e-01 4.306673e-02 1.458095e-01 9.418698e-02 1.738423e-01 9.582366e-02 4.981354e-01 2.114004e-01 1.322130e-01
5.247615e-01 -5.346597e-02 2.451963e-01 -2.559455e-01 3.972800e-01 -8.749641e-02 1.566039e-01 -1.234272e-01 1.115058e-02 1.755169e-01 -6.295364e-02 -2.001918e-01 -3.492087e-01 -6.278440e-02 -1.606576e-01 -7.261085e-02 -9.368647e-02 -2.832289e-01 2.321083e-01 6.040370e-01 -1.132385e-01 -1.619115e-01 -1.002881e-01 2.867839e-01 -2.865081e-01 1.148894e-01 2.998643e-01 -3.333679e-02 3.974278e-02 9.606345e-02 -2.500836e-01 1.125698e-02
-8.116407e-03 3.366721e-01 3.901146e-02 9.318292e-03 5.824381e-01 3.641324e-02 -1.142949e-01 -7.598241e-02 -3.703681e-01 2.373057e-01 2.627722e-01 1.822316e-01 -5.276291e-02 -1.000488e-01 -1.541928e-01 -1.288462e-01 1.740128e-01 -1.737254e-01 3.245172e-03 -3.276151e-01 4.517460e-01 2.344602e-01 -3.296759e-02 1.083834e-01 -4.012550e-02 -2.324588e-01 -5.184824e-01 1.709927e-01 2.132417e-01 5.774023e-02 -8.801334e-02 -1.675168e-01
-9.886228e-02 -3.143256e-01 -1.473942e-01 3.715416e-01 -3.457674e-02 2.118821e-02 1.379076e-01 -1.198939e-01 1.395196e-01 -2.673528e-01 2.578423e-01 3.363575e-01 5.361510e-02 -5.126682e-02 3.666604e-01 1.862955e-01 -3.510844e-02 -1.864685e-01 1.185713e-01 4.071234e-01 -6.112280e-01 8.124781e-02 6.363942e-02 1.589795e-01 3.160131e-01 -9.173402e-02 9.329429e-02 1.698839e-02 -7.137851e-02 2.668215e-01 1.595677e-01 2.626724e-02
2.166070e-01 -1.839833e-01 -7.092705e-02 -2.930055e-01 1.116781e-01 -3.480586e-01 1.933073e-01 3.719293e-02 2.930954e-01 -2.692387e-01 -3.197194e-01 3.671038e-01 2.386638e-01 -1.522086e-01 -1.100442e-01 6.146324e-02 3.413864e-01 -2.664354e-01 -3.761022e-01 5.648872e-01 -9.959330e-03 -2.566961e-01 -2.533876e-02 4.832133e-02 -1.047529e-02 -6.564737e-02 -8.343049e-02 1.307793e-01 -1.182445e-01 -2.176408e-01 -3.097206e-02 3.707239e-01
-5.383150e-02 -1.322990e-01 4.270486e-01 -3.467014e-01 -6.101959e-02 -2.169987e-01 2.725230e-01 9.652883e-02 -7.088172e-02 -3.205933e-01 3.777026e-02 4.385855e-02 4.138150e-01 6.664164e-02 -2.225335e-01 -2.572413e-02 3.837435e-02 3.904136e-03 -4.421910e-01 -4.268184e-01 1.359762e-02 -1.537874e-01 -1.283349e-01 2.913683e-01 6.774428e-02 -2.077664e-01 -9.726562e-02 -4.091879e-01 -2.675273e-02 -1.863673e-01 -1.495326e-01 3.245450e-01
-3.743889e-02 -1.911944e-01 1.092954e-02 2.418587e-01 -9.125027e-02 -2.603787e-01 1.470584e-01 -2.053982e-02 -5.758259e-03 1.956166e-01 -3.630856e-01 5.855583e-01 -2.914781e-01 5.720527e-02 1.262602e-01 2.081523e-02 3.216212e-01 -2.617911e-01 -3.790289e-01 6.543952e-01 4.889614e-02 -2.571224e-01 -3.311746e-02 5.176757e-02 8.569481e-02 -1.038761e-01 -7.599076e-02 1.105250e-02 -2.329414e-01 -2.491087e-02 -1.237909e-01 1.570019e-01
-4.116153e-01 1.738020e-01 2.889278e-01 -6.021549e-02 4.339966e-01 1.964113e-01 1.397397e-02 5.275327e-02 -8.335571e-02 -1.706409e-01 -1.412490e-01 1.693866e-01 -2.653671e-01 1.242302e-01 8.827694e-02 -1.753020e-01 1.334710e-01 7.706611e-03 1.563489e-02 1.070222e-01 -6.347326e-03 3.293541e-01 1.909902e-01 3.893045e-01 -9.609345e-02 3.542219e-01 -1.580000e-01 -2.779726e-01 1.463281e-02 -2.639552e-01 1.791942e-01 1.530178e-01
-5.126225e-02 1.153824e-01 1.347208e-02 -2.096269e-01 -6.609587e-03 3.211851e-01 -2.272642e-01 2.360189e-02 6.067052e-02 -1.761222e-01 3.827329e-01 -4.347565e-01 3.716873e-01 -4.639702e-02 -2.775743e-02 2.130247e-02 -2.421353e-01 2.092172e-01 4.424945e-01 -6.270739e-01 -5.576444e-02 2.885917e-01 4.593756e-02 -6.550373e-02 -3.329680e-02 8.469269e-02 7.487696e-02 -9.211603e-03 1.390070e-01 6.108893e-02 1.350129e-01 -2.581911e-01
1.875379e-01 -9.442411e-02 -1.249604e-01 9.922057e-02 4.317878e-02 -1.136196e-02 -2.319001e-01 -1.311958e-01 4.901217e-01 -3.274162e-01 6.226165e-02 4.238873e-01 2.355688e-01 2.243157e-01 1.316580e-01 2.763927e-01 3.620353e-02 3.718490e-01 2.815050e-01 -3.140790e-02 -1.290110e-01 1.411458e-01 1.468583e-01 1.181233e-01 -6.137607e-01 3.437628e-01 1.952075e-01 -2.526744e-01 9.014890e-02 1.562672e-01 2.763293e-02 2.616332e-02
-3.486813e-01 2.654830e-01 2.432956e-01 -1.491641e-01 8.563771e-02 2.102363e-01 1.475242e-01 -1.234088e-01 5.940776e-01 1.719800e-01 -2.947356e-01 5.979604e-02 -8.942111e-02 -1.775524e-01 -1.119731e-01 -8.322321e-02 3.724544e-02 4.953208e-01 -1.401281e-01 -3.716033e-01 -3.090185e-01 8.983972e-02 -2.532721e-01 4.434216e-02 -1.596524e-01 6.363510e-02 -7.938377e-02 3.660181e-01 -4.893430e-02 -1.975296e-01 1.077323e-01 1.437889e-01
-1.003350e-01 -1.147333e-01 -8.441066e-02 -7.883761e-02 -3.281676e-02 -2.388815e-01 3.914390e-01 -1.319507e-01 -1.981404e-01 4.339113e-02 -3.732584e-02 -1.104566e-01 9.077960e-02 -2.981594e-01 3.231556e-01 4.482198e-01 -5.310368e-02 1.346329e-01 -3.047300e-01 -3.669535e-01 -8.705255e-02 2.091907e-02 -8.313259e-02 -1.018639e-01 1.314532e-01 3.681576e-01 1.660064e-01 -1.487793e-01 6.261619e-02 -1.512638e-02 2.135423e-01 3.733767e-01
-3.109296e-01 1.368288e-01 5.912824e-01 8.324105e-02 1.495589e-01 -1.787422e-02 -1.891390e-01 -9.090333e-02 1.707986e-01 2.766059e-02 -1.840695e-01 -2.903327e-02 -2.246805e-01 1.940483e-01 -2.355445e-01 -3.165947e-01 1.085790e-01 -1.416493e-01 1.966226e-01 4.095304e-02 1.933238e-01 -9.267634e-02 2.971428e-01 2.871944e-01 -1.219293e-01 -1.822150e-01 -2.654733e-02 -3.339847e-01 -2.121655e-01 -2.871691e-01 -3.052240e-01 -4.107369e-01
1.325884e-01 -1.511245e-01 4.361340e-01 -2.474796e-01 5.892867e-02 -3.098378e-01 8.839983e-02 7.842481e-02 1.337427e-01 -1.351680e-01 1.037771e-01 3.271988e-01 -8.771276e-02 1.385483e-01 4.581547e-01 8.868598e-02 -4.254952e-02 1.034041e-01 1.012407e-01 -4.994591e-01 3.511820e-01 -7.674205e-02 2.754349e-01 2.250826e-01 -2.160070e-01 2.461091e-01 -1.071394e-01 1.301799e-01 2.162111e-01 1.999839e-01 1.257704e-01 -1.717857e-01
3.239215e-01 -2.775945e-02 1.849489e-01 -2.941369e-01 -1.820704e-01 1.941720e-01 -2.538955e-02 -9.098074e-02 -5.892168e-02 6.954988e-02 -2.260539e-01 3.765714e-01 -7.746677e-02 4.124326e-01 -2.957525e-01 9.994795e-02 4.177688e-01 9.913394e-03 -1.441982e-01 -2.204153e-01 3.736304e-02 -5.335386e-02 -2.461424e-01 -7.391053e-02 4.080657e-02 -2.385157e-01 1.168915e-01 -4.003481e-01 2.246595e-01 1.726149e-01 -4.354129e-02 3.577165e-02
-9.989820e-02 -2.122942e-01 5.246539e-02 -1.477910e-02 5.443653e-02 -8.931749e-02 1.150552e-01 -1.768942e-01 3.233197e-01 4.444008e-01 1.264275e-01 -6.023426e-02 -1.292290e-01 -8.353709e-02 4.746656e-01 4.021417e-01 2.364233e-01 -2.424357e-01 -6.120520e-03 -1.592877e-01 -3.579557e-01 -8.124691e-02 1.862885e-02 2.387515e-01 2.032283e-01 -1.546128e-01 6.602116e-02 1.164476e-01 2.307404e-02 9.845500e-02 3.978240e-01 3.772306e-01
5.564000e-02 1.264138e-01 -3.264838e-01 3.945612e-01 1.097688e-01 2.430636e-01 -2.679000e-01 -9.139542e-02 1.157539e-01 3.574969e-01 -4.016989e-02 -9.030490e-02 -2.810927e-01 -4.040087e-02 2.594559e-01 1.314853e-02 -6.162620e-02 1.244691e-02 4.482643e-01 4.288912e-01 -3.780294e-02 1.655904e-01 5.989747e-02 -2.832387e-01 7.725026e-03 2.191244e-01 9.497494e-02 3.774060e-01 6.705928e-02 1.833174e-01 1.585756e-01 -2.830070e-01
2.111702e-01 -3.495298e-01 7.505284e-02 4.976799e-01 4.630905e-02 1.524202e-02 -2.705881e-01 -2.948232e-02 2.563093e-01 -1.481903e-01 -1.970773e-01 1.968450e-01 2.897944e-01 -2.066786e-01 -1.985780e-01 9.394082e-02 5.230206e-02 1.197420e-01 -1.253708e-01 4.907348e-01 3.744643e-02 1.787645e-01 -1.657845e-03 -2.574684e-01 5.597197e-02 1.160162e-01 1.705337e-01 5.077651e-01 -1.801537e-01 4.273284e-01 -1.623822e-01 1.062046e-01
3.512323e-01 1.141333e-01 4.500619e-01 1.855418e-01 1.927679e-01 2.856136e-01 -2.907593e-01 -1.332859e-01 -2.464243e-01 -1.236415e-01 7.126483e-02 -3.127284e-01 1.285565e-01 -1.680090e-01 -7.393990e-02 -2.021718e-01 -1.368816e-01 7.122294e-02 6.927348e-02 3.059517e-01 4.877724e-02 -1.079552e-01 -2.023241e-01 -2.157299e-01 2.745989e-01 -9.328071e-02 -2.378388e-02 2.268409e-01 -1.767639e-01 -6.371828e-01 -7.265227e-02 2.345745e-01
1.800859e-01 -5.308529e-02 -1.088374e-01 1.451386e-01 2.073812e-01 3.035539e-01 -3.907568e-01 -1.132156e-01 1.295881e-01 1.842005e-01 -7.954399e-02 2.106316e-01 4.995600e-01 -6.475819e-02 2.700830e-01 -2.967330e-02 -1.983415e-01 1.638180e-01 3.260140e-01 2.816518e-01 -1.447685e-01 4.441184e-02 -1.437194e-01 -2.509795e-01 2.835014e-01 2.706253e-01 -1.804362e-01 2.244131e-02 8.185896e-02 2.509062e-01 2.842212e-01 -3.109524e-01
1.846019e-01 -3.711874e-01 -1.586286e-01 -1.692921e-01 1.900375e-01 -1.735526e-01 1.278365e-01 1.614733e-01 -8.541599e-02 1.081112e-01 4.251833e-02 -1.311469e-01 4.128368e-01 -2.481910e-01 1.750517e-01 1.314129e-01 8.854082e-02 -5.082732e-02 -2.624632e-01 -1.014673e-01 -2.857448e-01 -6.048955e-02 7.319716e-02 -1.681528e-02 -2.802819e-01 3.199433e-01 -7.280465e-02 -3.092121e-02 9.773570e-02 -4.541076e-01 1.724822e-01 3.270798e-01
4.436344e-01 -1.051396e-01 5.567791e-02 -2.768016e-01 4.228815e-01 -1.325514e-01 2.530978e-01 -2.168567e-01 -1.191764e-01 2.067399e-01 3.537660e-02 -2.039577e-01 -2.912841e-01 5.523940e-02 -2.164590e-01 -7.134818e-02 -1.217329e-01 -3.765197e-01 1.431337e-01 6.202353e-01 -1.667726e-01 -2.398129e-01 -1.474292e-01 1.388933e-01 -8.139658e-02 1.940400e-03 3.382857e-01 -2.795288e-02 2.289301e-02 -7.935733e-02 -2.123656e-01 2.733754e-02
-2.850044e-02 1.175398e-01 -3.190938e-01 -1.195844e-01 -9.930187e-02 -2.267851e-01 -1.304490e-01 -2.216435e-01 -1.431314e-01 9.918071e-02 -9.629913e-02 -1.205271e-01 4.997584e-01 -9.010465e-02 -8.166948e-02 1.248782e-01 -1.328539e-01 -2.873678e-01 -2.937510e-01 -2.740858e-01 -4.818453e-02 -1.084263e-01 -1.741627e-01 6.280240e-02 -1.051939e-01 -5.815624e-02 -4.693268e-01 -1.490225e-01 7.859223e-02 -4.085698e-02 1.190833e-02 -1.164743e-01
-1.613746e-02 -4.081363e-01 -1.023853e-01 -1.962219e-01 9.281376e-02 1.362761e-01 1.398420e-01 -6.557468e-02 3.710831e-01 3.030937e-01 9.030133e-03 1.091107e-01 1.137873e-01 2.094406e-02 4.869079e-01 3.774754e-01 4.629090e-02 -1.648509e-01 -9.541243e-03 -1.828532e-01 -1.724850e-01 2.827143e-02 -6.925454e-02 8.683723e-02 -3.055459e-01 -1.671277e-01 2.181925e-01 -9.094909e-02 -6.239192e-02 1.852718e-01 4.379846e-01 6.288396e-01
1.965707e-01 -2.119615e-01 2.378780e-01 -5.249503e-01 2.568828e-02 9.038635e-02 5.769650e-01 7.588512e-03 1.041209e-01 -4.306992e-02 1.308265e-01 -5.119677e-02 9.642117e-02 2.236091e-01 2.475930e-01 6.412752e-02 -7.948523e-02 -6.461899e-02 -2.381217e-01 3.164190e-02 4.653952e-01 -1.772456e-02 -3.694955e-01 1.324273e-01 4.501899e-01 -1.351464e-01 -3.933982e-01 1.867800e-01 1.924106e-01 -1.162079e-01 -1.924630e-01 4.281997e-02
-8.824535e-02 -2.427596e-01 9.406802e-02 -9.590760e-04 1.886929e-01 6.934667e-02 1.058509e-01 -2.100415e-01 3.980924e-01 3.710808e-01 7.235390e-02 8.801947e-02 -2.612531e-01 1.126997e-01 2.700590e-01 4.807137e-01 8.577502e-02 -3.867710e-01 -2.106191e-01 -1.444951e-01 -2.351564e-01 -4.964556e-02 -1.651354e-01 -1.590498e-01 2.339609e-01 -7.596012e-02 -1.275451e-01 4.789089e-01 2.271731e-01 1.924039e-01 2.781412e-01 1.523987e-01
4.038409e-01 -1.934991e-01 1.907463e-01 4.980874e-01 -7.435831e-02 1.173451e-01 -3.344073e-01 -1.098854e-01 -1.058627e-01 -1.973638e-01 4.630558e-02 7.408284e-02 1.695079e-01 -5.875007e-02 -9.920388e-02 2.957011e-01 1.321406e-01 3.141015e-02 1.127925e-01 -2.732571e-01 8.272189e-02 5.491862e-01 -2.798232e-01 -1.274090e-01 1.330490e-02 -2.015488e-03 3.650968e-01 -4.029623e-02 4.680055e-02 3.677824e-01 -2.511668e-01 -1.659800e-01
2.035971e-02 4.770106e-01 -1.120599e-01 3.549219e-02 -3.092634e-01 8.360267e-02 -3.352176e-01 1.851005e-02 1.742543e-01 7.516357e-02 2.295600e-01 4.226436e-01 -3.497269e-01 -1.133777e-02 -1.047060e-01 -1.734129e-01 7.971008e-02 -2.105024e-01 5.015097e-02 2.686713e-01 -1.745942e-01 -1.622712e-01 -2.519225e-01 -1.381487e-02 1.696299e-01 -2.074877e-01 -6.399578e-02 -3.905326e-02 6.819924e-02 6.427509e-01 2.083831e-01 3.151755e-01
-1.448113e-01 -2.721949e-01 -1.733499e-01 -6.894343e-02 2.078378e-01 -3.212739e-01 2.162948e-01 1.255803e-01 -8.344989e-03 1.115485e-01 -5.316150e-02 2.460452e-01 -2.544820e-01 3.636763e-01 4.935145e-01 1.843772e-01 -1.775104e-02 -1.594409e-01 2.728350e-01 6.781612e-02 -3.871934e-01 -7.477750e-02 2.428581e-01 3.730953e-02 -4.273902e-01 5.640023e-03 4.633570e-01 -2.180271e-01 -6.925899e-02 3.776092e-02 3.358862e-01 -1.568199e-01
2.994824e-01 -1.486165e-01 1.812417e-01 3.462296e-01 2.288554e-01 -3.544384e-01 1.032723e-01 1.778065e-02 1.028144e-01 -1.304056e-01 4.632366e-01 -1.970507e-01 3.512211e-03 9.931817e-02 1.731350e-01 -1.314762e-02 -3.978263e-01 -1.706423e-02 2.107307e-01 2.126116e-01 -1.888287e-01 -1.577266e-01 -2.949941e-01 6.918876e-02 2.854916e-01 -1.188457e-02 1.210563e-01 3.055698e-01 2.637344e-01 -1.415310e-02 2.695014e-01 1.491030e-02
-2.057889e-01 -2.108749e-01 -1.713487e-01 -2.447184e-01 2.109020e-01 -2.053431e-01 7.765074e-02 -6.132400e-02 -7.906483e-02 1.821404e-01 -1.896224e-01 -5.146307e-02 -1.704286e-01 3.252861e-01 5.550721e-01 -6.348100e-02 -6.309783e-02 -4.318214e-01 -8.215719e-02 9.545751e-02 5.038451e-02 -2.202116e-01 -1.264890e-01 -4.140110e-02 -1.147335e-01 7.908146e-02 -1.207857e-01 2.386943e-03 -3.559278e-01 -1.629571e-01 1.955519e-01 -4.586996e-01
-3.915046e-01 1.607536e-02 1.274067e-01 4.445732e-01 -6.215516e-02 -3.863049e-02 -3.602797e-01 1.325600e-01 3.750370e-01 1.443009e-01 -7.549271e-02 -8.591323e-03 -1.023110e-01 -4.116330e-02 1.010276e-01 -3.430078e-01 2.479925e-01 -9.386851e-02 1.337874e-01 -7.086865e-01 1.191711e-01 -6.207281e-02 4.440003e-02 1.751989e-01 -2.446661e-01 -9.157605e-02 -1.559885e-01 1.981181e-01 -2.030957e-01 -7.952230e-02 1.231895e-01 1.023122e-01
-6.594502e-02 5.488532e-01 -1.005673e-01 9.642969e-02 5.929481e-02 1.594414e-01 3.635139e-01 -4.141809e-02 4.820555e-02 -2.809083e-02 1.360667e-01 -2.389428e-01 -3.001799e-01 5.138130e-02 -1.368563e-01 -7.486982e-03 -8.881488e-02 1.439317e-01 -2.248254e-02 -5.826012e-01 -7.020088e-02 3.467624e-01 6.327884e-02 -3.951778e-01 -1.642899e-01 1.541039e-01 -1.446800e-01 -1.407606e-01 4.176518e-02 9.249309e-02 -4.734046e-02 -2.094704e-01
3.837101e-02 1.734719e-01 5.025074e-01 -1.489733e-01 -8.959150e-02 -9.435662e-02 -1.775945e-01 1.321753e-01 -1.951490e-01 -5.370579e-02 -1.348658e-01 -2.162952e-01 -1.330745e-01 -3.021582e-01 -1.444242e-01 -3.586724e-01 1.017723e-01 2.276729e-01 -4.474634e-02 -3.195667e-01 6.034194e-01 -2.162732e-02 -1.245954e-01 -4.369364e-02 -3.989350e-01 2.919969e-01 -9.111093e-02 3.976330e-02 2.204791e-03 -4.848478e-03 -6.025714e-03 8.770949e-02
6.226152e-02 -3.637666e-01 -2.087704e-01 -2.544293e-01 4.144191e-01 -9.482837e-02 2.800691e-01 -2.135146e-01 7.699017e-02 -5.636924e-02 -2.247448e-01 1.772229e-01 9.474057e-02 -3.772651e-02 -2.986561e-01 1.407144e-01 -8.620757e-02 -3.111134e-01 1.022955e-02 5.054088e-01 -5.178791e-02 -1.665329e-01 -8.638520e-02 3.604431e-01 -4.133490e-02 -1.850792e-01 1.358747e-01 1.989657e-01 -4.496982e-02 -1.111162e-01 -1.738849e-01 -8.624465e-02
3.566675e-01 1.338105e-01 -3.826001e-01 3.110490e-01 -6.303573e-02 3.386295e-01 -1.845453e-01 -6.657437e-02 1.493770e-01 9.119954e-02 -9.612010e-02 -2.707089e-01 9.840006e-02 3.353479e-02 -2.849002e-01 1.168428e-01 2.506436e-03 -7.454999e-02 -2.847794e-02 4.397120e-01 -5.268112e-01 -8.470789e-02 -4.057329e-02 -1.371821e-01 4.293316e-01 -3.220745e-01 1.096658e-01 -8.783205e-02 -1.490893e-01 8.238775e-02 -6.070176e-02 1.324338e-01
-2.849841e-01 3.984961e-02 6.038643e-02 -1.557740e-01 -1.118755e-01 -3.356971e-01 5.379967e-01 4.181404e-02 -1.993845e-01 -3.218309e-01 5.950667e-02 -1.085001e-01 -3.712492e-01 1.730519e-02 -1.561975e-01 6.494825e-02 3.006955e-01 -1.381047e-01 -2.848503e-01 -2.552389e-01 2.248017e-01 -1.443023e-01 1.511248e-01 2.274960e-01 -2.358328e-01 -2.711794e-01 1.375280e-01 -2.580613e-02 -1.089935e-01 -3.326407e-01 -3.635076e-01 2.881551e-01
1.318182e-01 3.273821e-02 -6.843148e-02 -7.062395e-02 -3.092726e-01 9.890785e-03 3.685898e-01 -3.547005e-02 2.194961e-01 -2.737029e-01 5.567420e-01 1.687330e-01 3.559237e-03 2.100831e-01 -1.061637e-01 -2.647438e-01 -5.954977e-02 -4.088421e-01 -2.086835e-01 -5.566630e-02 -1.899354e-01 3.667486e-01 2.658218e-01 -8.962353e-02 -2.016231e-01 2.039589e-02 -7.389541e-02 -2.585791e-01 2.568448e-01 -2.489978e-01 1.121201e-01 4.213220e-01
-3.418016e-01 6.647604e-03 1.006880e-01 -2.064027e-01 -3.750512e-01 7.033730e-02 -1.029887e-02 -8.909072e-02 3.742382e-01 -4.349294e-02 4.945942e-01 2.297522e-01 -3.151797e-02 -5.278758e-02 -1.736137e-01 9.610368e-03 -1.173595e-01 -1.574295e-01 -1.543521e-01 5.893480e-03 4.856618e-02 3.195748e-01 9.859560e-02 -8.882695e-02 -4.679012e-01 3.238024e-02 1.119287e-03 -3.496952e-01 1.880865e-01 -3.246079e-01 6.752367e-02 3.877860e-01
-4.692383e-02 1.922543e-01 2.120624e-01 -1.965683e-01 -4.201072e-02 -1.315594e-01 4.211646e-02 -3.844290e-03 -2.883268e-01 -5.658672e-02 4.847923e-01 -1.222947e-02 -1.338324e-01 -2.502537e-01 -3.276780e-03 4.474029e-01 -1.156407e-01 -2.210871e-02 -1.284654e-02 -1.978683e-01 -4.386445e-02 4.019339e-02 -2.009403e-01 -3.740831e-02 -2.422152e-02 -1.512663e-01 -6.598324e-01 -2.034952e-02 1.790203e-01 9.788324e-03 3.486663e-01 -1.340912e-01
9.582271e-02 -1.507092e-01 -3.218376e-01 8.241564e-02 -9.521803e-02 1.964790e-01 -2.357425e-01 -1.699762e-01 -1.919516e-01 -2.877266e-01 2.459154e-01 2.678472e-01 1.498103e-01 4.356434e-01 -7.627407e-02 -2.221199e-02 -3.735748e-02 -4.632469e-02 4.794892e-03 2.939764e-01 2.707952e-01 -9.438314e-02 1.441863e-03 -4.359689e-02 -1.833232e-01 -2.780360e-01 2.238487e-02 -6.064297e-01 1.409362e-01 -9.000048e-02 -1.238935e-02 -1.951694e-01
3.845556e-01 1.476449e-01 5.539348e-02 3.963768e-01 2.760500e-01 -3.490511e-01 9.759068e-02 4.188186e-02 4.218912e-02 -4.316055e-02 4.244105e-01 -2.574333e-01 1.143948e-02 6.841866e-02 1.626081e-01 1.851152e-02 -3.818434e-01 -5.241979e-02 9.458699e-02 4.778126e-01 1.425985e-01 -2.113595e-01 -4.972406e-04 -2.861750e-02 1.546749e-01 3.597507e-01 2.347500e-01 7.692976e-02 1.927376e-01 -6.219411e-02 3.526991e-01 9.819929e-02
3.944865e-01 -1.117660e-01 1.586836e-01 -5.258091e-03 -1.614186e-02 -1.004155e-01 1.541956e-01 -2.027496e-01 -7.873160e-02 -1.440476e-01 5.600312e-01 -1.276277e-01 1.969491e-01 -2.705021e-01 8.712234e-02 -2.051999e-01 -1.755276e-01 -3.882513e-01 -2.145224e-01 3.408000e-02 -6.240487e-02 8.329295e-02 4.127836e-01 1.685449e-02 -5.113181e-02 1.327363e-01 1.684453e-01 7.288155e-02 3.204954e-01 -4.382450e-01 1.282683e-01 2.555662e-01
2.715104e-01 4.125816e-02 3.777971e-01 -3.424991e-01 -2.365757e-01 -8.088880e-02 3.224235e-01 -1.343701e-01 -4.892128e-02 2.956004e-01 -3.451039e-01 2.017748e-01 -8.560829e-04 -1.405588e-01 -1.549055e-01 -1.562984e-01 1.691094e-01 -3.166999e-02 -2.026819e-01 -5.955557e-01 -7.238200e-02 1.473873e-01 -2.493392e-01 2.704673e-01 1.525933e-01 6.236237e-02 -3.195665e-02 5.169096e-02 -9.395918e-02 -5.624935e-02 -3.935186e-01 1.204252e-01
1.897381e-01 5.016898e-01 1.129323e-01 2.772873e-02 -2.032353e-01 2.497211e-01 -1.599557e-01 2.342708e-02 -3.365384e-02 -9.672395e-02 2.333042e-01 9.599637e-02 -3.541008e-01 2.001961e-01 -1.810786e-01 -1.353470e-01 1.280732e-02 -5.992366e-02 1.793542e-01 3.858359e-01 3.546994e-02 -5.244057e-02 -1.677313e-01 -1.722697e-01 7.877018e-02 -2.020433e-01 6.550145e-02 -2.344076e-02 -8.007147e-02 6.547231e-01 3.589981e-02 -1.210517e-01
2.795546e-01 -1.586066e-02 3.539921e-01 4.590115e-01 3.854662e-02 -8.716711e-02 -3.359447e-01 1.092371e-01 -5.795258e-02 -2.355914e-02 -1.075036e-01 4.144795e-01 2.354879e-01 -2.447507e-01 -5.759359e-02 -5.083494e-02 -4.947206e-02 1.094419e-01 -1.148004e-01 4.009719e-01 1.586124e-01 2.143093e-01 -9.558948e-02 -1.065508e-01 6.586936e-02 1.481448e-01 1.339980e-01 3.906912e-01 -5.450090e-02 6.766837e-01 -1.424539e-03 -1.098342e-02
-1.415670e-02 3.723126e-01 3.262240e-01 -2.009254e-01 -2.026411e-02 -3.482198e-02 2.462343e-01 1.927335e-01 1.528327e-01 2.203542e-01 -1.598129e-02 -2.997223e-02 -2.300256e-01 -4.128574e-01 -3.710401e-02 -1.375051e-01 -8.945999e-02 -2.302518e-01 -4.034263e-02 -6.595126e-01 -7.891402e-02 -1.327541e-01 -2.930693e-02 -6.166940e-03 -4.385974e-01 3.648566e-02 1.055016e-02 3.508025e-01 -7.750953e-02 9.005582e-03 -1.661628e-01 1.839976e-02
1.211578e-01 2.706200e-01 4.145464e-01 -4.914373e-02 -2.298480e-01 -3.566733e-02 -1.764185e-01 2.430602e-01 -1.895341e-01 -7.788650e-02 4.009708e-01 -2.620738e-01 -1.007626e-01 1.861043e-01 6.027302e-02 -2.771196e-01 -1.339716e-01 1.232342e-01 2.107266e-01 3.147951e-01 1.938466e-01 6.087931e-01 -1.267248e-01 1.874395e-02 1.371495e-01 7.051728e-02 -3.225734e-01 8.728877e-03 1.066989e-02 3.949899e-01 7.093245e-02 1.840100e-01
2.564404e-01 -6.306221e-02 -1.157152e-01 3.481074e-01 3.431951e-01 3.538381e-01 -2.361312e-01 -5.153494e-02 3.679487e-02 1.936154e-01 -7.468581e-02 -3.853897e-02 3.218057e-01 1.084445e-01 4.224902e-01 4.585315e-02 6.602540e-02 1.461267e-01 4.507694e-01 4.817311e-01 1.179816e-01 6.113131e-03 -1.007715e-01 -2.261313e-01 1.392110e-01 1.079844e-02 6.305887e-02 2.011546e-01 1.642556e-02 9.786013e-02 3.044718e-01 -3.509811e-01
-1.311227e-01 -4.839855e-02 1.672078e-01 7.690469e-02 -2.105786e-01 2.740600e-01 1.578901e-01 -2.493991e-01 3.076093e-01 7.221032e-02 5.866705e-01 3.561734e-02 -2.413270e-02 -9.499383e-02 -4.505977e-01 1.452592e-01 -9.973060e-02 1.033850e-02 -1.417745e-01 -1.024134e-01 -1.787030e-01 -2.944131e-02 1.918111e-01 -4.322807e-01 1.722109e-01 2.690616e-01 5.150026e-01 -3.620898e-01 -1.500992e-01 -2.358369e-01 -8.689015e-02 -1.418486e-01
3.989636e-02 1.372287e-01 5.204086e-01 -1.689758e-01 7.994574e-02 -2.450334e-01 1.250748e-01 -2.294697e-02 -2.367494e-01 -1.006455e-01 3.428901e-01 -2.650243e-01 -1.047955e-01 -2.821856e-01 -5.504498e-02 -1.386905e-03 -2.383676e-01 -2.716472e-01 -2.086591e-01 2.158168e-02 -8.452660e-02 6.213885e-02 1.149040e-01 -3.656613e-01 -2.645315e-01 7.670086e-02 -8.852333e-03 4.049870e-02 1.462474e-01 -5.996274e-01 7.119918e-02 2.719017e-01
-3.073147e-01 4.891624e-01 -1.552373e-01 3.783373e-01 -6.986637e-02 1.320715e-01 -2.224632e-01 1.396251e-01 -1.122154e-01 -7.561143e-02 4.395576e-01 -2.799236e-01 -4.843648e-02 -1.206184e-02 1.199951e-01 -1.581264e-02 1.027393e-01 2.544636e-01 -1.789064e-01 -2.841962e-01 -5.309071e-02 4.365067e-01 3.432969e-01 4.840101e-02 9.781526e-02 3.563937e-01 -7.073754e-02 -1.497841e-01 1.170961e-01 3.847205e-01 5.328392e-03 1.133167e-01
-3.467503e-01 -9.811068e-02 -3.665167e-01 2.051258e-01 -2.260199e-01 1.697680e-01 3.953428e-01 -1.971451e-01 -6.336343e-02 2.127568e-01 -1.730646e-02 -1.200079e-01 1.043626e-01 3.826534e-02 -2.043373e-01 1.533708e-01 -1.560649e-01 -9.936228e-02 1.067471e-01 -1.549353e-01 2.699318e-01 5.431367e-01 3.755386e-02 1.528699e-01 -2.583332e-02 -2.377786e-01 -8.108682e-02 -9.406258e-02 2.640454e-01 1.118708e-01 -1.454797e-01 2.219058e-01
-2.211715e-02 -2.548984e-01 1.697218e-01 6.473087e-02 -2.778844e-01 4.826615e-01 -9.627201e-02 -8.747617e-02 -8.555317e-02 -2.671016e-01 -2.797207e-01 3.201092e-02 3.723539e-01 1.301654e-01 6.502034e-02 -1.227559e-02 -8.499896e-02 4.282821e-01 2.977867e-02 4.426005e-01 2.734903e-01 1.109432e-01 1.614888e-01 -3.708050e-02 3.587658e-01 -2.347102e-02 1.573708e-01 1.647547e-02 -1.756797e-01 -1.664419e-01 -2.297351e-01 1.973240e-01
-1.642785e-02 -2.591537e-01 3.076090e-02 3.104626e-02 -3.933494e-02 -2.408516e-01 1.850163e-01 -9.031812e-02 2.157003e-01 -1.798642e-01 -4.694548e-02 4.664484e-01 2.133630e-01 3.430542e-01 3.529671e-01 2.714592e-01 -1.832583e-01 2.441118e-01 2.567613e-01 7.218140e-02 -2.303996e-01 1.728214e-01 4.155969e-02 3.273160e-02 -6.189781e-01 3.189877e-01 1.741486e-01 -2.299172e-01 -7.843293e-02 7.541603e-02 1.250808e-01 -1.106227e-01
6.886446e-02 3.577769e-01 3.898193e-01 -1.546175e-01 6.446763e-02 1.185761e-02 3.706135e-02 -9.322164e-02 -1.263264e-01 -5.964294e-02 5.737704e-01 -2.770544e-01 1.916440e-02 6.646057e-02 4.282440e-01 1.324748e-01 9.119675e-03 -1.357616e-01 3.561898e-01 4.018436e-01 1.656560e-01 5.555329e-02 3.985604e-01 -1.318097e-02 -2.991435e-01 -1.763874e-01 -2.809441e-01 -7.905823e-03 3.485859e-01 2.888418e-01 1.832644e-01 7.954796e-02
2.919514e-02 2.350197e-01 1.004413e-01 3.081953e-01 -1.018044e-01 1.169177e-01 -1.657077e-01 6.484031e-02 -3.529518e-01 5.427015e-02 3.549886e-01 -2.964500e-01 4.731013e-01 -7.361713e-02 -9.988423e-02 -2.915243e-01 -3.973296e-02 2.171883e-01 -1.713217e-01 3.549653e-01 -2.952481e-01 1.384044e-01 6.476599e-03 3.701626e-01 2.458565e-01 3.385096e-01 -5.095562e-02 1.467920e-01 2.683016e-01 1.180504e-01 -4.189035e-02 2.255340e-01
1.811243e-01 -9.777170e-02 9.011157e-02 -1.011454e-01 2.509047e-01 -1.895126e-01 2.627494e-02 1.212362e-01 -3.764906e-01 -2.209020e-01 -3.268464e-01 2.807105e-01 -1.664296e-01 2.150406e-01 4.249986e-01 -2.287136e-01 5.436568e-02 -5.613652e-03 -7.850565e-04 -2.313187e-02 2.120495e-01 2.491943e-02 2.672716e-02 1.611913e-01 7.125046e-04 -2.660730e-01 -3.980561e-01 4.705022e-01 3.188863e-01 4.800163e-01 -1.882668e-02 -2.770958e-02
5.176858e-01 -1.059931e-01 -2.294870e-01 -2.132208e-02 -3.398919e-01 -1.864375e-01 -2.450996e-02 2.420996e-02 -6.228944e-02 1.133424e-01 2.440574e-01 -2.891462e-01 3.131290e-01 -1.958921e-01 -2.042488e-02 3.038031e-01 -2.048316e-01 -2.832066e-02 2.643658e-02 -4.070112e-02 2.410890e-02 -3.756882e-01 -1.624983e-01 -5.250722e-01 -6.618441e-02 -4.603826e-01 8.343947e-03 3.034966e-01 8.712795e-02 3.256227e-02 -1.455185e-01 -2.477132e-01
2.354882e-01 2.794411e-01 3.881449e-01 1.396972e-01 3.933626e-01 -9.989886e-02 -2.289121e-01 2.717148e-03 -3.180920e-01 -1.250896e-01 1.907654e-01 2.058063e-01 3.412605e-02 1.247826e-01 -1.342042e-01 7.648624e-03 3.162873e-01 -1.007501e-01 4.767852e-02 -3.120895e-01 1.204360e-01 1.601791e-01 -1.951011e-01 9.991178e-02 2.352779e-02 -3.009357e-03 -4.433641e-01 1.687505e-01 -8.482072e-02 2.805099e-01 -4.264887e-02 -2.951939e-01
-3.585676e-01 1.551266e-02 -2.290635e-02 -1.889790e-01 -6.806757e-02 2.001651e-01 4.072439e-01 -1.789554e-01 2.679517e-02 2.014188e-01 1.484560e-02 -2.624886e-01 -1.602414e-01 3.954565e-01 -2.331304e-01 -2.186740e-01 -3.704337e-01 -1.342658e-01 1.827919e-01 1.293496e-01 9.185218e-02 -1.195233e-01 -8.138290e-02 9.798963e-02 1.458738e-01 -1.905413e-01 -3.459331e-01 -1.123403e-01 -1.553330e-01 -4.713122e-01 -8.867039e-02 1.172177e-01
2.936488e-01 -2.278152e-01 2.880060e-01 -3.535568e-01 2.499423e-02 3.008378e-01 3.209109e-01 8.632655e-02 9.150882e-02 3.785015e-02 2.764766e-01 2.873929e-01 3.465084e-02 2.533788e-01 1.454626e-01 1.188369e-01 -9.037589e-02 -1.776091e-01 1.619227e-01 -3.425500e-01 -4.302240e-02 -2.774940e-01 4.311803e-01 4.236901e-02 -9.256241e-02 2.016481e-01 3.259201e-02 3.525565e-01 1.894641e-01 -2.045403e-01 2.317488e-02 -4.044997e-01
-7.245795e-02 4.206831e-01 2.452839e-01 2.492966e-01 -7.352395e-02 3.907448e-02 -9.257797e-02 1.532332e-02 -3.055531e-01 1.301131e-01 4.497858e-01 -2.620003e-01 2.755645e-01 1.552734e-02 -5.862507e-02 -2.603110e-01 2.691318e-02 4.297189e-01 -1.713361e-01 1.261596e-01 -1.945534e-01 -1.132878e-02 2.611908e-03 3.121475e-01 1.507221e-01 3.198412e-01 -7.668004e-02 -1.741536e-01 2.787401e-01 1.813910e-01 2.721871e-01 2.376253e-01
-7.565333e-02 2.981604e-01 1.832822e-01 2.832575e-02 -1.886030e-01 -1.881855e-01 1.250119e-01 -1.903869e-01 -2.692238e-01 -3.454546e-01 3.565000e-01 5.911816e-02 4.246782e-01 -6.219238e-02 -1.459260e-02 1.936842e-01 2.348806e-02 3.044658e-02 4.784197e-02 1.085481e-01 7.477317e-03 2.603108e-02 6.565424e-03 2.568061e-02 2.427963e-02 -3.836812e-01 -5.752667e-01 1.106077e-01 3.209382e-01 4.898765e-02 -4.024092e-01 -3.209082e-01
2.634223e-01 -3.096240e-01 -5.391115e-02 -8.314972e-02 1.182358e-01 1.816222e-04 3.065757e-01 -3.166067e-02 -3.449287e-01 -1.379003e-01 5.107632e-01 -3.446028e-02 1.598737e-01 9.317752e-02 -1.479761e-01 3.619516e-01 -2.840804e-02 2.593866e-01 5.725407e-02 8.137761e-01 -4.613493e-04 -4.935681e-02 -3.472442e-02 -4.862905e-02 1.482923e-01 3.012749e-02 1.636297e-02 -3.446705e-01 1.435894e-01 8.007248e-02 -8.005050e-02 -1.171366e-01
-1.175392e-01 -1.782098e-01 -3.274912e-01 1.394575e-01 -3.291038e-02 1.975140e-01 -1.112617e-01 -1.924082e-02 2.879188e-01 1.912539e-02 -3.381078e-01 4.398091e-01 7.353738e-02 3.724962e-01 -1.176928e-01 -2.754733e-02 2.114399e-01 3.029092e-01 2.378436e-01 -2.655961e-02 1.647621e-01 -1.001639e-01 -1.714366e-01 3.926972e-01 2.097951e-01 -4.109173e-02 1.112056e-01 -1.363007e-01 -1.429272e-01 5.343111e-01 -1.526596e-01 -2.284556e-01
-1.686055e-01 1.198093e-01 2.604814e-01 9.747686e-02 -6.642548e-02 7.708523e-02 -1.685642e-01 8.996374e-02 4.882825e-01 1.429691e-01 -3.919514e-01 -8.820407e-02 -1.705258e-01 -1.038425e-01 2.380475e-01 -4.155971e-01 1.224879e-01 -2.882206e-01 -7.896355e-02 -6.787874e-01 -9.534387e-02 -8.346891e-02 -2.300716e-02 -1.304662e-02 2.679565e-02 5.533688e-02 5.338246e-02 5.495302e-01 -2.946348e-02 -5.836074e-02 4.180137e-02 3.999620e-02
-9.133723e-02 -2.793553e-01 -1.044221e-01 5.360339e-01 -2.471758e-02 3.961678e-02 6.950082e-02 3.326712e-02 -6.107483e-02 -3.152180e-01 2.813305e-01 2.497068e-01 -1.503370e-01 -1.145655e-01 2.462712e-01 4.466581e-02 -4.273723e-02 -1.549421e-01 2.269656e-01 3.852426e-01 -6.595490e-01 1.090275e-01 -4.563128e-02 1.118837e-01 2.572536e-02 -2.557667e-02 2.508424e-03 1.538586e-01 -1.358822e-01 5.441334e-02 1.925464e-01 7.664056e-02
-4.129331e-01 6.732809e-02 4.284274e-02 2.696966e-01 1.868108e-01 2.227106e-01 -3.823334e-01 3.940090e-02 6.251018e-01 7.309707e-02 -6.162584e-02 -1.835889e-02 -1.223190e-01 -1.275961e-01 8.118498e-02 -3.352021e-02 5.443494e-02 5.130628e-01 3.059537e-01 3.731978e-01 -3.201387e-02 -4.202783e-02 -1.888467e-01 -3.926583e-01 -2.560460e-01 -6.061479e-02 -8.031461e-02 2.241353e-01 -1.279185e-01 -4.156501e-02 1.875449e-01 1.086396e-01
2.456420e-01 -1.018386e-01 1.555599e-01 2.758956e-02 1.904610e-01 -2.920757e-01 2.893485e-01 -1.816007e-02 3.223568e-01 -1.395485e-01 4.171202e-01 -1.262249e-01 2.258033e-01 -1.098572e-01 -4.978807e-02 -1.283568e-02 -3.068838e-01 1.288678e-01 -2.920183e-02 4.341242e-01 -1.876457e-01 -2.838039e-02 -1.030941e-01 -5.910629e-02 2.364576e-01 9.550620e-02 -1.286805e-01 1.802659e-01 2.971686e-01 9.483784e-02 8.240255e-02 -3.013252e-01
-2.546307e-01 2.799108e-02 -5.512712e-02 9.901776e-02 -1.006721e-01 2.790713e-01 -1.429634e-02 -1.884657e-01 5.011243e-01 1.054184e-01 2.037838e-01 -2.558396e-01 2.287790e-01 -1.514850e-01 -4.028281e-01 2.661421e-01 -1.332719e-01 3.167489e-02 -5.408563e-02 2.660010e-02 -1.509446e-01 8.223885e-02 4.108327e-02 -1.811350e-01 2.173149e-02 3.566662e-01 4.259913e-01 -5.255563e-01 -2.318988e-01 -4.040702e-01 4.348031e-02 3.396112e-02
-1.291581e-01 1.616702e-01 -2.430514e-01 -1.709650e-01 -1.514388e-02 -4.798274e-02 1.493170e-01 3.757818e-02 -2.110465e-01 -1.685794e-01 3.886197e-01 -1.070323e-01 2.591185e-01 -1.488124e-01 4.358310e-01 5.502837e-02 2.111067e-01 2.241300e-01 -6.755036e-02 -1.269857e-01 -1.267280e-01 4.676827e-01 2.330134e-02 -2.252170e-02 -2.068294e-01 2.985125e-01 2.824553e-02 -7.529973e-02 1.071097e-01 4.770115e-02 2.544886e-01 7.963997e-03
-3.523548e-02 -2.895190e-01 -3.418964e-01 -1.503224e-02 1.123544e-01 2.075829e-02 2.396011e-01 -6.878307e-02 1.227080e-01 1.969739e-01 1.596373e-01 3.597739e-01 1.749868e-01 4.546397e-01 8.810169e-02 3.023506e-01 -1.469146e-01 1.107604e-01 2.880628e-01 -4.473037e-02 -2.939524e-01 2.568047e-02 3.046892e-01 4.874824e-02 -4.491236e-01 -1.094420e-02 2.406600e-01 -3.749621e-01 2.867630e-01 1.442580e-01 1.649731e-01 -4.337216e-02
-2.740757e-01 -2.667429e-01 -3.776926e-01 1.274514e-01 -4.325460e-01 1.438048e-01 1.768042e-01 -1.120131e-01 -1.030956e-01 1.621316e-01 -1.934357e-01 -3.498688e-01 1.268038e-02 4.557011e-02 4.510723e-02 4.702261e-01 1.238425e-01 3.044276e-01 -3.443612e-01 -1.176242e-01 -4.801579e-02 -3.509625e-01 4.294463e-01 -1.949781e-01 2.846609e-02 -3.019446e-01 9.740783e-02 6.517903e-02 -2.962193e-01 -4.172441e-01 -7.753215e-02 1.864959e-02
3.076889e-01 4.124996e-01 -8.018070e-02 -7.806764e-02 2.181677e-01 -2.300055e-01 3.362181e-01 -1.189428e-01 2.223043e-01 2.434345e-01 1.978683e-01 1.561822e-01 1.523178e-01 -2.462735e-01 2.098085e-02 -2.138883e-01 -2.298188e-03 -1.197917e-01 3.108689e-02 2.531715e-01 1.629963e-01 1.032628e-01 -3.271390e-01 -3.342629e-01 3.247273e-01 -1.976726e-01 -4.283673e-02 4.068999e-01 1.413248e-01 2.693065e-02 3.539827e-01 -1.876135e-01
2.310279e-01 1.978415e-01 3.647757e-01 -2.432427e-01 -2.266586e-01 -1.606801e-01 3.078502e-01 2.534094e-01 1.260333e-01 2.373709e-01 -2.824606e-01 6.799053e-02 -2.687857e-01 -1.181006e-01 -9.479381e-02 -2.260296e-01 3.485140e-01 1.582056e-01 -1.434889e-01 -4.059178e-01 -1.984105e-01 3.351692e-02 -2.780497e-01 1.069222e-01 1.562764e-01 5.871585e-02 -3.140575e-02 4.103002e-01 -1.765691e-01 5.797653e-03 -3.330095e-01 2.092106e-01
2.193126e-01 -1.094463e-01 3.886376e-01 5.549965e-01 3.341836e-02 -1.099686e-01 1.505162e-02 -1.901704e-01 -1.161601e-01 -1.538341e-01 -1.318568e-01 3.393290e-01 2.666071e-01 -1.567243e-02 -2.806491e-01 1.051118e-01 -1.184022e-01 1.571417e-01 -2.832742e-01 4.386836e-01 1.248982e-01 1.064679e-01 6.944719e-02 -7.424732e-02 6.299039e-02 1.153154e-01 1.294123e-01 3.499285e-01 -5.560260e-02 6.771876e-01 5.115673e-02 -6.173069e-03
2.191347e-02 -3.801563e-02 -2.207135e-01 8.005323e-03 2.356502e-01 1.702745e-01 -2.449632e-02 1.029932e-01 -3.011734e-01 -3.585095e-01 5.286854e-01 -2.555026e-02 -2.983321e-02 2.511957e-01 -7.789643e-02 4.502366e-01 9.639931e-02 -8.721210e-02 -1.414709e-01 3.831650e-02 -2.335251e-01 -2.924860e-01 1.460987e-01 -2.036395e-02 -2.469085e-01 3.471480e-01 1.056294e-01 -1.757149e-01 5.691180e-01 4.875891e-02 2.067186e-01 -3.350285e-01
2.988679e-02 6.787698e-02 -3.228670e-01 5.233591e-01 3.473705e-02 1.251477e-01 -2.853180e-01 -1.352411e-01 3.460849e-01 -2.495829e-01 1.040615e-01 3.763227e-02 1.876860e-02 1.633009e-01 -6.255589e-02 3.251984e-01 -1.767490e-02 -1.054703e-01 -6.857841e-03 4.428857e-01 -4.746065e-01 5.521219e-02 -6.078839e-02 1.376417e-01 5.426489e-01 -2.095640e-01 9.710237e-02 -8.321849e-02 -1.579016e-01 1.755155e-01 1.303255e-01 1.787593e-02
-1.728906e-01 -2.005536e-01 -1.732115e-01 -3.008137e-01 -9.532851e-02 -2.630951e-01 4.753871e-02 3.251004e-01 7.320521e-02 1.196766e-01 2.145231e-01 3.581850e-01 -1.861717e-01 3.147078e-01 -2.188267e-01 1.285309e-01 6.546156e-02 -1.063668e-01 1.475776e-01 -2.236335e-01 -1.757201e-01 1.503716e-01 6.729797e-03 -6.363679e-02 -1.671098e-01 -2.825481e-01 -1.375153e-01 -1.870316e-01 3.277376e-01 3.978678e-01 2.149409e-01 -2.239562e-01
-5.644135e-02 -4.948135e-02 -3.559294e-01 2.495225e-01 2.116859e-01 1.000788e-01 -5.498255e-02 1.676162e-01 -2.460461e-01 -4.097111e-01 5.202274e-01 -1.194073e-01 7.032663e-03 1.367756e-01 6.341366e-02 2.635810e-01 -2.378432e-02 -1.609632e-01 5.334577e-02 3.051996e-01 -4.721287e-02 -2.872170e-01 3.232610e-01 -1.044470e-01 -2.151818e-01 1.747061e-01 9.154831e-02 -1.141792e-01 4.608104e-01 1.065637e-01 2.563924e-01 -3.557063e-01
-1.567241e-01 -5.318999e-02 -3.049395e-01 3.446005e-01 2.196019e-01 -2.000841e-01 -1.453214e-01 1.613226e-01 -1.325205e-01 -2.008852e-01 4.254416e-01 -2.961282e-01 6.573594e-02 -1.346678e-01 2.933163e-01 9.643670e-03 -4.336737e-01 1.864436e-02 1.973807e-01 3.761068e-01 -8.331408e-02 -4.430672e-03 2.276487e-01 -2.039160e-02 -2.006960e-01 1.123071e-01 -1.754067e-01 1.589869e-01 -3.266313e-02 9.861144e-02 2.607838e-01 -1.766375e-01
1.503963e-01 -3.953074e-02 3.319152e-02 8.799999e-02 -2.239400e-01 -3.954419e-01 1.760544e-01 -7.860401e-02 2.135787e-02 -6.975154e-02 5.045911e-01 4.555796e-01 6.727919e-02 2.941510e-02 -2.701616e-02 -3.687129e-01 6.095380e-02 -3.898417e-01 1.518556e-02 1.942044e-01 1.629200e-01 9.509853e-02 2.069242e-01 -1.617458e-01 -3.852189e-01 -4.695168e-03 -1.314827e-01 -4.973021e-01 2.992677e-01 -2.840712e-01 -1.315345e-02 1.545626e-01
1.444341e-01 2.995579e-02 -8.180393e-02 -3.492609e-02 -7.005523e-02 -3.012992e-01 6.289429e-02 2.448971e-01 -4.896167e-01 1.237822e-01 -2.381375e-01 2.160611e-01 -2.097597e-01 2.717027e-02 5.430378e-01 -2.028087e-01 9.376852e-02 -3.095554e-02 -1.954495e-02 -1.175849e-01 1.071620e-01 -1.054414e-01 -8.059402e-02 2.447194e-01 -9.597396e-02 -3.699585e-01 -4.082085e-01 5.138366e-01 3.287881e-01 3.553535e-01 -7.967803e-02 2.848568e-02
-1.886268e-01 -2.100676e-01 -1.308365e-01 -2.525755e-01 1.945049e-01 4.201981e-01 1.105462e-01 -2.011429e-01 2.245568e-01 2.470463e-01 2.049499e-01 3.481528e-01 -1.339982e-01 1.996529e-01 2.077036e-01 6.662403e-02 -4.751224e-03 -4.826001e-01 -1.182743e-01 -3.855232e-02 -8.232746e-02 3.315685e-01 -4.656587e-02 -2.483116e-02 -2.544054e-01 -9.832656e-02 3.115095e-01 3.316703e-02 2.318842e-01 3.029928e-01 1.738876e-01 3.355776e-01
-2.057075e-01 -2.740673e-01 -2.520840e-01 8.935239e-02 3.538201e-01 -1.777766e-01 1.727833e-01 -1.201003e-02 1.048584e-01 -3.369225e-01 -1.270301e-01 4.402961e-01 -3.118748e-01 2.694367e-01 8.080699e-02 1.055875e-01 -1.526585e-01 -7.276490e-02 2.022895e-01 3.830452e-01 -5.195494e-01 1.550665e-01 -1.760354e-02 2.319729e-01 3.415741e-01 -1.546088e-01 9.880706e-02 5.552462e-02 -2.764480e-01 6.040070e-02 1.169018e-03 6.859518e-03
-1.466751e-01 -3.077587e-01 -2.445549e-01 1.450747e-01 5.005429e-01 -1.824867e-01 1.782801e-01 1.055046e-01 3.027032e-02 -1.723216e-01 -2.293408e-01 3.092637e-01 -2.668487e-01 2.979697e-01 8.261853e-02 2.156836e-01 -1.326427e-01 -1.093076e-01 2.037311e-02 2.584271e-01 -5.648377e-01 1.988082e-01 -7.261863e-02 1.341958e-01 3.902983e-01 -2.733002e-01 1.611713e-01 8.301308e-02 7.269944e-02 2.591673e-01 -5.116932e-02 5.450062e-02
-2.866060e-01 1.456541e-01 1.846274e-01 -9.595104e-02 -7.536426e-02 7.546540e-02 -1.324615e-01 -6.098735e-02 5.995365e-01 2.270653e-01 -5.092349e-01 -4.977960e-02 -6.126124e-02 -8.928332e-02 1.709826e-02 -2.203248e-01 6.531523e-03 4.577629e-01 1.352948e-01 1.260040e-01 -6.457958e-03 1.527437e-01 -2.103956e-01 -1.789629e-02 1.141929e-02 -9.519597e-02 -6.024858e-02 2.670353e-01 -4.774394e-01 -2.335569e-01 -4.450450e-02 3.509242e-01
-1.719254e-02 2.105516e-01 6.897452e-02 -1.196526e-03 -3.058367e-01 1.815122e-01 2.956743e-01 -1.155608e-02 -4.083845e-02 -4.124557e-01 5.480243e-01 -8.679124e-02 7.080529e-03 -2.162692e-01 2.047344e-01 1.366966e-01 7.352217e-02 2.681774e-03 -4.765075e-02 7.298791e-02 -2.845289e-01 3.784528e-02 -1.467681e-01 -2.125553e-01 9.921085e-02 -6.408044e-02 -8.397356e-02 -4.090386e-01 -3.638878e-01 4.440692e-01 3.342112e-01 3.665452e-01
-2.182435e-02 1.089976e-02 9.029404e-02 -2.370463e-01 -2.172513e-01 9.546622e-02 -3.487040e-02 -6.289627e-02 -1.969053e-01 -1.708982e-01 2.620105e-01 -2.812385e-01 4.158247e-01 3.665389e-02 3.159115e-01 -3.127456e-02 1.286960e-01 2.179542e-01 -5.870425e-02 -2.004971e-01 1.200281e-02 4.551246e-01 -3.058552e-02 -3.571377e-01 -2.085221e-01 1.873332e-01 4.620138e-03 -2.193456e-01 1.932090e-01 -6.147871e-03 1.299673e-01 -1.240220e-02
3.898837e-01 -4.139972e-02 1.848234e-01 4.818926e-01 -1.722856e-01 1.941540e-01 -2.570950e-01 -2.390868e-01 -1.426526e-01 -1.592139e-01 -4.711902e-02 3.973575e-02 9.601724e-02 -1.119755e-01 4.888132e-02 3.886015e-01 3.074914e-01 1.702041e-01 -8.303015e-03 -3.689592e-01 -1.070158e-02 4.148215e-01 -2.773549e-01 -1.070804e-01 6.743520e-05 8.513153e-02 3.393202e-01 8.894266e-03 5.516667e-02 3.223966e-01 -2.526979e-01 -2.016860e-01
-1.091996e-01 4.991372e-02 -1.785627e-01 5.354195e-01 -4.877592e-03 -7.369478e-02 -2.868889e-01 -1.308083e-01 -2.325512e-02 5.897254e-02 -7.653421e-02 7.117402e-02 3.205237e-01 3.022855e-01 -6.726035e-02 -4.261280e-01 -4.593190e-01 2.521431e-01 -9.854968e-02 1.403801e-01 -1.109378e-01 3.515705e-01 -2.301821e-01 -3.320400e-01 -1.036883e-01 1.934763e-01 -1.494965e-01 -1.907657e-01 -9.895550e-02 4.509216e-02 2.569201e-01 -2.914184e-01
3.243023e-01 1.332593e-01 -1.227786e-01 1.958688e-01 -2.353727e-01 -3.737919e-02 -7.357375e-02 -9.051847e-02 2.555538e-01 5.985107e-01 -3.647497e-02 -2.037673e-01 9.402726e-04 -7.425055e-02 1.836766e-01 -1.596064e-01 -3.953896e-02 -8.171142e-02 -3.128424e-01 2.156678e-02 -5.228843e-01 -4.184815e-01 -7.617614e-02 -9.593587e-02 4.410697e-02 9.760980e-02 5.178034e-02 -1.753140e-01 -2.134826e-01 -4.478191e-01 -9.002559e-02 1.283403e-01
-1.790271e-01 1.966186e-01 -1.039509e-01 -5.889753e-02 -1.030536e-01 1.235077e-01 -1.660420e-01 1.849216e-01 3.697757e-02 2.231452e-01 -3.367178e-01 1.094050e-01 -7.494028e-02 6.310475e-01 -5.673010e-03 1.456078e-01 -1.198542e-03 4.202843e-01 3.608638e-01 5.205561e-02 -6.518588e-02 -6.800695e-02 -2.978085e-01 4.811538e-02 9.662837e-02 -1.946341e-01 1.343199e-02 -7.143675e-02 -1.978590e-01 5.209975e-01 -1.774520e-01 -2.661924e-01
-1.988338e-01 3.429664e-01 -1.877190e-01 2.716104e-01 1.159102e-02 1.371319e-01 -7.379699e-02 -9.919348e-03 -4.210778e-02 2.587605e-01 5.260485e-01 -2.776937e-01 -2.672521e-01 4.993854e-04 -4.045535e-02 -3.163498e-04 6.457382e-02 1.968733e-01 -1.654552e-02 -6.798289e-01 -3.454859e-02 2.289050e-01 1.049590e-01 -3.317885e-01 -8.053370e-02 1.284385e-01 6.604415e-03 -1.391791e-01 8.873728e-02 4.493957e-02 2.183059e-01 -9.208028e-03
2.911773e-01 2.057469e-01 2.419186e-01 -1.201023e-01 -3.781688e-01 5.061368e-01 -9.429682e-02 -1.055354e-01 -6.721163e-02 9.715892e-04 1.734959e-01 -2.557694e-01 4.355679e-01 -1.835059e-01 -7.605162e-02 -3.110286e-02 -1.972784e-02 -4.114455e-02 -3.318098e-02 -6.289363e-03 6.534894e-01 1.310901e-01 -1.383393e-01 1.542533e-03 3.608244e-01 -6.518564e-02 -3.435708e-01 3.261196e-01 2.374242e-01 -7.490087e-02 -2.581787e-01 5.124555e-03
1.951850e-01 -1.871196e-01 -1.315500e-01 -2.789664e-01 2.474220e-01 -3.655883e-02 2.989193e-02 6.055581e-02 4.997512e-01 -1.790911e-01 -2.996476e-01 2.575127e-01 -2.925948e-01 6.333632e-03 -2.871156e-04 1.675823e-01 -2.233513e-02 -3.217133e-01 3.375853e-01 2.842199e-01 1.002882e-01 7.995787e-02 4.068215e-02 -1.463013e-02 -3.157521e-01 -1.773239e-01 2.201611e-01 7.959036e-02 -1.434315e-01 1.194351e-01 -2.740486e-01 -2.475944e-01
2.393353e-01 8.739565e-02 6.372458e-01 -5.734946e-02 2.134749e-01 1.396756e-01 -1.715118e-01 -7.066709e-02 1.274459e-01 -1.975532e-01 2.293199e-01 2.736980e-01 3.256325e-03 -5.386573e-02 -2.573901e-01 1.055404e-01 5.734110e-02 1.728566e-01 -1.294809e-01 1.877998e-02 -1.105992e-01 -3.896133e-01 5.045394e-02 -3.509581e-01 1.723357e-01 2.845216e-01 3.773044e-01 -1.492821e-01 -1.352993e-01 -1.567226e-01 -8.792326e-02 -3.442533e-01
-2.849931e-01 6.051831e-02 2.215635e-01 -9.837679e-02 -1.643966e-01 -4.665700e-02 1.608156e-01 -5.012714e-02 8.383363e-02 -2.057172e-01 6.616463e-01 -1.283305e-02 -6.563309e-02 -9.935486e-03 -1.758122e-01 -2.063580e-01 -9.198797e-02 -2.490252e-01 -2.473486e-01 -6.256972e-02 -1.969817e-02 2.584530e-01 2.617047e-01 -1.470346e-01 -3.500443e-01 -2.919836e-02 -1.237405e-01 -2.899667e-01 2.468507e-01 -3.492154e-01 7.217398e-02 3.984357e-01
-8.224960e-02 -1.450168e-01 -1.113208e-01 1.373217e-01 3.886887e-01 -1.244243e-01 -4.405853e-02 9.850524e-04 1.221409e-01 2.836743e-01 -2.058135e-01 1.854574e-01 -2.535129e-01 -2.479240e-02 -3.097303e-01 7.551211e-02 -6.172039e-02 -2.905518e-01 3.389531e-02 3.884412e-01 -4.830366e-02 -3.450268e-01 3.296944e-02 4.228873e-01 1.691034e-01 -1.886940e-01 7.528859e-02 1.747175e-01 -7.102922e-02 4.154080e-02 -6.029214e-02 6.946886e-02
1.126566e-01 8.655131e-02 5.295436e-01 2.428022e-02 -1.366735e-01 -1.661475e-01 -1.933824e-01 1.417553e-01 2.028895e-01 1.408884e-01 3.965475e-02 3.841190e-01 -1.064640e-01 -2.567370e-01 -1.863099e-01 7.350634e-02 1.443331e-01 -2.095392e-03 1.015476e-01 -2.473754e-01 -4.150961e-04 6.198462e-02 -3.716742e-01 -3.162721e-01 9.486705e-02 -2.554181e-02 -2.045837e-01 2.498443e-01 -4.083132e-01 3.038166e-01 6.303620e-02 1.548957e-01
-2.434200e-01 -7.121666e-02 -3.384293e-01 3.432447e-01 2.202073e-01 4.990511e-02 -3.244475e-01 1.599776e-02 -2.199181e-02 -2.891991e-01 4.261534e-01 -1.360972e-01 5.911650e-02 4.303770e-02 1.550609e-01 2.280198e-01 -2.518726e-01 -7.211331e-02 1.950268e-01 5.178229e-01 1.503578e-01 -1.033176e-01 2.477052e-01 -2.430861e-01 -1.121412e-01 -4.664268e-02 2.424522e-02 -1.135833e-01 1.494349e-01 1.263148e-01 4.351858e-01 -1.485100e-01
2.113574e-02 -1.508981e-01 4.824728e-01 1.117673e-01 -1.549036e-01 3.047364e-01 -1.856369e-01 7.765358e-02 -1.384332e-01 -4.034194e-01 -2.283251e-01 -2.240749e-01 9.138229e-02 -3.503358e-02 -1.519815e-02 4.580351e-01 1.085368e-01 3.372653e-01 -1.862275e-02 -1.041979e-01 -7.371663e-02 1.810477e-01 1.850670e-01 1.349187e-01 -9.391315e-02 2.355956e-01 2.494483e-01 -4.162106e-01 -3.991629e-02 -1.171203e-01 -6.403334e-01 1.309165e-01
-1.117218e-01 -1.828045e-01 6.792663e-02 -1.792519e-01 2.671427e-01 -3.291588e-01 1.383026e-01 -3.151017e-01 6.475947e-01 9.863428e-02 -3.907612e-02 -1.158044e-01 -6.348798e-02 -9.426791e-02 3.455907e-01 3.335588e-02 -1.850881e-01 -2.933302e-01 -2.413029e-01 -1.763884e-01 -2.252689e-01 -6.967594e-02 1.231212e-01 2.069620e-01 6.985099e-01 -1.687908e-01 2.210844e-01 4.244213e-02 2.426891e-01 3.323013e-02 -1.240105e-01 -3.373840e-02
-1.712887e-01 3.199763e-01 1.227923e-01 3.825094e-01 9.828752e-02 1.160821e-01 -2.334506e-01 -2.436418e-02 -2.784104e-01 1.887135e-01 3.740203e-01 -2.865838e-01 6.745166e-02 -1.174828e-01 -1.098389e-02 -2.829504e-01 1.085578e-01 4.888707e-02 -1.033288e-01 -8.053073e-02 -2.161666e-01 2.053608e-01 1.708391e-01 5.985607e-01 -5.522802e-03 2.442618e-01 -1.359245e-01 2.808105e-02 9.820374e-02 1.565948e-01 1.518178e-02 1.375790e-01
-3.686899e-01 4.057105e-01 -1.883008e-01 3.497423e-01 -1.692054e-01 3.472834e-02 -2.533640e-01 1.523670e-01 7.750864e-02 -2.894080e-01 3.122249e-01 2.122339e-01 -2.094654e-02 3.380037e-03 -1.106316e-02 9.419342e-02 1.753224e-01 2.500064e-01 -8.980497e-02 -5.806741e-01 1.721960e-01 2.469555e-01 2.221105e-01 -1.791438e-02 -4.220566e-02 2.300284e-01 -1.510338e-01 -2.302988e-02 3.466967e-02 2.845547e-01 2.013185e-01 1.807141e-02
2.826888e-03 2.052087e-01 4.326332e-01 -2.467276e-01 -3.681099e-01 -1.760745e-01 7.808386e-03 -1.609493e-01 -1.728050e-01 -2.859935e-01 4.555797e-01 1.215555e-01 -8.583413e-02 -4.164280e-02 -1.212104e-01 -1.341826e-01 -4.283469e-02 2.320517e-01 3.238842e-01 4.206117e-01 1.439336e-01 5.114891e-01 -2.554369e-03 1.302382e-01 4.334009e-02 1.662842e-01 -3.097663e-01 4.055635e-02 8.161178e-02 2.862461e-01 1.605772e-01 1.631218e-01
9.430443e-02 4.214757e-02 -2.785872e-01 -2.902442e-01 1.818759e-01 9.524828e-02 1.546661e-01 3.706231e-03 -1.736813e-01 4.541477e-01 -1.006550e-01 -1.391511e-01 -1.345615e-01 -2.321100e-01 2.020525e-01 3.318416e-01 1.612955e-01 -8.359065e-02 -1.451615e-01 4.711652e-01 5.637702e-02 -2.548018e-01 1.761830e-01 2.384845e-01 4.017593e-02 -1.847269e-01 -2.515359e-01 4.818748e-02 3.615585e-02 -4.396666e-01 2.093222e-01 -1.175332e-01
-2.266902e-01 -2.199096e-01 -1.519545e-01 -1.489919e-01 -2.736464e-01 1.510908e-01 -1.172330e-01 1.665203e-01 -3.345362e-01 5.628107e-02 3.401814e-02 -1.340509e-01 5.524963e-01 -1.664449e-02 3.036087e-01 -8.316967e-02 1.328398e-01 1.564250e-02 -3.899701e-01 -2.789645e-01 -6.699204e-02 7.256553e-02 -1.232756e-02 -3.728475e-01 3.484982e-01 -1.214487e-01 -2.205499e-01 1.591860e-02 -7.653035e-02 -1.952586e-01 2.892688e-01 1.192392e-01
-7.395559e-02 1.758808e-01 6.673199e-02 -1.484332e-01 -3.917841e-01 -1.551975e-01 4.904144e-03 7.765608e-02 -4.219811e-02 1.494466e-02 -4.906353e-02 -8.704022e-02 -8.847535e-02 -3.566698e-01 2.730484e-01 4.965783e-01 1.771724e-01 2.043465e-01 -1.173950e-01 -4.473630e-01 6.604785e-02 -2.479715e-01 1.515922e-01 2.936704e-01 -1.226163e-01 -4.051309e-02 -3.340798e-01 7.671025e-02 -1.797512e-02 -2.749277e-01 1.094136e-01 -2.794079e-01
1.029624e-01 2.947165e-02 -2.728969e-01 3.489977e-02 2.164403e-01 -1.023786e-01 -5.840090e-02 -6.519896e-02 3.906709e-01 4.721438e-02 3.774239e-01 -8.741511e-02 -5.058230e-02 2.758364e-01 3.544111e-01 5.804538e-02 -1.155692e-03 -3.124464e-01 3.230433e-01 3.583261e-02 1.781509e-01 -1.754469e-01 4.365906e-01 1.173438e-01 -1.374777e-01 -6.748515e-02 2.741812e-01 1.742762e-01 9.641075e-02 9.744832e-02 -4.350457e-02 -3.145697e-01
-3.222709e-01 -1.384418e-01 -1.896540e-01 2.424705e-01 4.130715e-01 -5.944713e-02 1.343344e-01 8.469497e-02 3.484595e-01 -1.084794e-01 -1.280216e-01 -2.496924e-01 -4.402146e-03 -1.367608e-01 4.632627e-01 -2.295610e-01 -2.058741e-01 8.390544e-02 -6.545435e-02 2.549121e-01 4.487898e-02 1.143715e-01 2.135904e-01 1.076550e-01 1.776414e-01 -7.185327e-02 1.771002e-01 3.399066e-02 5.801007e-01 -4.951924e-01 -2.269677e-01 1.573229e-01
-3.050252e-01 -4.131691e-02 -3.103233e-01 -3.067406e-01 -2.195311e-01 1.434351e-01 4.309665e-01 -1.271950e-01 -1.713741e-01 2.749003e-01 1.026543e-01 -2.730469e-01 -2.441462e-01 1.015469e-01 1.213379e-01 1.052786e-01 1.661822e-02 -1.318860e-01 3.775594e-02 -5.116909e-01 -1.145891e-01 -2.449891e-01 7.410471e-02 9.632914e-02 -9.682860e-03 -1.460401e-01 -1.335610e-01 -4.624662e-01 6.865363e-02 -5.218061e-01 1.220024e-01 -3.511589e-02
-1.193513e-01 4.581648e-01 -5.383904e-02 8.322638e-02 -4.758648e-02 -3.289302e-01 2.699206e-01 -1.667117e-01 9.760153e-02 1.568178e-01 2.419889e-02 1.853523e-01 -2.580364e-01 5.195729e-02 1.179872e-03 -1.644133e-01 1.957837e-02 -1.654969e-01 -6.105263e-02 -3.641278e-01 -2.097245e-01 1.586675e-01 5.694193e-02 3.300923e-01 -2.492089e-01 1.333789e-01 7.729473e-02 -2.007978e-01 1.600954e-01 2.613225e-01 1.223830e-01 -4.017615e-01
-1.703223e-01 3.969624e-01 1.802801e-01 2.684516e-01 -1.078539e-01 1.119128e-01 -1.752592e-01 -2.574582e-01 5.431855e-02 -1.761069e-01 -1.887856e-01 8.394034e-02 -2.101390e-01 4.190829e-01 -1.798760e-01 -2.507200e-01 -8.073586e-02 5.585483e-02 2.557802e-01 1.522864e-01 4.271187e-01 -9.944314e-02 7.195260e-02 -9.735599e-03 2.151782e-01 -2.945430e-01 1.599523e-01 5.144094e-02 -3.616533e-02 3.393774e-01 -3.086480e-01 -3.169849e-01
8.502746e-02 2.808466e-01 -3.660758e-01 4.441921e-01 2.090421e-01 2.441471e-01 -2.634928e-01 5.953871e-02 -2.558810e-02 -1.604578e-01 -4.402801e-03 -3.493150e-01 2.224553e-02 3.608607e-02 -2.754902e-01 -6.212792e-02 -6.136005e-03 -5.515796e-02 -1.069919e-01 3.634714e-01 -3.505300e-01 9.679585e-02 -2.123529e-01 -2.704542e-02 4.237204e-01 -3.083819e-01 1.382244e-01 -1.949013e-01 -3.393749e-01 1.093490e-01 4.199596e-02 3.152717e-01
1.434635e-01 -6.333001e-02 5.111792e-01 2.766433e-01 -1.198399e-02 2.236839e-01 -3.415193e-01 -4.993793e-02 1.341713e-01 -3.225443e-01 1.097086e-01 9.125009e-02 2.196584e-01 6.420801e-02 -3.096561e-01 1.722241e-01 -8.105388e-02 1.732875e-01 1.686005e-01 -2.048202e-01 -2.140763e-02 6.431666e-02 -6.658113e-02 -3.315441e-01 7.727938e-02 3.691972e-01 5.764013e-01 -2.974407e-01 -7.540107e-03 1.358700e-01 -1.478735e-01 -1.588249e-01
-2.936639e-01 1.347738e-01 -2.765198e-01 2.253793e-01 1.770424e-01 3.509518e-01 -1.545082e-01 5.937982e-02 5.023575e-01 4.127164e-02 -4.285526e-01 7.652115e-03 -1.330675e-01 1.026554e-01 1.092487e-01 -2.747447e-01 3.364087e-02 5.379438e-01 1.926046e-01 5.300466e-01 3.758056e-02 -9.949163e-02 -1.157095e-01 1.114823e-01 -1.878955e-02 4.724338e-02 5.916839e-02 1.256936e-01 3.205158e-01 -4.222029e-01 -5.708281e-02 1.018752e-01
4.532299e-01 -6.837513e-02 2.138153e-01 4.690002e-01 -1.836236e-01 9.038150e-02 -1.559670e-01 -1.740415e-01 -2.134373e-01 -1.280907e-01 3.866176e-02 2.909424e-01 2.102932e-03 -1.876417e-02 -2.541146e-01 5.848862e-02 2.771132e-01 1.476702e-01 1.800603e-01 -3.106525e-01 -1.259273e-02 2.543404e-01 -1.961520e-02 -2.734355e-01 1.269582e-01 3.527534e-02 3.058038e-01 1.115069e-01 8.020762e-02 3.902211e-01 -1.512096e-01 -2.014225e-01
-1.304751e-01 -2.454027e-02 6.805347e-02 -1.068474e-01 2.571096e-01 -3.715196e-01 1.589890e-01 -1.344077e-01 7.532938e-01 -8.616991e-02 -3.393840e-02 -1.051448e-01 -2.533992e-02 -1.664837e-01 2.629627e-01 -3.113498e-02 -1.565230e-01 -3.268751e-01 -3.146096e-01 -1.579034e-01 -1.012406e-01 -9.273438e-02 1.092896e-01 1.206099e-01 7.074795e-01 -1.762334e-01 2.464492e-01 -8.719202e-03 2.128614e-01 1.037151e-01 -9.526234e-02 1.228331e-01
3.007402e-01 -3.202942e-01 -2.629098e-01 -8.303308e-02 -8.001179e-05 9.439603e-03 -1.870589e-01 1.390831e-01 -3.044847e-01 -3.148648e-01 1.268965e-01 -1.331874e-01 -6.035089e-03 4.392973e-01 9.203306e-02 2.714670e-01 1.555571e-01 -1.746681e-01 2.327690e-01 5.534992e-01 1.485222e-01 -2.343171e-01 2.369249e-01 -5.927569e-02 4.865373e-02 2.605189e-02 1.441566e-01 -3.869242e-01 1.786227e-01 1.168204e-01 -1.673043e-02 -9.235036e-02
2.015376e-01 3.075014e-01 1.364900e-01 1.361962e-01 -9.142731e-02 4.643542e-01 -2.586131e-01 3.605778e-02 -1.824340e-01 -2.840205e-01 3.019319e-01 2.381554e-02 -2.603088e-02 2.782142e-01 -1.014617e-01 -1.573835e-01 4.045082e-02 -1.828061e-01 3.871357e-01 6.896236e-02 -1.233903e-01 -6.063356e-02 -1.923910e-01 -2.716942e-01 2.781035e-02 -2.737371e-01 -7.898646e-02 -4.041973e-03 -2.494971e-01 4.668879e-01 1.118199e-01 -2.527487e-01
-3.399679e-01 -4.634169e-02 3.994942e-01 -2.641009e-01 5.314747e-02 -3.032456e-01 8.185238e-02 -2.968703e-02 -2.360828e-01 -1.287928e-01 -2.159793e-01 -2.309570e-01 -9.842330e-02 4.235235e-02 4.371190e-01 -2.169704e-01 1.785793e-03 -2.621474e-02 -1.610752e-01 1.248838e-01 5.051089e-03 1.922779e-01 -4.576445e-01 9.749049e-02 4.928790e-01 1.082216e-01 -1.522316e-01 3.589353e-01 -1.872543e-01 -1.935501e-01 1.894073e-01 -5.635244e-02
-4.210609e-01 3.591416e-01 7.286215e-02 1.475485e-01 -7.630634e-02 2.111702e-01 -1.368832e-01 1.955748e-02 4.876956e-01 1.648640e-01 -2.818026e-01 2.962738e-02 1.687765e-02 -3.294742e-01 5.195290e-04 -1.853518e-01 -1.103133e-01 3.605865e-01 -2.643768e-02 -9.702136e-02 -9.062819e-02 1.536907e-01 -1.464023e-01 -3.458534e-01 -5.212561e-02 -1.328777e-02 -1.961760e-01 3.797787e-01 -5.253949e-01 -1.405983e-01 1.513602e-02 6.971499e-02
6.979109e-02 3.661453e-02 -3.081801e-01 1.935558e-01 -1.108211e-01 5.092811e-01 -7.821228e-02 -1.096695e-01 1.239944e-01 -2.554998e-01 3.586461e-01 -4.730535e-02 7.315578e-02 -2.320532e-02 3.504544e-03 4.035398e-03 -2.095209e-02 -6.440876e-02 9.787154e-02 3.189661e-01 -7.330447e-01 -7.826243e-02 -6.309000e-02 -7.184802e-02 1.434589e-01 -1.431603e-01 1.493447e-01 -5.324082e-02 -1.338577e-01 -1.932243e-01 1.389685e-01 1.961795e-01
-1.202444e-01 -2.540901e-01 2.828262e-02 -2.145798e-01 -1.678931e-01 -3.517390e-01 5.285077e-01 2.076404e-01 5.834349e-02 2.403858e-01 1.870032e-01 -2.449103e-01 8.014172e-02 -3.227485e-01 4.953665e-02 1.357221e-01 7.035803e-02 2.640685e-01 -3.504151e-01 2.081453e-01 -2.413109e-01 2.104033e-01 -3.328976e-01 1.044735e-01 -9.115633e-03 1.482171e-01 3.651986e-02 -2.841907e-01 -2.567770e-01 -4.652660e-01 9.475560e-02 -2.485310e-02
1.322787e-01 -5.419815e-02 -1.555282e-01 -1.019731e-03 4.805125e-01 -4.065271e-02 -8.706459e-02 -2.673076e-01 -8.155714e-02 3.566156e-01 -2.163035e-02 -3.352419e-01 3.222787e-01 -1.732356e-01 2.822876e-01 9.508558e-02 6.298766e-02 -1.067900e-01 -3.041228e-02 -2.584513e-01 -4.008828e-01 -2.561026e-01 1.017234e-01 -2.966685e-01 -2.729925e-02 -2.147417e-01 -1.645868e-01 -1.821172e-01 -1.195453e-01 -3.847443e-01 -3.746368e-01 -2.614129e-01
-1.376350e-02 -4.994118e-02 -1.060107e-01 6.648588e-01 3.505121e-02 -2.122200e-02 -3.953256e-01 1.339639e-01 -4.456503e-02 -2.007878e-01 2.748761e-01 -7.812737e-03 6.118305e-02 2.500674e-01 -2.942890e-02 1.003337e-01 9.994927e-02 1.279191e-01 1.551919e-04 5.995103e-01 2.009270e-01 1.238286e-01 1.001167e-01 1.347531e-01 2.905242e-01 -9.313580e-02 -1.078370e-02 -3.184405e-01 2.655044e-01 2.221206e-03 3.706586e-01 7.623889e-02
-5.073088e-02 -1.842708e-01 4.587808e-02 9.932557e-02 -5.865900e-03 1.632060e-01 1.506111e-01 -2.640565e-02 9.930819e-02 -1.324896e-01 -1.993889e-01 -2.654536e-01 4.815277e-01 -3.392190e-01 -2.994061e-01 1.842873e-01 4.798745e-02 2.218524e-01 -1.843919e-01 6.432799e-02 1.696017e-01 -1.386512e-01 -2.641441e-01 -1.619487e-02 4.012143e-01 -5.554839e-02 8.553990e-02 9.876786e-02 -3.725439e-01 -3.123811e-01 -2.025358e-01 2.915715e-01
8.246616e-03 -5.972461e-02 -2.622657e-01 -3.153087e-01 2.259123e-01 3.242084e-02 1.168149e-01 -8.018540e-02 -3.008925e-01 -2.376947e-01 3.059944e-01 6.604298e-02 -6.028570e-03 -2.759737e-02 -2.144404e-01 6.118030e-01 -1.537625e-01 4.258833e-01 8.297940e-02 5.834935e-01 1.448949e-02 2.209115e-01 9.233288e-02 -5.783678e-02 1.397295e-01 -3.409287e-03 3.365465e-02 -5.087374e-01 1.066097e-01 6.408212e-02 2.794025e-02 -2.729203e-02
4.833555e-01 -1.160280e-01 -3.853527e-02 -3.420587e-01 7.090434e-02 7.347832e-02 4.270559e-01 -1.183582e-01 -3.669279e-01 -8.914309e-02 9.802084e-02 -2.115041e-02 1.491847e-01 1.036946e-01 -2.553992e-02 2.201249e-01 -1.591882e-01 2.275028e-02 -1.643237e-01 7.069979e-01 -1.407749e-01 -1.055721e-01 -8.891612e-02 -1.414121e-01 2.958740e-01 1.450872e-01 1.377176e-01 -3.209936e-02 2.288781e-01 8.397496e-02 -1.813725e-01 -1.318029e-01
2.418611e-01 6.251828e-03 5.164578e-01 -2.957016e-01 -3.705833e-01 -1.581876e-01 1.775597e-01 1.833192e-01 -3.471186e-01 6.177448e-02 -1.046464e-01 -2.463340e-02 -1.319939e-02 -3.006728e-02 -2.180132e-01 -7.534261e-02 -1.669309e-02 -4.593927e-02 5.110351e-02 -3.883474e-01 4.278538e-01 -9.999296e-02 1.726702e-01 -6.729086e-03 -4.819281e-01 8.878760e-02 -1.628321e-01 4.090021e-02 3.113157e-01 -5.555693e-04 -2.258177e-01 -1.512480e-01
-5.484755e-02 1.605659e-01 2.458604e-01 -2.844277e-01 1.934249e-02 -1.215397e-01 9.161372e-02 1.872453e-01 -2.952774e-01 2.282738e-01 -2.170833e-01 -2.295631e-01 -1.708660e-01 4.372093e-01 -1.319650e-01 -1.644188e-01 5.988923e-03 8.465856e-02 -3.159665e-02 -3.947064e-01 6.274825e-01 -8.052540e-02 -5.206477e-02 -1.128439e-01 -4.182263e-01 3.311364e-02 -1.633355e-01 1.918465e-02 1.399481e-01 -2.099236e-01 -1.758707e-01 6.079415e-02
-1.576743e-01 -1.292310e-01 -3.149359e-01 3.550515e-01 1.926866e-01 3.824760e-02 -1.636215e-01 -1.426164e-01 -1.972165e-01 -8.644779e-02 1.503453e-01 -6.232649e-02 4.640568e-02 4.893592e-01 1.582745e-01 7.513979e-02 3.390191e-02 2.696437e-01 -8.309491e-02 8.033047e-01 1.120375e-01 7.340702e-02 8.591588e-02 6.906205e-02 2.184995e-01 -7.404464e-02 -2.434070e-02 1.092011e-01 7.067929e-02 5.054109e-02 1.798872e-01 8.664380e-02
-3.354910e-02 -7.877880e-02 7.920958e-03 1.323221e-01 -2.204262e-01 8.953034e-02 -6.407890e-02 -2.259586e-02 3.156317e-01 -5.563733e-03 -3.685526e-01 5.482761e-01 1.971730e-02 2.851972e-01 -3.223188e-01 9.501526e-02 1.376724e-01 4.021330e-01 2.464379e-01 -8.292584e-02 2.346907e-01 -1.431403e-01 -2.938743e-01 2.951876e-01 7.123177e-02 1.520493e-02 2.033977e-01 -1.534506e-02 -1.049854e-01 4.362501e-01 -3.448266e-01 -2.206729e-01
-2.452112e-01 8.638038e-02 -1.379363e-01 -8.695794e-02 1.850009e-01 -9.995548e-02 1.016098e-01 -1.252792e-01 5.347639e-01 -1.172019e-01 -1.405856e-01 -1.204054e-01 -9.397122e-02 3.253822e-01 4.313194e-01 -1.384619e-01 -3.043437e-01 -2.873255e-01 -1.695596e-01 -3.512405e-02 -2.156208e-02 1.143344e-01 2.560704e-01 -9.437110e-02 3.748662e-01 -3.902952e-02 1.595797e-01 9.178020e-02 2.741553e-01 -2.665669e-01 -2.602589e-01 -4.981330e-01
-1.325445e-01 3.269221e-01 1.414012e-01 4.088676e-01 -3.102522e-01 1.619945e-01 -2.021233e-01 2.592577e-01 -1.034466e-01 -1.205971e-01 1.123436e-01 -7.125932e-02 1.396159e-01 -5.798806e-02 3.592386e-01 -1.483085e-01 1.545167e-01 1.933501e-01 -1.610773e-01 -2.923957e-01 9.320607e-02 4.361543e-01 1.583149e-01 -4.622698e-01 1.785822e-01 1.974773e-01 -1.317556e-01 -1.571104e-01 1.902020e-02 7.627583e-02 1.738476e-01 4.475389e-02
-2.775413e-01 1.930809e-01 -4.302946e-02 -3.888905e-01 1.101801e-01 1.945013e-03 2.082843e-01 -6.561182e-02 1.259790e-01 9.284010e-02 8.519314e-03 -8.990951e-02 -1.786357e-01 4.250117e-01 -1.763139e-01 -3.402391e-01 -3.178301e-01 -1.161190e-01 2.571363e-04 2.779342e-01 4.565510e-02 -2.597684e-01 -7.460205e-02 1.504094e-02 4.893540e-02 -2.490616e-02 -4.813125e-01 -3.813625e-02 -1.930009e-01 -2.842994e-01 1.159404e-01 1.975219e-01
4.173488e-01 -9.093323e-02 -1.962094e-01 -3.124589e-01 6.567711e-02 -1.144239e-01 4.168667e-01 -1.026497e-01 -2.330354e-01 -5.200998e-02 2.125933e-01 -9.094555e-02 2.207438e-01 1.699016e-02 3.079376e-01 1.781001e-01 -2.323049e-01 2.505180e-01 2.552198e-02 -3.124552e-01 -2.212419e-01 -3.443884e-02 2.363542e-01 -2.840194e-01 2.381212e-02 4.104413e-01 1.003326e-01 -1.244798e-01 9.981363e-02 1.401763e-01 3.116870e-01 -4.564461e-01
1.548950e-01 -2.602138e-02 -3.753517e-01 5.202767e-02 -6.171808e-02 1.904558e-01 -7.926156e-02 -6.106605e-02 -3.648161e-01 -1.994314e-01 4.836646e-02 -5.624218e-02 7.156708e-02 5.002694e-01 7.449242e-02 1.115545e-01 -1.337590e-02 1.399622e-01 -1.727441e-01 5.747988e-01 6.075618e-02 -3.981575e-02 -1.207841e-02 1.099050e-01 2.690137e-01 3.692193e-01 -3.980990e-02 -1.990503e-02 1.578451e-01 9.243321e-02 -1.892864e-01 5.528942e-02
-3.001277e-01 4.805606e-01 -2.937049e-01 6.518180e-02 7.048973e-02 -9.833394e-04 -2.443129e-01 2.396609e-01 -1.442396e-01 2.583291e-01 -2.100954e-02 -2.794288e-01 1.035004e-01 -2.395048e-01 -6.907041e-02 -3.877973e-01 3.873373e-02 -3.327313e-01 2.077262e-01 -1.328745e-01 -1.439477e-01 -2.702034e-01 2.190762e-01 4.229190e-02 -5.821120e-01 -3.626466e-03 -1.375547e-01 -3.530434e-01 -5.382521e-02 2.265055e-01 5.423383e-02 -7.405836e-02
1.804938e-01 -1.260552e-01 3.367831e-01 5.961729e-01 5.704333e-02 -3.552603e-02 -6.793176e-02 -2.123863e-01 2.964691e-02 -7.385125e-02 -1.372786e-01 3.806034e-01 2.136620e-01 -1.497162e-01 -2.646775e-01 9.838949e-02 -1.764002e-02 1.584084e-01 -2.261030e-01 4.666635e-01 4.094991e-02 1.464766e-01 -1.777736e-02 -1.170526e-01 1.037306e-01 8.518206e-02 1.829753e-01 4.560991e-01 -1.188416e-01 5.858648e-01 -4.371227e-02 2.941226e-02
-1.985209e-01 -2.028969e-01 -6.966787e-02 -2.579046e-01 -4.872569e-02 -9.212983e-02 -9.701107e-02 8.614029e-02 -1.946796e-01 -4.527721e-02 5.403889e-01 2.260100e-01 5.395126e-02 -9.044873e-02 -3.291979e-01 1.014466e-01 4.061124e-02 -2.759030e-01 7.844830e-02 -2.659931e-01 -2.129123e-01 -1.122875e-01 -3.206631e-01 -3.385510e-02 4.682088e-02 -2.784890e-01 -5.628211e-01 -1.593799e-01 2.318431e-01 -4.190635e-02 1.218869e-01 4.374252e-03
-1.968446e-01 -2.689782e-01 -1.221177e-01 4.818257e-01 2.550069e-01 -2.113904e-02 1.358837e-01 -7.837771e-03 4.060695e-01 5.858063e-02 2.546915e-02 -8.658328e-02 1.683267e-01 5.296056e-02 -8.188906e-02 -9.172639e-02 8.646157e-02 -1.248110e-02 3.016986e-02 6.956909e-01 1.452172e-02 1.518000e-01 8.720890e-02 1.967205e-03 7.288757e-02 -1.199297e-01 -1.132818e-02 -2.845075e-01 2.506576e-02 -8.416043e-02 3.894101e-01 9.706557e-02
3.831343e-01 1.380136e-01 2.150725e-01 3.912084e-02 2.655565e-01 -2.019180e-01 2.839503e-01 -8.612747e-02 4.551899e-01 -1.065803e-01 2.319416e-01 1.667621e-02 1.186897e-01 -2.673646e-01 -3.862306e-04 -2.354692e-01 2.422766e-02 1.686337e-02 4.710083e-02 3.865004e-01 1.053145e-01 1.313671e-01 -2.860246e-01 -2.439797e-01 5.171368e-01 -7.070803e-02 -3.692482e-02 2.504498e-01 3.582360e-01 5.075498e-02 1.523738e-01 -1.651608e-01
2.503096e-01 -6.496256e-02 1.394047e-01 2.950910e-03 4.385063e-01 1.094796e-01 -6.363934e-02 -2.772923e-01 -2.649214e-01 -1.367479e-01 1.954463e-01 -1.173020e-01 -2.087842e-02 3.914951e-01 -7.110421e-03 -3.019352e-01 8.890826e-02 -2.097394e-01 1.205450e-01 -4.446650e-02 2.582541e-01 4.050392e-01 -1.703978e-01 1.155809e-01 2.445548e-01 -2.059647e-01 -4.080198e-01 3.168372e-01 8.102387e-02 1.633209e-01 -1.156735e-01 -2.164541e-01
-1.669271e-01 -1.616033e-01 8.333132e-02 -2.132860e-01 2.953204e-01 9.434853e-03 1.319869e-01 -4.196794e-01 5.360629e-01 1.292944e-01 -1.326237e-01 -4.944130e-02 -1.508428e-01 1.897928e-01 2.749384e-01 4.655083e-02 -2.630898e-01 -3.045981e-01 -2.041179e-01 -1.247113e-01 -2.130201e-01 6.955803e-02 1.208495e-01 -1.251976e-01 4.984766e-01 -1.234898e-01 6.144973e-02 3.263932e-01 2.988857e-01 -6.500600e-02 -1.607760e-01 -2.823785e-01
-8.456337e-02 5.084862e-01 2.022363e-01 -3.471565e-01 1.310010e-01 -4.323485e-04 1.007971e-01 -2.506025e-01 -1.669174e-01 1.331349e-01 3.602442e-01 -2.460736e-01 -8.863881e-02 3.119306e-02 8.712043e-02 1.127135e-01 4.907415e-02 -2.392364e-01 7.872616e-02 -5.500877e-01 -1.558199e-02 -1.178653e-01 -6.033896e-02 2.556947e-01 7.536821e-03 -1.248055e-01 -1.118103e-01 -4.271198e-01 6.393903e-02 -4.659000e-01 1.744216e-01 -9.971862e-02
1.682548e-01 -3.319549e-01 -1.280265e-01 -1.338531e-01 1.371018e-02 2.351901e-01 5.730534e-02 1.984063e-01 -1.336942e-02 -1.289952e-01 5.426198e-01 -1.151384e-01 1.643042e-01 -3.383159e-01 1.504724e-01 2.219295e-01 1.770949e-01 -7.983828e-02 -2.229190e-01 3.697351e-02 -3.813410e-01 -9.567106e-03 -8.433673e-02 -3.028026e-01 8.062538e-02 -4.381670e-02 -3.896786e-01 -1.990944e-01 -1.538179e-01 2.522726e-01 3.051414e-01 2.484444e-01
4.017901e-01 1.011075e-01 3.759172e-02 -1.137406e-02 -2.831341e-01 -3.128567e-04 2.560758e-01 1.683370e-02 1.274916e-02 -1.575399e-01 6.179754e-01 -4.760023e-02 9.655729e-03 1.473976e-01 1.571480e-01 -2.397343e-01 -8.755269e-02 -4.237136e-01 -1.727186e-01 1.735353e-02 -2.881815e-01 2.860442e-01 2.869952e-01 -1.592527e-01 -6.169853e-02 4.049196e-02 -3.572038e-02 1.961087e-02 2.695183e-01 -3.455925e-01 1.060299e-01 4.439430e-01
6.531995e-02 -6.608011e-02 -1.866496e-01 6.118629e-01 -4.542261e-02 1.015215e-01 -1.126946e-01 -1.535315e-01 2.696096e-01 -2.717735e-01 2.117516e-01 1.200909e-01 4.489291e-02 -2.023561e-01 3.647539e-02 2.336090e-01 5.624817e-03 -1.139923e-01 5.824917e-02 4.418790e-01 -6.169415e-01 9.440735e-02 -4.752196e-02 1.380093e-01 3.780764e-01 -6.477793e-02 1.377122e-01 -3.398447e-02 -1.369547e-01 2.132453e-01 1.750878e-01 1.507212e-02
-1.070272e-02 -3.321209e-01 -2.039847e-01 1.564615e-01 -2.533682e-01 8.200205e-02 -1.744768e-01 2.477812e-01 4.733175e-01 1.057104e-02 -3.776358e-01 1.358182e-01 -8.452427e-03 -2.760004e-01 -8.461714e-02 -8.126235e-03 -2.331360e-02 3.133149e-01 -1.131205e-01 5.062554e-01 -8.310387e-02 1.217742e-01 6.186330e-02 -1.919336e-01 -5.966598e-02 1.275061e-01 1.269400e-01 4.243746e-01 2.577304e-02 5.212215e-01 -1.738612e-01 7.652351e-02
-1.296380e-01 -1.423058e-02 4.240077e-01 -1.440408e-01 -1.381545e-01 3.365149e-01 1.722170e-01 1.827853e-02 -1.318163e-01 -1.959977e-01 -3.590031e-02 -4.516564e-02 2.355535e-01 -3.448240e-02 -6.001966e-02 5.670131e-01 2.604610e-01 1.782982e-01 -4.038505e-02 -2.046399e-01 1.421344e-01 3.754880e-02 1.188832e-01 1.800940e-01 -2.009957e-01 1.576831e-01 1.061273e-01 -1.966557e-01 -7.541685e-02 -1.447080e-01 -7.098604e-01 -3.250499e-02
-2.416529e-01 -4.436027e-02 1.554790e-01 1.161913e-01 3.763645e-01 -3.235292e-01 8.640230e-02 -1.104835e-01 -2.810292e-02 -4.094862e-01 -4.776399e-02 -1.249133e-02 4.460793e-03 5.715519e-01 -1.736109e-01 -2.235275e-01 5.259085e-01 -1.054988e-01 -1.149345e-01 3.082739e-02 -9.348157e-02 1.818258e-04 -1.227494e-01 -2.457457e-01 -5.640422e-01 -1.495171e-01 -8.291153e-03 -6.538428e-02 -3.030704e-01 6.919286e-02 6.048441e-02 1.544781e-01
4.219162e-02 1.893073e-01 9.047911e-02 -1.235760e-01 3.768658e-01 -2.574476e-01 -1.230663e-01 -1.229998e-01 -1.075086e-01 3.753830e-01 -2.599360e-01 4.792793e-02 -2.746342e-01 -1.732898e-01 -1.743931e-01 6.387800e-02 -2.054460e-01 2.831906e-02 -1.192610e-01 -1.308420e-01 2.973286e-01 -2.457240e-01 2.185871e-01 2.599041e-01 -1.886219e-01 2.295324e-01 9.247435e-02 9.241109e-02 -8.449849e-03 -4.452781e-01 -2.671099e-01 -1.695357e-01
-2.222234e-01 4.525584e-01 -9.487244e-02 3.539528e-01 -1.630579e-02 1.257845e-01 -2.376663e-01 1.219370e-01 -8.591022e-02 -5.798908e-02 5.401140e-01 -3.363791e-01 -8.240001e-02 -1.125383e-03 1.843617e-02 -9.329187e-02 -4.608594e-02 3.448863e-01 -8.993766e-02 -2.800964e-01 5.352404e-02 3.765897e-01 2.437791e-01 -3.894410e-02 8.105127e-02 3.775323e-01 -1.678349e-01 1.724915e-01 2.548754e-01 3.257159e-01 -6.969821e-02 -1.040907e-02
3.824354e-02 -8.239421e-02 -2.073714e-01 1.078502e-01 1.716932e-01 -4.519431e-02 -3.360650e-01 -5.128019e-02 4.346961e-01 -3.283874e-01 1.590447e-01 4.395866e-01 4.317798e-02 1.431930e-01 1.585641e-01 3.794737e-01 4.894627e-02 3.560079e-01 2.621483e-01 -6.710577e-02 -2.342762e-01 1.201389e-03 1.695400e-01 8.038957e-02 -5.929965e-01 2.376437e-01 2.592418e-01 -3.087310e-01 1.368749e-01 1.679470e-01 5.048742e-02 5.145087e-02
4.757437e-02 -3.458195e-01 1.000034e-02 -3.342187e-01 -1.516165e-01 -2.695137e-01 3.082081e-01 -7.958757e-03 7.390466e-02 -8.962186e-02 -4.073268e-01 4.748353e-01 2.734793e-01 -6.637432e-02 -6.242922e-02 8.242542e-02 3.112334e-01 -2.328770e-01 -3.913189e-01 5.650808e-01 -6.551611e-02 -2.780572e-01 -4.493609e-02 1.103921e-01 6.760767e-02 -1.698701e-01 -8.984572e-02 1.280406e-01 -1.355484e-01 -2.089024e-01 1.234684e-02 3.527788e-01
4.981128e-02 5.225677e-01 -9.889182e-03 4.938970e-02 3.499233e-01 -1.369358e-01 9.320115e-02 -2.454107e-01 -1.320408e-01 2.177352e-02 1.928360e-01 2.146855e-02 2.850586e-01 1.213075e-01 -2.975894e-01 -2.482380e-01 5.945607e-02 -2.724956e-01 1.245276e-01 -4.019810e-01 -9.153196e-03 -9.371682e-02 -6.212237e-02 1.872760e-01 4.329907e-02 -8.556151e-02 -2.378663e-01 -4.507041e-01 8.745295e-02 -5.428637e-01 -1.044594e-02 -7.833458e-02
-3.360257e-03 -3.815427e-02 -4.722247e-02 2.394645e-01 -8.675749e-02 -3.335110e-01 2.561710e-01 -9.971029e-02 -6.730323e-02 1.772396e-01 -3.164011e-01 5.247353e-01 -3.954227e-01 6.007931e-02 2.671527e-02 2.107397e-02 1.633198e-01 -1.534926e-01 -4.889514e-01 6.471523e-01 5.092979e-02 -2.136323e-01 -5.734988e-02 8.446099e-02 5.973411e-02 -1.337852e-01 -4.823838e-02 -8.676765e-03 -1.426946e-01 -1.052485e-01 -1.530488e-01 2.891796e-01
-1.232188e-01 1.306976e-01 -3.618203e-01 2.637841e-01 1.902132e-01 -1.433316e-01 -9.587003e-02 -4.747495e-02 3.539257e-01 1.764368e-01 2.787341e-01 -2.788781e-01 -4.906273e-02 1.968475e-01 3.207786e-01 9.393398e-02 2.586973e-02 -9.719530e-02 -6.965801e-02 2.463984e-01 -3.617215e-01 5.137816e-02 -8.196466e-02 -1.937776e-01 6.167462e-01 -1.923222e-01 1.163052e-01 -3.944710e-02 9.538239e-03 -2.602506e-02 1.194385e-01 5.428544e-02
-4.061670e-01 -4.833778e-02 -1.868763e-01 -1.667758e-01 -1.540894e-01 -1.456493e-01 -1.295108e-02 4.745650e-02 2.538505e-01 -1.103317e-01 9.853190e-02 5.581750e-01 -1.413479e-01 6.884955e-02 -3.265110e-01 -1.333136e-01 1.162928e-02 -4.927588e-02 -9.602404e-02 4.252275e-02 2.393073e-01 8.982871e-02 -1.552328e-01 3.201407e-02 -4.069892e-01 -5.080378e-02 -1.885485e-01 -6.763690e-01 6.285959e-02 1.165991e-02 -4.931816e-02 1.821502e-01
-2.163403e-01 -4.071096e-01 -1.055478e-01 -1.589549e-02 1.452860e-01 -2.619489e-01 2.985792e-01 -9.223854e-02 1.269094e-02 4.840928e-02 -1.813266e-01 -1.691498e-01 4.903449e-01 -1.774755e-01 9.878983e-02 1.553102e-01 9.132127e-02 1.882848e-01 -2.775577e-01 -3.655170e-01 -2.102670e-02 1.734197e-01 3.961514e-02 1.464984e-01 -5.058626e-02 1.272576e-01 -2.325618e-02 -4.975174e-02 4.221261e-02 -5.790887e-01 2.060644e-02 2.406561e-01
-2.024699e-01 9.483728e-02 -1.879639e-01 -2.658224e-01 -7.889422e-03 -9.420493e-02 3.186397e-01 -2.741958e-01 2.678864e-02 6.490461e-02 7.505759e-02 1.775956e-01 2.214555e-01 2.131429e-01 -2.984525e-01 -2.919767e-01 6.235647e-03 3.706251e-02 -5.269811e-02 -7.003307e-02 -3.429765e-01 -1.978679e-01 -1.414405e-01 -9.609830e-02 -4.419713e-02 1.010979e-01 -6.159714e-01 -1.185964e-01 -1.402741e-01 -1.599769e-01 9.304206e-02 1.476153e-01
-1.095849e-01 -3.457604e-01 1.308052e-02 -3.113031e-02 2.267043e-01 1.563482e-01 3.670227e-02 -9.085740e-02 3.519469e-01 3.926869e-01 4.919494e-02 1.393088e-01 -1.379644e-01 1.099407e-02 1.932896e-01 5.502579e-01 1.613029e-01 -4.059085e-01 -8.415413e-02 -8.884291e-02 -2.359567e-01 3.200107e-02 -1.246530e-01 -8.233806e-02 1.489474e-02 -2.893891e-01 -1.184194e-01 2.720102e-01 1.057050e-01 2.720521e-01 4.347787e-01 3.651868e-01
-1.347903e-01 -2.160588e-01 1.548938e-01 6.178741e-01 1.421951e-01 1.747916e-01 -1.564208e-01 -1.509247e-01 -1.014412e-01 2.000907e-01 1.526740e-01 -3.315991e-01 -2.528450e-01 3.204124e-02 1.946480e-01 5.186006e-03 -2.246343e-01 1.794549e-01 3.487183e-01 -4.883047e-01 3.425501e-02 2.925223e-01 1.442913e-02 -2.371053e-01 -1.101286e-01 4.274023e-01 7.197469e-02 1.148762e-03 -1.087977e-02 3.893012e-02 2.320236e-01 -3.597825e-01
1.577255e-01 9.090848e-02 -3.219481e-01 -1.358718e-01 1.695674e-01 2.075973e-02 1.374882e-01 -9.436960e-02 -2.625335e-01 6.156110e-02 4.652092e-01 -4.444864e-02 1.961363e-01 3.401870e-01 -2.596813e-02 3.761860e-01 -6.263090e-02 1.540696e-01 -4.642514e-02 7.235773e-01 2.200648e-01 6.212941e-02 2.981490e-02 2.350805e-02 -1.381342e-01 2.486511e-03 -9.413052e-03 -5.130809e-01 5.920140e-02 -2.233304e-02 4.003623e-02 8.573602e-02
-2.157159e-01 1.221978e-02 -1.310927e-01 -3.270308e-01 4.797190e-01 -3.559418e-01 -1.742955e-01 -1.103616e-01 -1.834614e-01 -1.009595e-01 3.368761e-01 -1.306002e-01 2.579104e-01 -1.108680e-02 -7.709871e-02 -2.577631e-01 -1.475108e-01 9.242100e-02 3.840710e-01 -1.684966e-01 1.844230e-01 4.146050e-01 -8.376442e-02 -1.444194e-02 4.728924e-02 -1.427173e-01 -1.621576e-01 -5.812119e-03 1.247598e-01 4.570013e-01 4.453841e-01 -2.691647e-01
1.452353e-03 -1.214212e-01 4.516981e-01 3.894844e-01 -2.519046e-01 -6.997656e-02 -7.960720e-02 -5.570049e-03 -1.685014e-02 -1.790490e-01 2.374537e-01 2.661686e-01 8.601074e-02 7.528660e-02 -3.056966e-01 -2.034668e-01 -5.737113e-02 1.314647e-01 1.050211e-01 -5.881055e-01 -8.742307e-02 5.940716e-02 1.063415e-01 -3.190844e-01 7.082112e-03 8.868414e-02 3.286637e-01 5.676497e-02 -6.017349e-02 3.276433e-01 -2.250049e-01 -4.384591e-02
-1.289632e-01 6.914376e-02 -1.600497e-01 -6.780311e-02 9.093044e-02 1.517621e-01 3.283382e-02 -1.794139e-01 2.957290e-01 4.200098e-01 -1.880686e-01 -2.386445e-01 9.343952e-02 -3.084044e-01 -8.993234e-02 4.080813e-01 -3.859099e-02 -1.889172e-02 -1.760061e-01 3.111015e-01 -1.355655e-02 -6.206211e-02 1.102420e-01 2.374871e-01 4.950795e-02 1.706114e-02 6.443414e-02 -5.003402e-01 -8.236641e-02 -5.703179e-01 9.001739e-02 -6.350727e-02
-1.282149e-01 -2.838021e-01 4.127336e-01 1.142112e-01 -8.944833e-02 1.183592e-01 2.708661e-01 1.994461e-01 -3.530820e-02 -1.869615e-01 -1.954210e-01 1.363247e-01 -7.654284e-02 1.481420e-01 1.058252e-01 -1.350427e-01 1.595742e-01 4.588685e-01 6.826126e-02 4.435850e-01 2.034637e-01 1.136886e-01 -5.600908e-03 -1.018260e-01 2.043050e-01 -6.733736e-02 4.204632e-01 6.984702e-02 -2.349322e-01 -1.371362e-01 -2.754750e-02 1.882365e-01
5.372048e-01 -8.911411e-02 -1.330047e-01 1.739601e-01 -4.228367e-01 -1.014878e-01 -2.009518e-01 1.100051e-01 -1.433175e-01 6.531909e-02 2.855675e-01 -3.114216e-01 2.660398e-01 -3.120105e-02 -3.122797e-02 3.710991e-03 1.637835e-02 -1.194299e-04 2.248027e-01 1.618599e-01 1.045040e-01 -3.826840e-01 -7.730767e-02 -4.818095e-01 6.305255e-02 -2.274432e-01 3.145567e-02 3.141274e-01 -3.826305e-02 3.911916e-01 -1.479364e-01 2.154745e-01
-2.693528e-01 1.129837e-01 -3.031967e-01 -1.021341e-01 1.229726e-01 -1.343079e-01 -7.894138e-02 -1.178137e-01 -2.015751e-01 -1.681463e-01 2.006863e-01 9.108887e-02 5.335803e-01 -1.542902e-01 4.453437e-02 6.598362e-02 -4.029819e-02 -1.786454e-01 -8.675119e-02 -8.133450e-02 -6.008826e-02 -2.012019e-01 -9.464521e-02 6.231919e-02 -1.828266e-02 -2.893748e-01 -7.744021e-01 -5.824976e-02 1.399236e-01 3.300769e-02 -1.439851e-01 -4.264732e-02
-4.654919e-02 5.809441e-02 -2.624242e-01 1.165292e-01 -1.642928e-04 1.571642e-01 -2.363006e-01 2.248935e-01 1.648559e-01 2.173125e-01 -4.029243e-01 2.450296e-01 -5.162277e-02 5.344646e-01 9.544820e-03 6.971342e-03 1.111881e-01 3.568505e-01 2.553284e-01 1.897526e-02 9.668210e-02 -1.148862e-01 -2.921469e-01 2.644329e-01 2.278610e-01 -8.362247e-02 3.974527e-02 -1.364260e-02 -1.672155e-01 5.487969e-01 -2.358358e-01 -2.392086e-01
-1.427352e-01 -5.561252e-02 6.352846e-02 -1.216977e-01 2.469412e-02 -2.598067e-01 2.234500e-01 -1.334919e-01 -2.401552e-02 -3.144118e-01 5.805801e-01 1.293866e-01 -1.418607e-02 -1.463501e-01 -1.978544e-01 -3.470736e-01 3.236418e-02 -3.325838e-01 -3.069417e-01 -5.054360e-02 1.317821e-02 1.291596e-01 2.967205e-01 -7.239655e-02 -3.013415e-01 -1.311959e-01 -1.164326e-01 -4.450531e-01 2.262972e-01 -2.424659e-01 6.068866e-02 3.230767e-01
-1.363255e-01 2.303265e-01 1.840408e-01 4.609278e-01 -1.980102e-01 2.592680e-01 -1.825373e-01 -1.280838e-01 -1.566770e-01 1.959156e-01 2.628617e-01 -3.286944e-01 -2.333839e-01 7.946447e-02 9.376732e-02 -7.968223e-02 -3.397132e-01 2.723898e-01 3.905712e-01 -5.139456e-01 6.131445e-02 2.613211e-01 5.040578e-02 -5.439850e-02 -1.151191e-02 1.657733e-01 9.696103e-02 -1.581685e-01 1.446953e-01 2.336755e-01 1.231942e-03 -3.340540e-01
-3.128534e-01 -1.256196e-01 2.906605e-01 7.438545e-02 -1.920713e-01 3.431580e-01 -9.580933e-02 -4.009805e-02 -3.182282e-01 -2.847529e-01 -2.063337e-01 -2.008477e-01 2.097319e-02 -1.722541e-01 -1.998741e-01 4.652465e-01 8.953483e-02 3.054511e-01 -3.072120e-02 -1.934374e-01 9.829076e-03 9.465204e-02 1.935980e-01 1.416510e-01 -1.752360e-01 2.595396e-01 6.810932e-02 -2.679643e-01 -1.241084e-01 -4.860746e-02 -7.116050e-01 2.578236e-01
-8.527517e-02 -7.482213e-02 -2.822319e-01 1.101607e-01 1.604926e-01 2.393007e-02 -9.558093e-02 -1.598458e-01 4.705029e-01 1.219314e-01 1.165497e-01 -1.576178e-01 2.038452e-01 2.672343e-01 -4.285443e-01 1.560753e-02 -1.126457e-01 2.174325e-02 -1.077568e-02 -3.670001e-02 -7.148167e-02 1.355839e-01 1.059571e-01 -5.116726e-01 -3.807303e-04 1.691978e-01 2.981131e-01 -5.623379e-01 -1.385369e-01 -1.555758e-01 -1.325087e-01 3.985310e-02
-3.170015e-01 -1.153308e-01 -2.394399e-01 5.676351e-02 5.111238e-01 3.430474e-02 3.668157e-01 -2.420900e-02 2.122961e-02 -2.750956e-01 1.246626e-01 -2.193197e-01 -3.777880e-03 3.792604e-03 2.392421e-01 9.249881e-02 -3.378034e-02 1.167999e-02 -1.063665e-01 7.176802e-03 -9.810977e-02 -9.576231e-02 3.203099e-01 2.469725e-01 -3.581576e-02 1.829542e-01 1.203687e-01 -2.165220e-02 6.775553e-01 -3.552226e-01 -6.749797e-02 -1.934746e-01
2.817903e-01 -2.086040e-02 2.600027e-01 1.933877e-01 -6.374483e-02 -3.893836e-01 5.321356e-01 -4.582504e-01 -5.510891e-02 -1.993856e-01 2.371552e-02 -7.751119e-02 -4.998190e-02 1.851670e-01 3.623172e-02 1.514301e-01 -2.584608e-01 2.181658e-01 1.677383e-03 -2.867766e-01 -1.191980e-01 2.880580e-02 2.167765e-01 -2.151637e-01 -2.137226e-01 4.588692e-01 1.225031e-01 -2.321053e-01 1.519974e-01 1.973469e-01 3.535159e-01 -3.499663e-01
5.806785e-02 -3.011239e-01 5.340436e-01 -1.262662e-01 2.456683e-01 1.790622e-01 1.067608e-01 8.443912e-02 9.558092e-02 -2.196130e-01 -2.137292e-01 1.305061e-01 7.538190e-02 1.455415e-01 -1.359555e-01 1.010972e-01 1.549629e-01 -2.111915e-01 -1.941328e-01 -3.674320e-01 3.317418e-02 -2.255463e-01 1.684243e-01 1.733075e-01 -1.706601e-01 -2.439209e-01 -5.220899e-02 -4.411456e-01 1.220148e-01 -2.148947e-01 -1.652066e-01 3.099472e-01
6.479452e-02 2.939369e-01 4.674708e-01 -1.804948e-01 -1.605503e-01 -2.854366e-01 -1.794402e-01 1.295869e-01 -2.684731e-01 -1.434737e-02 4.287539e-01 -2.651189e-01 -9.627730e-03 -2.019932e-01 1.001195e-01 -8.831447e-02 -1.681416e-01 1.048406e-01 3.040205e-01 3.584017e-01 1.932444e-01 5.057979e-01 -3.608410e-02 -7.851343e-02 1.219126e-01 1.005831e-01 -3.104878e-01 3.423033e-02 1.239765e-01 3.007495e-01 3.043455e-01 1.860841e-01
2.102162e-01 -3.656061e-01 4.893626e-02 -3.518496e-01 1.635495e-02 -1.964527e-01 2.535883e-01 -8.961318e-02 2.816964e-01 6.361753e-03 -4.036124e-01 4.651707e-01 -5.898018e-02 4.240455e-02 -6.390198e-02 3.755425e-02 -4.330003e-02 -2.204314e-01 2.373832e-01 -7.585824e-03 2.538931e-01 -2.492706e-01 -2.170807e-01 -2.853039e-01 -1.962439e-01 -4.620340e-01 9.156040e-02 1.378558e-01 -1.553749e-01 -2.523878e-01 5.833851e-02 -9.268272e-02
1.397747e-01 1.460235e-01 5.404249e-01 -2.381306e-01 -1.032262e-01 -1.462090e-01 2.700427e-01 -3.423467e-02 1.673892e-01 3.363538e-01 -2.766861e-01 2.101661e-01 -1.457110e-01 -3.102590e-01 -1.051284e-01 -9.480677e-02 1.985226e-01 3.341677e-02 -1.086659e-01 -5.664665e-01 -2.119951e-01 1.116844e-01 -3.189011e-01 6.498645e-02 1.504037e-01 1.411254e-01 -1.341897e-01 3.119676e-01 -1.871929e-01 6.988352e-02 -2.569723e-01 2.411553e-01
-9.047096e-02 -3.023631e-01 -1.323479e-01 -2.718061e-02 2.750697e-01 -2.079452e-01 2.208077e-01 -4.683368e-02 -7.916614e-04 2.626202e-01 -3.100750e-01 -5.778155e-02 3.264711e-01 2.477220e-02 -2.002144e-01 -2.006976e-01 1.517834e-01 4.605240e-02 -2.390605e-01 3.093545e-02 2.407140e-01 -1.428506e-01 1.007364e-01 1.882055e-01 -1.820251e-01 1.597049e-02 3.062973e-02 1.796546e-01 -1.316860e-01 -6.039245e-01 -2.817163e-01 1.860015e-01
-1.690277e-01 -3.375230e-01 -7.298861e-02 -9.331080e-02 1.665650e-01 -3.066879e-01 1.930202e-01 1.124858e-01 -4.981149e-02 -7.388963e-02 -2.079952e-01 4.684127e-01 -3.491628e-01 2.642405e-01 3.181283e-01 1.674099e-01 1.570937e-02 3.341983e-02 1.787610e-01 -3.037632e-03 -4.841986e-01 -5.278731e-02 1.041591e-01 -1.017680e-02 -5.476147e-01 7.139810e-02 3.465578e-01 -2.462605e-01 -1.635930e-01 1.327922e-02 3.507273e-01 -6.186223e-02
-2.343100e-01 9.913602e-02 -2.584116e-01 -4.536618e-03 3.304298e-01 -3.761756e-02 1.133672e-01 -1.697881e-01 3.634575e-01 1.229400e-01 -2.569575e-02 -9.710017e-03 -1.590720e-01 2.098085e-02 5.888747e-01 -5.453197e-02 -2.424411e-01 -4.606577e-01 -1.866345e-01 -8.811031e-02 -1.444338e-01 1.938911e-01 2.276271e-01 -8.212909e-02 3.250501e-01 -4.545107e-02 1.152058e-01 1.441077e-01 3.980460e-01 -1.965214e-01 -9.784181e-02 -2.524388e-01
-1.202545e-01 -3.355829e-01 -2.566026e-01 1.845335e-02 1.683066e-01 6.055640e-04 3.467844e-01 1.124440e-01 7.534886e-03 7.926297e-02 4.786603e-03 1.791399e-01 -2.584955e-02 3.502827e-01 5.439105e-01 2.070982e-01 -1.316935e-01 -1.121772e-01 6.805311e-02 3.086618e-01 -6.098593e-01 -4.676487e-02 1.621281e-01 7.073049e-02 5.360064e-01 -2.428387e-01 5.176286e-02 1.155366e-01 -1.530655e-03 8.455594e-02 -7.434884e-02 -7.058336e-02
1.354595e-01 4.450392e-02 2.272034e-01 -2.921354e-01 5.658799e-02 3.495235e-02 4.494620e-01 -3.282242e-01 7.771385e-02 -1.341666e-01 4.249635e-01 -1.878774e-01 -2.679259e-02 1.208790e-01 -1.924912e-02 5.151112e-02 -2.117748e-01 1.643301e-01 5.881432e-02 -2.467377e-01 1.436437e-02 4.205791e-01 -1.546598e-01 -4.553898e-01 -2.992370e-01 -1.177470e-01 8.934261e-02 -9.772654e-02 3.367994e-01 -1.011579e-01 4.563956e-02 -1.556040e-01
-7.423306e-03 -3.349265e-01 -1.324713e-01 2.197950e-01 -1.762739e-01 1.939332e-02 -1.474223e-01 4.261920e-02 7.089482e-02 -1.197950e-01 -2.802758e-01 -3.479364e-01 5.372715e-01 7.604995e-02 2.790275e-02 1.857860e-01 -1.456739e-01 2.089048e-01 7.490437e-02 2.489953e-01 5.542890e-01 1.359805e-01 7.434284e-02 -1.331194e-01 2.842160e-01 -2.316666e-01 2.378537e-01 -1.593684e-02 -1.855598e-01 -5.381867e-02 -2.194897e-01 2.092803e-01
4.358084e-01 -3.232492e-02 2.922875e-01 8.785121e-02 -1.391662e-01 2.914505e-02 1.940624e-01 -7.952565e-03 -1.711208e-01 7.301251e-03 2.950490e-01 -3.195418e-01 1.372859e-01 -1.126152e-01 3.596301e-01 -8.206698e-02 -1.546663e-01 -2.462233e-01 -1.939799e-02 -8.831695e-04 -2.765573e-01 6.127732e-02 2.832860e-01 -1.253735e-01 4.492845e-02 3.697107e-02 1.088918e-01 4.118402e-01 2.698130e-01 -3.393687e-01 1.468873e-01 3.165069e-01
1.056041e-02 3.490053e-01 1.669876e-01 2.867026e-02 -1.373304e-01 3.855433e-01 4.547837e-01 -2.104794e-02 4.285070e-02 -2.497343e-01 2.816159e-01 3.602928e-02 -1.106823e-01 2.769722e-02 -6.041993e-02 -7.459152e-02 -1.181904e-01 3.085045e-01 6.435682e-02 -5.017837e-01 2.776712e-02 3.472399e-01 -1.091648e-01 -3.662952e-01 -2.677697e-01 -7.253173e-03 -2.096338e-01 -1.442220e-01 -5.832203e-03 -6.345687e-03 -2.950648e-02 -2.023431e-01
2.996157e-01 1.082895e-01 1.990091e-01 9.393190e-02 2.543053e-01 2.607196e-01 -1.436957e-02 -1.451279e-01 -2.148467e-01 -8.976996e-02 -2.908741e-01 -2.993761e-01 -1.060891e-01 -1.093444e-01 4.896778e-01 -8.111271e-02 -1.007696e-01 2.857755e-01 -1.000210e-01 8.603037e-02 2.503237e-01 -1.523990e-01 4.919682e-01 -4.793774e-02 -7.155094e-02 4.162523e-01 2.183738e-01 1.510038e-01 -2.751523e-01 -1.461924e-01 -1.083648e-01 -3.872158e-02
-1.446540e-01 3.298905e-01 2.511769e-02 2.641567e-01 -6.778093e-02 1.408125e-01 -3.231935e-01 1.180866e-01 -8.987276e-02 2.360062e-01 4.972513e-01 -2.440393e-01 -3.386862e-01 -4.996883e-02 -2.207449e-01 -4.306934e-02 -1.882316e-01 1.850465e-02 3.694683e-01 -4.133813e-01 -8.849316e-02 6.026244e-01 -3.628650e-02 -4.362600e-02 8.621328e-04 2.152813e-01 2.222503e-02 -4.697297e-02 1.904577e-01 1.486005e-01 -5.505336e-02 -3.121374e-01
4.655404e-02 -1.047451e-01 -1.562252e-01 4.650272e-01 1.323192e-01 1.238849e-01 -9.060183e-02 -8.582757e-02 2.450256e-01 3.924660e-03 -1.409838e-01 1.618053e-01 4.448590e-01 -2.999566e-01 -2.860909e-01 1.740612e-02 2.729776e-01 5.990847e-03 -8.431985e-02 2.531022e-01 -1.814434e-01 1.565122e-01 1.410148e-01 -3.008794e-01 1.283805e-01 1.340067e-01 6.186350e-02 3.067371e-01 -2.772939e-01 2.230935e-01 -3.443036e-01 -8.742028e-03
-1.737512e-01 1.792210e-02 3.015432e-01 1.056302e-01 -2.034284e-01 2.861733e-01 1.451538e-01 -2.690834e-01 3.443353e-01 1.716951e-01 4.382592e-01 2.172939e-02 -6.281804e-03 -1.305591e-01 -3.467545e-01 3.434263e-01 -1.360542e-01 1.358401e-01 -2.706765e-01 -1.481063e-01 -1.302277e-01 -8.872864e-02 1.827063e-01 -3.247549e-01 1.322346e-01 2.858862e-01 5.378152e-01 -3.338258e-01 -1.213088e-01 -2.983421e-01 -6.033234e-02 -1.374089e-01
-3.629818e-01 -1.937709e-01 -1.739323e-01 2.479435e-01 2.380476e-01 -1.148571e-01 6.937159e-02 7.345818e-02 3.840989e-01 -2.074297e-01 2.792710e-01 -2.954216e-01 3.398136e-02 -2.304291e-01 3.793005e-01 -9.669006e-02 -1.640865e-01 -1.472877e-01 6.222892e-02 3.884010e-01 1.033133e-01 -1.247103e-01 5.283195e-01 1.047297e-01 -7.487509e-02 -3.842885e-02 1.989958e-01 1.765423e-01 3.931460e-01 -3.379528e-01 -1.711223e-02 -7.634578e-02
1.381462e-02 -3.803074e-02 -2.776814e-01 -4.784828e-02 1.542719e-01 3.425647e-01 5.392692e-02 -1.313514e-01 -3.367583e-01 -1.360769e-01 -2.085870e-02 -2.590978e-01 -4.510691e-02 5.630491e-01 1.140019e-01 1.915969e-01 7.101025e-02 1.005521e-01 -1.879647e-01 1.598598e-01 -1.773020e-01 3.894955e-02 2.813801e-01 1.414380e-01 -1.847356e-01 4.195407e-02 2.732798e-01 -2.693404e-01 6.942217e-01 -7.550400e-02 7.030836e-02 -5.667543e-03
-3.778657e-02 -1.930219e-01 -3.319017e-01 4.152155e-01 4.312197e-01 2.118036e-02 -8.910765e-02 1.145531e-01 1.759449e-02 2.709323e-01 -2.661743e-01 -1.181963e-01 2.598360e-01 7.708068e-03 1.925350e-01 9.786408e-02 8.130714e-02 -3.244172e-01 -7.885581e-02 -3.749369e-01 -1.529631e-01 -2.861720e-01 1.092194e-01 -3.408169e-01 -1.373417e-01 -3.088340e-01 2.564878e-01 -9.648810e-02 -6.538027e-02 -1.841576e-01 5.423543e-02 -3.255837e-01
4.405396e-01 -3.257115e-01 1.152195e-01 -2.917015e-01 1.946488e-01 -1.183766e-01 2.869562e-01 -1.712048e-01 7.246901e-02 3.123202e-01 -1.926985e-01 -8.783460e-02 -1.296503e-01 9.482755e-02 -1.862448e-01 -7.857313e-02 -2.279052e-01 -9.077088e-02 1.195383e-01 4.419264e-01 -3.965510e-02 -5.018474e-01 -2.645278e-01 1.093626e-01 -4.145847e-02 -2.235950e-01 5.405032e-02 7.985024e-02 3.721082e-02 -2.392118e-01 -1.360895e-01 -2.640378e-02
-2.088160e-01 -1.950310e-01 3.730254e-01 1.567613e-01 -1.476726e-01 2.177915e-01 -9.095310e-02 -1.196321e-01 -2.396472e-01 -3.263254e-01 5.089419e-02 -2.583130e-01 4.293886e-02 -1.839023e-01 -2.181004e-01 4.668217e-01 -8.078251e-02 3.085612e-01 6.127818e-03 -5.372554e-02 -2.590580e-02 1.211005e-01 1.694973e-01 1.913441e-01 -1.598337e-01 3.186679e-01 1.971986e-03 -2.474726e-01 -9.002571e-02 5.520348e-03 -6.747276e-01 1.433463e-01
1.903340e-01 4.107118e-01 -9.036833e-02 -1.926403e-01 5.106680e-02 2.305733e-02 -1.982529e-01 -2.929201e-01 -4.309027e-02 1.539802e-01 3.015721e-01 2.054339e-01 -2.483464e-01 -3.372416e-02 -1.930460e-01 -4.395780e-02 -5.697642e-02 -3.163192e-01 3.376216e-03 -4.684730e-01 -4.136868e-01 -4.232810e-02 2.238321e-02 1.235331e-01 -2.256299e-01 2.135825e-01 -1.865135e-01 2.929915e-02 3.108055e-01 1.108033e-01 3.969854e-02 -1.724773e-01
-3.625181e-01 2.180729e-01 3.582213e-01 4.582324e-01 -2.708711e-02 -2.303782e-01 -9.952263e-02 -4.121797e-01 -8.915293e-02 -1.823014e-01 5.687523e-02 1.005830e-01 2.195745e-01 -1.150419e-02 -2.440719e-01 1.995081e-01 3.493838e-01 3.794481e-02 -1.290831e-01 -3.143286e-01 2.450605e-01 1.491745e-01 -6.762354e-02 5.452566e-01 1.651185e-01 1.655891e-01 -2.998694e-01 1.166691e-01 8.702762e-02 2.278730e-01 1.659949e-01 -7.975780e-02
5.172689e-01 1.028794e-01 1.494117e-01 -3.376454e-01 -1.605161e-01 -3.828380e-03 1.245540e-01 -7.478052e-03 -2.479866e-01 1.771192e-01 -3.025573e-01 3.288906e-01 6.185286e-05 2.094472e-01 -2.705294e-01 -4.348963e-02 1.535707e-01 1.316322e-01 -1.995673e-01 -4.453214e-01 -9.979861e-02 1.267411e-01 -5.640458e-01 1.614604e-01 1.374304e-01 -4.023764e-02 -7.946496e-02 -3.312581e-01 -7.238947e-04 2.200250e-01 -7.535103e-03 1.099117e-01
3.306225e-01 4.918270e-01 -9.952679e-02 -1.160675e-02 9.047592e-02 2.204084e-01 -2.141028e-01 2.386627e-01 -1.841530e-01 -2.755092e-01 1.759463e-01 8.352613e-02 -1.018754e-01 1.822914e-01 -6.789386e-02 -9.766386e-02 8.241718e-02 -3.309095e-01 2.875214e-02 5.274448e-01 -2.677802e-02 -1.308261e-01 6.886016e-02 -1.606696e-01 4.559857e-02 1.195472e-01 1.610363e-01 -4.770659e-02 -9.207833e-02 5.258924e-01 4.806979e-02 1.390244e-01
-3.528007e-01 -1.541149e-03 -4.416983e-02 3.947488e-01 -8.666471e-02 1.650453e-03 -1.485026e-01 5.551435e-02 2.092629e-01 1.901142e-01 -1.225843e-01 4.338778e-01 -1.953117e-01 -1.743812e-01 -5.730692e-02 -8.617201e-02 3.286604e-01 -2.384713e-01 -2.087208e-01 5.439118e-01 2.930191e-02 -1.496888e-01 -4.817024e-02 8.430463e-02 1.353166e-01 -1.714202e-01 -8.585075e-02 2.124586e-02 -1.942291e-01 -2.190245e-01 -3.336194e-01 2.568367e-01
-6.272562e-02 1.914090e-01 1.574972e-01 6.706620e-02 -3.168756e-01 -7.238863e-02 7.262619e-03 1.782172e-02 1.079684e-01 -1.710456e-01 5.448428e-01 1.504720e-01 -1.502282e-02 3.271956e-01 -1.543638e-01 -3.177899e-01 -1.633343e-02 -2.276644e-01 -1.683344e-01 -3.192287e-03 1.217964e-02 2.685155e-01 2.297271e-01 -9.812403e-02 -1.883793e-01 -3.198367e-02 -8.834850e-02 -2.763480e-01 3.933280e-01 -2.660695e-01 6.748784e-02 5.573632e-01
-1.124530e-01 4.629520e-01 2.571208e-01 -6.557684e-02 -2.123722e-01 1.757857e-01 -1.970037e-01 1.235449e-01 1.637957e-01 -8.512883e-02 -3.580174e-01 2.454292e-01 -2.115653e-01 -2.207615e-01 -5.382929e-02 -1.316019e-01 -5.384922e-02 -2.083201e-01 -9.982016e-02 -7.804414e-01 -1.025218e-01 9.788847e-03 -6.978271e-02 -4.954208e-02 -2.916396e-01 8.784431e-02 -9.519829e-02 1.005046e-01 -5.906801e-02 2.702131e-02 -1.341967e-01 1.315037e-02
1.249631e-02 -2.863701e-01 6.586164e-02 -1.368458e-01 1.451584e-01 -1.819493e-01 -3.395450e-02 4.937421e-02 2.751443e-01 5.522144e-01 -4.434891e-01 -6.843184e-02 -8.641712e-02 1.204160e-01 -2.246086e-01 -1.642570e-01 -9.274480e-02 1.065765e-01 1.198271e-03 -9.193456e-02 1.721026e-01 -4.312357e-03 -2.382584e-02 1.713991e-01 -9.051454e-02 -7.007753e-03 -1.333698e-02 2.433271e-01 4.010175e-01 -5.424584e-01 -2.182029e-01 -4.622906e-01
-1.231908e-01 -2.657399e-02 6.285839e-02 -1.566553e-01 2.835930e-01 -2.747066e-01 1.089015e-01 -4.360290e-01 6.252071e-01 6.711774e-02 -7.201140e-02 -2.635027e-02 -1.401660e-01 -1.372508e-01 3.403926e-01 2.227776e-02 -1.493036e-01 -3.797262e-01 -2.926545e-01 -2.034556e-01 -2.285429e-01 4.507525e-03 4.971707e-02 1.188781e-01 6.147640e-01 -1.657395e-01 2.502253e-01 2.246197e-03 2.885403e-01 1.577681e-01 -7.398953e-02 1.449827e-01
4.561274e-02 -6.787197e-02 2.869855e-01 2.492059e-01 5.543116e-02 4.078946e-01 1.269994e-01 -2.065248e-01 -1.870302e-01 -1.944330e-01 -3.370085e-01 -2.443989e-02 -5.543215e-02 8.854629e-02 3.780734e-01 -9.785450e-02 4.026087e-02 4.594562e-01 -4.320540e-02 3.651511e-01 1.936388e-01 2.049713e-01 3.275339e-01 -4.932729e-02 1.758645e-01 1.881686e-01 4.172980e-01 1.137660e-01 -1.757884e-01 -3.554329e-02 -1.123004e-01 6.497958e-02
