shard,user,first_id,first_cid,bytes
1,1,1606414987667,1606414977698,248949
1,10,1534023944525,1338237820881,5192249
1,100,1591465710507,1296169988801,10974654
1,1000,1654028402963,1369230497769,2010384
1,10000,1613665737008,1613511361212,183453
1,1001,1677505613963,1296169988801,811503
1,1002,1670162563246,1554321237867,300481
1,1003,1598922567195,1598922439579,761397
1,1004,1686305205993,1598098895795,270300
1,1005,1605827311810,1296171709510,485503
1,1006,1698951212703,1,1057888
1,1007,1677074547373,1368292036119,1913283
1,1008,1688403884627,1285475760721,305292
1,1009,1630256788266,1630255769948,231481
1,101,1665280560102,1374182054120,4078085
1,1010,1540843756580,1540843271706,1138009
1,1011,1597371748177,1349477488697,5766975
1,1012,1598473744060,1349477488698,12197849
1,1013,1631289244784,1,2111906
1,1014,1629928714214,1629922916526,339930
1,1015,1614676368600,1614266606482,833448
1,1016,1696281530223,1443988498066,6814645
1,1017,1642007101759,1642006690829,588494
1,1018,1633473795862,1633473724264,2979371
1,1019,1614902571505,1510240384632,456695
1,102,1681966196361,1349477489152,1722522
1,1020,1391535879474,1391429858580,5591409
1,1021,1561285592371,1287867057355,25863113
1,1022,1635241822935,1348705063714,12812052
1,1023,1540078180823,1424737096960,1083962
1,1024,1661125146052,1349477489643,13877054
1,1025,1631081544002,1631033759149,1468218
1,1026,1692216121954,1629930950716,364486
1,1027,1655862364279,1402457591423,529269
1,1028,1676246321259,1672353623551,591562
1,1029,1684408557346,1,2337897
1,103,1643122702266,652168735,925586
1,1030,1586829967240,1387156062534,1569832
1,1031,1673573515000,1349477489210,1335398
1,1032,1607125586951,1607125367550,236032
1,1033,1700514904012,1349477489370,3499138
1,1034,1664298685505,1321299133411,567874
1,1035,1615385500813,1615384493925,644869
1,1036,1632146819384,1632126479687,239197
1,1037,1617883817508,1617650714598,733030
1,1038,1631776102077,1439465882127,234552
1,1039,1631729511216,1631728136681,263692
1,104,1603196179709,1484686866341,2055563
1,1040,1618618987016,1618608073761,2054141
1,1041,1618714135440,1487876951323,246073
1,1042,1517910176564,1517910169528,2697202
1,1043,1655108281953,1368292036119,421831
1,1044,1416899338456,1358388308437,757444
1,1045,1674144995000,1481170414348,4519279
1,1046,1504804571138,1497089642020,1199165
1,1047,1682265542364,1363171201399,10875732
1,1048,1627600724751,1349477488697,2920473
1,1049,1604149068799,1331229287632,1140157
1,105,1656843400277,1379856306858,194630
1,1050,1597914052496,1325902101971,4994124
1,1051,1262723389311,1185996957304,2107748
1,1052,1393686333932,1393585610543,1738745
1,1053,1532194832103,1532194807363,6449246
1,1054,1674018831575,1495673677646,1489674
1,1055,1653319345740,1311444060016,19458815
1,1056,1542233785502,1539705074456,944437
1,1057,1616442626866,1616442092909,928283
1,1058,1677479245537,1,1817151
1,1059,1679552068179,1368292123572,2342928
1,106,1611777918316,1611777873924,1583814
1,1060,1657628128162,1634806365553,842201
1,1061,1627948744608,1627944348333,2045791
1,1062,1662298713000,1403561537519,1855141
1,1063,1618133028323,1441983341380,11996821
1,1064,1613547274436,1538153221199,332260
1,1065,1677202414000,1553874394458,811753
1,1066,1562716234256,1558344987919,399453
1,1067,1402095879989,1391014121453,10509703
1,1068,1669527463861,1,4332757
1,1069,1630469547454,1496449320421,8337144
1,107,1415194128915,1415060174942,947437
1,1070,1619176177434,1468242141010,738308
1,1071,1665841380353,1368292605504,5951868
1,1072,1514284153717,1506505270193,1030643
1,1073,1452518603529,1401559146820,2757251
1,1074,1631092777473,1378816103825,2574890
1,1075,1628910532217,12705,5172540
1,1076,1595156169686,1214225650015,1621664
1,1077,1628451250737,1339252520768,1568138
1,1078,1636847424650,1349477488697,10223720
1,1079,1624117284476,1624115595236,1521198
1,108,1593735623725,1339252520768,2726578
1,1080,1648138468144,1368292036119,16883649
1,1081,1612774816713,1488944376221,3101885
1,1082,1670699148123,1349477488785,2791409
1,1083,1533236692815,1230430322217,7044241
1,1084,1634673312236,1586819213197,2195658
1,1085,1672785675182,1363171201399,12629206
1,1086,1408263034941,1244304862250,7933799
1,1087,1695409482628,1339252520769,2763544
1,1088,1572930656386,1559935421738,3673393
1,1089,1632217996459,1632217949830,343302
1,109,1630951873011,1630951865463,772575
1,1090,1662497554851,1662495714687,245511
1,1091,1631636662511,1631636574727,1262630
1,1092,1539833873423,1315749002463,246592
1,1093,1477289669289,1477288690239,682526
1,1094,1617094070376,1605346766544,1284812
1,1095,1622475622906,1622475291727,3094796
1,1096,1662860163186,1461797775241,227417
1,1097,1697887275883,1525712148877,243984
1,1098,1695815866521,1576518360698,374798
1,1099,1615317001180,1321299133627,2842426
1,11,1583584180440,1583584165803,718997
1,110,1630306417937,12705,260173
1,1100,1674994135644,1603353404608,494336
1,1101,1576341343760,1382060716753,558333
1,1102,1328242006519,1253043532683,17070736
1,1103,1698080019368,1382060716753,3984134
1,1104,1624143124675,1296169988801,604095
1,1105,1647737524613,1647737500232,607313
1,1106,1552137203438,1402456305835,5056487
1,1107,1651849415330,1473867099377,1250699
1,1108,1664828581844,1368292036119,1511153
1,1109,1552708606451,1552708500426,169405
1,111,1534898670131,1296169988801,490194
1,1110,1669560681376,1368292251847,8307291
1,1111,1515116114868,1354715263726,2643538
1,1112,1695636354283,1536848135548,621877
1,1113,1619859137252,1618917376202,1185188
1,1114,1574036765051,1362693152734,9857233
1,1115,1578814129984,1370145367610,761624
1,1116,1637241226443,1349477488803,795571
1,1117,1519278413548,1253683383517,9144951
1,1118,1608652259092,1608637412428,891660
1,1119,1658792078804,1590946525823,1304441
1,112,1576544719912,1576541096301,808660
1,1120,1584401678378,1244305227562,225509
1,1121,1633893742874,1631263635676,2488636
1,1122,1353473717766,1262262170924,3490551
1,1123,1633106283239,1632954624696,255732
1,1124,1637231345028,1632584138021,883127
1,1125,1689607456529,1476389285938,2534806
1,1126,1648875082035,1368292036119,1228516
1,1127,1423426180349,1236918353561,7236531
1,1128,1616947254882,1616947228627,236287
1,1129,1590603112269,1296169988801,745506
1,113,1637666742332,1556806168186,2271690
1,1130,1634840054232,1349477488697,14323748
1,1131,1635347048129,1472612022639,2581078
1,1132,1592712575547,1550841496077,599797
1,1133,1690894054000,1565727903732,589034
1,1134,1586271119942,1586270819009,2113335
1,1135,1463374718600,1463372054332,439135
1,1136,1695606578000,1244305227562,228866
1,1137,1688071915752,1518993937583,407060
1,1138,1610684901733,1409232716510,527220
1,1139,1647850232139,1332782303694,607318
1,114,1560892514897,1462427932660,5602359
1,1140,1677513280000,1281408947636,264939
1,1141,1585136581089,1584966213974,950757
1,1142,1629476680728,1629476607357,214421
1,1143,1660696724433,1479242579780,901879
1,1144,1404115145298,1392952448826,3466013
1,1145,1667654310738,1667654281964,366710
1,1146,1460590683567,1460589729978,351915
1,1147,1617843264502,1617843255622,763296
1,1148,1619019145489,1619019078428,228665
1,1149,1585530493063,1368292373925,6682074
1,115,1630933809941,1572587530347,4209427
1,1150,1600669304431,1600669268887,349016
1,1151,1577662532856,1577662505627,357476
1,1152,1585803882134,1321299133411,7749921
1,1153,1615832535447,1406833315369,588682
1,1154,1637356365690,1427180876543,10443638
1,1155,1674513950304,1618095929935,1028503
1,1156,1692192221000,1264049677740,1646760
1,1157,1639220011545,1330153843782,544193
1,1158,1640683544239,1263079455981,1339973
1,1159,1537406656247,1537405818084,332734
1,116,1527157960336,1370145367610,1849337
1,1160,1670428641546,1401126656910,1819953
1,1161,1689524740000,1546536898404,2841070
1,1162,1693438908000,1363171201399,9252084
1,1163,1676879051073,11126,3335681
1,1164,1609086570848,1556384731398,1665181
1,1165,1631370012274,1631369981070,1379348
1,1166,1574879901281,1574879883633,390278
1,1167,1583720311952,1363176213601,4423150
1,1168,1642037321464,1393817670651,270602
1,1169,1544987061363,1375132811015,963849
1,117,1693374768003,1482325088071,578654
1,1170,1602664499879,1602664492389,764471
1,1171,1628913572980,1459381160365,5978007
1,1172,1666578700679,1586732035265,195425
1,1173,1604306353570,1345491599322,3797022
1,1174,1698689724000,1514304213524,366740
1,1175,1687982040000,1530368964951,1061896
1,1176,1657628106857,1350913242158,4771874
1,1177,1676920726321,1432839526886,511171
1,1178,1695064504000,1368292251847,5322007
1,1179,1691102960835,1340356537301,7474211
1,118,1556119417883,1384559085959,4751002
1,1180,1665143459893,1335782638416,380784
1,1181,1366994391864,1366737460713,3716089
1,1182,1668211315293,1368292036119,10755366
1,1183,1631766228002,1530529991512,234426
1,1184,1631666452367,1631589594499,2087967
1,1185,1696742409061,1435305627568,350287
1,1186,1549058492977,1549058389682,819048
1,1187,1559155755039,1434539087379,1143227
1,1188,1611692556439,1253683383517,440732
1,1189,1643180482763,1279796071655,1014421
1,119,1545916366986,1545226493808,4383271
1,1190,1621351723491,1294779397122,1109097
1,1191,1669665062315,1368292036119,9569072
1,1192,1552584754878,1399883348345,1150064
1,1193,1658112097318,1349477488771,379739
1,1194,1686684144186,1363171201399,4364828
1,1195,1663704835166,1421053836472,1903865
1,1196,1392762584187,1224469920880,25111373
1,1197,1691664693243,1432839414189,379178
1,1198,1603566935818,1381331104804,440673
1,1199,1694108524005,1382060716753,478404
1,12,1686896717000,1576730698601,237814
1,120,1602901751878,1403567172525,3117482
1,1200,1630950715338,1630950700761,622061
1,1201,1614310292112,1,612756
1,1202,1660067218147,1253683383517,250166
1,1203,1674499287840,1253112642859,1124461
1,1204,1646072796100,1616875187743,658151
1,1205,1672051686000,1370456854770,210946
1,1206,1616525215910,1616522574055,219267
1,1207,1478182696110,1475929762773,23910327
1,1208,1624317747169,1339252520788,4132576
1,1209,1645512261809,1,2939965
1,121,1618724671542,1365295215600,1951370
1,1210,1631943531011,1631943501128,2141570
1,1211,1616436331265,1384119990999,3077282
1,1212,1692620273000,1548422482275,2205443
1,1213,1661890744679,1349477489370,9541242
1,1214,1623333932251,1349477489008,3003896
1,1215,1642090895613,1642084850238,207457
1,1216,1635375293012,1341257256152,6486226
1,1217,1632272614155,1632271901601,673482
1,1218,1572373488436,1572373153552,245929
1,1219,1639230625069,1576079516044,1219431
1,122,1623618650183,1185996957304,738941
1,1220,1602117695799,1602117681167,236230
1,1221,1660129532375,1526819733810,223582
1,1222,1630076488596,1629993343226,691002
1,1223,1605478528543,1230741476777,9587716
1,1224,1630436170468,1459381160365,489971
1,1225,1625063936271,1321299139243,11965035
1,1226,1613783993838,1,6065667
1,1227,1671310116309,1540148367784,246587
1,1228,1631482821656,1349477488697,1318005
1,1229,1663003017498,1395167028206,5289642
1,123,1459259672520,1265061266990,6971097
1,1230,1630249943057,1630249791220,398864
1,1231,1591572239141,1459639150320,1320855
1,1232,1676253412659,44,217314
1,1233,1681164653434,1321299133411,3592331
1,1234,1624562525730,1353903406196,208570
1,1235,1587744672407,1363534232444,445635
1,1236,1658230281000,1349477488697,2913127
1,1237,1631506038602,1365293606461,3494683
1,1238,1612895368055,1612885951815,1554442
1,1239,1683622916465,1683358869447,447344
1,124,1634587127362,1382060716753,4274990
1,1240,1637318826339,1402176459981,344966
1,1241,1631063381487,1631060897407,300607
1,1242,1657137226340,1580472601844,558538
1,1243,1487155883621,1443279824898,2450344
1,1244,1631726320801,1631560393908,546231
1,1245,1496281348469,1365293606461,5030914
1,1246,1690996852405,1533686857540,879640
1,1247,1683120767000,1683120759060,331501
1,1248,1645977361948,1397327008275,1321837
1,1249,1613905499584,1613905480314,402540
1,125,1678307093819,1363171201399,12733296
1,1250,1622843501400,1339252520768,272853
1,1251,1605649240914,1434834431426,7799171
1,1252,1581736957247,1,718547
1,1253,1685471521453,1459381160365,408052
1,1254,1644765935200,1547739216198,2282551
1,1255,1687352944965,1496691046304,1329626
1,1256,1570215968352,1349477488697,3855826
1,1257,1643651279335,1430323790512,429674
1,1258,1610210752544,1553796199887,330079
1,1259,1609889748351,1379277501567,1592495
1,126,1613274943028,1237329777514,3086766
1,1260,1673716461000,1604078520845,462565
1,1261,1510029988634,1510029950381,300538
1,1262,1552137203438,1402456305835,898676
1,1263,1698686203793,1349477489123,420458
1,1264,1631261046402,1631259673129,491520
1,1265,1674488975746,1273183408284,266301
1,1266,1627669175884,1627669154164,242249
1,1267,1622808535859,1366012695878,13086399
1,1268,1667584651000,1553961868044,1185067
1,1269,1625068269600,1445317761424,2469290
1,127,1488850419986,1488847288898,400288
1,1270,1695715182000,1255656103352,1433197
1,1271,1354315908089,1240678135894,3567361
1,1272,1677556635000,1391741012224,3728978
1,1273,1623010657990,1382060716753,2378165
1,1274,1589501595201,1349477488783,2469313
1,1275,1357655825015,1357654336906,369399
1,1276,1630734416615,1365293606461,1594530
1,1277,1645461766365,1394240357489,2097971
1,1278,1676755545114,1395340580934,1516449
1,1279,1516373424200,1344186103756,2784887
1,128,1600188727870,1600177269789,1006715
1,1280,1631918077405,1631917188676,334437
1,1281,1625102397947,1576797722974,291678
1,1282,1632649668972,21,4419172
1,1283,1629199106308,1296499533072,5971741
1,1284,1614823581957,4353615,8576617
1,1285,1537337845345,1253683383517,5598446
1,1286,1597641591988,1534051646185,2229985
1,1287,1643647319104,1304446660996,847548
1,1288,1661473189553,1365293606461,2495513
1,1289,1676467556000,1407957642420,641800
1,129,1293877679450,1211305353528,3720506
1,1290,1638140450536,1355139908756,230939
1,1291,1629959390590,1629959155064,1521071
1,1292,1613908328888,1613908312072,612773
1,1293,1311028389466,1240678135894,12233363
1,1294,1602783620912,1349477488698,9283047
1,1295,1425993478151,1425106476528,477221
1,1296,1650329404419,1470139125462,3943966
1,1297,1627999761579,1627999650046,972896
1,1298,1632150053203,1525900421275,278503
1,1299,1504636085653,1421053836913,900310
1,13,1623120877709,1377004882000,2219184
1,130,1456571401773,1345491599344,1632715
1,1300,1537627284248,1537627203041,1720585
1,1301,1606466890403,1540812920207,1533074
1,1302,1613911836491,1368292036119,4936824
1,1303,1662263122785,1349477488803,2195221
1,1304,1624343885553,1398559430042,631800
1,1305,1548368451730,1367680826829,17048078
1,1306,1548703800193,1479417506243,954215
1,1307,1611276223290,1391031544349,5471202
1,1308,1453856735830,1453855925793,6948197
1,1309,1668053754589,1564717350226,2839935
1,131,1569294410680,1349477488697,13202677
1,1310,1531765201761,1442639625876,9448274
1,1311,1618504322756,1618504305700,706277
1,1312,1664907892509,1664887126033,1569196
1,1313,1620694837300,1597928391423,986786
1,1314,1486010659080,1486009340750,870798
1,1315,1668113034676,1473797898731,1171923
1,1316,1628481038924,1339252520768,1872059
1,1317,1633068169627,1348208775304,2421756
1,1318,1630227594104,1607807447030,998889
1,1319,1679533227000,1556533739563,388082
1,132,1677549043021,1474686325571,736439
1,1320,1698413494253,1593371756862,467390
1,1321,1610917917531,1610913981609,280368
1,1322,1633815238014,1479400082908,4769568
1,1323,1620328379243,1368292036119,1248250
1,1324,1485069644056,1255362201442,442148
1,1325,1580526697955,1230034081572,18580194
1,1326,1631642338438,1410422378346,835359
1,1327,1639278783766,5,399510
1,1328,1632077364398,1631716649408,181089
1,1329,1597022025501,1419644220831,5558579
1,133,1622890946108,1615032904608,837971
1,1330,1428152058050,1356967964576,6920784
1,1331,1323458696391,1323455174994,632201
1,1332,1596228234562,1596228039650,2292785
1,1333,1648666228920,1630609533302,505440
1,1334,1674749063029,1234655558515,2572924
1,1335,1606178474176,1,5021171
1,1336,1617984312148,2,25252433
1,1337,1655200133581,1288463827711,257819
1,1338,1606681131019,1253113296916,438204
1,1339,1664143381856,1391741012224,1885697
1,134,1597693018950,1553874394458,9897982
1,1340,1671801195000,1563815925612,390987
1,1341,1590065396225,1307347927766,1393372
1,1342,1680790451188,1344269255654,804798
1,1343,1671413330000,1389083909695,7094855
1,1344,1520943035752,1267679371301,3644502
1,1345,1613909666957,1293981228694,4909267
1,1346,1618599027453,1253683383517,5591412
1,1347,1626890024852,1538152300101,1585186
1,1348,1688534262000,1462207592009,189276
1,1349,1628498800286,1489211667857,2353449
1,135,1583051665457,1583050911114,903618
1,1350,1581080102177,1441936544973,815005
1,1351,1681818909133,1392952448826,319880
1,1352,1615726543458,1611015382848,3374284
1,1353,1670007554075,1296169988801,295148
1,1354,1634056265573,1364161067686,1288985
1,1355,1631008785837,1349477488847,435897
1,1356,1602735381220,1448934763582,478916
1,1357,1601458056000,1601457404734,388992
1,1358,1641751436230,1369629218547,278920
1,1359,1685179705065,1546536898404,2453121
1,136,1632227147341,1632226976446,1778289
1,1360,1681819513000,1314066562885,2065187
1,1361,1653630428067,1287052660558,5230217
1,1362,1629736307516,1570952938136,812056
1,1363,1676215274000,1402175764376,470442
1,1364,1629509361687,1479242579780,922060
1,1365,1622734810066,1,3761214
1,1366,1654234258859,1363171201399,1101537
1,1367,1618152187836,1363171201399,7812294
1,1368,1604062947114,1281585660000,1197426
1,1369,1557806039918,1385428295462,298809
1,137,1632328366072,1632328332308,3646471
1,1370,1674611391947,1230437414115,4610929
1,1371,1680729314819,1363171201399,6118275
1,1372,1613571133546,1613570853702,12267603
1,1373,1435552675075,1301939524624,1479911
1,1374,1536984092334,1349477488942,679443
1,1375,1621665424156,1621665095251,825721
1,1376,1582394921676,1578665230753,229865
1,1377,1536868553389,1363171201399,3089222
1,1378,1617042522163,1368292251847,4018534
1,1379,1525576569451,1253683383517,9309823
1,138,1546550307219,1253683383563,4192374
1,1380,1617469407123,1479407913957,2759635
1,1381,1280386417073,1185996957304,10157146
1,1382,1673252646522,1230430675564,7010196
1,1383,1675903346182,1368292036119,2059222
1,1384,1696632244641,1275483827359,48592499
1,1385,1494357688571,1242562377828,1552155
1,1386,1614005313872,1614005295137,437522
1,1387,1665601691000,1665584557304,1595551
1,1388,1587478320876,1388347871982,994584
1,1389,1674657300586,1323439343635,297384
1,139,1630124599847,1264453875245,303142
1,1390,1696505554840,1499807508931,577994
1,1391,1589150655705,1339252520768,689004
1,1392,1611756281598,1512442562322,806716
1,1393,1631797564218,1631797175416,300899
1,1394,1631963752013,1631963113211,525321
1,1395,1567509539745,1567480489520,605490
1,1396,1594085743015,1379541286188,10883419
1,1397,1427065980118,1427065970554,8058410
1,1398,1631496301994,1436157667436,2550001
1,1399,1600273204431,1416954577698,14323414
1,14,1657446470829,1339252520775,1120652
1,140,1540395467570,1540308357202,926083
1,1400,1623431944819,1622483038951,274520
1,1401,1613202187420,1230430322217,426778
1,1402,1692821471640,1349477488697,1052851
1,1403,1650162701763,1349477488697,2925243
1,1404,1628647891215,1501814060829,2683587
1,1405,1623872740836,1623872656984,554118
1,1406,1443281662765,1443279824235,759795
1,1407,1631486235458,1394069037801,3679911
1,1408,1631134604878,1630285423279,4803563
1,1409,1571947292326,1571946670070,1446636
1,141,1611705658300,1349477490699,1283105
1,1410,1588291217199,1248388001058,5897530
1,1411,1631551465249,1290864758552,281066
1,1412,1590397835225,1253683383517,776387
1,1413,1664492283612,1558225710147,430445
1,1414,1620823179106,1620639071071,420947
1,1415,1627896218339,1623478784880,260638
1,1416,1673563171507,1466261274179,320084
1,1417,1628013492113,1368292036119,15711015
1,1418,1558827088331,1274249790644,458443
1,1419,1619683045613,1619682895720,1775713
1,142,1479333243014,1374455301625,30501246
1,1420,1630253354123,1253683383517,722392
1,1421,1693303412330,1349477490095,1827312
1,1422,1626701709718,1242787540526,1776219
1,1423,1693288240772,1,419580
1,1424,1552137203438,1402456305835,693286
1,1425,1646356875615,1498688197273,1849574
1,1426,1552137203438,1402456305835,663166
1,1427,1645193542945,1615169687750,268394
1,1428,1646566549466,1526925548992,1914475
1,1429,1632233060446,1632232968092,205427
1,143,1691243068895,1287304729381,1886836
1,1430,1595869276278,1595869260762,2370754
1,1431,1666985850000,1443062427202,716617
1,1432,1646165879026,1575454665802,1647371
1,1433,1682455381000,1340356537301,18557847
1,1434,1687187500590,1589149409636,577797
1,1435,1685463090531,1273439686875,345590
1,1436,1685696054620,1349477488697,7690693
1,1437,1546496342645,1546493601176,949067
1,1438,1663532885359,1483385433339,1498061
1,1439,1615899750152,1615899721988,1641641
1,144,1657249592019,1479242579780,2216498
1,1440,1631596950099,1510990695135,1003009
1,1441,1620935928234,1620729310425,192575
1,1442,1686110358325,1448934763582,2682174
1,1443,1699530412894,1412918373368,232920
1,1444,1698794074421,7484686,1810281
1,1445,1362317090919,1360352409256,7971895
1,1446,1668620720820,1496142914558,205142
1,1447,1631041061564,1631040605454,252941
1,1448,1662044233579,1481804151599,1785779
1,1449,1632377398564,1632119737947,499136
1,145,1632699619207,1414449682438,364000
1,1450,1594517331282,1593120224894,368008
1,1451,1534708709457,1534639075020,2172322
1,1452,1486371771036,1286040961527,16120568
1,1453,1674689950647,1472320411129,4704580
1,1454,1641139536335,1434834431426,6036337
1,1455,1512339978591,1512327772152,1280553
1,1456,1678860520458,1308152705643,6266595
1,1457,1615819264991,1398578105126,771507
1,1458,1641471320468,1440881107831,201946
1,1459,1633275431372,1562484391495,575157
1,146,1693631317405,1401126656910,433197
1,1460,1651504673188,1431517159320,1454391
1,1461,1615410895428,1321814180155,705812
1,1462,1620762523641,12705,8408830
1,1463,1643068195499,1,5837906
1,1464,1575486209041,1296169988801,10424370
1,1465,1632493844696,1632493622119,1603640
1,1466,1628452380266,1403140946088,924545
1,1467,1522044829847,1354715263726,5518541
1,1468,1620493801623,1368292455195,3053739
1,1469,1620482337144,1620471464712,430468
1,147,1684450211621,1315757348671,10568455
1,1470,1552137203438,1402456305835,625923
1,1471,1636916777542,1636907850185,213611
1,1472,1608240891302,13672,2219374
1,1473,1541239545031,1541239526756,1734848
1,1474,1512525624284,1512525443844,652765
1,1475,1515845350523,1,318972
1,1476,1509631615282,1418365599871,6766673
1,1477,1666949921000,1546536898404,2889853
1,1478,1642957948986,1292381855590,11159827
1,1479,1574920638712,1327346983897,1818028
1,148,1633971831163,1632865088001,643310
1,1480,1540930245551,1310226545904,3318186
1,1481,1697932061322,1484738664428,1686885
1,1482,1600113248698,1599161260724,326136
1,1483,1684021057000,1363171201399,824730
1,1484,1357528468920,1357524592964,5691257
1,1485,1419985619037,1419984818524,4971851
1,1486,1283538825992,1198540973792,3054186
1,1487,1682467705181,1572366633064,1019926
1,1488,1619729433519,1404247845088,4844295
1,1489,1606392976885,1606392897821,3124311
1,149,1664285948651,1382060716753,509150
1,1490,1644014488794,1382060716753,6090383
1,1491,1618347372192,1618347196459,3586469
1,1492,1665296375688,1665296063500,1649264
1,1493,1611591797812,1253683383517,2562504
1,1494,1601635657713,1601635049944,813176
1,1495,1552137203438,1402456305835,608291
1,1496,1664762807000,1497984220240,981318
1,1497,1680192940000,1514384173265,859173
1,1498,1569206696575,1363171201399,12415754
1,1499,1642190720252,1593085612621,2548574
1,15,1654448948000,1553874394458,1291761
1,150,1631225255584,1631169055924,1901844
1,1500,1577284477769,1395429108602,339876
1,1501,1684251315068,1368292036119,1101703
1,1502,1593827145170,1580477032417,290557
1,1503,1564738944114,1366757977454,2813819
1,1504,1567196366730,1567195669531,356342
1,1505,1693344189702,1401140497418,1281083
1,1506,1545905209998,1545818663963,793363
1,1507,1601873578421,1601872923669,276392
1,1508,1608561619510,1267679370216,203390
1,1509,1664855461529,1368292036119,729162
1,151,1607976765598,1603296521633,1402490
1,1510,1630861371355,1630861062585,798951
1,1511,1552137203438,1402456305835,750503
1,1512,1601446375460,1601446356411,190274
1,1513,1636243843083,1537135582175,1582184
1,1514,1631093226410,1296169988801,5135226
1,1515,1650496495689,1368292036119,7348304
1,1516,1638532919268,1396805758504,256955
1,1517,1626883448111,1185996957304,1950950
1,1518,1646644510175,1349477489408,5781035
1,1519,1444892746905,1443689840634,205692
1,152,1677158449963,1368292123572,608531
1,1520,1699912085198,1385335632993,9775504
1,1521,1627902960477,1,3217624
1,1522,1631824739066,1349477488697,5258018
1,1523,1631305379825,1631305207650,493648
1,1524,1615158864604,1308927142611,6481337
1,1525,1698926118395,1523000703550,260180
1,1526,1594073832157,12705,457476
1,1527,1631032333740,1630949192539,4169938
1,1528,1630329473000,1455005436336,289233
1,1529,1622121478701,1583,5435637
1,153,1673574873713,1368292251847,318470
1,1530,1391345893203,1315512898348,452821
1,1531,1630663950013,1630660356659,245097
1,1532,1522249643776,1495427150126,512442
1,1533,1614999881119,1614999571929,607135
1,1534,1631554458261,1631554451984,266954
1,1535,1557142480863,1508147548798,1588071
1,1536,1684928257769,1339252520768,210079
1,1537,1574358189914,1574350234703,452714
1,1538,1690397428610,1349477488848,9158562
1,1539,1467553493658,1238975688859,9386305
1,154,1632170148522,1632170125697,1716526
1,1540,1566670097461,1566668142687,2148423
1,1541,1492649698595,1253683383517,884126
1,1542,1625966006344,38,965244
1,1543,1659573712857,1349477488740,1178835
1,1544,1494800894835,1230430420093,3384557
1,1545,1652104893862,1652014319392,396199
1,1546,1696954788284,1623690132464,189644
1,1547,1584245259799,1361624238660,4523274
1,1548,1608541102750,1185996957304,3628515
1,1549,1623437324255,1358611733322,6201520
1,155,1663372362126,1436157767004,8663483
1,1550,1698343097967,1349477489494,1215114
1,1551,1438555011693,1283678481521,3858744
1,1552,1624191451509,1557516601645,2669008
1,1553,1693193374622,1386423765463,724786
1,1554,1666883105000,1365297969819,2092011
1,1555,1696990900688,1368292251847,1825292
1,1556,1552430505728,1349477488910,9945601
1,1557,1635578599516,1478360898790,300250
1,1558,1646013214856,1646010517743,231436
1,1559,1699716657082,1415427341780,2191285
1,156,1626052898668,1626050946291,4079957
1,1560,1693425146430,1691592500888,3372360
1,1561,1621275369239,1621274523204,4054477
1,1562,1602861113479,1365293606461,831210
1,1563,1630786132755,1630785275579,466927
1,1564,1664900269834,1368292036119,15252317
1,1565,1347331072187,1185996957304,6831185
1,1566,1596016261817,1244304862250,6113750
1,1567,1640892355050,1640877831629,223603
1,1568,1613831494444,1,508025
1,1569,1607758289953,1349477488697,2589628
1,157,1641888083778,1368292251847,2985503
1,1570,1652067701426,1349483248221,7424695
1,1571,1630508047754,1630507905247,1929854
1,1572,1644910517778,1534791660385,1419578
1,1573,1640106610348,1339252520768,6903854
1,1574,1689628624691,1321299133411,14508868
1,1575,1611094470205,1389838886363,2384194
1,1576,1672265354805,1340713992866,7673433
1,1577,1655205475033,1613084613228,439491
1,1578,1644587802708,1349477488697,2494249
1,1579,1385534232015,1385534078156,204370
1,158,1624696805975,1248055570234,695057
1,1580,1599962812663,1368292251847,5225998
1,1581,1593381754942,1234655558515,660795
1,1582,1624116892426,1,12498831
1,1583,1603718118801,1602505191915,1517443
1,1584,1663728383086,1393514638513,479874
1,1585,1641837728576,1641503247384,911113
1,1586,1630986235056,1598389849783,478225
1,1587,1631853886363,1631853433563,295683
1,1588,1469542627727,1253683383517,1210277
1,1589,1523373046235,1349477490140,13750279
1,159,1638972756193,1723999,4408132
1,1590,1679058562983,1368292036119,7127323
1,1591,1664053070000,1368292036119,1162165
1,1592,1618504562048,1618499843490,240474
1,1593,1630169686540,1630169225550,1546269
1,1594,1657446349000,1339252520768,2661310
1,1595,1653067470909,1522605411741,405188
1,1596,1699922059047,1420258695587,1250335
1,1597,1628773934815,1628771841126,235595
1,1598,1638301089710,1539890220182,5116557
1,1599,1640147531069,1635987457976,225324
1,16,1616653250934,1616653232673,1428940
1,160,1562912009668,1562485385925,742213
1,1600,1585456234478,1569436199241,5260185
1,1601,1692057754000,1553482094503,4817520
1,1602,1670860831007,1662047549620,246897
1,1603,1645025832490,1581865332845,5633236
1,1604,1586686694661,1254259829410,3788480
1,1605,1652773705841,12710,3674165
1,1606,1677292930000,1512314679070,1501624
1,1607,1675273655929,1675273624324,268640
1,1608,1530751974429,1230430322217,17204825
1,1609,1633460877422,1632455681566,598112
1,161,1692062472059,1381356372394,258202
1,1610,1584852902081,1349477488803,4577868
1,1611,1632069129526,1632066801040,253679
1,1612,1564042075437,1435305627568,4908062
1,1613,1589623551588,1,213359
1,1614,1575479049521,1368292036119,6246565
1,1615,1485294502523,1485294462107,2250706
1,1616,1630366874990,1619821412133,1718317
1,1617,1619541660682,1302131945782,1747541
1,1618,1601538817840,1236522205076,476763
1,1619,1612449294372,1359148661717,1723103
1,162,1620435770036,1349477488697,257131
1,1620,1607889760588,1600545936700,3395362
1,1621,1623095001294,1349477488698,1454965
1,1622,1690894783179,1469971064596,791055
1,1623,1501169130849,1379277501567,2339652
1,1624,1597005580580,1,816525
1,1625,1526929629955,1349477488879,1241811
1,1626,1676278561172,1419359509366,2266957
1,1627,1654364790594,1635100726103,1033664
1,1628,1631466731011,1631453744099,495179
1,1629,1589074550663,1395709580999,707721
1,163,1588147337455,1578883840729,5515492
1,1630,1393607900860,1393607814259,1316813
1,1631,1655160720004,1368292838866,303355
1,1632,1665145343000,1,12774533
1,1633,1606284804492,1,18021368
1,1634,1646145182860,1575454665802,4999772
1,1635,1523240292023,1368292036119,8570884
1,1636,1633818289677,223,2871216
1,1637,1686662423126,1253683383517,1345763
1,1638,1579478957563,1579478147466,1135331
1,1639,1620832369015,1585663544617,2069510
1,164,1684250294000,1622815749712,377542
1,1640,1550016860277,1550016739177,708278
1,1641,1473341669919,1466501918265,327005
1,1642,1580949410858,1,556010
1,1643,1619877834748,1598098895790,706064
1,1644,1664495239143,1591221052759,2507947
1,1645,1485798209244,1264961836967,2229632
1,1646,1630453236571,1630453116383,232508
1,1647,1659708765445,1251883407566,1930166
1,1648,1651749255964,1447544908655,4626222
1,1649,1571988109943,1439728329732,17199486
1,165,1675119867770,1349477488697,12854959
1,1650,1615118858762,1615114514090,482734
1,1651,1673960709069,1579186350885,644037
1,1652,1629002597850,65,1172235
1,1653,1691048087275,1518044099290,1160399
1,1654,1617596665246,1617594271841,1724684
1,1655,1615706422688,1452149085993,235655
1,1656,1600794855000,1600787543684,716436
1,1657,1596246110947,1349477488999,6745046
1,1658,1654427484000,1544591560108,4253537
1,1659,1676672990280,1368292036119,5483329
1,166,1621789714465,1363171201399,5870674
1,1660,1650897188506,1368292036119,1511149
1,1661,1655948130520,1529049084391,1009096
1,1662,1590251014835,1351001661037,3978211
1,1663,1653948776998,1337328847615,306266
1,1664,1252014735953,1251754693703,3092671
1,1665,1373375000840,1234247031024,2180334
1,1666,1650198843241,1234655558515,4835336
1,1667,1664192702506,1382060716753,783590
1,1668,1678388189197,1368292036119,1088785
1,1669,1592913653189,1592912853345,309938
1,167,1587151956411,1442078897087,2683158
1,1670,1627337203944,1436157667440,326894
1,1671,1606595768916,1349477488697,15010851
1,1672,1683475071207,1368292036119,2795252
1,1673,1662759549714,1395340559899,778770
1,1674,1634214825905,1349477489727,6193719
1,1675,1631636968666,1631635623620,4291139
1,1676,1658377616349,1220824109052,3615367
1,1677,1593350061517,1593347239100,485744
1,1678,1684417209943,1499805446592,5801293
1,1679,1274216074083,1241722790249,758427
1,168,1361740126307,1359047250267,1167778
1,1680,1634925057696,1631354740024,299920
1,1681,1619291359742,1405141749019,5234421
1,1682,1619901045614,1479242579780,5246590
1,1683,1610575567658,1610574795126,826202
1,1684,1490143695360,1260746562629,584357
1,1685,1355074141914,1285428733990,7485006
1,1686,1669224320000,1346545019106,290546
1,1687,1672653198129,1442348750310,2213294
1,1688,1357655825015,1357654336906,715535
1,1689,1660235554381,1367317475414,2709219
1,169,1659607513677,1368292036119,1315215
1,1690,1620259049398,1619090737019,335630
1,1691,1687719150734,1537984373256,213327
1,1692,1684845472717,1568383741102,378452
1,1693,1365510140623,1211305353528,4875095
1,1694,1562755850401,1455571580853,6420623
1,1695,1630529556311,1630529446765,454673
1,1696,1698414732034,1401126656910,1572440
1,1697,1582527790226,1582527585577,2221989
1,1698,1651596808803,1327999362203,383255
1,1699,1630405386858,1630405353551,1026229
1,17,1530393482805,1321299142105,7125917
1,170,1357655825015,1357654336906,237425
1,1700,1684965844461,1553874394458,7736347
1,1701,1566878803792,1345503263040,11405212
1,1702,1615726784870,1615726559268,233582
1,1703,1595703043929,1473104036486,1093332
1,1704,1696132377000,1394239309466,1703586
1,1705,1522416519510,1522416507149,424348
1,1706,1624030366836,1214225650015,2016479
1,1707,1357655825015,1357654336906,16900718
1,1708,1572453132954,1572450343750,539581
1,1709,1681920940919,1368292340870,4767508
1,171,1630232987851,1630232884899,1169494
1,1710,1633330581469,1335062393126,185180
1,1711,1611589261712,1459381160365,757274
1,1712,1628707464776,1354409573213,3793088
1,1713,1506784712970,1321299141427,919321
1,1714,1615582191559,1615581996113,752562
1,1715,1619880864108,1619880699980,1508475
1,1716,1639865757771,1381367295995,310891
1,1717,1662544291373,1349477488697,2347204
1,1718,1525298813779,1482196830360,859338
1,1719,1623780915639,1264935321247,937062
1,172,1675658734688,1368292036119,5397705
1,1720,1669734998308,1368292036119,10901079
1,1721,1606674254309,1606669326712,348640
1,1722,1679573517304,1644399655500,209663
1,1723,1669068794521,1368292036119,6274892
1,1724,1693248208641,1473536749378,1632949
1,1725,1689860419155,1689860400112,259217
1,1726,1482318177183,1188422895546,10022265
1,1727,1639289195915,1,1956014
1,1728,1653360016380,1230430322217,5810215
1,1729,1571495511285,1492209415832,2240945
1,173,1669832868746,1669832713676,863431
1,1730,1666779413976,1349477491236,495074
1,1731,1622068498387,1296169988801,669695
1,1732,1662530028214,1363171201399,4483385
1,1733,1695364367563,1463279909180,2463212
1,1734,1687832257336,1368292036119,6376025
1,1735,1563615246824,1563615219752,226735
1,1736,1688846650610,1688846643704,228225
1,1737,1494779353339,1494779293642,199262
1,1738,1662951406156,1662951362954,1681835
1,1739,1687385969405,1253791415886,232304
1,174,1675965160115,1505026944353,800270
1,1740,1656189330000,1614088033304,338087
1,1741,1669655334614,1366450516497,678314
1,1742,1673675075100,1457658817970,274855
1,1743,1687633467798,1296169988801,7675444
1,1744,1659620191124,1436157477700,364817
1,1745,1614980402632,1296169988801,545661
1,1746,1681178584943,1598083016123,653369
1,1747,1633348701303,1633347621030,6874153
1,1748,1588583572878,1588236948381,1750479
1,1749,1641982717205,1379541049761,2877428
1,175,1626694240524,1626689436309,251966
1,1750,1588533635365,1487076983007,514541
1,1751,1623807167097,1458269844402,1142549
1,1752,1605986196187,1605893968848,398558
1,1753,1637837690748,1335782638416,619900
1,1754,1614557876037,1507171106796,225139
1,1755,1605758808205,1185996957304,1158855
1,1756,1587123001240,1419811714818,528926
1,1757,1688757848000,1382060716753,204559
1,1758,1598045368161,1448932895784,445102
1,1759,1691532263596,1439302488958,1584045
1,176,1691542209555,1366757977454,4453602
1,1760,1658876754192,1273439686875,254808
1,1761,1633259307650,1551207446337,474794
1,1762,1567885115065,1567884726605,1301212
1,1763,1622893111338,1296499533072,2307582
1,1764,1435898349323,1435896829375,679547
1,1765,1506869253582,1414449682913,338612
1,1766,1624386907591,1288463827711,300825
1,1767,1662923844000,1600653944871,336410
1,1768,1633683288130,1432839994878,320308
1,1769,1661942438150,1336243091843,659632
1,177,1621422975451,1296169988801,329028
1,1770,1637355841107,1543002517964,5385807
1,1771,1673816964065,1339252520768,1766514
1,1772,1512475267281,1512475228352,944511
1,1773,1605955193370,1605955175661,2798683
1,1774,1595774433867,1,1198635
1,1775,1623964301695,1363171201399,1135097
1,1776,1587320159311,1372995747618,3251628
1,1777,1666181784227,1419644220909,699961
1,1778,1670882255692,1253683383517,1416024
1,1779,1601535490079,1499988902299,1945273
1,178,1633787338359,1465473270718,3009407
1,1780,1410804001861,1344109668542,11723144
1,1781,1578975890274,1349477488740,4476936
1,1782,1631039935953,1631038552469,198072
1,1783,1513038546342,1321299133821,190818
1,1784,1660814887886,1,4660629
1,1785,1680582307000,1421106431234,802543
1,1786,1648841537687,1479242579780,2237902
1,1787,1697901429829,1578748462772,5957599
1,1788,1539892821767,1536829322715,6105915
1,1789,1318965734234,1211305353528,3936555
1,179,1567184620126,1354715263726,1979222
1,1790,1648751769481,1473289434894,960365
1,1791,1579198510927,1579198075809,3390866
1,1792,1572013715084,1487274616017,1751324
1,1793,1587068322168,1587055353677,268562
1,1794,1575559507494,1575559443396,1481166
1,1795,1577957229664,1577957160054,696504
1,1796,1672091729809,1385335604609,562046
1,1797,1606404405512,1606059141767,759488
1,1798,1507765007155,1368292036119,10654183
1,1799,1681731646355,1674191008801,2176556
1,18,1516197407914,1230430322217,1467084
1,180,1630501724925,1630500911281,1467550
1,1800,1686110768980,1287867434322,3414503
1,1801,1666786751000,1512314679070,478058
1,1802,1666285463776,1543394827669,1937614
1,1803,1692767376000,1403219708269,1958156
1,1804,1691138374210,1359148661717,6474153
1,1805,1625544082891,1393817670841,1572574
1,1806,1554463332672,1428812549348,1559394
1,1807,1609855485538,1457632959229,1754219
1,1808,1649955336331,1349477489009,12581631
1,1809,1621060804757,1251849465143,1595799
1,181,1626144238151,630,17661250
1,1810,1522679496300,1331586596080,941550
1,1811,1631547171507,1473707340489,552641
1,1812,1634738568974,1612644185340,3406589
1,1813,1666979148166,1303738105556,803001
1,1814,1612247765181,1280987214013,1455866
1,1815,1628623095877,1628622984596,984107
1,1816,1647900351409,1368292251847,8792462
1,1817,1661802429162,1661801849139,169882
1,1818,1616545742885,1479497460427,644327
1,1819,1647514260980,1214295016281,1182841
1,182,1658970638252,1505585100115,190309
1,1820,1584669236841,1274249790644,772836
1,1821,1692208654268,1402961724661,1821536
1,1822,1689390443563,1492938325548,1239006
1,1823,1537406656247,1537405818084,3432126
1,1824,1637354195510,1629895357148,466715
1,1825,1693782024000,1418617473980,7323090
1,1826,1669226178121,1341239060140,436010
1,1827,1560563706187,1560560352553,228028
1,1828,1571223831212,1349477488978,19855648
1,1829,1620048117571,1,559382
1,183,1650209890021,1460527979130,206990
1,1830,1653140457040,1253683421659,391705
1,1831,1669157435177,1547739216198,1119519
1,1832,1595338950882,1595338179137,298466
1,1833,1679257838000,1368292036119,1205203
1,1834,1691360745788,1368292036119,2991449
1,1835,1633953486338,1308155728840,645439
1,1836,1628388524694,1349477488697,7968552
1,1837,1557762208114,1557754234287,620688
1,1838,1598372983411,1387417512975,2352707
1,1839,1664810537000,1462990165186,311706
1,184,1612302393976,1612302382314,783348
1,1840,1421622473738,1421258910471,508497
1,1841,1672296546158,1325902101971,25927938
1,1842,1675261974039,1285475760721,530928
1,1843,1685892507832,1595080248201,1174624
1,1844,1668952183740,1310576403943,378581
1,1845,1614122249244,1304624288820,2814801
1,1846,1479713262179,1234655558515,14793557
1,1847,1693778965622,1401126656910,2595029
1,1848,1659994272640,1365293606461,6990766
1,1849,1501654186334,1501652848090,4779921
1,185,1665848872251,1363171201399,2210672
1,1850,1552004740090,1465775448358,564894
1,1851,1676644488817,1393817670651,310022
1,1852,1501501210162,1467063809701,1006846
1,1853,1696072809320,1473869518858,276158
1,1854,1645026739559,1522234169409,220876
1,1855,1616931962609,1463839519915,184882
1,1856,1665914447000,1665913760155,773367
1,1857,1614195268866,1299963349484,1458242
1,1858,1571286488880,1571284722516,1121605
1,1859,1567864457712,1999,6672859
1,186,1580838106766,1579870122002,1071091
1,1860,1695721451459,1,923972
1,1861,1681783568620,1349477488771,3049809
1,1862,1416899338456,1358388308437,1882439
1,1863,1662831344880,1662653795719,212036
1,1864,1637166976281,1349477488803,1777878
1,1865,1605639903189,1605639618393,2205180
1,1866,1638307979308,1540636946345,1197347
1,1867,1327182571728,1218030172857,2122918
1,1868,1641303345124,1321814180156,2522616
1,1869,1615769475510,1335409722992,2844206
1,187,1649439420363,1376248073552,2680056
1,1870,1634905892811,1349477489143,4734321
1,1871,1676959258389,1368292036119,478668
1,1872,1589208103221,1589150229240,7055607
1,1873,1613900209816,1349477488785,3592623
1,1874,1676468368328,1331102569886,291530
1,1875,1622663114767,1368292036119,10822717
1,1876,1652298155983,1593969938776,273016
1,1877,1416899338456,1358388308437,698642
1,1878,1612703976308,1611028407144,288740
1,1879,1674013988100,1368292036119,1088801
1,188,1620692737041,1620692056383,1328920
1,1880,1562944469282,1562944437748,2468056
1,1881,1637171182702,1255653553364,207066
1,1882,1624463927709,1349477488697,2506172
1,1883,1359843019536,1253778049413,2347543
1,1884,1686688958000,1368292036119,4695056
1,1885,1693689000175,1393817670651,3826017
1,1886,1651947363871,1349477488697,9412885
1,1887,1527588417851,1527551034874,2338445
1,1888,1607671570226,1368292036119,1156198
1,1889,1653631444668,1482762968627,1748121
1,189,1648108686715,1349477489067,1618762
1,1890,1416899338456,1358388308437,1920130
1,1891,1519593731659,1407957103425,5881181
1,1892,1650551152194,1368292251847,2906993
1,1893,1637503424895,1595348545691,2465526
1,1894,1598577729455,1496959754664,1720079
1,1895,1610157268143,1269722041469,1583317
1,1896,1617340048886,1267679370237,2946052
1,1897,1662668198471,1368292123572,12473187
1,1898,1634690196095,1349477488803,6405749
1,1899,1635303959890,1472668157253,972331
1,19,1680438650229,1,1189224
1,190,1663903513481,1401811414149,1887864
1,1900,1652428982000,1393817670651,396078
1,1901,1632177858967,1631133509170,1050583
1,1902,1371120516129,1365404728304,1116459
1,1903,1514731980467,1514731735553,1817691
1,1904,1634661592729,1,3393684
1,1905,1518094137014,1518092143695,663170
1,1906,1651356579509,1352627292229,891105
1,1907,1614771712427,1614768740959,1184030
1,1908,1688037333924,1281585610000,2037442
1,1909,1526734167673,1368292036119,2865958
1,191,1362045734664,1251849465143,17519842
1,1910,1651032161572,1264049677740,14846079
1,1911,1416899338456,1358388308437,541874
1,1912,1631407666788,1516952725062,418282
1,1913,1623426839253,1597065143792,1318904
1,1914,1697986200094,1586732138829,886856
1,1915,1602367381603,1389609484811,11931148
1,1916,1596825886990,1596825867394,339891
1,1917,1691982813667,1445961427297,2975931
1,1918,1560378154996,1560088604277,244828
1,1919,1366994391864,1366737460713,5372827
1,192,1656164393122,1311694691849,1062891
1,1920,1637523723551,1321299141461,1484812
1,1921,1662944538000,1492687409408,826224
1,1922,1414229995079,1324123588321,5826608
1,1923,1622168514801,1622115930580,308576
1,1924,1628702304762,1368292036119,2687901
1,1925,1618884215500,1245205461374,2344484
1,1926,1696819862853,1449636991453,2987222
1,1927,1361740126307,1359047250267,1403290
1,1928,1693348246874,1459381160365,1011937
1,1929,1632163572812,1349477488871,2221215
1,193,1630264406859,1629741699628,555047
1,1930,1656735565695,1405801394724,5897115
1,1931,1572768451846,1253683383517,236599
1,1932,1652879960240,1623763740484,281769
1,1933,1636118737779,1407948764439,3114383
1,1934,1617804529236,1616528795780,2503475
1,1935,1366994391864,1366737460713,5051284
1,1936,1617804861496,1617781676407,2057251
1,1937,1630541856011,1185996957304,7946818
1,1938,1564823895750,1,3027233
1,1939,1641609170271,1,633304
1,194,1575481391087,1481804175275,1457275
1,1940,1599918110211,1414449682438,854146
1,1941,1545244278578,1479484506791,2727139
1,1942,1673786510268,1554729241108,154828
1,1943,1691522215440,1185996957304,627481
1,1944,1573044851560,1572931913291,1677907
1,1945,1635873167335,1545173951711,702565
1,1946,1661126532736,1368292036119,7336219
1,1947,1328291699480,1211305353528,13602014
1,1948,1610385622956,1473289434894,1435400
1,1949,1628163031229,1393817670651,1959285
1,195,1576716956717,1349477488697,11601307
1,1950,1637916347666,1479373271918,167588
1,1951,1613879192418,1613879171844,303906
1,1952,1616290948883,1616289377344,647385
1,1953,1686517743409,1,2443868
1,1954,1698250715405,1395502760997,1567420
1,1955,1630946958199,1365293606461,2100096
1,1956,1595836570905,1349477488732,7103898
1,1957,1648998722940,1560873389402,217321
1,1958,1679662761000,1485958717249,1355505
1,1959,1641881414987,12705,1468168
1,196,1674068962235,1335782638416,2112642
1,1960,1621113240285,1621111657864,240836
1,1961,1575766216792,1395429108603,8067604
1,1962,1685295709086,1585474779835,952623
1,1963,1650544320128,1540413459616,201524
1,1964,1503769359922,1365293606461,295228
1,1965,1699828856000,1402177650166,1315466
1,1966,1632165322360,1287304729359,320781
1,1967,1633968869109,1632166612570,658992
1,1968,1585935590133,1585924177120,1974107
1,1969,1586933994363,1349477488732,3764580
1,197,1614634244116,1614633559890,214253
1,1970,1609486006882,1339252520768,2994746
1,1971,1632468595620,1389609484811,1232853
1,1972,1661441447392,1462273937472,655981
1,1973,1664016499438,1320846881815,4100928
1,1974,1515831296680,1514964124925,181684
1,1975,1634485498546,1634238696014,2732326
1,1976,1614316458721,37,1824349
1,1977,1607527511502,1424715197986,562085
1,1978,1609346007668,1609345958933,1757469
1,1979,1673213678000,1672870162631,551948
1,198,1634486354620,1389609484811,1488443
1,1980,1630544242883,1396610160157,341797
1,1981,1664373046502,1664372987377,258145
1,1982,1523323171219,1523323120812,2373111
1,1983,1548398147621,1324494212732,520398
1,1984,1621564193792,1452485377896,618894
1,1985,1676028084324,1676028044237,458917
1,1986,1622547399829,1554020093571,266567
1,1987,1697067356311,1479126447692,320083
1,1988,1613919370122,1613919360877,734944
1,1989,1682379136771,1404745676314,205007
1,199,1513018153461,1255653553364,7408854
1,1990,1580122457855,1517403201950,1266034
1,1991,1631880758780,1631880114316,401625
1,1992,1545472275121,1429968030834,804591
1,1993,1674314345216,1674299037842,287408
1,1994,1601506905780,1230766414719,10254359
1,1995,1637192415449,1,1224017
1,1996,1653107673218,1185996957304,21193861
1,1997,1698192084511,1462219909554,861442
1,1998,1607248325973,1321299133893,387720
1,1999,1609633153990,1296169988801,4067155
1,2,1658184894444,1230430486697,8387650
1,20,1483148380852,1287867057355,4505540
1,200,1642402950804,1642401827778,2018506
1,2000,1687956959000,1687811409970,603683
1,2001,1670134278096,1358606738334,274266
1,2002,1631043640126,1631043512915,191354
1,2003,1663298298000,1379541109975,524664
1,2004,1693738897000,1293981228694,621033
1,2005,1630616867130,1459849411628,1544776
1,2006,1687169081795,1,4917202
1,2007,1556833121687,1556756882277,605065
1,2008,1693161818454,1693161809311,221386
1,2009,1694393378000,1674699265204,229637
1,201,1681252452109,1296169988801,993607
1,2010,1477211192983,1234655558515,8507265
1,2011,1632054103164,1632054083579,2304089
1,2012,1618332433537,1618332197870,3258437
1,2013,1587880888044,1380937677823,4798887
1,2014,1694931261620,1394069590008,663854
1,2015,1396994467440,1396992475816,7811552
1,2016,1634307167632,1634281226754,691403
1,2017,1613317711621,1613316914833,1387680
1,2018,1586810397330,1586810378281,727726
1,2019,1516958330721,1516957952528,481970
1,202,1550004904728,1550002110163,562104
1,2020,1649964916455,12705,3683577
1,2021,1699665116755,1433538501105,211972
1,2022,1634495962750,1382060716753,1416397
1,2023,1425993478151,1425106476528,1008074
1,2024,1616327700904,1459352360531,248404
1,2025,1609095398741,1321299141705,3205723
1,2026,1602251098544,1602251079903,443778
1,2027,1542233364617,1539653397117,1396163
1,2028,1631501305031,1625578839283,4755430
1,2029,1498585258229,1581,3226390
1,203,1669469652869,1546536898404,3305739
1,2030,1645539274817,1368292036119,3240206
1,2031,1630698437153,1273439686875,1230293
1,2032,1591107306812,1363171201399,5993406
1,2033,1644852359618,1363171775204,340951
1,2034,1606553143516,1474555268039,280290
1,2035,1680453516789,1363171201399,5140637
1,2036,1646997867446,1646928278180,872037
1,2037,1632398323536,1632391962586,546811
1,2038,1578640166379,1457658817970,1324422
1,2039,1602870915889,1349477489275,7253924
1,204,1678892878388,1365293606461,498800
1,2040,1664190374757,1402175764376,4662025
1,2041,1679233727458,1368292036119,11657130
1,2042,1630501850550,1630441200416,1495849
1,2043,1568846230531,1349477488785,11813687
1,2044,1543029946704,1222704695822,9041007
1,2045,1617679158806,1229273253590,4918294
1,2046,1631976160822,1487274616017,3987264
1,2047,1567548221068,1567534040264,1190640
1,2048,1644315970036,1535979624921,2857831
1,2049,1581624811039,1335782638416,1697399
1,205,1412922553343,1412918555650,3985151
1,2050,1645862550510,1370493395748,4848747
1,2051,1658573142342,1610189041098,196221
1,2052,1566906634376,1506162916086,1707886
1,2053,1643648878039,1467682104877,789805
1,2054,1536763110144,1479023542789,9642048
1,2055,1552137203438,1402456305835,696608
1,2056,1670969614637,1634251759284,527035
1,2057,1660045807815,1349477488736,15382626
1,2058,1625657290229,12705,8260560
1,2059,1630419022025,1481896498728,18845277
1,206,1660002765909,1368292036119,3036268
1,2060,1625989625661,1232078990310,423870
1,2061,1634239444282,1349477488698,3580018
1,2062,1570818905847,1449203232884,1886438
1,2063,1589030371498,1589024973776,424406
1,2064,1650271899649,1339252520768,309677
1,2065,1619995198293,1586732035265,1745873
1,2066,1678194764000,1536201206397,915855
1,2067,1624376968546,1624375719097,1941711
1,2068,1616851662719,1498688197273,2839051
1,2069,1605808675163,1321299141467,14530890
1,207,1561256662304,1561256342924,974429
1,2070,1631780512459,1630778113043,375875
1,2071,1396628483520,1396628171578,6558631
1,2072,1552849834003,1552848995173,649086
1,2073,1504327730061,1504321325154,6211012
1,2074,1678085760036,1677400438603,1523537
1,2075,1691440071521,1402176459981,4295441
1,2076,1605583401550,1368292123572,13222723
1,2077,1608725024395,1346589241047,5286252
1,2078,1613526478976,1613526067121,3067666
1,2079,1685994796384,1393817670651,358039
1,208,1686022201168,1477948185766,2032575
1,2080,1674236060000,1349477488697,9199006
1,2081,1615901429461,1615901402743,421222
1,2082,1683397848209,1382060716753,5432854
1,2083,1355662340406,1304320234906,840809
1,2084,1675445408342,1674559443191,340641
1,2085,1675721713746,47,761788
1,2086,1690219657803,1590775534842,1628763
1,2087,1600702905988,1349477488732,4332378
1,2088,1357655825015,1357654336906,6438371
1,2089,1326795250816,1211305353528,525498
1,209,1674190413154,1473395417983,808174
1,2090,1596757129226,1596673660730,825381
1,2091,1694383104833,1403140255051,366207
1,2092,1699194881150,1363171201399,943911
1,2093,1552137203438,1402456305835,757644
1,2094,1619379278656,1619379249378,229230
1,2095,1636882830334,1456771816429,3430517
1,2096,1641193801676,1185996957304,1645706
1,2097,1623583358635,1335782638416,2044756
1,2098,1637172973001,1475383622641,1285086
1,2099,1673336215063,1510224637521,288382
1,21,1616414421753,1616414206197,3920916
1,210,1627028068603,1349477488771,2893761
1,2100,1680166529914,1568205850301,1880010
1,2101,1615572836544,1389728184334,2389671
1,2102,1558567775119,1,3556992
1,2103,1636481827315,1349477488732,13714525
1,2104,1633898397623,347,837667
1,2105,1659810758173,1550245252039,427286
1,2106,1499592835961,1253683383517,4308189
1,2107,1531433445394,1230741202633,29003055
1,2108,1637974226288,1492209415832,773944
1,2109,1683205942343,1536602803992,345802
1,211,1604841211250,1561626245871,888309
1,2110,1457658400346,1457658190232,216789
1,2111,1685304164000,1553874394458,1050971
1,2112,1685822594979,1472435625906,566750
1,2113,1666659351635,1382060716753,5822281
1,2114,1667251887241,1349477490127,8441047
1,2115,1675986599433,1349477488812,3290983
1,2116,1610871917593,418,25955159
1,2117,1692585224000,1690861880490,342726
1,2118,1543685712416,1543662846096,317230
1,2119,1589646750406,1371205561879,340051
1,212,1543401706841,1421053844342,1692472
1,2120,1671785961529,1368292228584,5787319
1,2121,1658933732147,1553874394458,1506927
1,2122,1623635472907,1513175180136,192066
1,2123,1608424790870,1478534718687,514916
1,2124,1632890775455,1632878735132,468588
1,2125,1603671638012,1506262255045,3657079
1,2126,1615734445345,1615733946547,974756
1,2127,1642782778484,1481244209850,1719658
1,2128,1669536415728,1669535735364,265522
1,2129,1616508791922,1588410847432,1288376
1,213,1639406820444,1530531928967,728922
1,2130,1625171171494,1339252520768,360504
1,2131,1611462953772,1395429108609,7127512
1,2132,1639492447852,1608128380900,841625
1,2133,1631461244803,1253683383517,2961659
1,2134,1618467624854,3,611113
1,2135,1619337529308,1618814083546,868731
1,2136,1600574285819,1368292251847,13201126
1,2137,1678629682329,1253683383517,2597253
1,2138,1280302362031,1185996957304,26395203
1,2139,1629137818042,1629136827011,1184727
1,214,1639489756460,1368292036119,14036120
1,2140,1640380942254,1300624517413,3824284
1,2141,1616095417725,1577566833482,223208
1,2142,1670448824464,1581865332845,1988889
1,2143,1562339276552,1562339238933,9381791
1,2144,1686322918924,1539757800998,4325907
1,2145,1613734837457,1613734572533,388630
1,2146,1539680039140,1384007596158,1471908
1,2147,1654494596713,1382060716753,9419098
1,2148,1637741458569,1339252520768,5426719
1,2149,1647745531140,1368292036119,4359675
1,215,1622593683849,1394240440674,5176192
1,2150,1659565565040,1389044065403,1729644
1,2151,1617798478298,1389288966067,597196
1,2152,1580841518111,1580395788427,2942738
1,2153,1584451935878,1584451894786,4630471
1,2154,1682635328000,1363171629863,1078606
1,2155,1661109481872,1303778934449,12722630
1,2156,1566393824865,1369489172845,599215
1,2157,1581982824952,1508358791262,2172499
1,2158,1693440241253,1296169988801,1036665
1,2159,1672720608983,1349477491322,391409
1,216,1643726547876,1643561601736,986964
1,2160,1694717584431,126,195151
1,2161,1618364977718,1618350869963,365097
1,2162,1473341669919,1466501918265,1862257
1,2163,1532035384607,1459381160365,775886
1,2164,1662503560555,1519914842586,323764
1,2165,1538903712953,1264961836967,964888
1,2166,1663570386000,1475840637603,246216
1,2167,1673057234000,1453401852727,967024
1,2168,1602643306732,1349477488837,4160160
1,2169,1605880565822,1605880326774,854061
1,217,1497217982886,1349625284893,2641057
1,2170,1361740126307,1359047250267,1554145
1,2171,1622486253418,1622485925460,1651749
1,2172,1369213069250,1334497585066,13719260
1,2173,1688407659600,1444031919334,743505
1,2174,1600444145369,1556384731398,2751904
1,2175,1699884264781,1537636900026,1677842
1,2176,1632414586708,1632414419356,545231
1,2177,1683155377000,1,740887
1,2178,1361740126307,1359047250267,279790
1,2179,1684274073559,1349477488785,278131
1,218,1656554091059,1581544543818,404115
1,2180,1610678696242,1610564924280,723445
1,2181,1416899338456,1358388308437,253285
1,2182,1655899782053,1363534233524,340342
1,2183,1617694048507,1335881391590,1454976
1,2184,1582485362697,1582485300358,422145
1,2185,1550331098505,1321299133411,707932
1,2186,1600234604545,1599732210178,8438066
1,2187,1688816470994,1548495604663,457673
1,2188,1619643506434,1325902101971,823182
1,2189,1661803551951,1368292251847,6796997
1,219,1543973452508,1543973349826,574585
1,2190,1622673640616,1622672926060,189844
1,2191,1601945394726,1382060716753,2487021
1,2192,1656988556079,1365293606461,3812370
1,2193,1361740126307,1359047250267,2928421
1,2194,1667525769557,1230430322217,8448515
1,2195,1693687683868,1568697611556,449017
1,2196,1639376157422,1548012517349,546284
1,2197,1678661707530,1402678045921,247629
1,2198,1655142962664,1352570420990,213057
1,2199,1631488161967,1631488108078,898013
1,22,1663695240040,1553874394458,1252021
1,220,1638044022285,1478360898790,2435274
1,2200,1660234189229,1546673320175,1907995
1,2201,1495141446923,1495141436068,479238
1,2202,1383715531841,1382928269340,346538
1,2203,1697891273322,1339252520768,837695
1,2204,1683572917091,1382060716753,11655295
1,2205,1636723536039,1636471958240,194822
1,2206,1443111626692,1442925902207,6136672
1,2207,1697669565530,1587207905502,689242
1,2208,1633945629739,1385198758948,4516635
1,2209,1496685984290,1496684942343,545022
1,221,1638773589176,1475413238776,283051
1,2210,1633747442466,1462844554439,540231
1,2211,1357655825015,1357654336906,2738478
1,2212,1668889749052,1462206168894,3897840
1,2213,1610395107237,1610392028978,2476231
1,2214,1677617549810,1625535992587,229503
1,2215,1586632370777,1440746764355,654358
1,2216,1633431417901,1607066003083,309998
1,2217,1647914973710,1646436892628,435469
1,2218,1655883181179,12190,747271
1,2219,1631631508588,1449274556448,664338
1,222,1610285359291,1421053844342,1946317
1,2220,1691490846582,1691489476426,222447
1,2221,1545000261685,1520033789493,1838065
1,2222,1613554458444,1389609484811,4910988
1,2223,1571868425930,1382060716753,9854047
1,2224,1632774547838,1368292036119,2893486
1,2225,1416899338456,1358388308437,4752854
1,2226,1603183402409,1603183388520,911755
1,2227,1584445349605,1584426911575,4317852
1,2228,1699409384495,1382060716753,1799236
1,2229,1563952720813,1369489172845,951209
1,223,1631840203251,1316056810075,2760992
1,2230,1652462083569,1470859671323,258089
1,2231,1414185569000,1335700628223,4142503
1,2232,1680202755600,1385335632993,3931875
1,2233,1635394945792,1598291425619,328344
1,2234,1410804001861,1344109668542,2468248
1,2235,1667515190312,1526806910388,1192462
1,2236,1674481131932,1668922731273,1279830
1,2237,1625011151594,1287867057355,450402
1,2238,1637916347666,1479373271918,1078296
1,2239,1660176216000,1474738923376,1716949
1,224,1621244724326,1621244675970,1500816
1,2240,1650476366139,1421054014170,216570
1,2241,1629383639436,1629383622661,302554
1,2242,1668657346309,1368292251847,312074
1,2243,1680182045180,1368292251847,376615
1,2244,1642934414249,1374438040372,1050353
1,2245,1491778090192,1253683383517,10119220
1,2246,1667469564568,1352627292229,2747025
1,2247,1662492606512,1365293606461,209894
1,2248,1550004904728,1550002110163,505023
1,2249,1691433078341,1313531334099,959339
1,225,1623832343694,1623832287774,571447
1,2250,1698393156000,1357654336906,278905
1,2251,1410804001861,1344109668542,4278161
1,2252,1592188705508,1,515402
1,2253,1357839977753,1357834070617,1208360
1,2254,1626280260140,1501814060829,307239
1,2255,1529379654963,1480454157525,1224218
1,2256,1690910212583,1503265186488,265245
1,2257,1613481798145,1613426164073,1058925
1,2258,1619887989512,1619887866968,2333890
1,2259,1482846200871,1482846110224,760114
1,226,1623345287195,1538152300101,6157167
1,2260,1627885128441,1368292036119,1474870
1,2261,1675112445111,1402352742263,669421
1,2262,1631649184799,1631645009701,208841
1,2263,1562580387984,1439130117498,5071936
1,2264,1614020058948,1614020048115,660104
1,2265,1651709002602,1185996957304,516910
1,2266,1599503827129,1389229321274,2671834
1,2267,1629629494938,1629568044146,933544
1,2268,1569850840428,1387723682352,1539079
1,2269,1618340646577,1253683383517,1021435
1,227,1583983080553,24,11704862
1,2270,1641030051271,1379541070048,949812
1,2271,1581961121873,1382060716753,6907071
1,2272,1674991025696,1674923221809,645475
1,2273,1670779258000,1493833183141,5138300
1,2274,1614499495019,1614499460117,371029
1,2275,1700186871848,1368292605504,5695875
1,2276,1680782359617,1497484861934,2414547
1,2277,1567463512185,1245831150005,274203
1,2278,1642376670071,1349477488732,5408896
1,2279,1444535954755,1358947352110,4623343
1,228,1662940268710,1462932081194,6272245
1,2280,1664707708000,1321299141647,432356
1,2281,1690123799225,11,1103508
1,2282,1579358880698,1579357813397,4381962
1,2283,1600864527152,1600849369069,354396
1,2284,1611611042727,1462206100258,500860
1,2285,1613321702741,1331227773832,278951
1,2286,1619938021270,1421243800040,1037923
1,2287,1688158780914,1230430322217,4542402
1,2288,1639751320272,1432839414189,2250175
1,2289,1611089142671,1611088430261,662133
1,229,1680020771710,1680017597989,245991
1,2290,1648055564309,1479242579780,4929814
1,2291,1523985571280,1340809742429,12448259
1,2292,1659364965700,1381367295995,305968
1,2293,1360323271156,1360323251532,485576
1,2294,1694570160068,1380153289062,3414878
1,2295,1581687510658,247,5519275
1,2296,1519350948505,1230430322217,6576966
1,2297,1527645004139,1527643060020,1317795
1,2298,1475745745560,1475745106839,1088214
1,2299,1578964333080,1498688197273,2203656
1,23,1699066535395,1479242579780,272156
1,230,1585652612080,840,214510
1,2300,1602282679031,1341261291687,2768440
1,2301,1619866915134,1619864703453,1559243
1,2302,1645293454964,1368292036119,10307375
1,2303,1586965603596,1437131760817,411167
1,2304,1596042317862,1462140542732,2087294
1,2305,1670752423056,1,4878894
1,2306,1347577232569,1282979998905,1159276
1,2307,1632089712748,1632089347247,732010
1,2308,1606682944859,1528416454817,444211
1,2309,1615326525839,1615324726898,484282
1,231,1647881011791,1583184049651,1971534
1,2310,1556503393060,1556503282759,5800738
1,2311,1574145854722,6,6283682
1,2312,1632071817561,1631892883749,356187
1,2313,1608347787325,1608347732053,647028
1,2314,1632396810997,1632396805076,228616
1,2315,1611684160372,1611684016389,4371546
1,2316,1689212450390,1689135001858,280340
1,2317,1679148700124,14208,361717
1,2318,1690828154337,1507064285334,271856
1,2319,1693986270324,1296656130240,1874824
1,232,1627381269015,1627306245413,917827
1,2320,1629571323761,1612635756485,2886038
1,2321,1645024501232,1341255462751,202341
1,2322,1411487186688,1411487055845,40065799
1,2323,1507956727244,1434539088107,4206762
1,2324,1616713702035,1349477488837,642866
1,2325,1377133760618,1372221441155,695428
1,2326,1620466922994,712,708631
1,2327,1580261660470,1580260500707,240130
1,2328,1559918270543,1368292167716,21317898
1,2329,1638524741717,1638524722535,2570088
1,233,1682899948534,1296169988801,778762
1,2330,1653809515461,1653808941104,789110
1,2331,1632452460727,1296169988801,325299
1,2332,1445072816119,1215547800645,11225474
1,2333,1699998875707,1404247845153,188836
1,2334,1665858912631,1434393856811,428776
1,2335,1664292460521,1618600869201,722262
1,2336,1583103819257,1283140800000,309472
1,2337,1675342665000,1421053836472,407267
1,2338,1559171752245,1483385433339,1241604
1,2339,1619329343336,1619329303515,233267
1,234,1653070045845,1384022572963,6741310
1,2340,1598866931898,1594472967510,6383418
1,2341,1597369917397,1593655194500,394768
1,2342,1520537990464,1253683383517,584676
1,2343,1560536739502,1333355238927,15293817
1,2344,1537100791340,1361815692215,4928421
1,2345,1614460032205,1253683383517,2344376
1,2346,1606122642971,1606118555842,1864464
1,2347,1352992239742,1266867393750,2587220
1,2348,1632121329924,1507455583812,445123
1,2349,1665073749000,1363171201399,1674641
1,235,1631115984383,1,598892
1,2350,1636109021157,1439130117504,1027733
1,2351,1639343853304,1253683394964,1879326
1,2352,1697377632047,1,2256325
1,2353,1649173453315,1525371642170,3887459
1,2354,1625073770581,1481896546492,1055956
1,2355,1664617822000,1491057738849,2476338
1,2356,1616216799500,1442352044713,1495878
1,2357,1692837165000,1349477488803,3075309
1,2358,1513092621952,1349477488697,2917973
1,2359,1623681424742,1437393317961,349912
1,236,1681007334000,1553874394458,2191465
1,2360,1605558769207,1605555622986,301321
1,2361,1620794166799,1379541049761,1062362
1,2362,1451223855155,1234655558515,798208
1,2363,1462972283668,1462971906323,964735
1,2364,1631907676139,1631836621264,222033
1,2365,1380203533332,1380203444434,2130547
1,2366,1700303659262,1349477489172,336040
1,2367,1603758051216,1509255314275,7091776
1,2368,1613916182387,1461852688140,940139
1,2369,1357655825015,1357654336906,510071
1,237,1370548140865,1211305353528,5076935
1,2370,1631467665473,1614446068359,1249638
1,2371,1634642636578,1453361076600,1955758
1,2372,1637780779993,1609055345014,5298979
1,2373,1588291217199,1248388001058,5919630
1,2374,1630876608758,1575512787094,747935
1,2375,1659366630827,1537634449825,1869301
1,2376,1697715806000,1550002268398,332280
1,2377,1696872114056,1382060716753,245508
1,2378,1505851654759,1505846990030,5045736
1,2379,1610360407204,1610360395463,1127643
1,238,1646588419846,1429392988384,3513989
1,2380,1550524321336,1253683383517,5233952
1,2381,1612740889171,1341386344459,8788820
1,2382,1621806948404,1616595625692,944641
1,2383,1621705390072,1621705267056,591926
1,2384,1638225820167,1634171973810,745953
1,2385,1635178581708,1349477488929,5601601
1,2386,1558818222283,1558125694757,2622555
1,2387,1551850151718,1551791482909,1524036
1,2388,1697648481329,1391741012224,965368
1,2389,1465222408154,1465222218043,780636
1,239,1366994391864,1366737460713,2249690
1,2390,1679388251782,1579792662519,405418
1,2391,1616255044229,1239616934930,276717
1,2392,1641364332224,1641364316236,1359318
1,2393,1211010364062,1211009903593,444870
1,2394,1665413459731,1439130132103,177257
1,2395,1631633637397,1631626142549,2416383
1,2396,1643224395167,1265061266990,966224
1,2397,1691536433974,1515611553944,250613
1,2398,1631895600954,1631895507341,374133
1,2399,1620681873469,1620678546221,247419
1,24,1630816221946,1630801948808,310513
1,240,1687419825171,1321299133411,425232
1,2400,1638463415752,1597065143792,3526514
1,2401,1597887499878,1253683383517,714558
1,2402,1618963070628,1618963030036,436427
1,2403,1680297088034,1339252520768,335007
1,2404,1677542821736,1382060716753,1822819
1,2405,1476813313996,1476647667663,164932
1,2406,1687973634132,1411907989364,574350
1,2407,1579542141600,1579528333093,1447998
1,2408,1633284159614,1598803349688,1024178
1,2409,1660588109897,1253683383517,579221
1,241,1599959802386,1349477488892,18532471
1,2410,1573699997930,1349477488697,13760532
1,2411,1581907425410,1581907298873,391278
1,2412,1680287765781,1449350070018,2487622
1,2413,1501798659336,1501445190824,4152502
1,2414,1631206429213,1631206206940,223313
1,2415,1650344078795,1650343957231,420630
1,2416,1611835612054,1567707715390,1048702
1,2417,1589687930983,1589647254295,1091519
1,2418,1641288079751,1558990,4562464
1,2419,1694118386171,1403542865731,6996752
1,242,1604249472609,1455014747484,3336010
1,2420,1416899338456,1358388308437,1046092
1,2421,1444328003329,1185996957304,6203408
1,2422,1658626478000,1375849533999,1555112
1,2423,1648155390383,1459470803276,350138
1,2424,1692795206000,1363352147950,5633675
1,2425,1571479548180,1559157039665,731179
1,2426,1617760464567,1617714122250,664881
1,2427,1654223205048,1403023479358,650303
1,2428,1673846721126,1575947043873,173692
1,2429,1622368272659,1622368217056,525410
1,243,1605774977577,1361009703234,6510913
1,2430,1616871589017,1616783617542,266852
1,2431,1582677581604,1,441044
1,2432,1653150866175,1363171201399,774043
1,2433,1650229189501,1,1447771
1,2434,1523413422363,1371343279486,2493071
1,2435,1673727292077,1315615385694,4406453
1,2436,1647618669093,1283016271301,23579758
1,2437,1671558622869,1586638935553,1297740
1,2438,1600287967000,1600287936531,2761692
1,2439,1678659545028,12705,202813
1,244,1689254504685,1555615216139,307836
1,2440,1612633647007,1612633438127,1889470
1,2441,1362083437885,1300942030938,2120287
1,2442,1611187158540,1295627686891,1980937
1,2443,1596625664910,1470189559055,541236
1,2444,1675124515991,1232083859199,2050993
1,2445,1678851230476,1556033746227,262531
1,2446,1642998283376,1401311491664,388651
1,2447,1637206131000,1539778316537,304091
1,2448,1623727555149,1,16356485
1,2449,1549751513243,1549750844102,219365
1,245,1658499976400,1510822525137,590692
1,2450,1624142956545,1495898593729,3055581
1,2451,1693389024309,1548157670538,259797
1,2452,1642105789407,1589674973835,9103825
1,2453,1616440616381,1616440596520,207761
1,2454,1669160391048,1349477488698,3204710
1,2455,1614978665150,1614978649898,233171
1,2456,1633006057719,1368292036119,1145548
1,2457,1631866808866,1316882939868,1364401
1,2458,1654179296063,1389086972995,174852
1,2459,1394333580351,1211305353528,583468
1,246,1413392087728,1265061266990,2857466
1,2460,1624467436917,1596640640568,336591
1,2461,1629908068814,1629907076698,314709
1,2462,1623724536261,1619422294906,335494
1,2463,1605623610434,1439728329732,2674112
1,2464,1611285445454,1500649146318,931489
1,2465,1613528566523,1613527774356,967037
1,2466,1592620046409,1592620036252,1244092
1,2467,1657628900400,1657020952890,1587024
1,2468,1612846503670,1349477488697,866199
1,2469,1229042508223,1185996957304,19773247
1,247,1690807380000,1564558237711,850082
1,2470,1564975561839,1321299141647,15306286
1,2471,1661815773382,1389044065403,417729
1,2472,1657119664585,1,529456
1,2473,1497823129185,1497261784553,351256
1,2474,1629398454523,1629395907273,572853
1,2475,1613420033534,1453905444518,492325
1,2476,1692256195196,1393817670651,418989
1,2477,1637124176604,1185996957304,6365889
1,2478,1693822100344,1342701089613,16093539
1,2479,1674942563207,1349477488771,7120043
1,248,1578332417206,1314023405991,11632450
1,2480,1369125565256,1185996957304,829372
1,2481,1519337137123,1267679370216,2607284
1,2482,1374331828841,1374282807224,904027
1,2483,1613962030959,1613957740421,3970935
1,2484,1557856320703,1392952448826,1772420
1,2485,1655924738101,1483281226411,809314
1,2486,1630091670446,1349477488942,8049249
1,2487,1605897228646,1605896228746,339065
1,2488,1614009715975,1605374228476,3058737
1,2489,1626203520731,1365396512429,11738719
1,249,1566241066959,1566239992594,658792
1,2490,1672670636656,1507825649311,2132545
1,2491,1586424021234,1253683383563,7066355
1,2492,1536717203994,1308868286120,398354
1,2493,1638316364504,1349477488732,4729039
1,2494,1622634535191,1306463892572,1263694
1,2495,1670178800228,1363171201399,835888
1,2496,1627005038187,1368292036119,19001926
1,2497,1583327134110,1583239748484,2723656
1,2498,1523774704245,1185996957304,20000730
1,2499,1625766345399,1460306546324,289231
1,25,1608956541938,1257684463453,5348074
1,250,1631921739339,1631910299903,1376613
1,2500,1656334691954,1529713996565,331773
1,2501,1585802577228,1279796071655,10088029
1,2502,1361740126307,1359047250267,982232
1,2503,1632149043109,1349477491085,2131970
1,2504,1647365854950,1449949041737,345265
1,2505,1639051024649,1402407874195,1132736
1,2506,1571988109943,1439728329732,11073202
1,2507,1631026266996,1631016425138,397554
1,2508,1380998991633,1312834608725,1472632
1,2509,1595081058606,1,656957
1,251,1644166084624,1,1937638
1,2510,1669327872420,1466449205501,1195648
1,2511,1676148537162,1368292340870,6641409
1,2512,1476921855358,1352412821998,2642112
1,2513,1667490415209,1349477491034,3480608
1,2514,1561337460644,1339252520768,6398799
1,2515,1636418699473,1321299141461,27266454
1,2516,1625106304086,1245641480890,1059483
1,2517,1604678367023,1483385433340,4854008
1,2518,1662242675526,1469786219743,1945163
1,2519,1634872307638,1349477489453,6123617
1,252,1688899191964,1356396068311,457859
1,2520,1699662551806,1382060716753,1052769
1,2521,1620246298124,1593021061330,402741
1,2522,1563797206952,1563795981194,2298592
1,2523,1534251385674,1519950479294,7176084
1,2524,1652046061995,1214225650015,258479
1,2525,1547221566927,1296169988801,979840
1,2526,1552137203438,1402456305835,610241
1,2527,1630948181714,1,5373470
1,2528,1637835486473,1581952792247,1183359
1,2529,1621892112931,1368292036119,5428759
1,253,1527165252909,1253683383517,8015324
1,2530,1470900558283,1431903273605,911960
1,2531,1687973232325,1655725840781,436569
1,2532,1624184250326,1624086599024,203289
1,2533,1662749789518,1472426358208,2025223
1,2534,1693053204602,1397412925577,221385
1,2535,1601083100174,1600906445333,236420
1,2536,1597152157122,1349477488945,9511850
1,2537,1646139031014,1551210070726,1922272
1,2538,1677003642000,1368292036119,374613
1,2539,1668381608908,1535224314318,709566
1,254,1578003918092,1452882454803,1283497
1,2540,1630864134130,1630861957697,454131
1,2541,1676498259317,1276468218515,1154429
1,2542,1666192992167,1368292036119,5094021
1,2543,1676468577745,12707,418949
1,2544,1529379654963,1480454157525,745402
1,2545,1633117580384,21,513871
1,2546,1533243985508,1533235390023,184728
1,2547,1555336738848,1555333389089,526879
1,2548,1690392126000,1389609588249,416950
1,2549,1524500067549,1324036284409,1505882
1,255,1614052419963,1614052182177,203546
1,2550,1684079264753,1392952448826,758863
1,2551,1689699360807,1379541217689,1915818
1,2552,1631737508172,1413859711864,8588814
1,2553,1622016804770,1362691767850,1212630
1,2554,1610805236533,1321814180155,3387061
1,2555,1630695319490,1349477489545,4520003
1,2556,1617912875109,1617911518812,1765732
1,2557,1632424968569,1632396586754,867886
1,2558,1366994391864,1366737460713,1618512
1,2559,1576581309818,1493155870306,536521
1,256,1562172848664,1562170326337,325990
1,2560,1660726210417,1332782303694,685257
1,2561,1626270025101,1487312040861,514948
1,2562,1643906870524,1555311830199,1847210
1,2563,1425993478151,1425106476528,863551
1,2564,1672351993427,1379541049761,359729
1,2565,1547743258901,1538651572964,4084790
1,2566,1613131230380,1295021184564,906440
1,2567,1585010185970,1339252520797,4238462
1,2568,1639431617442,1508016764255,1070802
1,2569,1597254945828,1597250479193,879259
1,257,1684789693983,1349477488753,1377528
1,2570,1634398449983,1608701320417,322101
1,2571,1416899338456,1358388308437,1006041
1,2572,1615784319300,1615737799176,399123
1,2573,1689018466367,1462206100258,1426545
1,2574,1611745085613,1521877367732,676455
1,2575,1646336688133,1621272290655,562251
1,2576,1665301004212,1230430322217,1710333
1,2577,1523283564238,1331102569886,5670678
1,2578,1686072977041,1368292627098,626512
1,2579,1681562337086,1681560218510,194029
1,258,1617993036125,1348705063714,538717
1,2580,1581347971404,1368292036119,19736506
1,2581,1567129494685,1419644220831,238949
1,2582,1623357711186,1623357044641,338173
1,2583,1606799110629,1243233422600,1189146
1,2584,1594240248157,1594239850338,635445
1,2585,1615712993672,1251850005715,2262122
1,2586,1425252893703,1365812897822,753426
1,2587,1408014425736,1237374327468,9190881
1,2588,1608172336973,1607190650083,1679606
1,2589,1677089545515,1364658035483,1579901
1,259,1672606289160,1419359509035,388073
1,2590,1684853176970,1253683383517,872775
1,2591,1594863693741,1562864962352,426756
1,2592,1663258754000,1413859711864,3924731
1,2593,1665412536375,1363171201399,510324
1,2594,1690959907003,1601739571294,448027
1,2595,1692350451458,1692350428560,323400
1,2596,1610157268143,1269722041469,3916020
1,2597,1600516692000,1600067041852,442382
1,2598,1617082338256,1512241324453,525714
1,2599,1670528699552,1368567816161,1291178
1,26,1432656318658,1308152705643,1785809
1,260,1633202767232,1513375654292,495086
1,2600,1609799367977,1332782303694,10269267
1,2601,1615821385467,1395449370853,5770986
1,2602,1620039172584,1296169988801,663509
1,2603,1635539190042,1529919255246,1904647
1,2604,1696261913748,1332782303694,1695231
1,2605,1563046980994,1331102569886,705869
1,2606,1547626060536,1465339197003,586195
1,2607,1662132135306,1368292036119,2279182
1,2608,1623158680300,1421243466453,1772813
1,2609,1688148692022,1462140542732,295072
1,261,1613946068723,1368292036119,25650599
1,2610,1630352555894,1630352438696,2696157
1,2611,1576355475535,1576353997909,453327
1,2612,1678750700398,1678750446258,856674
1,2613,1689261521456,1629207252357,2319048
1,2614,1684412558095,1594309389916,494674
1,2615,1652374174000,1368292036119,928787
1,2616,1630959332011,1630951586088,579166
1,2617,1538348996127,1505724341946,1237021
1,2618,1489886254296,1459382511173,1118896
1,2619,1624801410825,1624789186166,635922
1,262,1681364911105,1339252520768,2923073
1,2620,1664067455000,1413859711864,505530
1,2621,1631609016881,1457658817970,240179
1,2622,1631819247550,1361649348621,716339
1,2623,1554113384768,1438782897619,9247772
1,2624,1639564861934,1363171201399,2202628
1,2625,1634569725661,1630655471435,578153
1,2626,1652470562437,1356396068911,15127416
1,2627,1651959385615,1604420626776,274565
1,2628,1534692246165,1534692218939,1896845
1,2629,1606679577400,1602922234216,1105240
1,263,1695668535971,1604818316786,440471
1,2630,1655767171760,1349477488892,18814762
1,2631,1693136913422,1550311359027,7898394
1,2632,1631129972475,1631122685445,338811
1,2633,1682161364000,1682161357113,224010
1,2634,1683147624792,1248092275334,335521
1,2635,1637597921885,1462206100258,352299
1,2636,1284971354467,1284888118482,8326715
1,2637,1664049647773,1311444060016,34044665
1,2638,1693804836067,1368292036119,935197
1,2639,1592030401086,1592030370054,372643
1,264,1631517227479,1631453272460,690161
1,2640,1462491986495,1414222097996,934947
1,2641,1675981175415,1501814060829,683953
1,2642,1609908124045,1,781749
1,2643,1652029949128,1479418057697,1442687
1,2644,1630430037728,1630430011776,830300
1,2645,1681481402272,1335782638416,318061
1,2646,1671317462714,1,11027876
1,2647,1692369830135,1584886455264,240437
1,2648,1691419933779,927,3015663
1,2649,1622669344252,1282187116054,786749
1,265,1635448939300,1321814180155,2197285
1,2650,1631831270325,1631561950958,1869576
1,2651,1545486757647,1426093915516,4655446
1,2652,1699552770000,1512505727288,668575
1,2653,1689544300255,1368292036119,222807
1,2654,1479411297954,1255653553364,2613222
1,2655,1631102458038,1631048991000,893298
1,2656,1674862755000,1349477488785,541078
1,2657,1630675371946,1630615323731,1963493
1,2658,1425797507838,1425146953292,586099
1,2659,1619381402928,1619381381620,5100269
1,266,1669562707819,1458784358163,290640
1,2660,1580303273403,1359758131307,964726
1,2661,1512514246204,1512510962998,2589185
1,2662,1679874421618,1679702089329,686167
1,2663,1410804001861,1344109668542,229411
1,2664,1682019820947,1264921853611,5514373
1,2665,1618723015214,1296169988801,3257810
1,2666,1664027969440,1394240357489,464799
1,2667,1634805920240,1368292036119,1791523
1,2668,1658084922403,1306463892572,1519588
1,2669,1619867462925,1619862861588,245922
1,267,1650794556140,1300624516011,2323596
1,2670,1636508980446,1546331104893,989996
1,2671,1685628959186,1349477488697,4214848
1,2672,1676275314842,1368292036119,6911829
1,2673,1679297287760,1368292251847,21727766
1,2674,1614874892974,1614874865747,171150
1,2675,1615244782453,1615243927111,413709
1,2676,1532035384607,1459381160365,6866236
1,2677,1692433143430,1253683383517,2317749
1,2678,1677168740929,1402706128289,1828834
1,2679,1695991956472,1597319537339,243733
1,268,1350591637765,1242989995223,10963382
1,2680,1512433191700,1333726380517,1218706
1,2681,1637206546229,1265294000221,962756
1,2682,1522032888106,1339252520768,3105628
1,2683,1447884924885,1447883954682,1266983
1,2684,1662868261461,1501948771819,3133767
1,2685,1500071004972,1499903970472,2756245
1,2686,1686378366764,1537997902175,231668
1,2687,1551925204602,1551925087725,1361708
1,2688,1564333946901,1564329639073,905464
1,2689,1665868568011,1368567816161,457544
1,269,1639092105774,1365293606461,1107119
1,2690,1650972150454,1366565520438,1523522
1,2691,1655230995655,1363171201399,921604
1,2692,1641781559455,1368292036119,972824
1,2693,1681646817674,1468192160687,294665
1,2694,1613581470171,1483388826275,4661378
1,2695,1580620854948,1296656131056,3115652
1,2696,1627179632298,1484575372336,1787207
1,2697,1612640467744,1612640258237,1999303
1,2698,1613890621983,1613889843422,2359419
1,2699,1640601732657,6,1202570
1,27,1525929936589,1185996957304,9349897
1,270,1643722082000,1578602731762,186475
1,2700,1629727614045,1629666942053,603109
1,2701,1651952495583,1368292251847,12095132
1,2702,1614715833668,1508447788474,332114
1,2703,1543609398115,1542297686906,871749
1,2704,1635981014698,1368292036119,5549622
1,2705,1691376870293,1517934711572,3414150
1,2706,1687081135000,1432533266473,262348
1,2707,1700596669916,1468605710544,1844976
1,2708,1581649273971,1581176389259,539313
1,2709,1651954950783,1339252520945,16196046
1,271,1452607477983,1452607420985,593842
1,2710,1674690515793,1273439686875,230595
1,2711,1700465585478,1582129257592,223644
1,2712,1641638773846,1548495604663,373887
1,2713,1631059012225,1325902101971,2996025
1,2714,1652384139000,1288463827711,535821
1,2715,1670357172000,1385335632993,906987
1,2716,1602972234742,1602971075588,1546018
1,2717,1617533025991,1600793444689,443464
1,2718,1675291670194,1628024328065,2335883
1,2719,1485799679809,1327658491495,715661
1,272,1575481391087,1481804175275,2971034
1,2720,1632987775002,1281408947636,495751
1,2721,1661734793791,1368292503902,1244214
1,2722,1604613122411,1550892272173,1731674
1,2723,1582738232029,1231660296597,4244027
1,2724,1632509629831,1632506833148,202859
1,2725,1607815310860,1352629153824,259732
1,2726,1488373142648,1414222097982,360345
1,2727,1663437220090,1363714628139,2713348
1,2728,1624120691638,1474475192128,1559376
1,2729,1661835329032,1382843668587,268481
1,273,1693885864068,1394240357489,396194
1,2730,1655992747559,1346155950661,353808
1,2731,1585864543565,1502068971745,282846
1,2732,1585640416687,1331565515953,700663
1,2733,1606750400151,1606747773547,612978
1,2734,1628343884157,1628298702837,303453
1,2735,1613514297536,1613512341268,1090516
1,2736,1642010650966,1642010460848,2728551
1,2737,1617809283794,1617292239736,244533
1,2738,1678205795508,1678195030902,461392
1,2739,1700056515384,1471558771648,4447917
1,274,1609540756559,1,22029255
1,2740,1597244477865,1365293606461,3547595
1,2741,1602836067712,1602835615576,533563
1,2742,1685716241811,1606572280197,324460
1,2743,1483970373439,1331499531042,1296126
1,2744,1653924916362,1496795670131,248177
1,2745,1637182884763,1368292036119,7934529
1,2746,1357655825015,1357654336906,1145403
1,2747,1630250722856,1288463827711,922340
1,2748,1637879929890,1,5269885
1,2749,1607253180810,1607177687971,410794
1,275,1640917503919,1296169988801,940606
1,2750,1679884887292,1403140946088,598893
1,2751,1622212790101,1622212680238,405392
1,2752,1700370620911,1448327011052,332330
1,2753,1517842382129,1238384579239,2444932
1,2754,1616627128511,1472662123104,1290095
1,2755,1491784605902,1491425375422,592558
1,2756,1396434423987,1353561419573,3625817
1,2757,1677437436772,1677434241459,426356
1,2758,1614240428351,1614240094151,531383
1,2759,1613562946537,1473014117554,7994888
1,276,1672985756509,1549996080758,224229
1,2760,1574254120684,1353927520710,2071562
1,2761,1656101944829,1368292036119,4301657
1,2762,1603547954332,1603547936197,383071
1,2763,1370477719738,1369802662880,622092
1,2764,1558249354593,1558247892082,320457
1,2765,1621911280135,1621911215339,659843
1,2766,1685674221740,1382060716753,2591322
1,2767,1636008127636,1463150210262,294240
1,2768,1538084692026,1444472598942,650182
1,2769,1619423142749,1238859586109,18803390
1,277,1685212236425,1488810258208,410934
1,2770,1647885263907,1253683383517,2010129
1,2771,1663603919195,1389086972995,2201501
1,2772,1663206379727,1500442264666,614032
1,2773,1698315553000,1539707602105,571372
1,2774,1665285550207,1382060716753,285085
1,2775,1623610985168,1623538876189,413175
1,2776,1695828302564,1294837772269,6702792
1,2777,1593090694426,1497484861934,5852740
1,2778,1691463571242,1394240440674,715284
1,2779,1652902397929,1368292036119,5087288
1,278,1696600174777,1396805772357,308007
1,2780,1573454180483,1349477488732,1589920
1,2781,1594835022222,1363172489541,1267570
1,2782,1457372196893,1457371901223,5310999
1,2783,1573951682743,1506380825356,815454
1,2784,1698736028462,1585569579629,181046
1,2785,1679000231680,1678998975909,493057
1,2786,1630665387014,1630664294334,1793150
1,2787,1400521147580,1211305943527,241737
1,2788,1629374475454,1629372711956,212397
1,2789,1677354150148,1475690805189,1066410
1,279,1593990705547,1593990324156,410850
1,2790,1640784305642,1533350605846,188683
1,2791,1616446149507,1616094745182,370760
1,2792,1585669974801,1514388496005,3363488
1,2793,1606412848824,1436157728737,3423337
1,2794,1647345200569,1378920954062,293578
1,2795,1617847981840,1617587357979,687569
1,2796,1631656276232,1321299142075,328665
1,2797,1630535300216,1629705584748,298951
1,2798,1633147873115,1363174639208,1006572
1,2799,1441170463685,1246480913690,2370599
1,28,1574082361086,1574081580889,329351
1,280,1357655825015,1357654336906,3394570
1,2800,1468981637107,1379541049761,249442
1,2801,1688102656633,1419359509035,265402
1,2802,1694921867739,1368292036119,16702505
1,2803,1627957028097,1474503781315,2727081
1,2804,1627249744071,1368292340870,216452
1,2805,1627111338561,1349477488697,1970672
1,2806,1629068509991,1332782303694,1557019
1,2807,1636877611146,1467852651990,459611
1,2808,1650127016698,1552077304472,618194
1,2809,1458764845163,1458750577833,605518
1,281,1637740160126,1349477488697,3684256
1,2810,1566060795884,1566059811550,805253
1,2811,1631538095705,1453382263645,243072
1,2812,1630704615845,1626427669820,178523
1,2813,1571988109943,1439728329732,19243213
1,2814,1594331759174,1262012149640,3048934
1,2815,1600874265679,1349477488698,18269537
1,2816,1680540293323,1487511938677,341865
1,2817,1575411600744,1367317475414,1467556
1,2818,1630685231891,1630685205852,3436509
1,2819,1608631369736,1608631045294,1444072
1,282,1552137203438,1402456305835,1177241
1,2820,1333398341063,1332782303694,647548
1,2821,1608130176699,1608129555269,360291
1,2822,1671691370247,1574863786378,2102920
1,2823,1632282509319,1632282480812,1141540
1,2824,1672836833316,1447190450429,432719
1,2825,1679141172776,1419802905626,315089
1,2826,1685525960000,126,194049
1,2827,1612269641939,1612269630570,480278
1,2828,1619954103493,1619897257422,1771778
1,2829,1618341816042,1365293606461,17774337
1,283,1213509504625,1212220037125,901790
1,2830,1614902890626,1304624288820,2933254
1,2831,1670123359891,1368292036119,5390068
1,2832,1680719772436,1477948185766,2290682
1,2833,1580135384990,1580133787826,455916
1,2834,1680100856900,1368292036119,4854375
1,2835,1595430864253,1595430336956,520753
1,2836,1627408705717,1344269255654,6503520
1,2837,1327257506743,1255653553364,1207135
1,2838,1666493550544,1597319537339,328381
1,2839,1659797002264,1402457591423,5326920
1,284,1637788513495,1352570420990,1174286
1,2840,1631152443350,1296173419495,577211
1,2841,1613428778213,1349477488697,14536821
1,2842,1647896693782,1410900351454,1811933
1,2843,1472074625858,1265293361451,2765314
1,2844,1649644431076,1468570116035,2813186
1,2845,1628489147563,1512314679070,2372123
1,2846,1672856900111,1382060716753,2384915
1,2847,1443511213000,1443506411509,3043073
1,2848,1637742644614,1487274788145,1215944
1,2849,1681469581885,1389310387806,205248
1,285,1565866290821,1242787540527,3934234
1,2850,1630493572115,1389609484811,309657
1,2851,1693500894197,1477680510743,1085213
1,2852,1670334269843,1402175764376,1512258
1,2853,1349348504307,1345491599320,4407710
1,2854,1630322676176,1630317599812,414064
1,2855,1616176654870,1,9411405
1,2856,1604408710905,1604408698069,2115153
1,2857,1678749587634,1253683383517,507567
1,2858,1634658648592,1538192583164,1935887
1,2859,1699945345913,1665076086028,377196
1,286,1603745958921,1602937230187,2546842
1,2860,1672314365404,1350913244155,322316
1,2861,1620867906644,1620867209098,858749
1,2862,1603742270708,1408876212998,1434837
1,2863,1673379974784,1394240357489,327955
1,2864,1641322774784,1611365260183,6773847
1,2865,1610118351693,1508180940790,10091800
1,2866,1607044714167,1296169988801,883596
1,2867,1634065604019,1471011684912,235020
1,2868,1672908250807,1394240357489,719259
1,2869,1644359739917,1519723313449,1164562
1,287,1659620484719,1433399663045,4594918
1,2870,1624057672263,1624057659313,573418
1,2871,1626572576387,1362382262428,6015322
1,2872,1673903590928,1673897256373,2131554
1,2873,1617792312607,1,943827
1,2874,1671542471982,1546536898404,742350
1,2875,1615639712657,1615639645334,810123
1,2876,1678544937225,1602783436455,190374
1,2877,1607549386237,1607547361854,1369402
1,2878,1631255682091,1339252520768,2739973
1,2879,1686081674753,1382060716753,353670
1,288,1633688954444,1630448329714,326631
1,2880,1621089638094,1333862791707,1086608
1,2881,1664027684823,1416346316579,889499
1,2882,1693932813000,1376248073552,800823
1,2883,1580751542578,1387705066155,699898
1,2884,1630581227494,1248388001058,1030445
1,2885,1652826493917,1416346316579,551968
1,2886,1678841691843,1368292036119,181307
1,2887,1644623252422,1549775725919,497361
1,2888,1629402912787,1349477488942,9493712
1,2889,1631270008030,1631269995415,736196
1,289,1285759444016,1185996957304,6133449
1,2890,1580090701579,1580090498127,249329
1,2891,1666624296254,1349477488697,274621
1,2892,1594910286418,1389706243059,237871
1,2893,1675952449954,1383425532189,1216600
1,2894,1489094740947,1489090661929,3121981
1,2895,1416899338456,1358388308437,3169157
1,2896,1409233991981,1317255626543,8418590
1,2897,1652027060000,1,955528
1,2898,1682169912778,1490358968058,6180636
1,2899,1631366979192,1,633970
1,29,1434981596241,1312838452072,3848108
1,290,1631737698116,1441261122440,3436069
1,2900,1551586375028,1459381160365,3610474
1,2901,1571988109943,1439728329732,9049428
1,2902,1604969769056,1604969715001,4283485
1,2903,1660573555000,1341386344459,530863
1,2904,1581101314814,1581101283003,252796
1,2905,1640161928078,1615553242934,835002
1,2906,1415026167912,1415025553084,718535
1,2907,1622817701221,1622817685261,1584957
1,2908,1491943546382,1491909374817,2557301
1,2909,1630036437678,1421203484101,288593
1,291,1638822321613,1603570629242,848017
1,2910,1630687608717,1214225650015,3396093
1,2911,1565181075300,1389610186455,576391
1,2912,1489906161143,1489490915435,1146658
1,2913,1625228759101,1321299133411,2744322
1,2914,1698083146993,1368292036119,15112298
1,2915,1645616167396,1551626488209,239340
1,2916,1640443950852,1349477489894,659128
1,2917,1600621997712,1479242579780,2402249
1,2918,1590758841985,1590758780312,1567146
1,2919,1664692908732,1301258311641,281006
1,292,1608245941915,1605781431003,692149
1,2920,1563502214197,1368292036119,661072
1,2921,1652222335748,1365293606461,2749965
1,2922,1693668621152,1349477489408,8393111
1,2923,1559660237200,1559660160916,2008126
1,2924,1463801890267,1345491599320,8118299
1,2925,1683671140959,1368292036119,1669993
1,2926,1595532455364,1595472749066,787368
1,2927,1675633260532,1525691282228,1203496
1,2928,1622016614671,1539602810282,303145
1,2929,1695421076908,1402176519004,1264878
1,293,1630464857967,1630464160135,954089
1,2930,1632069703870,1632065348756,1074670
1,2931,1283828334384,1185996957304,2714901
1,2932,1630953820247,1630947743316,783668
1,2933,1663091855964,1361829924984,429135
1,2934,1613511954454,1,277100
1,2935,1438239143733,1438238657945,17351731
1,2936,1671068909797,1335782638416,775599
1,2937,1540747066108,1413614786758,4981771
1,2938,1682417108000,1230430706276,533313
1,2939,1604074646657,1419359509035,466174
1,294,1636670631006,1404247845088,2162706
1,2940,1668208533395,1335782638416,1435330
1,2941,1631976748978,1631976608436,2096934
1,2942,1570588811888,1468896951427,275612
1,2943,1637311872675,1402795071295,3436891
1,2944,1662222069292,1368292123572,2916709
1,2945,1664041444200,1253683383517,458071
1,2946,1554392865874,1358293484658,427918
1,2947,1656436778952,1382060716753,8922091
1,2948,1542079296949,1326691238718,5890943
1,2949,1693753795000,1264921853611,625291
1,295,1695795094748,1583385558132,202446
1,2950,1642807735322,1289595415460,2478806
1,2951,1643970664978,1546536898404,1081068
1,2952,1631044566883,1631044532457,765423
1,2953,1636448131851,1321299141683,2460727
1,2954,1617664625468,1617664586013,420745
1,2955,1554635832904,1522650914080,657612
1,2956,1330752221658,1185996957304,715337
1,2957,1669558737871,1403469588535,524776
1,2958,1544029353790,1544029094501,778869
1,2959,1576138590103,1280562506188,1001729
1,296,1588849637049,1479242579780,1051589
1,2960,1631148231745,1559185463337,6043614
1,2961,1671764582811,1671764499997,1236290
1,2962,1571251535816,1303668592644,6140612
1,2963,1634771844661,1634770099362,242219
1,2964,1633776224318,1344109668542,3360099
1,2965,1580865401201,1575852409922,2002305
1,2966,1429252543523,1429247263048,1592529
1,2967,1553104009889,1552975181160,3778010
1,2968,1629990731600,1378009796367,257711
1,2969,1531862682424,1474564922926,407564
1,297,1552953442547,1552927270061,1295757
1,2970,1664282669801,1570952938136,4982402
1,2971,1615297599560,1321814180155,4765841
1,2972,1652964287153,1399657069078,331774
1,2973,1619860119255,1369629218547,326818
1,2974,1631030221080,1611348759826,5128650
1,2975,1640989522965,1404247845083,448600
1,2976,1617745263557,1485351451929,745413
1,2977,1523921353695,1242193596067,14534323
1,2978,1428377179542,1253683383517,3736095
1,2979,1481656898214,1254215397031,485196
1,298,1637178177916,1230438203056,2241469
1,2980,1657023261044,1516168071654,1307236
1,2981,1657117459118,1657117444211,884126
1,2982,1631468258547,1631467481481,277686
1,2983,1592750394293,1592749735777,574607
1,2984,1622554291253,1622552635918,960505
1,2985,1565912522804,1565912497767,10368065
1,2986,1642481284551,1402176473551,564079
1,2987,1689296332539,1462206100258,2130168
1,2988,1661971147397,1313249929354,1905030
1,2989,1602597589487,1602597495549,1498206
1,299,1631549282482,1453401852727,1095604
1,2990,1381687762941,1248091579005,2050101
1,2991,1669651598341,1287867057355,1356337
1,2992,1691545581617,1463081611090,1176140
1,2993,1671084256655,1459381160365,4655058
1,2994,1595642584521,1339252520768,2783496
1,2995,1657138282073,1363171382760,3942973
1,2996,1670878121020,1402352742263,3589593
1,2997,1604712661654,1457210872904,4803880
1,2998,1636425198778,1349477488697,2846738
1,2999,1479239247902,1479239027185,2675191
1,3,1631950544142,1630747131487,303891
1,30,1570134123904,1552818477337,1185831
1,300,1643865722149,1643249108921,432176
1,3000,1573719865202,1314276066914,2927756
1,3001,1631036930936,1630424224416,546365
1,3002,1593271927263,1431186013784,1175020
1,3003,1597834697659,1,2028736
1,3004,1643366922264,1368292340870,621937
1,3005,1638984453553,1253683383517,933851
1,3006,1630847686981,1,244942
1,3007,1687077011008,1382060716753,1808840
1,3008,1688882698849,1211305353528,806384
1,3009,1410289617162,1243471197080,4251095
1,301,1670091449471,1368292036119,5319885
1,3010,1635624201574,1537135582175,644823
1,3011,1614348592588,1614348423630,226918
1,3012,1686503458000,1296169988801,1831471
1,3013,1662729162000,1368292251847,1719087
1,3014,1580378188162,1,4311940
1,3015,1553177184173,1414449682913,1395752
1,3016,1629057730659,1368292036119,21499014
1,3017,1486361671104,1267679370216,1008401
1,3018,1685707915503,1413859711864,321548
1,3019,1664922674724,1382060716753,2552949
1,302,1632336397860,1423905622619,1385675
1,3020,1641931598824,1412347589490,442251
1,3021,1660138275444,1498382821499,511488
1,3022,1635185435082,1470423348521,492605
1,3023,1636432765882,1,1099363
1,3024,1631629212159,1471065579456,3690464
1,3025,1576483015299,1,253434
1,3026,1623213626905,1339252520788,958640
1,3027,1634103773463,1379541049761,12762287
1,3028,1630836343617,1630834953738,663235
1,3029,1570571520116,1446679824144,819070
1,303,1668197855497,1342581270955,1494911
1,3030,1632285230338,1632061818087,1406593
1,3031,1365741422101,1302668030391,3791024
1,3032,1620555456796,1556384731398,611041
1,3033,1563304317027,1349477488697,11686615
1,3034,1655729228941,1,389165
1,3035,1650042307089,1349477488879,3025400
1,3036,1622596473672,1185996957304,1531016
1,3037,1604504261478,1,6358644
1,3038,1569175194353,1402175764376,2216439
1,3039,1593300832239,1322780692343,2216734
1,304,1609188151393,1608693834360,1598641
1,3040,1700276441842,1484617682443,5454845
1,3041,1615866752915,1615768672887,185235
1,3042,1581867253878,1375849533999,13751268
1,3043,1637083414931,1382060751525,758243
1,3044,1390305708894,1255653553364,6903365
1,3045,1607186532715,1607186094280,241263
1,3046,1383629413423,1382842110225,546896
1,3047,1381045306270,1380849587468,215851
1,3048,1632439253234,1339252520768,2860883
1,3049,1698954073000,1601549295070,1805773
1,305,1409757528969,1258078762605,2339065
1,3050,1671208173303,1671189489089,503241
1,3051,1402581066106,1388182393444,1733862
1,3052,1666517125000,1516104576501,1422165
1,3053,1696276535663,1347279467435,3613050
1,3054,1450722419879,1422179036547,927660
1,3055,1620917059955,1294309195030,1453838
1,3056,1688073830889,1339252520768,429399
1,3057,1694043935495,1349477488942,557443
1,3058,1613397336448,1613396663594,197993
1,3059,1651696574975,1531737772128,638014
1,306,1642517220522,1642436228195,2176148
1,3060,1622584822984,1571253097229,3052245
1,3061,1609680578258,1,7643196
1,3062,1650289888504,1346589241134,446040
1,3063,1646354302696,1349477488697,9102036
1,3064,1693150579941,1463529453057,430014
1,3065,1653432186866,1321299133539,1514045
1,3066,1579143990684,1,11015525
1,3067,1564777929865,1414113196913,4821933
1,3068,1271209349488,1270983106584,22220000
1,3069,1579103870071,1459703715966,906134
1,307,1670905539590,1230430322217,5357859
1,3070,1626450661572,1625836854380,297355
1,3071,1506005218267,1358054986021,1573206
1,3072,1474523315024,1389765498670,803563
1,3073,1677677673320,1389609484811,15366768
1,3074,1617067184951,1296169988801,1091264
1,3075,1643173067808,1611586802627,611904
1,3076,1606902734659,1606729418831,341246
1,3077,1638733352503,1363171201399,3522610
1,3078,1622980759453,1,3249931
1,3079,1542315985325,1211307217539,17653042
1,308,1511553260981,1264961836967,1357356
1,3080,1635379651460,1368292036119,3330315
1,3081,1633855923005,1473050444627,778876
1,3082,1685106067865,1571874303407,312897
1,3083,1647230107376,1647145894930,4055431
1,3084,1684965563000,1479242579780,737438
1,3085,1436040236008,1237154120468,1647585
1,3086,1617838498022,1335782638416,2695735
1,3087,1617616439637,1583598338808,268873
1,3088,1610903720582,1408991135112,2648844
1,3089,1628892814915,1628892784788,498322
1,309,1587009118613,1465693758840,1391911
1,3090,1688144705948,1394063246949,2406805
1,3091,1631847631212,1631847602320,994521
1,3092,1622705346872,1531827780947,2240652
1,3093,1616425335901,1616319080038,516213
1,3094,1579034287579,1579033637445,185529
1,3095,1597493396224,1344956712783,559196
1,3096,1626947596869,21,330269
1,3097,1606275206049,1606275188656,1370639
1,3098,1602439731718,1341260369533,11796983
1,3099,1617965811777,1617965762926,288034
1,31,1611487151447,1611481112557,891680
1,310,1595836570905,1349477488732,2871082
1,3100,1568160211824,1321299141683,10016489
1,3101,1603714452002,1,2653640
1,3102,1683278235791,1683277546315,458961
1,3103,1632030716828,1631779694956,2620305
1,3104,1666966032045,1518104261850,316077
1,3105,1624283737640,1624202989371,942461
1,3106,1612363304212,1611976637792,1013450
1,3107,1626110333385,1368292036119,1627339
1,3108,1564577893095,1296170163831,2726796
1,3109,1648246386524,1368292036119,11791365
1,311,1520701556501,1253683383517,580749
1,3110,1688590970076,1462140542732,1172525
1,3111,1597444625106,1296169988801,222054
1,3112,1586590076593,1468894700940,883906
1,3113,1484001331601,1484001298517,2824298
1,3114,1609336720108,1609187863678,1141555
1,3115,1643900781857,1413655104034,1901986
1,3116,1413421917036,1243471197080,843495
1,3117,1536431597078,1377888799046,12180177
1,3118,1621853320036,1321814180155,283220
1,3119,1612879150280,1612878745232,489197
1,312,1631040190220,1349477488798,6925006
1,3120,1624155903102,1624114523820,6942750
1,3121,1673477844566,1385335604609,11304199
1,3122,1611426712951,1349477489057,18235105
1,3123,1681261908697,1463150210262,2803290
1,3124,1644242099481,1438015512588,237669
1,3125,1660641560380,1448934763582,3455267
1,3126,1692234065842,1349477491151,1705603
1,3127,1361740126307,1359047250267,1695418
1,3128,1674837346760,1349477488803,5342898
1,3129,1608613689316,1560877701943,264457
1,313,1579368570351,1579366692780,643484
1,3130,1416899338456,1358388308437,5838520
1,3131,1676690502563,1389086972995,8556167
1,3132,1578868939908,1304288899547,2992927
1,3133,1636295138988,1269722041469,1805095
1,3134,1639087647945,1382060716753,17133174
1,3135,1555344954715,1555344939466,794040
1,3136,1700004433765,1621848199902,251327
1,3137,1492831969946,1481332434539,389861
1,3138,1604500870058,1604500680067,856037
1,3139,1698620716251,1369236442009,3806937
1,314,1681800961000,1321299141461,1243265
1,3140,1357655825015,1357654336906,997344
1,3141,1694968312732,1349477488732,2154232
1,3142,1628163490132,1238451712609,752636
1,3143,1685975769599,1479242579780,390022
1,3144,1684532332146,1553874394458,2287491
1,3145,1660559069528,1658310675170,340014
1,3146,1624913808911,1368292036119,448213
1,3147,1664448152999,1581665256974,884442
1,3148,1630502916246,1,1676775
1,3149,1647501822182,1339252520768,1008885
1,315,1613398049536,1613396535257,442627
1,3150,1682825092376,1651085841807,230386
1,3151,1610305543859,1324036283353,1093686
1,3152,1553845910000,1535883857000,1129666
1,3153,1630415349544,1535309681663,1709017
1,3154,1540852255005,1540852243026,4267723
1,3155,1505070756303,1505070750381,209888
1,3156,1550887496399,1457772601749,349589
1,3157,1670448000714,1379541049761,334903
1,3158,1587214791041,1587148464473,1237897
1,3159,1594988533393,1594349730007,451696
1,316,1619114032939,1439866961612,1068012
1,3160,1638959267346,1382060716753,10720256
1,3161,1410804001861,1344109668542,5704050
1,3162,1605994040555,1452375209885,619497
1,3163,1542238708096,1469761595637,5354485
1,3164,1673706956629,1243471197080,1907642
1,3165,1610014182229,1487630687672,1881748
1,3166,1632314589462,1632314570186,518056
1,3167,1522140031285,1522139290982,369584
1,3168,1622029969404,1532336457146,316620
1,3169,1523311163730,1331102569886,1259789
1,317,1619457250267,1467682100455,1853875
1,3170,1602601665284,12705,1807222
1,3171,1579270037409,1579268564551,991009
1,3172,1651744187814,1439130117498,3339749
1,3173,1660642961742,1382060716753,438290
1,3174,1606044290648,13186,2169455
1,3175,1636084452922,1636084390045,1325438
1,3176,1632565889618,1288463827711,947933
1,3177,1686686761729,1,2652076
1,3178,1584571204703,1267679370216,8873650
1,3179,1668868775768,1429101618064,515775
1,318,1273036140078,1215547800645,1401073
1,3180,1630883898203,1563998244537,2297670
1,3181,1605293328009,1341329564491,806503
1,3182,1622381848782,1293981228694,2042439
1,3183,1610868945978,1299710813866,20031499
1,3184,1477557768497,1255654022998,4483941
1,3185,1678857057846,1481586498759,632954
1,3186,1670151886516,1365293606461,634538
1,3187,1633481242747,1614262824175,661197
1,3188,1663052978763,1433538501105,541521
1,3189,1685696054620,1349477488697,2519545
1,319,1632578366606,1535632417098,894446
1,3190,1617269076184,1232078990310,602886
1,3191,1638943223813,1384722115287,451081
1,3192,1621976446041,1481408875744,358135
1,3193,1639350003737,1631628789839,626568
1,3194,1681739400306,1366215425059,1152833
1,3195,1649603304340,1649603296175,4268761
1,3196,1695496094931,1400524864560,236885
1,3197,1631625476144,1631625452149,1547369
1,3198,1649440482316,1405722985684,9692431
1,3199,1671988854000,1214225650015,1428806
1,32,1631464581088,1560804753224,791079
1,320,1610932009605,1610896546852,1118338
1,3200,1616224611792,1616191439880,879651
1,3201,1563374576140,1238384535118,2502948
1,3202,1589950978692,1589950951355,706349
1,3203,1588266437003,1339252520768,5696812
1,3204,1625431390850,1563128560880,1844087
1,3205,1655662465127,1340646506928,190013
1,3206,1688496564993,1316056810075,2420676
1,3207,1650921604004,1349477489218,9109149
1,3208,1666255296138,1666255271657,2128699
1,3209,1689817016996,1368292036119,1734740
1,321,1680554491332,1368292123572,4448372
1,3210,1628071645268,1628071629889,201273
1,3211,1630533671068,1459477270028,905601
1,3212,1659316944633,1214225650015,1655213
1,3213,1648709134277,1648706274179,3851407
1,3214,1667167519484,1349477488803,6888997
1,3215,1635696414248,1540629857301,257039
1,3216,1676068562526,1368292036119,17079564
1,3217,1575956806229,1296169988801,1989135
1,3218,1600764551000,1213862588159,1130131
1,3219,1613786607718,1613786412215,476426
1,322,1629323764620,1365293606461,6363421
1,3220,1554834966378,1554834752853,1073934
1,3221,1600110982494,1365293606461,6580499
1,3222,1664459785114,1369931886299,2139571
1,3223,1662979112421,1595087479776,1154860
1,3224,1669840820818,1669840361159,183802
1,3225,1438041958685,1255975203853,2888759
1,3226,1566075172264,1331227910519,469980
1,3227,1693938211528,1524535552837,527090
1,3228,1610957988000,1610952545446,953203
1,3229,1632420546116,1348705063714,589905
1,323,1697680668305,1437776475123,534691
1,3230,1616294186899,1392941096570,1738008
1,3231,1644802102544,1501814060829,385958
1,3232,1652890112954,1368292036119,7290757
1,3233,1631830463612,1631830424218,507636
1,3234,1650466646726,1439866961612,4761867
1,3235,1582308517914,1,1067384
1,3236,1636487510434,1404247845083,19554708
1,3237,1643945753693,1368292036119,14779809
1,3238,1684967672623,1591220228566,440952
1,3239,1655296558350,1512314679070,4304833
1,324,1663099312645,1320251964962,2346991
1,3240,1668564323274,1363356511982,3533940
1,3241,1700456846365,1,2813499
1,3242,1687654499000,1363171201399,488731
1,3243,1684464280000,1609557310382,263812
1,3244,1674734537000,1281701382170,971578
1,3245,1648711335126,1508147548768,147505
1,3246,1676892372600,1335782638416,458275
1,3247,1675295173000,1365293606461,227880
1,3248,1647825891689,1339252520768,3564095
1,3249,1625640895069,1244305227562,3531498
1,325,1653228827758,1404247845088,1726001
1,3250,1586498303672,1479373548315,6401311
1,3251,1588630331601,1238859586109,1529063
1,3252,1627648061399,1585560804329,6970133
1,3253,1591954411133,1462931923144,2457782
1,3254,1619639807866,1339252520788,477763
1,3255,1679685592071,1363171201399,7231633
1,3256,1653276877673,1454555659189,620158
1,3257,1649001228369,1499988495933,247887
1,3258,1691017137999,1579924750210,290821
1,3259,1580348517130,1578901464010,2911713
1,326,1335779087817,1334745188722,562148
1,3260,1583863132859,1339252520768,2567126
1,3261,1594938348646,1594865617442,584741
1,3262,1592361852842,1479242579780,284305
1,3263,1518978913461,1255653553364,926705
1,3264,1640061786063,1640052926728,449161
1,3265,1663080643379,1662570051196,558051
1,3266,1666580989033,1488910378788,329581
1,3267,1576982520892,1576982219100,247940
1,3268,1643982762435,1363171229968,8001832
1,3269,1634643784831,1335782638416,321126
1,327,1538381471102,1185996957304,2123555
1,3270,1630567213306,1630563305659,628904
1,3271,1664974503082,1349477488803,9056890
1,3272,1636971736544,1481155290918,220939
1,3273,1682630947905,1363171275082,3509178
1,3274,1618898951417,1325902101971,5081789
1,3275,1524258950529,1513241483641,6856187
1,3276,1594635857786,1594635721015,688276
1,3277,1519075374531,1519055728119,6153743
1,3278,1617881954954,1617881933823,1259221
1,3279,1358896955072,1358862576715,1699316
1,328,1631444148289,1631444047181,500054
1,3280,1629041415445,1339252520768,811107
1,3281,1612856254383,1612841440318,491411
1,3282,1675186443650,1579700003663,266187
1,3283,1490942705071,1438844673518,2936645
1,3284,1639132649250,1556033746178,3239317
1,3285,1633449983047,1511825115919,696682
1,3286,1687655447066,2739,995738
1,3287,1493688730120,1245205460625,1616369
1,3288,1670291148266,1335782638416,610937
1,3289,1673478511000,1335782638416,1099064
1,329,1639577527411,1623165809207,205946
1,3290,1662575229022,1662573834896,262895
1,3291,1631503419061,1630507041378,2223394
1,3292,1627465179265,1627454173057,450742
1,3293,1643330969286,586,7242099
1,3294,1685270344428,1363188597789,6427471
1,3295,1656153593614,1339252520768,342997
1,3296,1644661684074,1331102643794,450332
1,3297,1697187891000,1288463827711,1567222
1,3298,1661218051466,1484612348767,3490575
1,3299,1582167085356,1564394059366,14198652
1,33,1613117495090,1613116088613,198738
1,330,1665209866000,1664971645472,236119
1,3300,1618657547447,1618656191014,182962
1,3301,1632102161735,1632001565943,186306
1,3302,1657590886400,1354715263726,3598638
1,3303,1671925065001,1368292036119,1850966
1,3304,1660805897743,1602140466956,1386978
1,3305,1631410133818,1631410085581,661154
1,3306,1616661967147,1238859586109,549776
1,3307,1656996641000,1244305227562,1425538
1,3308,1631645149010,1631643358309,581152
1,3309,1625404551034,1583196159046,25766527
1,331,1601298052696,1251881936307,5203044
1,3310,1640797346800,1640390650676,239154
1,3311,1621745766833,1462133670690,4108168
1,3312,1699520638827,1368292036119,20939328
1,3313,1585849581736,1339252520768,23377025
1,3314,1559746851174,44,5254717
1,3315,1661362923652,1292464128856,705218
1,3316,1664487545388,1664478088141,282418
1,3317,1563731404993,1563730267730,1887194
1,3318,1472122631977,1290284314510,12667945
1,3319,1688748340319,1388485669975,401540
1,332,1613411103993,1613403937348,556797
1,3320,1665693492264,1426026219905,597062
1,3321,1546849778192,1546849765451,1665002
1,3322,1694730184831,1449901225310,191622
1,3323,1607546283492,1607544571348,561748
1,3324,1624204547708,1363692704772,4639743
1,3325,1623768794342,1623768242556,325003
1,3326,1648402485953,1413420242331,804889
1,3327,1599054063382,1253683383517,1194718
1,3328,1652917696475,1459703715966,1761841
1,3329,1428080573735,1248177482884,3631795
1,333,1637399406586,1635259972658,301313
1,3330,1626549367516,1368292251847,10762784
1,3331,1676883897000,1389572686541,258476
1,3332,1691022688888,1253683383517,1701115
1,3333,1254023614814,1253951585378,3118753
1,3334,1628508157990,1280562506236,627337
1,3335,1646383887279,1368292373925,6744414
1,3336,1635540713591,1561718775900,215951
1,3337,1627588596669,1349477488942,3295803
1,3338,1642893843847,1349477491102,2888730
1,3339,1610063959244,1389288966067,14086472
1,334,1634728553047,1452485377896,1918397
1,3340,1623351507901,1235971120434,8860429
1,3341,1651624359332,1413857672304,3629169
1,3342,1649075058770,1403399379131,1993000
1,3343,1667190007441,1546536898404,1757977
1,3344,1696537612268,1242193596067,3085044
1,3345,1518838458966,1358724251438,5621452
1,3346,1634742209316,1586732220442,1067484
1,3347,1598304688096,1402177650166,2680389
1,3348,1598079607383,1388950433014,1424856
1,3349,1400058289811,1254496886971,517052
1,335,1451928495355,1451928458044,508555
1,3350,1633813335505,1287867057355,305904
1,3351,1652099550350,1422752112689,260834
1,3352,1646695835018,1296169988801,1245624
1,3353,1644001111586,1644000947133,246058
1,3354,1632202058326,1632102618485,429353
1,3355,1628460130961,1287304729467,191343
1,3356,1697902863362,1357769530784,3462915
1,3357,1630036748626,1630036726614,366151
1,3358,1678134805000,1566760700383,419110
1,3359,1504327730061,1504321325154,298054
1,336,1631201421445,1264453875215,795596
1,3360,1632271678005,1632245036009,1238499
1,3361,1639069063350,1365293606461,957345
1,3362,1632146250866,1632143511309,450871
1,3363,1621724127758,1621671525542,1715177
1,3364,1515080636555,1505228555506,8799987
1,3365,1681395991359,1486867495015,316059
1,3366,1660196068096,1307347675180,4186424
1,3367,1459949216615,1449203232884,381042
1,3368,1416957862014,1335071747538,18507822
1,3369,1630697787357,1,2571186
1,337,1532556680792,1532556668240,1089947
1,3370,1609827025830,1607061986068,759676
1,3371,1642603430219,1469462764585,1091531
1,3372,1527932258443,1404247875880,860782
1,3373,1692560912205,1436157777522,387437
1,3374,1495158401524,1494780219002,941204
1,3375,1416585594615,1416486054926,794157
1,3376,1588692856173,1588623681116,1672699
1,3377,1615746685005,1536324334572,2612331
1,3378,1622083143345,1622083091191,694988
1,3379,1664107744213,1664106757467,240042
1,338,1607167732551,1540275215467,10303553
1,3380,1592445311580,1431378541867,286242
1,3381,1617406799534,1617141491423,1298060
1,3382,1489954309348,1489952720926,531715
1,3383,1599616996854,1287867057355,4961361
1,3384,1554322421682,1554075412591,339671
1,3385,1595960413522,40,3013574
1,3386,1696882811970,1402456305835,885012
1,3387,1631215921900,1253683383517,8862673
1,3388,1468420427031,1321299133453,2782076
1,3389,1533971194817,1509296555231,231712
1,339,1691579633104,1459906170836,312037
1,3390,1623426839253,1597065143792,1223115
1,3391,1638394933468,1368292036119,11519943
1,3392,1599696117726,1368292036119,3268626
1,3393,1636061644467,1349477488697,10229405
1,3394,1665412911025,1577703679931,2068416
1,3395,1632672894178,1632672314936,3546914
1,3396,1491246819303,1491246621623,453738
1,3397,1598619247952,1244305227562,2473850
1,3398,1634684841785,1303670814437,837912
1,3399,1572562975882,1447133831131,9554765
1,34,1615150692997,1615147812924,183909
1,340,1652789804902,1363171201399,3558708
1,3400,1640508136849,1640508101163,3014772
1,3401,1696420927000,1464744703171,177991
1,3402,1616826017710,1616825906062,301466
1,3403,1666987965840,1666987895453,1047004
1,3404,1624276146960,1368292036119,711630
1,3405,1617215640411,1368292036119,12833396
1,3406,1553538230744,1553480406315,410798
1,3407,1637953100450,1476459094775,654910
1,3408,1547298935187,1284082719157,17517424
1,3409,1613903456942,1613836682918,3621078
1,341,1665220974219,1367317475415,216265
1,3410,1625978644538,1505021533975,401555
1,3411,1664055992369,1426093915516,686084
1,3412,1673460721533,1363171382760,3435617
1,3413,1646755881072,1382060716753,2276297
1,3414,1646152720499,1304172250803,4380066
1,3415,1675594440522,1601197881165,272346
1,3416,1699044398528,1274249790644,1615253
1,3417,1624408251928,1553874394458,2696254
1,3418,1627957795060,1565020489839,1116252
1,3419,1634173637100,1394240219617,2246173
1,342,1680059769487,1436157667441,893308
1,3420,1580585647507,1391292081260,6814238
1,3421,1516456327277,1253683383517,7029656
1,3422,1690770083007,1461634642126,1845358
1,3423,1625939330924,1616120784881,204688
1,3424,1654346645969,1368292340870,1330816
1,3425,1669708256856,1313335583156,1982588
1,3426,1607927493142,1,14123742
1,3427,1557329306022,1386507239822,1004174
1,3428,1615187831000,1615187672574,5139354
1,3429,1632459548783,1632213349033,277183
1,343,1653644295566,1400150860974,3220280
1,3430,1634933351975,1349477488697,4346867
1,3431,1628354461184,1349477488697,1847505
1,3432,1664349682000,1632938064557,3776486
1,3433,1595585766435,1595583370714,2040067
1,3434,1632399380909,1632214632392,675151
1,3435,1658249876000,1368292123572,4775447
1,3436,1611493229150,1611439709161,303497
1,3437,1564404211590,1443299743375,2030918
1,3438,1639091335583,1508147548768,3150559
1,3439,1630393707448,1,4136538
1,344,1663520369000,1662498122994,504114
1,3440,1473203214717,1242787540526,2103234
1,3441,1656551145829,1577405472947,629760
1,3442,1638113013902,1336382078884,7955296
1,3443,1652544204647,1349477488697,3155479
1,3444,1491373032497,1296169988801,3494252
1,3445,1543896357812,1253683383517,2698118
1,3446,1681138298509,1366575575838,10882079
1,3447,1642267632259,1335782638416,387508
1,3448,1598956125302,1253683383517,4076340
1,3449,1676524347557,1409073246343,865569
1,345,1663208995000,1385335632993,1373789
1,3450,1621440123752,1360639470256,237443
1,3451,1642520302299,1546972716679,832074
1,3452,1616878106868,1616875928023,308989
1,3453,1691661045000,1559918727337,262954
1,3454,1675804200000,1519716012559,651877
1,3455,1407081691407,1240717496031,18559587
1,3456,1563766520847,1521877402562,6429352
1,3457,1593690111881,1485127234412,405398
1,3458,1620424280059,1398801279248,1183448
1,3459,1689715205029,1522711742002,199686
1,346,1632405704252,1632404436179,1164634
1,3460,1598688766728,1296169988801,2623933
1,3461,1640911706394,1537272273386,250721
1,3462,1621862925333,1621743334399,243907
1,3463,1437262951907,1296169988801,8817752
1,3464,1685031194000,1553874394458,156995
1,3465,1667456051306,1439249890113,1495234
1,3466,1694892398437,1339252520775,544894
1,3467,1595042875325,1349477488697,21354893
1,3468,1514915591792,1461522012813,1448870
1,3469,1700520297404,1444823199008,260624
1,347,1669402462734,1402175764376,2585355
1,3470,1610448146309,1610448112758,1175457
1,3471,1387141620853,1255653553364,4602066
1,3472,1595213525624,1595213021224,518403
1,3473,1634651404362,1,10996062
1,3474,1605242123532,1214225650015,587167
1,3475,1526031606240,1370145367610,13492825
1,3476,1361740126307,1359047250267,191550
1,3477,1623780553922,1349477488733,2366970
1,3478,1677977551919,1508776656315,510471
1,3479,1637129232630,1598977608749,1913385
1,348,1680999835094,1593002292153,2440516
1,3480,1597849599798,1349477488697,651560
1,3481,1313349834867,1313349467609,2245431
1,3482,1618326254795,1618324422671,625255
1,3483,1596859207338,1596859196246,1485047
1,3484,1637916347666,1479373271918,1387243
1,3485,1696493909000,418,1017979
1,3486,1630734920573,1537714759580,443075
1,3487,1584480266846,1584390742531,184651
1,3488,1620364029428,1346149274535,1166864
1,3489,1640648688806,1549301045718,229647
1,349,1688677140356,1235155429769,3668223
1,3490,1309394802560,1309393618598,3030004
1,3491,1579532472379,1576398941092,619734
1,3492,1672745633278,1296173537196,268465
1,3493,1630004041029,1411196186761,1940845
1,3494,1612947373788,1403543560451,297635
1,3495,1687537778871,1273439686875,208070
1,3496,1645056290608,1448934763582,648754
1,3497,1631868503305,1631868281119,457038
1,3498,1697593996243,1382060716753,793543
1,3499,1608914165727,1444166986875,2804472
1,35,1560429222034,1518046525693,2204815
1,350,1662207140894,1253683383517,173361
1,3500,1692311978000,1408529605839,18041500
1,3501,1649085223666,1599890987519,803237
1,3502,1521387367284,1520712241507,319011
1,3503,1607150504974,1414449683183,2689281
1,3504,1694101473721,1368292036119,528189
1,3505,1698860134248,1470839175231,901430
1,3506,1551926663271,1238859586109,823192
1,3507,1546335938962,1264961836967,12193062
1,3508,1651849250305,1405023693793,453522
1,3509,1682420000799,1682419987079,364269
1,351,1629589382669,1629586958972,1387942
1,3510,1610885332503,1610885053316,2089932
1,3511,1620580450280,1389044065403,5335059
1,3512,1655171241055,1479419110252,1209335
1,3513,1650637062950,1368292036119,824662
1,3514,1688747657925,1264806019620,456984
1,3515,1550634570959,1379558648094,615110
1,3516,1599163585460,1363264727759,3623610
1,3517,1663183198804,1368292036119,4398398
1,3518,1644434921139,1479242579780,3180424
1,3519,1639102270394,1639101969421,4270760
1,352,1636882830334,1456771816429,3262540
1,3520,1624174716774,1507029527628,6322120
1,3521,1610383953587,1603811802450,827470
1,3522,1603418776753,1603391683795,505374
1,3523,1506787207261,1416057235745,737055
1,3524,1598102179223,1365902145833,3742127
1,3525,1652125442000,1488480212223,496982
1,3526,1609287889633,1609287867019,522528
1,3527,1517109042031,1517105636380,3163109
1,3528,1637581173499,1214225650015,1257705
1,3529,1589150032575,1,5385586
1,353,1647638305274,1253841981294,5105544
1,3530,1678640938150,1339252520788,1632947
1,3531,1578230909179,1392952711439,259153
1,3532,1695573806000,1321299141551,6921621
1,3533,1687647775308,1680181493938,282581
1,3534,1654538540447,1366757977454,15063674
1,3535,1686085984174,1643843156113,373293
1,3536,1618841231545,1551014825114,4461885
1,3537,1646402845008,1646113651863,1539943
1,3538,1591751842798,1493136300315,513104
1,3539,1664093204541,1474393026779,501285
1,354,1631452558751,1629930950716,377892
1,3540,1422830627333,1422830461988,3020877
1,3541,1515882147939,1299710813866,5575040
1,3542,1381392106776,1381391009445,1238234
1,3543,1619908702881,1303670814437,1171158
1,3544,1631907375136,1631897217306,335871
1,3545,1662053731317,1273772884027,701751
1,3546,1686139589865,1665566681741,188044
1,3547,1579049810165,1368292036119,15841306
1,3548,1631439365201,1469630403899,4407811
1,3549,1687306229698,1363171201399,2388542
1,355,1631140542158,1582483309303,922165
1,3550,1583587647375,1448417707218,4264170
1,3551,1598445550414,1598435559403,1774816
1,3552,1575860632612,1517935044062,439016
1,3553,1605977101118,1347122062469,256766
1,3554,1694325351275,1382060716753,370514
1,3555,1691396116525,1389609484811,1243522
1,3556,1635936357504,1633050661489,1929579
1,3557,1638999102792,1253683879628,884836
1,3558,1474168402128,1331102569886,688170
1,3559,1631388226946,1349477488697,3454957
1,356,1617335199146,1349477488697,1457045
1,3560,1630611309610,1253683383517,14837220
1,3561,1687380038369,1368292036119,2334720
1,3562,1590842351137,1405722985684,1232499
1,3563,1425993478151,1425106476528,3774660
1,3564,1620943048938,1296169988801,737890
1,3565,1654598172466,1349477488771,217532
1,3566,1635727367553,1316882939868,4673459
1,3567,1632146546711,1478360898790,636073
1,3568,1629942264009,1616679055135,1460856
1,3569,1618308007840,1331227910519,259575
1,357,1668705599159,126,306582
1,3570,1583673186129,1571421422346,2362546
1,3571,1640118213832,1391741012224,3876656
1,3572,1600022168662,1598767810971,999218
1,3573,1647626335794,1473289434894,1210957
1,3574,1599401643796,1599401603819,363810
1,3575,1675499881000,1419359509035,8778528
1,3576,1606691933298,1,1265299
1,3577,1549245434466,1517325510071,987440
1,3578,1644314480619,1485800194573,3840650
1,3579,1586985976845,1341435317450,455504
1,358,1535812323852,1535810305343,4335863
1,3580,1602961564973,1492209415832,802798
1,3581,1623090742227,1349477488697,2056827
1,3582,1666802289545,1365293606461,3057770
1,3583,1584022941729,12,25010051
1,3584,1608418690462,1608418147947,229069
1,3585,1646642738271,1341435317450,4787698
1,3586,1660337892100,1368292036119,2103462
1,3587,1617093185906,1330934976966,855431
1,3588,1583589356451,1371061504302,1937371
1,3589,1641608490871,1472320411129,4432980
1,359,1623124811951,1363171775204,21456711
1,3590,1698342375228,1349477489144,9658078
1,3591,1684432317352,1363171201399,4664772
1,3592,1627132426152,1401766305994,735723
1,3593,1677274079234,1382060716753,2946346
1,3594,1652209372594,1269722041469,1876362
1,3595,1619696453429,1389724242176,263659
1,3596,1659323670538,1368292036119,1636432
1,3597,1613892892728,1472426481417,931650
1,3598,1618039330370,1617806285450,2709096
1,3599,1673346454782,1335782638416,234473
1,36,1631075338709,1369629218547,1595650
1,360,1671075318343,1368292251847,5642150
1,3600,1676509438861,1504321325154,250228
1,3601,1589687930983,1589647254295,920323
1,3602,1684236526663,1358348071770,327353
1,3603,1528778890823,1264961507618,837311
1,3604,1631738562654,1556384731398,867897
1,3605,1642107693351,1402457591423,939475
1,3606,1634264896232,1349477491164,4599505
1,3607,1594738033869,1594735607424,1739386
1,3608,1683407851000,1269722041459,4820019
1,3609,1345570973104,1185996957304,11594187
1,361,1568770707694,1349477488697,23677110
1,3610,1632413923055,1632412189455,541590
1,3611,1608821431588,1608664657717,275908
1,3612,1631162178812,1339252520828,2510317
1,3613,1515080018207,1406269051000,730006
1,3614,1576201833637,1496478228264,1726491
1,3615,1639098008031,1546536898404,348069
1,3616,1569140485985,1569140364458,1186941
1,3617,1553104009889,1552975181160,4352211
1,3618,1655069401252,1554582871072,1466350
1,3619,1671812423490,1481034928193,2239711
1,362,1676612464535,1674978879789,321249
1,3620,1604654547185,1253683383517,562683
1,3621,1620966463880,1253683835243,534863
1,3622,1663626801615,1662662684588,341558
1,3623,1618131936716,1618131689292,283523
1,3624,1698332066254,1321299133411,375719
1,3625,1633658089631,1517969046779,768043
1,3626,1474617307318,1291504553428,5681600
1,3627,1616507804873,1321299134045,1029411
1,3628,1623078513249,1474393026779,2571166
1,3629,1607603841955,1603809118926,428763
1,363,1604301194538,1476084045224,277896
1,3630,1689860271131,1449636992214,747002
1,3631,1628808829917,1296169988801,5201391
1,3632,1416899338456,1358388308437,3988333
1,3633,1654469212638,1546374776465,3031129
1,3634,1368761036416,1330727398178,4899307
1,3635,1690656067970,1248188452216,5233862
1,3636,1690626563681,1436157439771,1939475
1,3637,1525713615343,1459381160365,2885947
1,3638,1392395218506,1307765017510,4738418
1,3639,1628947484982,1628947473850,257023
1,364,1538287052634,1349477488837,7681954
1,3640,1591610300243,1315388104424,439453
1,3641,1531015854545,1531015818030,316951
1,3642,1584271222068,1584271165764,1725474
1,3643,1580847757163,1580828562376,1835114
1,3644,1669923287969,1502058429388,625472
1,3645,1660532546170,1368292036119,8367621
1,3646,1359493659243,1359455093181,1051081
1,3647,1416899338456,1358388308437,939569
1,3648,1682976270977,1273439686875,283513
1,3649,1611706637230,1611697806777,908688
1,365,1398640959200,1244304862250,4791496
1,3650,1601767966161,1601556435067,278499
1,3651,1647442715256,1363171201399,9315907
1,3652,1611279983755,1611279962806,329569
1,3653,1628710619894,1401126656910,2814932
1,3654,1562008239346,1379541070048,1217952
1,3655,1631735301152,1631733689104,415750
1,3656,1683637933600,1368292036119,3583611
1,3657,1634906882919,1358606738334,3420733
1,3658,1610469849345,1474564922920,1525150
1,3659,1645954707418,1487869758273,5710662
1,366,1387286185528,1322102501859,24925361
1,3660,1631926112024,1631909439038,1107573
1,3661,1639308573686,1585543351096,3292147
1,3662,1685095798967,1492181395000,1101447
1,3663,1631386634394,1631380495656,266646
1,3664,1627773748775,1467063868554,216536
1,3665,1598549260610,1407948764439,5285056
1,3666,1647452304498,1470860511926,1740193
1,3667,1620029181790,1339252520768,5544297
1,3668,1664673516844,1349477488697,5277393
1,3669,1280192979622,1280087837036,1189047
1,367,1500071188923,1255653553364,5442697
1,3670,1576031394707,1246480913690,9941894
1,3671,1641634971844,1595505568314,1910332
1,3672,1676284691753,1232742823625,2775139
1,3673,1586315108526,1405886585836,770964
1,3674,1542352150432,1362402002984,5110912
1,3675,1683200610554,1461038827915,489606
1,3676,1614047489938,1230437961841,16077093
1,3677,1553349193492,1552577211152,7335001
1,3678,1624141146859,1624140956541,611889
1,3679,1571355346190,1571355277717,8609358
1,368,1614352366963,1613900755120,268455
1,3680,1663078554014,1597247527907,660677
1,3681,1650024800482,12705,455632
1,3682,1631006422804,1631006287754,534917
1,3683,1588368856874,1419359509035,216860
1,3684,1618620203003,1370145367610,8755094
1,3685,1484361995625,1484360978107,609167
1,3686,1689830903482,1494673643500,15002351
1,3687,1555422300066,1462593014046,2208326
1,3688,1621817432624,1612133133028,403311
1,3689,1628002332598,1328988654081,8626270
1,369,1549369853191,1246646765079,3402565
1,3690,1610234135141,1543333178422,2492280
1,3691,1619234180307,1619125833840,588032
1,3692,1611194016412,1411514726755,399117
1,3693,1689098103000,1321299133411,4931751
1,3694,1655888908827,1458341476838,2270962
1,3695,1685749252963,1253683383517,2578040
1,3696,1658673021034,1530947275292,180673
1,3697,1696351999685,1527691679168,169215
1,3698,1625264151232,1472662123104,1992282
1,3699,1625432251806,1393817670651,547400
1,37,1571161155132,1349477489421,8230104
1,370,1587493337955,1337383477324,3577147
1,3700,1362275314518,1362275234887,1719305
1,3701,1614040435932,1613774529734,1073739
1,3702,1550025894928,1550025593353,371371
1,3703,1648599041261,1349477488697,1028626
1,3704,1599485018188,1599484845705,179836
1,3705,1632207768989,1591217554436,1405713
1,3706,1674009863010,1349477488837,1992199
1,3707,1651209420236,1363171201399,6358805
1,3708,1634997155877,1453382956695,1161925
1,3709,1595475897322,1595475890568,1991246
1,371,1630244764155,1630243809167,1239168
1,3710,1667755274795,1540128593987,1248147
1,3711,1662036277082,1559852561499,1944549
1,3712,1641915587355,1340713992866,7203690
1,3713,1633475261160,1608778524823,920156
1,3714,1459010570649,1459010554519,461466
1,3715,1607547597540,1264940186203,517290
1,3716,1604812640298,1604789973901,1033182
1,3717,1586226389153,1281701382170,8256260
1,3718,1629269876966,1,5092882
1,3719,1672244960972,1464284807779,1595424
1,372,1616304159891,1616304134379,430135
1,3720,1677526809814,1245205460739,397166
1,3721,1581746095236,1363171201399,2450200
1,3722,1612633479079,1612633094388,2247247
1,3723,1616178644672,1616177871564,263944
1,3724,1638006505851,1388887311625,1493041
1,3725,1622221542646,1622219984576,268836
1,3726,1582429735268,1459381160365,1170783
1,3727,1691536676966,1533826824019,4405671
1,3728,1583873283512,1503862157842,732733
1,3729,1691342869510,1524318001106,239668
1,373,1697524905106,1459809142832,1883871
1,3730,1629335747066,1253683383517,7055492
1,3731,1668715754540,1365293606461,188106
1,3732,1608098183955,1363171201399,4972708
1,3733,1682007210727,1368292036119,11393015
1,3734,1615834368883,1615831215070,1528908
1,3735,1674845224167,1349477489190,1425535
1,3736,1669034362269,1669032267223,327413
1,3737,1633552902088,1611696317513,2233232
1,3738,1597104108539,1441609121805,506711
1,3739,1472381236477,1429691496617,380039
1,374,1585696569705,1478515378724,3141275
1,3740,1682369145523,1368292036119,260549
1,3741,1564984310857,1564984297408,268844
1,3742,1691166725902,1368292036119,2088012
1,3743,1643994866812,1340713992866,3910996
1,3744,1668951758000,1214225650015,579942
1,3745,1540099974107,1540099963699,594039
1,3746,1372987331230,1212602203450,7887161
1,3747,1632038955446,1631909791026,1592987
1,3748,1519168377014,1519168337356,1895070
1,3749,1685715653147,1368292340870,4451311
1,375,1546519947775,1363171201399,21709581
1,3750,1425546505420,1250819068080,407537
1,3751,1482205244627,1407181354472,5872299
1,3752,1675866823265,1546541548808,2589506
1,3753,1695076068711,1337857725969,3011295
1,3754,1668976607000,1668930167712,208995
1,3755,1676977585373,1462133693889,10727576
1,3756,1632618238729,1331106019373,1302824
1,3757,1612833572971,1349477488732,7646521
1,3758,1683377118599,1214225650015,370300
1,3759,1687142223000,1363171629863,12628535
1,376,1608009073062,1608008976782,1194802
1,3760,1580095690947,1234655558515,8177817
1,3761,1588092273262,1302226313123,1489386
1,3762,1576682143314,1576682127308,609373
1,3763,1616795893571,1616795220680,7005764
1,3764,1627742524697,1337154021439,3217061
1,3765,1620268100280,1620266735031,809078
1,3766,1662683729370,1591220228566,4486753
1,3767,1654054976293,1298791553640,2964390
1,3768,1550858917178,1550847304957,1044232
1,3769,1649951932506,1541517412489,2133954
1,377,1570996313342,1570996293047,576540
1,3770,1684933426872,1353909035037,2892652
1,3771,1599958701104,1599898882677,310191
1,3772,1630654277663,1587871721638,203595
1,3773,1580833357689,1580833132205,2589678
1,3774,1599066959152,1349477488697,754579
1,3775,1602743909687,1253683383517,8190041
1,3776,1550703638582,1296169988801,438976
1,3777,1675095289724,1584886455264,957533
1,3778,1650111797457,1486862444514,1302941
1,3779,1631765994009,1335782638416,12452175
1,378,1470100178982,1470100146344,2367362
1,3780,1564526814328,1185996957304,1507782
1,3781,1591154194232,1338405665397,14656120
1,3782,1469575508769,1469571229034,949304
1,3783,1624188085207,1402175764376,345879
1,3784,1602781915973,1500829109007,494377
1,3785,1625491150024,1625491125894,2163795
1,3786,1631560922520,1631317356518,1533657
1,3787,1634416126515,1528313790979,5019866
1,3788,1636208967800,1251849465143,15312747
1,3789,1583595723392,1365293606461,2488350
1,379,1630855065502,1630855052575,248380
1,3790,1647351570108,1553874394458,2827086
1,3791,1519213877606,1,2008429
1,3792,1536799381666,1536799035284,661261
1,3793,1646343126164,1391741012224,1508864
1,3794,1692728066287,1587567589719,973913
1,3795,1623676867552,1535174089597,677922
1,3796,1587843580821,1476740059509,778755
1,3797,1515600694461,1375958889605,1384116
1,3798,1630597456699,1267115097808,371323
1,3799,1634206772432,1587622883817,209882
1,38,1580041107310,1577566833482,3457276
1,380,1681048077125,1450978445765,729487
1,3800,1656015275599,1476203538835,210845
1,3801,1615498989620,1,4170272
1,3802,1664291515442,1664291120619,323751
1,3803,1629176495320,1479242579780,1074890
1,3804,1585356729658,1541262627133,2145461
1,3805,1667778468438,1603392403567,1344835
1,3806,1626119255909,1626119178359,384502
1,3807,1643056807941,1601059407024,1578483
1,3808,1598354830300,1253683383517,1164800
1,3809,1617391364530,1296169988801,1296712
1,381,1699408301642,1382060716753,1896329
1,3810,1646057298717,1555615216139,324483
1,3811,1527588417851,1527551034874,6675510
1,3812,1665761501839,1349477488732,2974009
1,3813,1669251468128,1253683383517,3150907
1,3814,1655336801719,1365293606461,740576
1,3815,1603288984023,1293981228694,4585301
1,3816,1692976712469,1296656130240,409953
1,3817,1607251866188,1,847802
1,3818,1361740126307,1359047250267,775161
1,3819,1618853412667,1349477488697,21787196
1,382,1617139327848,1611346143630,576027
1,3820,1571688523897,1185996957304,2124336
1,3821,1663700641873,1356396068311,7731380
1,3822,1669463234180,1465984296878,187109
1,3823,1687977688000,1269722041458,3287226
1,3824,1611274522850,1611274502401,628327
1,3825,1568075694558,1568074937166,887089
1,3826,1695931677094,1561400624526,1050276
1,3827,1611690012401,1611685846915,2000044
1,3828,1661618016538,1599309963870,1243473
1,3829,1575210400884,1575209767745,1071711
1,383,1611111221475,1567978038705,250725
1,3830,1658543625456,1264041760187,2720511
1,3831,1632585799709,1363171201399,802339
1,3832,1673299051946,1534843428713,806489
1,3833,1503060685297,1264961836967,5725504
1,3834,1687724323037,1687722946717,492544
1,3835,1623867446935,1349477489795,3154420
1,3836,1648095699690,1618580365300,1269482
1,3837,1700019737955,1,365704
1,3838,1622333016144,1622331472375,532260
1,3839,1671347859745,1403287309156,2576729
1,384,1663612540388,1591019398410,182447
1,3840,1673534344904,1349477488697,6385317
1,3841,1694756690420,1518102005418,7020576
1,3842,1596735131520,1310436861824,2436214
1,3843,1689133261444,1331102569886,335176
1,3844,1676369862030,1675868483229,217572
1,3845,1642621240105,1389885883016,3423142
1,3846,1660908453037,1214225650015,17809166
1,3847,1625260694839,1349477488732,2132667
1,3848,1668439391721,1668439053930,729142
1,3849,1589867550875,1339252520768,469945
1,385,1631822510690,1631392067366,317542
1,3850,1648373720054,1458364302841,1298213
1,3851,1645990884449,1471806069374,2889800
1,3852,1675859380877,1220824074772,12268787
1,3853,1635181360890,1365293991008,1481391
1,3854,1668731495957,1668731120032,504985
1,3855,1582566348402,1,7022163
1,3856,1635598334874,1349477488697,320138
1,3857,1655910176000,1368292123572,1026595
1,3858,1613149596563,1333633816592,3331302
1,3859,1648800636513,21,1681498
1,386,1631120931724,1,690977
1,3860,1630677108304,1630676786648,1683627
1,3861,1611644224282,1419359509035,2090991
1,3862,1536402067736,1244305227562,4861947
1,3863,1694226955000,1409568534322,899879
1,3864,1600114643135,1365293606461,11584503
1,3865,1682985699598,1321299142075,1282370
1,3866,1647996559222,1333552479706,3193812
1,3867,1616556580715,1616554452504,629535
1,3868,1632249310422,1632054949697,222435
1,3869,1650456868451,1650456156225,173858
1,387,1619074474124,1308151173820,12547348
1,3870,1699592547000,1677762849413,357205
1,3871,1661839804001,1253683383517,1614878
1,3872,1661827726557,1349477488837,3603630
1,3873,1630806188013,1630595680811,302463
1,3874,1687178006431,1556033746178,440885
1,3875,1668763487411,1668734683342,729827
1,3876,1615422317248,1460729974407,1704409
1,3877,1598119982587,1597880921303,3697894
1,3878,1616454964133,1357075494347,1105236
1,3879,1549836869429,1462408255021,836185
1,388,1637262862477,1459106756301,11639597
1,3880,1681564408770,1349477489370,9401902
1,3881,1675572181812,1553874466479,614207
1,3882,1601215759964,1352570420990,1645783
1,3883,1669002448070,1253683383517,1508991
1,3884,1684936101521,1339252520768,201067
1,3885,1597656628838,1,1687792
1,3886,1631286273114,1631215181546,1206357
1,3887,1659675508214,1185996957304,1316383
1,3888,1692714309930,1549775725919,587213
1,3889,1506631106360,1506066560602,3159934
1,389,1612955185040,1612895070175,698326
1,3890,1664480454325,1349477488697,7297346
1,3891,1683809225000,1506135952386,260192
1,3892,1604364388612,1349477488697,12177082
1,3893,1621391856090,1430789449135,230943
1,3894,1615980289141,1610562741867,1114293
1,3895,1450932733237,1264961836967,7385787
1,3896,1658124425591,1395340559899,824509
1,3897,1361740126307,1359047250267,3141134
1,3898,1632348876032,1632348733340,1566186
1,3899,1411619781052,1330491002059,19638285
1,39,1618065519784,1537093469966,263137
1,390,1615738417932,1606674812765,614876
1,3900,1658434970101,1253841981294,298707
1,3901,1637477755224,1230430322217,7948223
1,3902,1602044688184,1385667735031,805231
1,3903,1596177269910,1583411067206,598951
1,3904,1575896054404,1307319284614,7726420
1,3905,1635074539058,1231037950025,1923633
1,3906,1683902613500,1565658229121,1545960
1,3907,1640133326059,1467964533309,2885775
1,3908,1530820947226,1530819601139,5581546
1,3909,1573218250229,1573216109412,1075953
1,391,1648522018668,1479418675395,533521
1,3910,1695028609471,1248188940971,14758298
1,3911,1629819093188,1367317475414,3510736
1,3912,1624274944873,1624238991891,812952
1,3913,1623530195964,1296169988801,446510
1,3914,1614024885022,1613989070344,189427
1,3915,1602073303294,1602073268681,855508
1,3916,1649497623457,1325902102046,3142728
1,3917,1631804990448,1616236630210,587886
1,3918,1652279497703,1349477488771,2028391
1,3919,1607221408721,1607000096720,984339
1,392,1612883589293,1612882692314,261160
1,3920,1635426871515,1635331176249,2083684
1,3921,1683658790980,1561797012914,2313233
1,3922,1631645021454,1253112642859,461603
1,3923,1686662935711,1349640094077,1663551
1,3924,1470367281414,1198795154334,4864111
1,3925,1633004851772,1580911744736,610150
1,3926,1584896591548,1446352975796,7512122
1,3927,1507718331315,1507709693901,13434977
1,3928,1633845254925,1,7933129
1,3929,1691092702114,1356967964576,138936
1,393,1644988737278,1321299141461,366134
1,3930,1615578105651,1615554544589,878927
1,3931,1486677447845,1486657196664,4646902
1,3932,1695573255000,1349477488921,1270894
1,3933,1456133511270,1236918348909,7396525
1,3934,1644079539430,1349477490551,2754341
1,3935,1315861613991,1211305353528,9466151
1,3936,1607846203469,1607844363112,364957
1,3937,1642966820319,1363171201399,5440633
1,3938,1673196449000,1349477490995,2916538
1,3939,1558891653342,1557314611186,1466851
1,394,1567694921184,1267679370216,1974519
1,3940,1571988109943,1439728329732,8758745
1,3941,1572627557294,1572627526548,1540057
1,3942,1679983193950,1377888889131,747677
1,3943,1606703432090,1606703419428,1668210
1,3944,1603730273286,1287867057355,971746
1,3945,1600136018916,1600129717187,4227424
1,3946,1459010348744,1459004748132,2050898
1,3947,1439855654459,1331102569886,993533
1,3948,1526114557506,1250233044477,19491093
1,3949,1684609893000,26,1181722
1,395,1628002996465,1368292036119,1510441
1,3950,1442206071584,1295765296221,833397
1,3951,1416899338456,1358388308437,3991419
1,3952,1691415001588,1321299141551,1732675
1,3953,1619528002285,1540146170224,2386201
1,3954,1664066269281,1457658817970,505323
1,3955,1632142089304,1632142010098,1181241
1,3956,1519159634610,1368292036119,5124954
1,3957,1613419023141,1613418997140,676899
1,3958,1654483497897,1466335964350,456366
1,3959,1622311988651,1566222729834,491097
1,396,1644498595572,1255653553364,11867726
1,3960,1653848440197,1424988867367,913245
1,3961,1632230451382,1632230179253,268705
1,3962,1661976338695,1569665014749,2297633
1,3963,1575469552337,1435761109796,4943467
1,3964,1574388113849,1238859586109,14755924
1,3965,1663007160000,1441493444441,941708
1,3966,1612607656853,1480025998072,226972
1,3967,1531288318116,1399120352490,1655775
1,3968,1608145493444,1608144160694,1504973
1,3969,1628544829818,1368292036119,10665338
1,397,1470946653160,1251849465116,12342125
1,3970,1649152458159,1649119481710,459381
1,3971,1599236434601,1599235491432,1481660
1,3972,1602594094341,1601394026328,1874056
1,3973,1511602600853,1511602594609,907837
1,3974,1552137203438,1402456305835,609024
1,3975,1508509464595,1332782303694,632033
1,3976,1680744103592,1468708650191,423746
1,3977,1694518875510,1389086972995,314488
1,3978,1611567489945,1611056346750,4051344
1,3979,1647741125375,1382668231865,4493733
1,398,1678672275858,1402177650166,1535362
1,3980,1572499702343,1366904952911,325354
1,3981,1644730517186,1639334345360,693202
1,3982,1666066776000,1340356537301,1101768
1,3983,1683263129000,1393018584208,307449
1,3984,1630508482944,1296169988801,1520608
1,3985,1565028147299,1361008615067,356972
1,3986,1695266661837,1368292123572,193391
1,3987,1601612897000,1,709622
1,3988,1662914544367,1421053844342,303954
1,3989,1635824833443,1603276268330,572315
1,399,1652490764000,1632828673196,2608510
1,3990,1571988109943,1439728329732,8599160
1,3991,1618759802182,1363171201399,5888118
1,3992,1645475667631,1644866174116,673177
1,3993,1624307967900,1624307748845,511773
1,3994,1633861007238,1365293606461,700094
1,3995,1693382578114,1505123947422,907379
1,3996,1608663236998,1608663095518,620369
1,3997,1582564262423,1,519019
1,3998,1488014842820,1482520578832,3495006
1,3999,1693021005586,1368292251847,3881734
1,4,1643438606134,1612834406910,466723
1,40,1622778685439,1339252520768,2550554
1,400,1633973438517,1630604948684,467005
1,4000,1630785754750,1630785579107,233969
1,4001,1648050384571,1402176732152,10715726
1,4002,1692566549000,1311444060016,7979476
1,4003,1648752026018,1601973746112,777400
1,4004,1591005145186,1323644715596,18850641
1,4005,1697167284476,1472668297505,1170705
1,4006,1617052705550,1617052623974,599957
1,4007,1678563844035,1584886455428,182660
1,4008,1608226179494,1457519066335,878243
1,4009,1626203921821,1479417735020,3365832
1,401,1617733537628,1478515378724,360011
1,4010,1632841185401,1482325088071,957654
1,4011,1662404672557,1564341447793,3520560
1,4012,1567551891300,1368292251847,3434016
1,4013,1600049369500,1600047899427,3171238
1,4014,1666175246492,1516104576501,1540693
1,4015,1497779817319,1314023405991,4487620
1,4016,1579123822919,1579121495337,1763575
1,4017,1638469454144,1326894864426,421324
1,4018,1589563856335,1589563680333,203114
1,4019,1680369530638,1338987127072,2495026
1,402,1644091832588,1576561551653,292103
1,4020,1697412082000,1549775405106,359243
1,4021,1590944168707,1583196159046,3917657
1,4022,1680842188096,1379858238578,2353995
1,4023,1687551603217,1368292036119,3564038
1,4024,1642696274442,1454418526767,940101
1,4025,1631645721309,1631645682196,199212
1,4026,1669270448000,1386959342500,225559
1,4027,1682794493594,1363171201399,13254959
1,4028,1616909069153,1616909032588,408405
1,4029,1687794649118,1687794482349,383578
1,403,1652033389899,1,2755340
1,4030,1684940632984,1363171201399,940756
1,4031,1685365460669,1296169988801,624193
1,4032,1588025032826,1253683383563,374588
1,4033,1655651509172,1593969938776,329591
1,4034,1660023956957,1253683383517,1066076
1,4035,1617986518586,1352070057588,234728
1,4036,1622055217629,1566222729834,267837
1,4037,1540040157402,1540040127677,1049009
1,4038,1613553009277,1613552911301,2832041
1,4039,1699724443456,1459739233262,1834143
1,404,1627806929595,1,5180486
1,4040,1631669113405,1349477488697,1582613
1,4041,1560167239174,1560167207725,15691771
1,4042,1630863450889,1630862367133,260937
1,4043,1680426230295,1365293606461,445945
1,4044,1618827816130,1253683500786,4931217
1,4045,1635937342721,1321299141551,582007
1,4046,1617205265993,1349477488732,12855485
1,4047,1632793376022,1296499533072,2950111
1,4048,1589163996256,1304288423049,6036073
1,4049,1527938373024,1527870122251,199849
1,405,1636597869033,1553874394458,985191
1,4050,1639331173705,1402177650166,834251
1,4051,1632362902537,1594309389916,436014
1,4052,1564231359223,1564147572420,359292
1,4053,1357655825015,1357654336906,2036123
1,4054,1583894149655,1214225650015,32148213
1,4055,1636882830334,1456771816429,13456977
1,4056,1655843117516,1368292036119,4224278
1,4057,1644062008615,1185996957319,678037
1,4058,1578833863368,1448890436685,449716
1,4059,1637928076560,1363171201399,3298744
1,406,1643562076070,1349477488697,22035441
1,4060,1565553143806,1565552799706,1217767
1,4061,1603172668897,1602733831964,189642
1,4062,1636635554334,1403287309157,783510
1,4063,1665263570336,1368292036119,372607
1,4064,1357655825015,1357654336906,380471
1,4065,1672691988985,1234655558515,3587880
1,4066,1645596591833,1253683383517,2196649
1,4067,1631691994752,1631691938037,523931
1,4068,1628965730968,1628961055721,1275689
1,4069,1635867329637,1387481751728,197093
1,407,1571487508945,1517665391565,451620
1,4070,1656515994203,1,7344048
1,4071,1651920622271,1214225650015,2062256
1,4072,1467385840521,1296169988801,15382902
1,4073,1698777929761,1294309195031,839521
1,4074,1564933703319,1564765598773,852524
1,4075,1538707332317,1536718294586,615191
1,4076,1663683423537,1481896498728,1061709
1,4077,1579562766205,1579548453215,925367
1,4078,1628298291604,1618885646526,189854
1,4079,1627140653190,1627136407127,575711
1,408,1631207187203,1245084682423,801623
1,4080,1587596977319,17,473045
1,4081,1630431022352,1585251679510,301661
1,4082,1624314211810,1462207435231,2115669
1,4083,1631541020413,12705,1405093
1,4084,1635372395294,1253421387690,1804159
1,4085,1614771841060,1614770703482,255111
1,4086,1607629904607,1321299141551,378406
1,4087,1600942388000,1600942382473,1587552
1,4088,1621565023298,1365293991008,396765
1,4089,1614615712144,1614615644335,294827
1,409,1625936545683,1617658030687,611090
1,4090,1640486933447,1556384731398,1631059
1,4091,1614112110245,1573836726772,551690
1,4092,1512746727400,1507050156448,513099
1,4093,1610838861072,1610838816177,774248
1,4094,1491128292043,1491127204262,440067
1,4095,1662883852159,1556384731398,666223
1,4096,1630975621480,1630975225666,282828
1,4097,1681822447270,1368292036119,874989
1,4098,1699974584165,1349477488901,2704648
1,4099,1320499485093,1320422982031,13741424
1,41,1619435431561,1618857701289,440926
1,410,1630481097387,1296499533072,431553
1,4100,1623121661146,1389086972995,4857419
1,4101,1612554140737,1612384402464,225672
1,4102,1621966436200,1444823161925,2921854
1,4103,1631031275888,1615824550921,1185067
1,4104,1688072918799,1598216066812,186654
1,4105,1635772441166,1348705063714,1205738
1,4106,1634045681841,1214225650015,844604
1,4107,1631721704323,1631721687443,986046
1,4108,1627852477062,1627850295624,848258
1,4109,1613519962010,1321299133411,624241
1,411,1606527944372,1321299141705,5494778
1,4110,1621960440120,1,1923808
1,4111,1618029343545,1618029254506,2171399
1,4112,1632610633933,1632609579759,376467
1,4113,1674534416527,1368292838866,2763286
1,4114,1625506450289,1237329777514,1475646
1,4115,1655881321568,1349477488697,1822475
1,4116,1571836566127,1303738105556,3006439
1,4117,1615996564566,1230430322217,10267191
1,4118,1602387443628,1368292036119,5034831
1,4119,1648558033982,1632592014242,1313502
1,412,1596111266497,1556533739563,2834580
1,4120,1671426934087,1671426879528,660453
1,4121,1416899338456,1358388308437,1699545
1,4122,1366994391864,1366737460713,1308212
1,4123,1631641407421,1631641365444,224042
1,4124,1621518780656,1621518706763,1470570
1,4125,1600986692818,1600986614345,802394
1,4126,1668966951128,1556384731653,784382
1,4127,1688608568442,1253778049413,838414
1,4128,1592121482929,1215489195718,1122811
1,4129,1453471444617,1424980673430,3243343
1,413,1561455409630,1341615722630,12105686
1,4130,1594871440520,1594850100893,188603
1,4131,1631471050358,1476084045215,615115
1,4132,1681291354000,1523723975222,754714
1,4133,1631526888179,1310576403943,530120
1,4134,1599870383167,1599870343836,1345488
1,4135,1605084437387,1368292036119,7258453
1,4136,1635840117482,201,2918485
1,4137,1691725348744,1500623303397,517441
1,4138,1615065853910,1549996080758,336870
1,4139,1658555285000,1245641480890,1917328
1,414,1671844376514,1439249890113,1008179
1,4140,1587330595900,1587329400416,2322605
1,4141,1696800223991,1368292036119,10960613
1,4142,1673909729202,1673909362712,203774
1,4143,1592714432853,1339252520768,2927343
1,4144,1668517750174,1558309119159,506732
1,4145,1641921786897,1368292036119,9793356
1,4146,1625086865464,1624907216228,3146372
1,4147,1446302077084,1254259888871,6696020
1,4148,1613143842203,1455118222619,261007
1,4149,1671832206465,1457297978965,1285004
1,415,1642411851484,1493072834874,5839888
1,4150,1427635465742,1281408947636,6766339
1,4151,1696807726706,1506028747825,947812
1,4152,1663771163720,1341238124197,196617
1,4153,1631102469253,1631100457974,823149
1,4154,1532810182505,1253683383517,3330197
1,4155,1610874455438,1610874198946,1094045
1,4156,1664779369215,1468852722064,2010674
1,4157,1649244373194,1341329977243,577394
1,4158,1541978122067,1437187566359,1896401
1,4159,1679929234000,1470839175231,1951666
1,416,1614884441000,1368292036119,659734
1,4160,1681295790519,1382060716753,2389060
1,4161,1616800483101,1349477488697,9747340
1,4162,1689985910424,1368292373925,2626664
1,4163,1565110971498,1368292123572,2569714
1,4164,1359250949426,1185996957304,394534
1,4165,1677630858000,1312176030510,2684979
1,4166,1658560224337,1363534232410,446279
1,4167,1630405857927,1630241446581,347086
1,4168,1599349161734,1599348631615,696311
1,4169,1601622788000,1325902101978,8665698
1,417,1591017980867,1591017965270,627095
1,4170,1636037463818,1349477488733,3391634
1,4171,1618183186988,1618183003101,7829541
1,4172,1563417354986,1387378669300,870308
1,4173,1625147190089,26081211,1763058
1,4174,1607487280141,1607487215582,271338
1,4175,1625862313941,1561938102410,203232
1,4176,1679088515315,1554915328111,313922
1,4177,1662557243919,1368292036119,1336310
1,4178,1614162414481,1587325126423,1055914
1,4179,1572562975882,1447133831131,9599762
1,418,1530124412822,1253683383563,440978
1,4180,1691440693248,1597089398598,522765
1,4181,1673556152210,1339252520768,328613
1,4182,1654005587812,1343592342759,1602728
1,4183,1645409384643,1365293606461,439013
1,4184,1634004951475,1634004945424,439497
1,4185,1618940178499,1349477488771,15168733
1,4186,1601835496000,1601647257784,238694
1,4187,1505148932565,1366565520438,701154
1,4188,1579489043469,1579488845948,2730380
1,4189,1609707375277,1214225650015,182965
1,419,1629304277473,1629304261532,1197837
1,4190,1385959141189,1255616619242,4228190
1,4191,1579237889169,1579236850222,4502014
1,4192,1695831170901,1421053836513,1940941
1,4193,1299600544316,1271205129001,1111962
1,4194,1609483721451,1386291448180,6627156
1,4195,1545339355417,1545308636348,3080547
1,4196,1533074252126,1245641481228,15713281
1,4197,1686240001723,1326834842421,1230063
1,4198,1675999473772,1368292036119,3790292
1,4199,1630675258820,1630590341640,924914
1,42,1670909371478,1602826025652,1283337
1,420,1686604520516,1185996957304,9418214
1,4200,1436617948591,1357860349438,2747818
1,4201,1620314325869,1185996957304,2128819
1,4202,1610241575874,1382060716753,3369511
1,4203,1497719751349,1304991588190,4981804
1,4204,1617214220009,1542810635241,5077366
1,4205,1621276038342,1501814060829,474900
1,4206,1512996006454,1290201785625,3555312
1,4207,1617894656048,1382060716753,1190809
1,4208,1655119433776,1402176732152,3621596
1,4209,1699084597152,1379277501567,1596751
1,421,1697222707631,1573734029035,181631
1,4210,1622916285798,1622916258507,225388
1,4211,1665437134495,1506981825186,3706876
1,4212,1623169824211,1623169728442,304098
1,4213,1432109049148,1214225578718,2924221
1,4214,1588200508514,1339252520768,3049994
1,4215,1692348028421,1483693975630,950968
1,4216,1686548099920,5,173540
1,4217,1660961549000,1264653384165,9793632
1,4218,1670870952399,1669317175863,306716
1,4219,1509702809535,1509702276404,9229838
1,422,1618485109411,1,6199014
1,4220,1631553507034,1631553329488,560858
1,4221,1675585374842,1445128471577,629874
1,4222,1454348101523,1442720382647,4422172
1,4223,1548836253541,1434539087341,7092416
1,4224,1579405885455,1368292036119,20796769
1,4225,1691981889959,1248055570234,352653
1,4226,1619718875413,1619704329379,804169
1,4227,1692754214322,1549775725919,210428
1,4228,1574002713647,1574002696296,444251
1,4229,1646067620621,1568051220390,1489174
1,423,1350759449898,1284808890677,3700611
1,4230,1636233404690,1587782224323,671749
1,4231,1648164537039,1321814180155,294259
1,4232,1620084058556,1,3484715
1,4233,1680794542002,1619469707272,253552
1,4234,1660767134359,1660765416005,188080
1,4235,1629072658791,1365293606461,12424759
1,4236,1397899764770,1397412925577,2153221
1,4237,1605729414926,1605729235564,399525
1,4238,1664205387679,1402540913398,26025634
1,4239,1630353908537,1630352799500,671549
1,424,1573530441069,1479399198883,1076900
1,4240,1604047097565,1600274429811,863504
1,4241,1518333991147,1321299134529,18044906
1,4242,1550302800320,1331102569886,2897300
1,4243,1617623820116,1386840286788,222811
1,4244,1632398323737,1251884013030,182886
1,4245,1651364872103,1368292340870,6480008
1,4246,1632768860721,1541930768318,346769
1,4247,1679569075390,1497484861934,383336
1,4248,1635091505226,1538152300103,7870715
1,4249,1690425764944,1393817670651,6724638
1,425,1643457107935,1331102569886,704922
1,4250,1646942572702,1368292251847,3524169
1,4251,1561134600760,1561133342957,1301862
1,4252,1633004522133,1447799294995,290712
1,4253,1510278119042,1510255459561,1298685
1,4254,1694441549039,1404247845128,227043
1,4255,1544763431871,1432839994878,343158
1,4256,1670239498000,1365293606461,274182
1,4257,1630554316559,1630535496593,305584
1,4258,1621260780109,1620932337321,250002
1,4259,1554936365886,1368292036119,5033907
1,426,1684329593000,1393817670651,212312
1,4260,1637741131114,1578996645502,9663523
1,4261,1683578798297,1433811156846,444593
1,4262,1635335233097,1385335604609,5320592
1,4263,1567523552907,1567523539968,10377135
1,4264,1633280036432,1513374107627,542487
1,4265,1662521648243,1413859711864,177076
1,4266,1376360011998,1234655558515,11666126
1,4267,1618367402215,1609816101606,10649974
1,4268,1360611074494,1360561972777,1283996
1,4269,1631150466422,1579874002265,250362
1,427,1632674113138,1631709013562,505305
1,4270,1582260249889,1368292036119,24558730
1,4271,1542257839266,1253683383563,2789835
1,4272,1513694445107,1512377848631,3748334
1,4273,1530115612624,1398200633654,9040678
1,4274,1630558434001,1630545166087,2406414
1,4275,1615059368940,1615059329565,184772
1,4276,1403448238332,1243471197080,16160855
1,4277,1570654879667,1570654872005,7027414
1,4278,1681948041854,1366757977454,11498462
1,4279,1636955443167,1363171201399,4377541
1,428,1649939562866,1405189436661,469548
1,4280,1569210260117,1329037747093,24903419
1,4281,1506527559326,1379541049761,241108
1,4282,1405081402784,1224470100246,6980097
1,4283,1673916051019,1349477488697,7201799
1,4284,1459252640448,1277270867449,3925412
1,4285,1601541537441,1601538553990,302383
1,4286,1691669288000,1449350070018,2150229
1,4287,1519547534142,1230430322217,2332390
1,4288,1623952372018,1402176459981,1910693
1,4289,1559750688428,1475157809223,642598
1,429,1425993478151,1425106476528,215664
1,4290,1597158114382,1464432278299,1351522
1,4291,1643192103033,1394069037801,19979480
1,4292,1632831571709,1,1609827
1,4293,1622825758538,1321299141419,517123
1,4294,1656783383742,1501814060829,359210
1,4295,1697633105000,1230439790037,7256193
1,4296,1591326059049,1591326006091,686367
1,4297,1553136511031,1553135503633,3437733
1,4298,1690991047625,1623734811980,449737
1,4299,1679899651779,1586588901619,619975
1,43,1588113246257,1359068335861,282847
1,430,1571715544826,1338997975920,5862129
1,4300,1585275803722,1547760633236,1495311
1,4301,1494328840225,1494328826745,5997362
1,4302,1624390177447,1339252520768,1343437
1,4303,1587314891388,1382060716753,9339959
1,4304,1632604820379,1632388572415,3502648
1,4305,1676080995461,1264653384165,11000077
1,4306,1697829389780,1363171201399,2336639
1,4307,1695601192000,1403140583905,6440611
1,4308,1660904352739,1660902471056,255361
1,4309,1557689992440,1498879059366,3298901
1,431,1612792200095,1612791691676,1021663
1,4310,1578461130435,1578435742942,1150269
1,4311,1675898939702,1421053854493,1689053
1,4312,1700101067314,1467682100454,11092445
1,4313,1632498604894,1253555744278,1165802
1,4314,1685329059791,1253683383517,956583
1,4315,1436847117758,1185996957304,7507005
1,4316,1661404305082,1365293606461,9703842
1,4317,1605482923721,1534961395505,1319843
1,4318,1667942593410,1666344075214,322562
1,4319,1604348195714,1349477488732,2509107
1,432,1599333383990,1549775725919,378841
1,4320,1628985400711,1349477488803,5098278
1,4321,1636600870116,1389609484811,862589
1,4322,1671654217436,1577405472947,1450921
1,4323,1502908622196,1270413417890,340557
1,4324,1669284321000,1440981296014,514191
1,4325,1630543518551,1630543374987,1713812
1,4326,1648570813696,1402352757998,696225
1,4327,1582607268045,1368292036119,20833532
1,4328,1690274992523,1597243102163,284103
1,4329,1679769332809,1368292251847,2920651
1,433,1669997843017,1368292251847,18339681
1,4330,1533665491782,1533662807945,1068787
1,4331,1622909107804,1404247876096,5671461
1,4332,1628212249607,1341386344459,5000316
1,4333,1629423525571,1489191900537,1885063
1,4334,1618086927793,1618084783163,972956
1,4335,1677812071343,1552792886980,314629
1,4336,1609971274032,1263172864296,7987444
1,4337,1685546214691,241,3830807
1,4338,1630812994738,1339252520768,1829426
1,4339,1522254601513,1522177676968,2439616
1,434,1663394970924,1663247041286,529817
1,4340,1655808695977,1529272378202,1263857
1,4341,1589945258299,1321299142105,26192551
1,4342,1569113443069,1421053844342,596037
1,4343,1641137515325,1343768158498,1712022
1,4344,1591731384103,1385761794346,2205977
1,4345,1658792145192,1504866991759,524794
1,4346,1619448694335,1339252520768,9369085
1,4347,1432834815142,1366757977454,779670
1,4348,1331086370794,1185996957304,2272121
1,4349,1361740126307,1359047250267,306010
1,435,1624247922069,1456501674806,205037
1,4350,1631932888109,1631932076329,490046
1,4351,1675456770881,1339252520800,1664003
1,4352,1604056808387,1604054853005,292488
1,4353,1477916138122,1477325867564,14416777
1,4354,1571122049377,1519226725541,515886
1,4355,1618323986689,1618323952026,2541242
1,4356,1632146418401,1632141875195,254384
1,4357,1623622534007,1321299141467,6914336
1,4358,1660057812000,1283090808555,7907786
1,4359,1685689479438,1537608080255,4192274
1,436,1630544010506,1368292036119,9879155
1,4360,1603987470414,1603987436586,948285
1,4361,1672954520976,1368292036119,2574472
1,4362,1647452304498,1470860511926,10911658
1,4363,1634792898706,1537636844447,230138
1,4364,1638865993440,1382060716753,1655724
1,4365,1606408791794,1287867057355,762506
1,4366,1564102307734,1254259829410,242058
1,4367,1457883237630,1255656595510,2432884
1,4368,1687892135303,1554916743661,380394
1,4369,1517161262253,1517161196619,2935597
1,437,1691391562713,1368292627098,556426
1,4370,1572030622157,1368292036119,13269533
1,4371,1689780714235,1475383622641,359144
1,4372,1572582309811,1551289348662,2408266
1,4373,1681834251939,1446978102140,2677079
1,4374,1639339067378,1253683386863,1782742
1,4375,1590274993348,1,732546
1,4376,1575708945830,1335782638416,684465
1,4377,1349534800239,1346041528278,17411104
1,4378,1685360740000,1611568347877,1051767
1,4379,1590007346393,1254259829410,2802280
1,438,1619320123917,1321299141411,601370
1,4380,1459624346668,1308152705643,276927
1,4381,1571690486659,1296169988801,2121888
1,4382,1629626701761,1629626683677,1963598
1,4383,1698516994188,1677579181992,633446
1,4384,1616743238917,1321264496055,865134
1,4385,1608016057986,1391741012224,4958912
1,4386,1641076321913,1368292251847,9212480
1,4387,1662041219564,1574587964637,708972
1,4388,1617963965121,1617958594548,729684
1,4389,1612418709264,1612418592844,636714
1,439,1631528471273,1631230383489,743383
1,4390,1621651345314,1621641482740,607145
1,4391,1618812015920,1618811990264,2352746
1,4392,1672935578517,1481105437409,435452
1,4393,1585998504137,1377176488199,804661
1,4394,1619054339885,1339252520768,12204565
1,4395,1623112666301,12705,1514557
1,4396,1649191515421,1368292036119,6576319
1,4397,1562991392694,1253683383517,3418158
1,4398,1459439062194,1406269051594,517318
1,4399,1630899308479,1393817670651,1775222
1,44,1596829393670,1596829354234,436409
1,440,1632028407363,1355193962982,1589291
1,4400,1672188975938,1582129257592,538532
1,4401,1616363145397,1,5756296
1,4402,1647925610342,1368292123572,9476834
1,4403,1632173968083,1632172445227,291218
1,4404,1612861137245,8686,3901744
1,4405,1642389226838,1360283595647,869943
1,4406,1686582972806,1296169988801,233893
1,4407,1672034334000,1413859711864,719459
1,4408,1615102777724,1325902101971,542826
1,4409,1602504027931,1452713554046,362939
1,441,1613386375069,1430323817296,4744590
1,4410,1618304311002,1618300158487,618338
1,4411,1647876577362,1496491660191,521161
1,4412,1571161155132,1349477489421,1212363
1,4413,1631329640386,1631328806615,191220
1,4414,1642747532047,1549361954540,650052
1,4415,1621942045438,1349477488697,15769995
1,4416,1631808782724,1631806720640,454371
1,4417,1690352786899,1402457846518,454440
1,4418,1585537958790,1461806891789,3572587
1,4419,1630446691364,1520995346924,256384
1,442,1631031614141,1479242579780,659359
1,4420,1700414438373,1618944155155,639583
1,4421,1614903065203,1237329777514,2307156
1,4422,1604064079727,1269722041469,6461584
1,4423,1687850361104,1360933379304,278990
1,4424,1311032804461,1185996957304,786800
1,4425,1604347433315,1604347216516,401077
1,4426,1683396034459,1416346316579,1120032
1,4427,1590962112234,1590962036223,292102
1,4428,1579163836000,1537292390000,5977948
1,4429,1698513249299,1402176732152,553890
1,443,1630509217404,1368292036119,5953796
1,4430,1540388286321,1539878239549,556702
1,4431,1623838783516,1615927454817,588633
1,4432,1613091613781,1613057954518,693886
1,4433,1566083126996,1566081999299,326145
1,4434,1634098458372,1288463827711,225519
1,4435,1642215093847,1642198442646,735587
1,4436,1629730717165,1321299141551,791905
1,4437,1511294471978,1245205460625,675315
1,4438,1659984959823,1368292036119,19631964
1,4439,1670609755221,1421053845881,792643
1,444,1631107755823,1631107041283,1004126
1,4440,1574312156912,1448937520987,578218
1,4441,1567142947190,1245704302701,1796751
1,4442,1698307914484,1490615017754,6288090
1,4443,1658597326901,1383654093269,2695480
1,4444,1609614147857,1609600871431,7889243
1,4445,1697384774836,1368292036119,10446349
1,4446,1623385246292,1349477488697,4473339
1,4447,1593988339842,1439130117498,2176911
1,4448,1672516473704,1374455345202,475181
1,4449,1669284309930,1462700569896,473984
1,445,1613805539529,1613805491493,1106804
1,4450,1647472700388,1339252520768,1572159
1,4451,1660867000038,1660865356429,881444
1,4452,1599072219192,1365293606461,1836778
1,4453,1696099599870,1214225650015,1044106
1,4454,1397899764770,1397412925577,10031095
1,4455,1608058682919,1382060716753,22600778
1,4456,1600316104505,1600145067981,215318
1,4457,1357655825015,1357654336906,263522
1,4458,1659847972957,1642974451770,295358
1,4459,1612615091095,1612465955176,362151
1,446,1664626912023,1489726610030,550869
1,4460,1699375544000,1253683383517,467982
1,4461,1654400299000,1395540982659,320490
1,4462,1578915719752,1563525954129,281447
1,4463,1643800172134,1542467952842,698499
1,4464,1631657104442,1631655238950,1372438
1,4465,1692063331258,1692061410381,296682
1,4466,1697127975822,1253683383517,379976
1,4467,1700320335684,1572922428325,4958188
1,4468,1609147430264,1287867057355,21074940
1,4469,1667833957126,1556384731398,839185
1,447,1562369336082,1321299141647,6597483
1,4470,1661641466133,1349477488779,7910788
1,4471,1632360825474,1632360805007,918800
1,4472,1346592545244,1288686584790,1226674
1,4473,1631735386386,1282589134718,6791673
1,4474,1586029011371,1505585593372,663153
1,4475,1572789557369,1572789537375,681103
1,4476,1552137203438,1402456305835,644161
1,4477,1632950719633,5243476,674689
1,4478,1664892767896,1402175764376,6633563
1,4479,1625765551493,1365293606461,2995676
1,448,1586501371517,4221,697019
1,4480,1691940162000,1533826824019,679496
1,4481,1565854524764,1480952513062,656670
1,4482,1612348759604,1469462764585,190960
1,4483,1495286505143,1293945404587,2957157
1,4484,1599556976319,1596955003602,1005700
1,4485,1643754494455,1599424580645,313172
1,4486,1630763380863,1630757752585,3317267
1,4487,1632942872658,1349477488741,5872170
1,4488,1597958910569,1365902145829,1204425
1,4489,1589842066725,1463839503732,1617270
1,449,1672160338065,1567714583590,8055464
1,4490,1635969973035,1353004386890,28277559
1,4491,1374509537408,1282186996953,29826833
1,4492,1378344650054,1378344616173,1521656
1,4493,1669056960255,1296169988801,496951
1,4494,1633172221611,1296252692358,353974
1,4495,1633066158373,1633066150767,1379960
1,4496,1700293621258,1495988367088,7054219
1,4497,1621908538377,1413420242331,665502
1,4498,1605562731882,1514282899066,3477745
1,4499,1599399345187,1599398850563,359570
1,45,1639556272619,1546536898404,182699
1,450,1485855706581,1443836176282,6067506
1,4500,1604356064863,1349477488698,11398751
1,4501,1357655825015,1357654336906,6699256
1,4502,1645461559448,1331227773832,6637178
1,4503,1319095863643,1319094647251,401657
1,4504,1619532223344,1619530114608,952826
1,4505,1632403309286,1543153224578,481868
1,4506,1633185218762,1566222729834,294781
1,4507,1595860889751,1595860800354,388237
1,4508,1590261199357,1296173419495,2290826
1,4509,1665911704228,1489211667857,4119309
1,451,1578175054486,1346943361935,490900
1,4510,1629225816413,1349477488697,5626251
1,4511,1648440209135,1479242579780,2964655
1,4512,1441665000456,1441644759006,980443
1,4513,1699384578515,1670259182178,845393
1,4514,1649670751742,1285709533167,595197
1,4515,1680963786173,1384880098314,188574
1,4516,1678588897916,1678408593120,410952
1,4517,1357655825015,1357654336906,2814436
1,4518,1605390095841,1382060716753,1450557
1,4519,1559874914000,1365293606461,2551690
1,452,1663611755696,1214225650015,3260559
1,4520,1413724725793,1255225998258,9400838
1,4521,1575462503315,1575461930252,350120
1,4522,1659369040447,1353839829213,232421
1,4523,1619366852762,1619366333291,278826
1,4524,1619686899440,1619654979102,471914
1,4525,1555512492777,1373488227889,1578976
1,4526,1577023385508,1577023363317,4775241
1,4527,1405094592412,1283090808555,10881694
1,4528,1697418408308,1394068343377,938575
1,4529,1566773716390,1566341433598,2609054
1,453,1609278106943,1321299141705,748424
1,4530,1692236724015,1391741012224,2887087
1,4531,1674817826403,1230430322217,9864657
1,4532,1632275259568,1493681405375,751969
1,4533,1633533097232,1353588447521,634928
1,4534,1653794742887,1273439686875,1437771
1,4535,1630108353494,1630108328754,784655
1,4536,1595836570905,1349477488732,1883537
1,4537,1460538170772,1255656595510,5929414
1,4538,1668430411873,1632139412807,2185707
1,4539,1614002075312,1412918373333,246646
1,454,1641771885627,1368292036119,975852
1,4540,1682447937985,1315615385694,1526107
1,4541,1366994391864,1366737460713,7539356
1,4542,1667151511238,1667060266085,2177958
1,4543,1638233521611,1275485285484,2495432
1,4544,1577012580081,1414449683001,595026
1,4545,1604664330583,1604664284476,438401
1,4546,1669096353358,6,283303
1,4547,1499026327824,1289380192145,5908195
1,4548,1673172937671,1555615216139,2661956
1,4549,1615586211200,1,1234964
1,455,1655127124862,1283030513648,4734672
1,4550,1673332305436,1479242579780,1811648
1,4551,1582729263067,1582729247155,661961
1,4552,1683040810881,1368292036119,3949883
1,4553,1655186704048,1590581195292,641216
1,4554,1600110982494,1365293606461,29132393
1,4555,1679592056778,1368292036119,1174075
1,4556,1623089895320,1623089838185,1117370
1,4557,1589819472652,1588794477694,354012
1,4558,1627633441684,1476496050230,819771
1,4559,1449329590856,1449328328219,914441
1,456,1616594315912,1459460388134,6882475
1,4560,1612872711713,1526819733810,9339843
1,4561,1665860372752,1214225650015,224664
1,4562,1416055761166,1416055744175,945900
1,4563,1648397319122,1379541049761,3154525
1,4564,1660585713439,1368292036119,1076745
1,4565,1608857923069,1608857885393,491867
1,4566,1660011382000,1230438809009,23609028
1,4567,1609590021226,1,393643
1,4568,1523022599572,1523020260894,1933008
1,4569,1652860661503,1652856337973,626080
1,457,1622725056850,1365293606461,1885745
1,4570,1635987447304,1479242579780,999087
1,4571,1661279325276,1407863349182,543813
1,4572,1629424757115,1349477491164,9160342
1,4573,1642208509348,1500749718892,2704073
1,4574,1357655825015,1357654336906,8908972
1,4575,1648382261132,1321299141705,455692
1,4576,1672120726031,1402352742263,4311604
1,4577,1468867575044,1386756432692,5028638
1,4578,1516643743896,1516642552984,4170846
1,4579,1637091456874,1630688399807,4807178
1,458,1664795777564,1349477488734,1670787
1,4580,1631018579412,1631014812020,276969
1,4581,1620626636041,1620477793679,187619
1,4582,1597175574019,1253683383517,932902
1,4583,1481930447685,1414415397156,2066747
1,4584,1667946827139,1667796520586,1988435
1,4585,1667142485959,1349477489448,674175
1,4586,1686144066931,1368292406332,1538608
1,4587,1643170554062,1368292406332,9247367
1,4588,1688052776716,1368292036119,13119157
1,4589,1563051744779,1562629473055,341838
1,459,1584958639742,1419644220831,208434
1,4590,1630755409556,1630755386897,3418969
1,4591,1559314905877,1315749002730,5027607
1,4592,1694047477325,1185996957304,873640
1,4593,1632391982930,1632391574347,2092223
1,4594,1617455957180,1349477488697,1798187
1,4595,1540736295730,1540736259933,830204
1,4596,1587335261978,1349477488732,24231654
1,4597,1616380722968,1331565515953,6178464
1,4598,1655197031744,1230430322217,9396816
1,4599,1616093952237,1349477488698,11943087
1,46,1593368202221,1230440346864,4582749
1,460,1631071624632,1631071352837,781216
1,4600,1693586297492,1546536898404,386805
1,4601,1646798975216,1383367477625,6027697
1,4602,1634746886345,1634743230960,198339
1,4603,1616314591274,1616314536134,786443
1,4604,1636809231638,1636807915830,7977421
1,4605,1630920213083,1448934763582,11466673
1,4606,1608440975000,1320012427131,275878
1,4607,1516046440675,1516027926086,1436478
1,4608,1590173977767,1586739310743,844074
1,4609,1590264364076,1368292251847,11236433
1,461,1628098605321,1273439686875,401839
1,4610,1649017110974,1421053840292,1117588
1,4611,1632002405604,1253683383517,403390
1,4612,1699904019547,1601969328763,768112
1,4613,1633116225266,1532336457146,229956
1,4614,1631410068352,1631409949686,7173368
1,4615,1602673704471,1567438033674,785610
1,4616,1625856985761,1441617153045,172274
1,4617,1697118636782,1,2055898
1,4618,1633839772610,1368292036119,520001
1,4619,1671461393175,1404949477543,2899345
1,462,1618374798959,1296169988801,369080
1,4620,1460467647861,1264049677740,1225902
1,4621,1694685552000,1662892916160,1272766
1,4622,1633452351247,1544398342059,783008
1,4623,1630432843617,1630432799655,1289809
1,4624,1605696210064,1361815692215,15898755
1,4625,1617528646785,12705,2580913
1,4626,1679598207263,1363171201399,304231
1,4627,1631142874001,1296169988801,2445411
1,4628,1662123961000,1351114569841,5947885
1,4629,1628694187389,1349477488732,647309
1,463,1561054575433,1380316960135,13802324
1,4630,1616514443378,1614557622880,313709
1,4631,1544281875573,1544281728668,356660
1,4632,1601937242573,1368292036119,5625363
1,4633,1604386404851,1,582996
1,4634,1669675409325,1346155950661,461846
1,4635,1682834078121,1339252520768,270000
1,4636,1606926003340,1606566605036,4557101
1,4637,1626291572105,1553874394458,777069
1,4638,1686751436899,1627580261316,594907
1,4639,1650827403845,1235155429769,5721080
1,464,1646703994947,1365293991008,626162
1,4640,1636992049892,1296499533072,1499252
1,4641,1659866133730,1346155950618,8707127
1,4642,1631040678323,1520749256502,880981
1,4643,1663683583473,1368292251847,12178771
1,4644,1614732901525,1357066406969,338787
1,4645,1666967027182,1253683835741,352388
1,4646,1677537190000,1292381855591,5012032
1,4647,1617573369478,1291874591243,5141725
1,4648,1477099039541,1476900025143,2099984
1,4649,1618788091130,1617443051398,1583359
1,465,1626500565839,1,4532334
1,4650,1671547597000,1294825709796,2398117
1,4651,1684041453000,1368292838866,786777
1,4652,1523739550431,1303670814437,232299
1,4653,1630515682949,1368292036119,1026633
1,4654,1696235968000,1535389944831,348915
1,4655,1641409036842,1430878926884,2390580
1,4656,1632140066602,1631195182461,277467
1,4657,1602604754566,1556384731398,671954
1,4658,1689696076720,1349477488732,656108
1,4659,1586262015309,1586261993716,2820804
1,466,1678307958878,1273439686875,1529861
1,4660,1636201109840,1335782638416,1314997
1,4661,1572100434816,1559349122589,780743
1,4662,1534771007505,1,7102355
1,4663,1666342811000,1666340630118,2464390
1,4664,1675478643044,1230524912112,8597752
1,4665,1668015177000,1196458960,1406258
1,4666,1686105565823,1394240357489,649839
1,4667,1394058084268,1394057982978,6110394
1,4668,1647317832175,1647316672155,337279
1,4669,1590415415146,1590415393471,418485
1,467,1611447049210,1349477490026,13781773
1,4670,1615997415822,1615997395110,865459
1,4671,1478667244801,1282595511890,784159
1,4672,1554768443166,1554685021862,1674176
1,4673,1641409036842,1430878926884,423026
1,4674,1633330013391,143,230152
1,4675,1684611445000,1353589066801,2324952
1,4676,1382598193024,1376323788307,287773
1,4677,1685469254000,1382060716753,4915528
1,4678,1697285003641,1410041601119,2127669
1,4679,1682695834969,1391741012224,337808
1,468,1505379782115,1314066562885,565623
1,4680,1601073279000,1601072628615,537805
1,4681,1696717063012,1403399379131,496277
1,4682,1685766446770,1392949587908,3988216
1,4683,1695465300723,1341386344459,2893184
1,4684,1603973089743,1395429108602,2019548
1,4685,1642301396749,1368292036119,1725252
1,4686,1664717693157,1472236142516,8447985
1,4687,1550608949317,1440743651341,515859
1,4688,1630355993989,1630355973675,2599307
1,4689,1544687384754,1544687343452,7998415
1,469,1603824762613,1603824194475,168951
1,4690,1610824323126,1610734657151,223287
1,4691,1599193444393,1599193415350,797629
1,4692,1695721803773,1442012096679,335954
1,4693,1612439578008,126,9148402
1,4694,1622157721086,1621654875251,876612
1,4695,1667675335234,1597880902169,1758819
1,4696,1611846187148,1320841954656,5894619
1,4697,1654468204293,1447803852831,1804076
1,4698,1414639291435,1329671517493,3359298
1,4699,1587316400686,1503439846945,1397382
1,47,1610107138703,1453361076622,203017
1,470,1483628982794,1242787540527,6071029
1,4700,1674586116096,1321299133411,2170514
1,4701,1623027852787,1582640226468,3414168
1,4702,1661925745195,1670,216363
1,4703,1598003546134,1598002832384,354406
1,4704,1632400551672,1632318618174,240582
1,4705,1635765952064,1540629857301,446273
1,4706,1630974992459,62,7085235
1,4707,1666600226119,1564535756848,1240847
1,4708,1540210517331,1540206088977,1365242
1,4709,1601938531527,1601938492043,199836
1,471,1641158660122,1571037782491,703401
1,4710,1698009953128,1358606738334,308335
1,4711,1559006580481,1253683383517,6683485
1,4712,1378858098196,1256420423484,1850918
1,4713,1618367447095,1618367434478,1076806
1,4714,1634510636882,1349477488804,998347
1,4715,1582765975946,1582765579689,1430586
1,4716,1631891321713,1526819910644,8605080
1,4717,1623620313413,1481322943260,777885
1,4718,1644120142208,1377868000350,1723067
1,4719,1682581970169,1462054771276,239749
1,472,1577710948375,1352570420990,387622
1,4720,1681236972032,1681236828307,182473
1,4721,1649937082135,1519818476766,2766948
1,4722,1683750063427,1468270965559,3456634
1,4723,1600799146144,1600759853094,191290
1,4724,1625195327086,1402175764376,670643
1,4725,1657045903781,1597065143792,3875227
1,4726,1515467765055,1339252520768,7851148
1,4727,1633396027810,1368292036119,1553647
1,4728,1312621184742,1268265652765,27193968
1,4729,1605078494036,1245831150005,6683459
1,473,1539301992547,1539301807810,1322824
1,4730,1690558920111,1481690572799,669891
1,4731,1645982677614,1556033746178,233983
1,4732,1649795799939,1356396068311,734199
1,4733,1619911605606,1368292036119,4448323
1,4734,1691665986298,1403295677011,5631134
1,4735,1622128481092,1495917720576,202995
1,4736,1700066713539,1461600915804,440072
1,4737,1676565594058,1676480108328,414100
1,4738,1646298166787,1623598527253,292745
1,4739,1416899338456,1358388308437,4022257
1,474,1630439887851,1349477488697,649017
1,4740,1633768310064,12705,1857191
1,4741,1646700215242,1368292036119,1355192
1,4742,1653912247902,1484452834847,26424531
1,4743,1628039814967,1349477489048,9333121
1,4744,1603132803611,1508509581104,2626189
1,4745,1625765551493,1365293606461,1573158
1,4746,1679593053423,1641316356582,3227999
1,4747,1427898624717,1251880876495,9343927
1,4748,1593798992607,1593731451280,304572
1,4749,1492377313687,1,12325732
1,475,1660779687281,1484686921121,1148224
1,4750,1632961530663,1612488031732,366435
1,4751,1552137203438,1402456305835,608291
1,4752,1446147039416,1446146953471,3323172
1,4753,1614915475078,1614638398144,912850
1,4754,1611185396157,1449636991453,9258249
1,4755,1626885462115,1281812902144,1460166
1,4756,1631546111792,1631544879190,2339861
1,4757,1589687930983,1589647254295,1552490
1,4758,1611421363766,1611421163281,554586
1,4759,1612238977918,1420810633483,716238
1,476,1596866632213,1494993976063,2467525
1,4760,1579945131127,1579944900020,665452
1,4761,1657236955000,1368292036119,5921065
1,4762,1599950592964,1365293606461,15789847
1,4763,1634069513581,1631905140049,798353
1,4764,1685039648471,1553874394458,638412
1,4765,1605344861543,1467063868554,916102
1,4766,1611079281765,1611077940151,181968
1,4767,1543759098995,1253683383517,2619187
1,4768,1422914694405,1283090808555,15939350
1,4769,1645926050612,1645923443312,650175
1,477,1668537621783,1349477488793,1359471
1,4770,1601340321199,1349477488978,13367562
1,4771,1679336479687,1581765015952,6223419
1,4772,1635446498167,1635259037292,688729
1,4773,1604866492368,1389086972995,298486
1,4774,1605447004228,1392952448826,1880022
1,4775,1610646480808,1610645985321,2156001
1,4776,1394371820168,1267221591984,5988370
1,4777,1694291525280,1352629153824,277274
1,4778,1563304317027,1349477488697,4540177
1,4779,1581662789864,1282593197437,11715661
1,478,1631970569340,1631885758886,12820047
1,4780,1622909663039,12705,509383
1,4781,1637639875281,1378920954062,462329
1,4782,1602756408000,1,14395841
1,4783,1639671995960,1512314679070,340651
1,4784,1632147041784,1632144827653,351161
1,4785,1583862502918,1514651569522,1942616
1,4786,1565138427839,1565137760396,2372647
1,4787,1640079138800,1640077664792,1171386
1,4788,1693376241978,1551059204058,246704
1,4789,1635977003355,1366085169330,2767047
1,479,1692113721544,1298943011921,2086549
1,4790,1619410326041,1618941364418,217154
1,4791,1609272962224,1609272946296,278075
1,4792,1592594528811,1339252520768,5633017
1,4793,1642334554078,1642334382675,356121
1,4794,1622550182295,575,12631751
1,4795,1512525624284,1512525443844,600970
1,4796,1632504089250,1632477800860,1019954
1,4797,1615578275777,1321299141411,2055472
1,4798,1660534201300,1365293606461,587598
1,4799,1602928873283,1537668233487,931292
1,48,1361740126307,1359047250267,592276
1,480,1678389814486,1381359210080,4649547
1,4800,1647362409882,1393817670651,1815807
1,4801,1500680265558,1428178480153,663620
1,4802,1698689154525,1537014055082,928521
1,4803,1674119745838,1404247875880,1438714
1,4804,1670283357004,1553874394458,1189787
1,4805,1396300448397,1396300361269,1639690
1,4806,1670598228809,1462931932663,810162
1,4807,1669300945965,1574587964637,269418
1,4808,1681510999494,1230437278046,5121933
1,4809,1600204571103,1446317063891,6783014
1,481,1565729983316,1565728303767,2129524
1,4810,1648948182693,1349477489436,2994601
1,4811,1661678231895,5,6750677
1,4812,1648846017144,1368292036119,3363058
1,4813,1612961976216,1255653553364,7973887
1,4814,1681837907009,1544126924483,897687
1,4815,1659241914335,1382060716753,373451
1,4816,1528874752436,1281408947636,10876279
1,4817,1602462716387,1602352719637,460161
1,4818,1632308598915,1632302640572,836105
1,4819,1600548726000,1600548698541,1569593
1,482,1678224343434,1479242579780,1152978
1,4820,1489563526320,1357604010011,4251074
1,4821,1620079486566,1425556627973,1293026
1,4822,1665278716973,1665278464141,734998
1,4823,1626540651342,1296169988801,2177108
1,4824,1595955788153,1427284844953,17680919
1,4825,1666874505000,1368292036119,8972557
1,4826,1631635770798,1459381160365,633397
1,4827,1607781965276,1253683383517,1101703
1,4828,1648267096786,1,3176589
1,4829,1553812504777,1547988610407,2915317
1,483,1604852585132,1,5108503
1,4830,1635576763915,1511795919582,5157406
1,4831,1695483904000,1402678005040,3916590
1,4832,1699925678239,1402176532682,676350
1,4833,1609270961062,1609270953842,261967
1,4834,1568214982424,1437641510787,270163
1,4835,1679492284299,1368292123572,7264677
1,4836,1578093085130,1578093058967,791860
1,4837,1342194996692,1211305353528,10568424
1,4838,1621273378498,1621273321628,1066779
1,4839,1585850241847,1585845134120,435125
1,484,1647289480248,1414939341056,934742
1,4840,1686557395156,1440881108150,1218758
1,4841,1663539125580,1599439011921,237340
1,4842,1634310784393,1634251759284,138605
1,4843,1605904181404,1604322356753,312099
1,4844,1603488829910,1543379319751,213379
1,4845,1394121456568,1369973869330,3734746
1,4846,1645317639901,1321299141461,330427
1,4847,1580649342066,1265061266990,597919
1,4848,1623467240470,1623464896719,1819989
1,4849,1635825257585,1349477488740,8623006
1,485,1612658930125,1612658753237,1182728
1,4850,1645344012478,1508077073702,2081507
1,4851,1689209511656,1296169988801,414060
1,4852,1556392422658,1556391910924,12780219
1,4853,1566470703236,1515856584488,6682522
1,4854,1632062596379,1632062505205,443214
1,4855,1691475726068,1675253025516,1286792
1,4856,1563924998940,1563924964496,1467115
1,4857,1655351933141,1448934764226,518161
1,4858,1688903036411,1469594534603,16752962
1,4859,1660784806000,1508406092542,238470
1,486,1610123840758,1389086972995,1081514
1,4860,1673108522803,1340808334437,2241155
1,4861,1561274983215,1454686210903,223313
1,4862,1664209989219,1466475726426,1318947
1,4863,1552137203438,1402456305835,1601195
1,4864,1668603751840,1349477488697,7127811
1,4865,1645395676355,1234655558526,861230
1,4866,1645020064024,1358044891925,576043
1,4867,1622654132372,31,13536052
1,4868,1656780490083,1365293606461,561709
1,4869,1357655825015,1357654336906,534526
1,487,1542810579659,1499258699993,350580
1,4870,1623649861045,1623576460395,654862
1,4871,1469988753045,1394211995075,3444693
1,4872,1699223430769,1349477488698,2825365
1,4873,1618855147294,1448227890732,5335837
1,4874,1587099540462,12705,4351326
1,4875,1624881216546,1382265479297,1391208
1,4876,1611038604720,1349477488942,4508736
1,4877,1591296719903,1591233601382,626542
1,4878,1641409036842,1430878926884,1458129
1,4879,1544212806035,1544212760518,334244
1,488,1681304214152,1363171201399,1283092
1,4880,1627524486196,1365293606461,1634943
1,4881,1694009740364,1368292251847,684952
1,4882,1618507450294,1365293606461,3071441
1,4883,1575712715000,1569503726000,8177230
1,4884,1643187313762,1,904373
1,4885,1675694879234,1382060716753,4086903
1,4886,1584513621568,1337137191834,9885825
1,4887,1629912142161,1245641480890,4469180
1,4888,1544910591601,1439180369100,5807642
1,4889,1633653323819,1413859711864,1349572
1,489,1619038944944,1414013736397,1858508
1,4890,1691102991000,1349477488803,633523
1,4891,1630271401326,1630253926444,231656
1,4892,1630277226196,1630277198721,191231
1,4893,1667052315000,1585654564468,379525
1,4894,1629072540339,1628997517462,2158770
1,4895,1471077370399,1345491599320,5196031
1,4896,1661714329549,1462054771276,5237709
1,4897,1516249940855,1324302169120,294564
1,4898,1533917387176,1255653553364,376230
1,4899,1613575117638,1442352045529,739773
1,49,1626547855367,1626500920597,545195
1,490,1683983053197,1683901899851,707684
1,4900,1629080987713,1627276401583,185299
1,4901,1470754087701,1470710151498,1350171
1,4902,1678936198869,1359148661717,1524382
1,4903,1664501847000,1368292123572,6120681
1,4904,1634762382592,1572617054419,2868042
1,4905,1671275447940,1568383741102,828174
1,4906,1668972278009,1368292036119,857458
1,4907,1636345944971,1185996957304,3056918
1,4908,1662331944820,1460674909458,717410
1,4909,1663446730150,1363171275082,3665409
1,491,1685522290631,1484873160835,432009
1,4910,1632713625080,1632713388513,638477
1,4911,1581400857012,1518094881560,489851
1,4912,1620332903997,1620332740468,1538150
1,4913,1616782402903,1349477488697,12998440
1,4914,1585024987283,1349477488697,7104724
1,4915,1611178125131,1611174750481,205620
1,4916,1512525624284,1512525443844,1294174
1,4917,1630407776469,1349477488803,3367895
1,4918,1665546044100,1485913600643,2606706
1,4919,1690844066583,1471990027718,2421375
1,492,1637738308026,1535984573301,723547
1,4920,1621938653758,1339252520768,1058985
1,4921,1650057374386,1253683383517,690685
1,4922,1618759993893,1618759972208,1800025
1,4923,1650449459970,1462832617930,744407
1,4924,1615506586937,1214225650015,4513307
1,4925,1680827809284,1680821118670,204524
1,4926,1538836258682,1446352975795,1234328
1,4927,1416378605200,1283140810000,5127899
1,4928,1633628648163,1368292036119,7825223
1,4929,1555212509417,1293981228694,3695948
1,493,1659786748564,1520455690801,212410
1,4930,1629845376727,1349477488697,16176910
1,4931,1631554208982,1631485620484,267118
1,4932,1573813872846,1573754309502,5346134
1,4933,1592306586489,74432089,979273
1,4934,1631252075242,1631245170224,213443
1,4935,1526275150797,1426730806843,2026783
1,4936,1690613476760,1519825685441,406126
1,4937,1574777592119,1495908285242,557009
1,4938,1639597248548,1368292036119,3600044
1,4939,1636325982785,1368292036119,8755646
1,494,1641132535650,1389609484811,604121
1,4940,1663487851000,1663254023397,239595
1,4941,1660916911000,1331227773832,2896429
1,4942,1652275091677,1430581617594,6176796
1,4943,1616156705995,1616156252793,417535
1,4944,1628680365667,1578949089392,456686
1,4945,1625165614000,1429584674994,440016
1,4946,1631112437524,1459544814481,1219055
1,4947,1631673322035,1631625955624,190415
1,4948,1621755031479,151350,262088
1,4949,1658691817000,1436157491446,1131731
1,495,1631979162478,1368292036119,678192
1,4950,1667338802097,1470865365928,644927
1,4951,1624175324634,1214225650015,456075
1,4952,1696441153000,1491428006085,762900
1,4953,1545502694612,1307347307457,951346
1,4954,1222708837937,1222707627606,3691014
1,4955,1638629131887,1583635452763,1349260
1,4956,1657715566410,1339252520768,3686454
1,4957,1668369296189,1327268190732,2420296
1,4958,1411507308339,1411505587837,4778738
1,4959,1637437957013,1614155133331,295941
1,496,1636092680609,1636091645709,185776
1,4960,1511556732537,1511556434096,285100
1,4961,1603726145786,1603725851201,1050806
1,4962,1632063547653,1338405665397,2838018
1,4963,1512525624284,1512525443844,641880
1,4964,1583627182637,1294094062046,1816446
1,4965,1623935728610,1623935518251,729050
1,4966,1666149534154,1368292123572,3973441
1,4967,1618253478202,1617794517322,428758
1,4968,1693446257183,1441235014116,747653
1,4969,1661858531353,1,576831
1,497,1632281251540,1354409573213,849958
1,4970,1595476809531,1593301268011,295618
1,4971,1506359923624,1277947211125,24479291
1,4972,1571940590726,1329793078791,5728265
1,4973,1361740126307,1359047250267,549481
1,4974,1608015219509,1575958727110,2197057
1,4975,1674506095105,1674504049676,214207
1,4976,1530735619073,1253683383563,6935610
1,4977,1648323179650,1648319829046,1218348
1,4978,1595960469555,1595956734688,1520103
1,4979,1413545071126,1402055251013,2166211
1,498,1591805700441,1591805593338,749296
1,4980,1298102908023,1245818251289,931633
1,4981,1410231177918,1224469921003,15011268
1,4982,1673637603646,1587320867181,1055611
1,4983,1582850226210,1363171229968,4869458
1,4984,1698074558000,1303080503581,1062781
1,4985,1662147919000,1546539098790,796066
1,4986,1647326443600,1455014747484,449787
1,4987,1684628184000,1512314679070,1330547
1,4988,1623793875063,1623774639197,3599530
1,4989,1653308922156,1349477488697,3471608
1,499,1632237096985,1382060716753,5819424
1,4990,1688466017688,1368292036119,6327838
1,4991,1696204425819,1414222097982,177126
1,4992,1697821960150,1,211352
1,4993,1672848952224,1382060716753,8061072
1,4994,1647504413538,1363692704772,5756258
1,4995,1639593015495,1578996645484,197330
1,4996,1594194954583,1594194880214,923484
1,4997,1587898182142,1331227773834,15003815
1,4998,1631209898111,1630941025417,1328723
1,4999,1653811958797,1368292036119,343140
1,5,1601308440000,1601300732864,3217274
1,50,1631543763551,1185996957304,9021651
1,500,1634824551688,1603258556357,2335451
1,5000,1422377428415,949273200000,11015815
1,5001,1634698364927,1474475192128,447176
1,5002,1630584470359,1630543497539,197109
1,5003,1635345811319,1601989794332,300104
1,5004,1679916063135,107,635435
1,5005,1639019838291,1386035006336,691381
1,5006,1639495777016,1264653384165,684576
1,5007,1582723821982,1444558249473,879312
1,5008,1646180526662,1335782638416,6217708
1,5009,1573454180483,1349477488732,18888062
1,501,1567417945828,1567213093856,696345
1,5010,1596458627342,1596456223501,982672
1,5011,1647371441528,1453239423610,810105
1,5012,1602391907541,2285066,483130
1,5013,1607592203879,1607581732176,1784270
1,5014,1458340262039,1397074672992,6063244
1,5015,1578159745010,1,316587
1,5016,1498752604597,1498663283786,1735982
1,5017,1634160829944,1634160814290,932844
1,5018,1651618284547,1414449682438,1583448
1,5019,1630659883024,1441800591031,230962
1,502,1629222012590,1334633507026,3335243
1,5020,1681959982229,1368292036119,4971735
1,5021,1683794359134,1683794139650,439596
1,5022,1635766485826,1185996958009,781761
1,5023,1691500363368,1485727943744,200877
1,5024,1521855528592,1354715263726,434746
1,5025,1620294354030,37,1705990
1,5026,1621101726085,1621101037436,616319
1,5027,1595954082824,1595953217158,1708683
1,5028,1400757207159,1214348293297,10555127
1,5029,1579538629549,1286040960928,13365838
1,503,1656696535551,1368292036119,20733557
1,5030,1694011463213,1512504730423,313266
1,5031,1421794255128,1362692003266,36343843
1,5032,1632494274909,1631713211947,361132
1,5033,1518094137014,1518092143695,685826
1,5034,1559443769970,1559443656365,287568
1,5035,1552873261339,1368292036119,4790990
1,5036,1602801128155,1602767607277,981387
1,5037,1582740420440,12705,321702
1,5038,1607286712926,1607286449411,201895
1,5039,1576028515981,1414449682438,1788202
1,504,1649521785961,1534961395505,735745
1,5040,1632650804731,1,207043
1,5041,1600607523000,1600607229814,1209991
1,5042,1609843635653,1606166686830,296816
1,5043,1700584795239,1544126924483,773368
1,5044,1691447961097,1691440560197,1176723
1,5045,1645159562567,1432839526886,307768
1,5046,1375519395105,1375519381800,192582
1,5047,1634265727167,1368292036119,660172
1,5048,1557149918374,1516264089014,1571084
1,5049,1677314681363,1595342125566,230818
1,505,1700403240350,1321814203651,332113
1,5050,1299159921417,1268194165218,3521189
1,5051,1607999288343,1607980963273,496631
1,5052,1614025168177,1349968381497,10872024
1,5053,1622598749000,1622598564445,345993
1,5054,1607280653510,1253683383517,325705
1,5055,1638173108988,1439912585007,4550350
1,5056,1662757896000,1395429108602,1539783
1,5057,1627879616957,1365293606461,1907183
1,5058,1700002379464,1537643142863,602444
1,5059,1698719453256,1253683383517,7799820
1,506,1696715519876,1405189766121,3589235
1,5060,1692156611000,1325902101971,434830
1,5061,1668545526110,1528623208559,399994
1,5062,1699449545997,1589476266210,465320
1,5063,1659907233000,1611365260163,202211
1,5064,1647946938702,1325902101971,476135
1,5065,1686871003878,1273439686875,194110
1,5066,1650971088815,1344269255654,2873459
1,5067,1618261083982,1511129498359,922780
1,5068,1635204026713,1635203468483,316219
1,5069,1697062463826,1402175764376,1183552
1,507,1674642916301,1381332165933,5282696
1,5070,1698646817416,1614999251189,537580
1,5071,1641649207570,1641554439605,292296
1,5072,1613759144681,1613709797519,794787
1,5073,1575473745230,1575464046495,551994
1,5074,1616666552454,1384559085959,245281
1,5075,1571988109943,1439728329732,11307875
1,5076,1639364675738,1293130911439,15087234
1,5077,1654200661221,1653948021142,187044
1,5078,1690954720478,1214225650015,422060
1,5079,1599574701404,1349477489182,1168445
1,508,1646038600933,1571222120593,3413500
1,5080,1601181945000,1564849656621,268645
1,5081,1597545797930,1597465997154,504380
1,5082,1615566630470,1615410455487,7301081
1,5083,1681081767542,1446159057643,248083
1,5084,1665988772087,1505764354709,541284
1,5085,1622945762860,1479242579780,3255085
1,5086,1629251580668,1349477491151,6034137
1,5087,1611049042591,1482066687567,1032481
1,5088,1635001291024,1324394811014,1236268
1,5089,1657613716000,1335782638416,477171
1,509,1673342351781,1673320385832,480306
1,5090,1642367826988,1389609484811,2023886
1,5091,1600773583000,1600672738224,207568
1,5092,1427648018443,1426686596338,9219039
1,5093,1497024565280,1381618973445,2682922
1,5094,1674945396000,1371061504302,378130
1,5095,1619799670122,1619770046504,197147
1,5096,1687632919024,4,3885778
1,5097,1592440848266,1407948764439,6080265
1,5098,1624953958402,1446943179667,305549
1,5099,1640898729128,1590169297882,1271172
1,51,1649070867764,1579186075638,4868921
1,510,1646938683450,1363171201399,289212
1,5100,1658836503858,1365293606461,2449350
1,5101,1606500257763,1606309970798,990053
1,5102,1412426480334,1264453875215,340000
1,5103,1514693789106,1435761109796,339425
1,5104,1700425174652,1214225650015,639187
1,5105,1559530405750,69,5089142
1,5106,1654187209833,1363171201399,1878916
1,5107,1583605676588,1349477488829,10447531
1,5108,1611751313770,1610509828824,185213
1,5109,1643694748401,1349477488732,10852929
1,511,1675008834176,1675004681682,239025
1,5110,1503507768602,1503241409216,619932
1,5111,1682332360398,1586782689812,2106888
1,5112,1620633259657,1620632236301,462821
1,5113,1612179689895,1434539087359,3480367
1,5114,1630764658295,1629326097591,6290702
1,5115,1629300025820,1629299927993,893756
1,5116,1591915859150,1591735663457,856019
1,5117,1673315983312,1554137072973,697570
1,5118,1639425495429,1368292036119,1447804
1,5119,1611610042987,1237329777514,337851
1,512,1696400169611,1516347478846,3233737
1,5120,1588801259127,1588801215571,332260
1,5121,1624037681351,1624037598290,1595304
1,5122,1654438109467,1335782638416,1964098
1,5123,1621324849221,1617814584031,261771
1,5124,1637607478955,1608209192514,5914172
1,5125,1609793098574,1609791340274,184191
1,5126,1625720929211,1350913242158,1993704
1,5127,1640432561666,1366757977454,13164111
1,5128,1657384980000,1459809142832,848604
1,5129,1675567316754,1558344586876,742096
1,513,1696314742188,1349477491125,2851372
1,5130,1622922506720,1622914691063,2252555
1,5131,1686611360190,1302227769451,805536
1,5132,1553264138809,1321299141705,16242067
1,5133,1662020590947,1349477488697,1527035
1,5134,1432060915297,1370801145245,11652514
1,5135,1621763202774,1616495479852,2381884
1,5136,1635010478974,1630348914784,2545456
1,5137,1623717487318,1423024241472,1173553
1,5138,1619127618750,1342003462757,2023743
1,5139,1658632673925,1237329777514,4274261
1,514,1673779922000,1498899724571,2994627
1,5140,1522715097823,1522713594441,1198855
1,5141,1615017809953,1374182054120,2106593
1,5142,1687290317745,1274249790644,6629684
1,5143,1630249225035,1630249078221,187691
1,5144,1573871408360,1296169988801,484363
1,5145,1638617921654,1638538837155,1338635
1,5146,1659575402269,1553874394458,418249
1,5147,1614648532104,1253683383517,294807
1,5148,1665417700946,1664546080056,545073
1,5149,1699151056021,1368292123572,3331955
1,515,1630608962685,1457658817970,389922
1,5150,1692114085398,1368292036119,3713111
1,5151,1657843504967,1365829186049,2897213
1,5152,1635902503967,1635211020339,541528
1,5153,1612129040604,1349477488697,12439534
1,5154,1616102921888,1485300552467,3281710
1,5155,1616704882545,1452526491099,329311
1,5156,1631566665915,1307347307457,369353
1,5157,1606920699817,1606905184415,561592
1,5158,1678792317910,1368292036119,2665949
1,5159,1412733401592,1296169988801,3382982
1,516,1491784605902,1491425375422,1295188
1,5160,1690565887008,1401126656910,3530331
1,5161,1408564344017,1336564276802,21444451
1,5162,1661555514690,1586782690342,1710323
1,5163,1661789097242,1288463827711,391097
1,5164,1559361432324,1368292036119,24601695
1,5165,1581600509997,1578692228912,437412
1,5166,1627183246401,1368292036119,9487852
1,5167,1653660825009,1653660730078,455791
1,5168,1638528754550,1512314679070,1010552
1,5169,1630448723580,1349477488697,12995787
1,517,1628253836422,1349477489129,3417770
1,5170,1699556624514,1665076911254,288435
1,5171,1615133301408,1455805634012,297204
1,5172,1475070633198,1475031908776,2309616
1,5173,1616564734731,1616564705498,550264
1,5174,1617711439389,1617562969008,286910
1,5175,1629454599441,1369629218547,531437
1,5176,1265996004258,1265995826876,11357924
1,5177,1675240948000,1441001988421,737974
1,5178,1686973757379,1404079151852,2290385
1,5179,1669140466000,1546536898404,4252707
1,518,1357655825015,1357654336906,1903269
1,5180,1611959091674,1611933499500,295539
1,5181,1631356674268,1631127841944,838260
1,5182,1655865430000,1419353966474,4735496
1,5183,1675195078701,1363171201399,1860779
1,5184,1389811788828,1389132227979,794665
1,5185,1661316720664,1443279824235,546817
1,5186,1581181533450,1581168718283,1058925
1,5187,1624457465179,1230430322217,11399846
1,5188,1648440003739,1412347553537,503648
1,5189,1582023801492,1582013650142,7834644
1,519,1615378933000,1556384731398,478639
1,5190,1646568669956,1394240357489,462390
1,5191,1632967622992,1349477488785,8814353
1,5192,1652786040633,1353588447521,206996
1,5193,1311228612492,1243471197080,17365386
1,5194,1620399878650,1620399627083,588769
1,5195,1409781563684,1409780780522,1037595
1,5196,1629729742920,1629729049385,362295
1,5197,1615996782384,1615996511102,226898
1,5198,1625692534999,1537719760927,249091
1,5199,1636484758860,1321299141647,618068
1,52,1687291745182,1368292036119,15627804
1,520,1566282933172,1321299133411,3789191
1,5200,1628565481399,1628420353451,4273981
1,5201,1569178017244,1569177282372,1579169
1,5202,1548182744338,1548181579922,499335
1,5203,1542693668949,1471999839208,4718526
1,5204,1690990231893,1230430322217,5650524
1,5205,1583240128687,1582354818964,3902094
1,5206,1638235645498,82707213,2488027
1,5207,1357655825015,1357654336906,2073692
1,5208,1593286576188,1593286232215,1085720
1,5209,1425993478151,1425106476528,895452
1,521,1610665780079,1230438310022,11841626
1,5210,1591323126059,1591270065994,1715460
1,5211,1688104240665,1368292340870,4134649
1,5212,1632615695000,1630765424301,693979
1,5213,1642412393418,1369629218547,318646
1,5214,1663800681431,1663799404689,549005
1,5215,1631102610700,1522090092348,2648947
1,5216,1673125414926,1585512374092,635632
1,5217,1661219270545,1553874394458,650768
1,5218,1670953278203,1510497598977,626450
1,5219,1631065362866,1368292251847,2532818
1,522,1663874420930,1566928098378,1289558
1,5220,1607768457643,1576417747109,1517175
1,5221,1651328735215,1474393026779,234509
1,5222,1605237298920,1335881318503,1328396
1,5223,1636312506850,1349477491151,6765357
1,5224,1673229999509,1235970538168,1619862
1,5225,1659526161201,1230430322217,16599838
1,5226,1644936686138,1339252520768,387185
1,5227,1683767064488,1402456305835,2464451
1,5228,1689998522429,1365293606461,1017628
1,5229,1620954255746,1620950845126,494433
1,523,1373660164561,1373554186983,494010
1,5230,1672772903073,1303840679195,560542
1,5231,1528291666659,1379541286188,393839
1,5232,1613377554465,1613314992993,370382
1,5233,1657139527108,1368292062206,11339119
1,5234,1576634862461,1576633758641,2130806
1,5235,1690417690304,1462140572214,1689228
1,5236,1416899338456,1358388308437,4199860
1,5237,1694843419485,23,338224
1,5238,1668083840117,1567633749024,223021
1,5239,1640897985935,1406269051594,413565
1,524,1457720961501,1444545739034,14426161
1,5240,1487346340578,1299516728225,186975
1,5241,1410804001861,1344109668542,1721288
1,5242,1630564806918,1630506244857,1294019
1,5243,1595716137192,1595622567631,459904
1,5244,1609274122429,1609153834667,162768
1,5245,1620022641584,1619865515619,1001239
1,5246,1623712896781,1623712851631,1537766
1,5247,1566340377924,1558584331071,369163
1,5248,1664859082989,1423240091373,1281751
1,5249,1609861075948,1459381160365,411957
1,525,1616609781325,1321299141647,453371
1,5250,1620098393952,1365293606461,3102064
1,5251,1582261278817,1582190669156,4952361
1,5252,1488886479646,1488848855847,1230454
1,5253,1585317219875,1339252520768,739514
1,5254,1663694458750,1349477488697,7924339
1,5255,1634132532970,1474164853006,193901
1,5256,1697426138206,1349477488871,1103803
1,5257,1696825011000,1509997276409,4902702
1,5258,1678454243423,1454374255310,2173295
1,5259,1628034428760,1628030486091,463319
1,526,1553976409809,1349477488771,10599567
1,5260,1416899338456,1358388308437,3642840
1,5261,1512444908689,1381356372394,1355811
1,5262,1609945367231,1609945353839,270423
1,5263,1512251759595,1379277501567,5494820
1,5264,1627480152486,1469761595637,1926983
1,5265,1686741077000,1597326019851,289822
1,5266,1666157112572,1656880136084,1950135
1,5267,1614399228455,1253683383517,5432831
1,5268,1699651598922,1402177650166,1684793
1,5269,1635170559614,1543093527778,14130352
1,527,1610433587083,12705,1676582
1,5270,1595470942932,1595469541272,722799
1,5271,1598991497267,1312003620861,560764
1,5272,1626837113370,1611329146484,2631594
1,5273,1578982246567,1578981257219,633946
1,5274,1640561037403,1556384731398,374614
1,5275,1646367381781,1479242579780,449014
1,5276,1451279325349,1185996957304,1674408
1,5277,1479643955274,1479594768518,957774
1,5278,1592087299682,1551693469603,1861027
1,5279,1623426839253,1597065143792,1648658
1,528,1637330823255,1321814180184,610829
1,5280,1666029133876,1385335604609,3787789
1,5281,1674733432000,1379541049761,1622206
1,5282,1596234448683,1,3300841
1,5283,1658569774189,1547981469654,8042197
1,5284,1587569886358,1587569849521,1930918
1,5285,1623056368180,1233637030835,10116367
1,5286,1675439465109,1539858160391,2986247
1,5287,1577966001855,1368292036119,14262818
1,5288,1614962049138,1614960069888,346671
1,5289,1644086468674,1644086437298,649992
1,529,1598747917084,1401126656910,6303931
1,5290,1658664251633,12705,314847
1,5291,1661456086547,1584886455308,1450706
1,5292,1631721456745,1631715004393,228632
1,5293,1680619789555,1276814318907,3267687
1,5294,1606879613463,1349477488697,230214
1,5295,1686263249504,1368292036119,18762610
1,5296,1569451907219,1321299133507,17094327
1,5297,1574374314560,1574369292204,634775
1,5298,1661710120637,1405023693793,2058998
1,5299,1543114763791,1543114748691,902159
1,53,1632157786299,1553874394458,609656
1,530,1651498772517,1365293606461,8041595
1,5300,1654543186332,1382060751525,680496
1,5301,1425993478151,1425106476528,438752
1,5302,1614188822523,1466376245821,1362652
1,5303,1678227702194,1597586551976,541136
1,5304,1552137203438,1402456305835,840109
1,5305,1591701208007,1591539196904,615334
1,5306,1585968313997,1368292036119,15248123
1,5307,1654579518662,1459381160365,1381101
1,5308,1673702806365,1540000768847,201372
1,5309,1662046959209,1382060716753,3146574
1,531,1647770726739,1647769851581,222536
1,5310,1519765139983,1387723682352,546695
1,5311,1403599656791,1185996957304,4575570
1,5312,1580867212561,1528623209450,334459
1,5313,1619373214798,1619372490126,3233810
1,5314,1631524963308,1185996957304,294523
1,5315,1556159042772,1,998821
1,5316,1684766486789,1552783161841,2783068
1,5317,1636288932308,1636282393218,285963
1,5318,1630697762571,1630694566825,197005
1,5319,1605906268781,1339252520768,2149895
1,532,1552137203438,1402456305835,1184659
1,5320,1672155208651,1546536898404,634590
1,5321,1697233447000,1349477488732,3381194
1,5322,1551528062131,1366758136394,489232
1,5323,1627680705214,1627676671947,1920801
1,5324,1630739393925,1630390242759,452010
1,5325,1539912007356,1255653553364,649508
1,5326,1601043647000,1556384731398,377908
1,5327,1612811271405,1612811240675,513726
1,5328,1689456106417,1459106756301,426142
1,5329,1690619109000,1547740219221,1049873
1,533,1612950826314,1612814881229,543260
1,5330,1464010138201,1356396068311,402280
1,5331,1499114704061,1499068871330,13550196
1,5332,1631742823589,1631742759885,5490205
1,5333,1606636208991,1441983341400,6334747
1,5334,1635997506778,1464153506416,254648
1,5335,1626498865193,1365293606461,517274
1,5336,1668443372228,1253683383517,659634
1,5337,1629430610544,1349477488697,17778280
1,5338,1603917835577,1,722644
1,5339,1497571910772,1394068074704,6197909
1,534,1619302228205,1619302212109,336982
1,5340,1491644426398,1308152705643,2996354
1,5341,1578910483103,381,1200469
1,5342,1631483549482,1554058974976,1018579
1,5343,1674464627953,1368292036119,2492035
1,5344,1590570501545,1581320629219,230298
1,5345,1632002869569,1272729030909,1214417
1,5346,1606825234071,1570952938136,483291
1,5347,1691608434758,1628689007448,8177043
1,5348,1632263224998,1632263200399,900758
1,5349,1673869446450,1368292036119,3299330
1,535,1629458937116,1,2828967
1,5350,1617364199859,1613455613030,4608161
1,5351,1641475611135,1472320411129,12998336
1,5352,1697248176761,1339252520768,391639
1,5353,1620765306537,1620763365651,234070
1,5354,1696625031918,1479242579780,186609
1,5355,1631553953332,1369987311928,690106
1,5356,1631580121005,1629759940162,5830961
1,5357,1630682633970,1630682540371,613814
1,5358,1633787502721,1633787256052,333007
1,5359,1532634175679,1532633958800,3411723
1,536,1578759976758,1368292036119,4915296
1,5360,1645306732633,1368292036119,19426662
1,5361,1683721725028,1255654040678,223668
1,5362,1548504837407,1541668785376,260599
1,5363,1611395250765,1522999497490,384822
1,5364,1534127297281,1534127211435,191003
1,5365,1614070328522,13186,590461
1,5366,1680683141743,1332782303694,744964
1,5367,1630346987446,1630346077820,242003
1,5368,1431999333916,1259122123960,20930564
1,5369,1635427131639,1,1551931
1,537,1649149836118,1649148536860,184373
1,5370,1627921559493,1595804337160,989056
1,5371,1612882889483,1612824714322,388111
1,5372,1691714520608,1641952517105,531372
1,5373,1693127252784,1363171201399,4679886
1,5374,1486991447199,1486914366543,1649710
1,5375,1617836922502,1617836311755,403666
1,5376,1623580270263,1623580256337,1355759
1,5377,1608308176244,1349477488901,7463676
1,5378,1545486757647,1426093915516,394628
1,5379,1687182465326,1294309195029,270131
1,538,1631830616098,1631830599541,771393
1,5380,1621907750469,1479242579780,2326245
1,5381,1623555963766,1572646468066,1711712
1,5382,1539645776145,1368292036119,6764324
1,5383,1632021149744,1632012776088,522903
1,5384,1367318877253,1367317784402,17831079
1,5385,1634736876537,1342758316230,247505
1,5386,1623500067959,1339252520768,3016200
1,5387,1566351992201,1566180553306,1808435
1,5388,1605016169365,1605013923692,1502672
1,5389,1578854135002,1520959682476,847717
1,539,1677570232000,1349477488771,2858935
1,5390,1594783920719,1253683383517,2206346
1,5391,1668055301513,1296169988801,320941
1,5392,1584526927691,1339252520768,452629
1,5393,1622756768609,1622651727028,246481
1,5394,1591517483242,1248091579005,10350927
1,5395,1595377299791,1595376398406,2716934
1,5396,1532908920289,1532817271024,817714
1,5397,1645606872275,1586735729752,15561268
1,5398,1512045425443,1253683383517,4666972
1,5399,1657917008000,12705,4662344
1,54,1605169143463,1336582739076,17752855
1,540,1667953225817,1542150643389,1702865
1,5400,1603568271079,1603557299368,572013
1,5401,1665163232063,1368292036119,18170106
1,5402,1634780157617,1230430322217,10689349
1,5403,1618325351921,1618324609749,249781
1,5404,1620259474997,1618928362263,9761059
1,5405,1447675217027,1267679370216,7071247
1,5406,1257805263113,1257721779059,15077656
1,5407,1631562188287,1631559280086,4103111
1,5408,1685204474425,1430171762725,2259291
1,5409,1592839579767,1374197023425,1060451
1,541,1667865846974,1441738826232,280634
1,5410,1621363604617,1508566890571,518885
1,5411,1679424248155,1368292251847,5015824
1,5412,1610061000750,1610059053525,261099
1,5413,1538149443723,1385328690251,2905079
1,5414,1632861663155,1632861075943,465165
1,5415,1613105318999,1368292251847,2353612
1,5416,1641294144771,1339252520768,1628701
1,5417,1697021343507,1488462907112,476468
1,5418,1613509895498,1613509684750,379481
1,5419,1667410835776,1472426529089,3043653
1,542,1599838982101,1599837822157,1378751
1,5420,1575380475197,1575380210356,1124844
1,5421,1681791753762,1368292123572,9132871
1,5422,1583630023640,1349477488697,30223826
1,5423,1618672474539,1618670461756,384956
1,5424,1552137203438,1402456305835,2371805
1,5425,1687610275465,1339252520768,1694184
1,5426,1681431732850,1681431665546,389099
1,5427,1582545723876,1582544813239,234696
1,5428,1559717729533,1330577651259,3407039
1,5429,1536891571414,1536891290012,374173
1,543,1580319941414,1365293606461,3757101
1,5430,1580007671630,1,1148031
1,5431,1631431692622,1339252520768,2776937
1,5432,1686055924367,1548982365868,2466269
1,5433,1618225862441,1538152300101,11993166
1,5434,1587102446441,1587102424618,496027
1,5435,1433257435317,1431678663485,449043
1,5436,1689564404932,1574587964637,1204219
1,5437,1616756080097,1601400001650,17725183
1,5438,1604348195714,1349477488732,12389781
1,5439,1632163851128,1471809055694,7527513
1,544,1633102567362,1349477488697,1406818
1,5440,1665698823337,1664823209121,3033820
1,5441,1591957589006,1294121387010,2077656
1,5442,1621880527601,1339252520788,681317
1,5443,1680787531959,1565658229121,387446
1,5444,1590969434616,1244305227562,744711
1,5445,1654293330355,1481839972819,1825522
1,5446,1636344332040,1321299134311,5127548
1,5447,1534692246165,1534692218939,862066
1,5448,1691709879488,1462423157877,1127088
1,5449,1664409589118,1522858788405,500965
1,545,1686210722403,1485353108790,2819011
1,5450,1645965702228,1402176459981,2361647
1,5451,1655564391583,1214225650015,819983
1,5452,1619981719217,1619981504665,400093
1,5453,1618245920723,1303670814437,5091318
1,5454,1655838609350,1548494604014,6623477
1,5455,1651061863814,1368292036119,8257857
1,5456,1580220907445,1514882627008,620770
1,5457,1616335554897,1391741012224,16286938
1,5458,1632408702933,1632407909139,887772
1,5459,1654400718443,1440739655778,338313
1,546,1591188003705,1237386174235,9973973
1,5460,1692804696527,1503782726097,1456443
1,5461,1617892988948,1617892290884,874746
1,5462,1698465741065,1368292036119,2272105
1,5463,1676768676525,1368292340870,22550342
1,5464,1651162946923,1287304729643,623067
1,5465,1654034059682,1425846554571,1493683
1,5466,1627407546886,1627405646956,783246
1,5467,1698939311124,1575909232587,198165
1,5468,1625323533352,1348945623694,834526
1,5469,1571988109943,1439728329732,8810156
1,547,1595854256490,1595854121534,2147032
1,5470,1585875552644,1585873919460,2913121
1,5471,1620263109107,1620262985338,539553
1,5472,1690810465000,1461615594848,1340559
1,5473,1676721703428,1432839526886,679821
1,5474,1646834340736,1368292036119,113469
1,5475,1620409451694,165868933,36804543
1,5476,1607802852806,1607618484943,214621
1,5477,1674681705604,1296169988801,3638400
1,5478,1628951759928,1368292251847,14876966
1,5479,1688489386000,1382060716753,608543
1,548,1642475643902,1339252520768,2382702
1,5480,1495560083509,1495559877172,376179
1,5481,1577071989475,1577070672965,8150698
1,5482,1546033942412,1546033887093,214115
1,5483,1644568582865,1546536898404,691654
1,5484,1631053545271,1515619192182,868376
1,5485,1533314015903,1533313490458,1663858
1,5486,1592303840577,1404247845088,304670
1,5487,1685628784962,1349735444376,3529765
1,5488,1687251062000,1645369086787,2259348
1,5489,1642734310916,1277947098394,4862155
1,549,1523985571280,1340809742429,4255447
1,5490,1630502931303,1630502872857,746798
1,5491,1700359549462,1349477488697,3657025
1,5492,1631446135843,1244305227562,207039
1,5493,1631545458908,1631127183876,291646
1,5494,1700530928053,1358044891925,4576054
1,5495,1585855279263,1395400735351,6291600
1,5496,1515027182397,1234655558515,346271
1,5497,1634605845781,1368292036119,10533154
1,5498,1660883403275,1553874394458,718809
1,5499,1624328379706,1624320669672,436091
1,55,1585271984400,1296499533072,4934880
1,550,1680694300275,1502554163571,6411903
1,5500,1575276953110,1575276539239,278105
1,5501,1615291366436,1615289479650,2437407
1,5502,1651511844140,1368292062206,5047177
1,5503,1619635228067,1379541049761,526649
1,5504,1604355405624,1368292036119,6674957
1,5505,1664188757655,1645971586017,233082
1,5506,1617029100118,1617029009397,310337
1,5507,1690092080613,1688586120843,2137070
1,5508,1537002226754,1402536985363,548517
1,5509,1624040130694,12705,2940289
1,551,1567584190161,1556233814847,438463
1,5510,1312660248944,1312527035033,1247965
1,5511,1424929566144,1421487263209,600504
1,5512,1690196352844,1471040760512,3973069
1,5513,1536533348352,1463580146005,194923
1,5514,1578063252250,1335782638416,14235822
1,5515,1699712164771,1419353966873,499407
1,5516,1506248376718,1506248360381,2175005
1,5517,1684662102660,1488502261170,1123720
1,5518,1626059014934,1230438005014,12924450
1,5519,1570750590097,1349477489284,8878983
1,552,1645187851518,1355401761688,2159689
1,5520,1648435801437,1405017555530,535777
1,5521,1583312014616,1583300222744,21298335
1,5522,1651859238038,1349477488798,3254636
1,5523,1694111251546,1553874394458,696743
1,5524,1621236356662,1349477488697,14512707
1,5525,1631675568468,1408149907366,443858
1,5526,1595630103273,1479399198883,727586
1,5527,1602901531889,1602901168084,370611
1,5528,1683049024731,1479242579780,642998
1,5529,1629814329439,1629811388708,239998
1,553,1652369699951,1469701510732,1294845
1,5530,1443442383708,1340356537330,6236756
1,5531,1630607478795,1556384731398,1318810
1,5532,1658696343864,1321299141647,246426
1,5533,1598583069837,1598581329972,411936
1,5534,1621579249574,1621579140386,1248311
1,5535,1597634921604,1232828627656,410483
1,5536,1539618619514,1539618560459,2120187
1,5537,1632304826499,1632297803226,1446122
1,5538,1631554046943,1631552974597,615447
1,5539,1600599682305,1339252520768,2175264
1,554,1662204319796,1408078274535,590243
1,5540,1634612683707,1382060716753,17960752
1,5541,1554638238844,1332782303694,8607788
1,5542,1621300619525,1621199538750,577780
1,5543,1554024836059,1521144247010,755460
1,5544,1416899338456,1358388308437,18201939
1,5545,1576691298125,1576691282490,279260
1,5546,1631529486239,1332782303694,212663
1,5547,1681083883282,1455224004274,1336918
1,5548,1425993478151,1425106476528,238541
1,5549,1413325812031,1234655558515,1130719
1,555,1609991554613,1349477490793,27041370
1,5550,1458049196313,1281701382170,672947
1,5551,1453993646813,1453987248991,1874782
1,5552,1690560499644,1556384731398,827588
1,5553,1618582777284,1495034450419,1462362
1,5554,1665494591908,1344454320917,2131699
1,5555,1535881293057,1185996957304,5361006
1,5556,1625421780665,1608313273670,389098
1,5557,1623093970133,1623093791451,316353
1,5558,1262394612002,1262374779096,2931096
1,5559,1623426839253,1597065143792,269388
1,556,1614582327555,1462185608672,216843
1,5560,1659970627000,1349477488697,8170351
1,5561,1485088885369,1485087833846,5099029
1,5562,1516112818441,1479023542789,20770353
1,5563,1599661290066,1389609484811,668056
1,5564,1643925451718,1382060716753,10321297
1,5565,1525432605994,1433340752148,1649859
1,5566,1552137203438,1402456305835,1194154
1,5567,1579527372051,1389885883016,2367869
1,5568,1678098819267,1678094215913,227905
1,5569,1674685230329,1599255724664,1072827
1,557,1651504524873,1349477488697,729699
1,5570,1439233001426,1438954788427,2090292
1,5571,1639258762919,1,9248473
1,5572,1618215941233,1618215165568,956808
1,5573,1615313875303,1363172672205,10467933
1,5574,1552137203438,1402456305835,858066
1,5575,1655459894692,1586860029867,1186624
1,5576,1652287574039,1455533322732,1304304
1,5577,1698085765151,1303738105556,803516
1,5578,1632087191396,1632087148870,346516
1,5579,1614801491478,1338987127072,2332637
1,558,1655651651105,1368292167716,619506
1,5580,1581070364322,1457907805067,1379521
1,5581,1614642085823,1,4989771
1,5582,1631614655364,1537282553039,789478
1,5583,1299178652217,1185996957304,6471665
1,5584,1686783768482,1484785119329,840600
1,5585,1582646547208,1368292036119,4141330
1,5586,1632608339073,1365293606461,22725855
1,5587,1631965664756,1631964235547,1267171
1,5588,1636338394511,1321299141419,2168087
1,5589,1630643712939,1598110905937,208480
1,559,1674862715641,1368292731507,790768
1,5590,1499123117360,1369230497769,767390
1,5591,1467926600366,1242787554828,2873550
1,5592,1690880181078,1650981894882,602936
1,5593,1489222196107,1361820483410,7910021
1,5594,1653552143184,1577847432279,228542
1,5595,1646342762520,1365293606461,10337160
1,5596,1671890024539,1479242579780,1129670
1,5597,1571268404845,1409223048775,1036710
1,5598,1682685171000,1,777922
1,5599,1588735416214,1389086972995,3668026
1,56,1682431566000,1456637126552,704724
1,560,1500974912635,1500974036020,2289933
1,5600,1552746911892,1296169988801,279917
1,5601,1631543647255,1631541195347,815486
1,5602,1664189339000,1296656130240,807870
1,5603,1622838929578,1474474209351,1288915
1,5604,1603899654484,1404247845223,305446
1,5605,1619078649900,1619078442589,292675
1,5606,1639284869249,1639127141320,1084057
1,5607,1632194532593,1,1109295
1,5608,1631833283099,1631833262326,2574638
1,5609,1668175163999,1439866961612,486669
1,561,1653630395335,1425303519487,603816
1,5610,1613861232730,1613226759930,1229490
1,5611,1621116823906,1621116797596,1310016
1,5612,1593825150027,1593824967441,236951
1,5613,1634979352648,1310576403943,837362
1,5614,1644167926972,1461597624625,4331768
1,5615,1664115338151,1535547392884,537240
1,5616,1597419767392,1,263024
1,5617,1395922675087,1395836341762,580328
1,5618,1584133852495,1,10688046
1,5619,1611612197939,1439728329732,4572294
1,562,1599472783387,1599471535727,523084
1,5620,1602956134001,1602004754286,956206
1,5621,1630962401558,1630961635631,434410
1,5622,1662774724450,1358606738334,369628
1,5623,1612519007625,1421053844342,799729
1,5624,1615733386149,1540812920207,5227576
1,5625,1664238294648,1230430623643,1036480
1,5626,1624017639640,1624017595225,408721
1,5627,1614202741805,1614134816893,321760
1,5628,1602937859967,1602937284904,1620803
1,5629,1684743776442,1684657524088,275798
1,563,1611000020227,1610399303917,226238
1,5630,1696329831946,1547977670420,2917280
1,5631,1586396738162,1586395499663,224638
1,5632,1630442196344,1630442175206,201599
1,5633,1637063891493,1288463827711,634009
1,5634,1633885260076,1633885247569,266540
1,5635,1591533727358,1544366780137,2751522
1,5636,1626486864625,1349477488740,1480431
1,5637,1397232633811,1224469920880,12823507
1,5638,1651297191304,1,521110
1,5639,1410804001861,1344109668542,4765753
1,564,1586325478318,1586323779336,3812269
1,5640,1595183880674,1363629331597,1077094
1,5641,1682334179271,1264653384165,9040184
1,5642,1555888712654,1349477489210,11931774
1,5643,1597589765659,1597589733367,442877
1,5644,1695264196434,1447100487334,362389
1,5645,1622902048951,1556106288707,1248602
1,5646,1694145298397,1506028747825,3836374
1,5647,1611225599088,1,3741658
1,5648,1686420521084,1389609484811,705871
1,5649,1649324552257,1542692644750,681210
1,565,1651928578690,1483385433339,1139739
1,5650,1566810344607,1285475760721,572154
1,5651,1653575188025,1293981228694,2626107
1,5652,1683471617775,1683471227483,325621
1,5653,1612619483385,1612619423855,1471674
1,5654,1611436827553,1321299133493,473666
1,5655,1593828555335,1365293606461,1639465
1,5656,1654221688000,1470566877508,962287
1,5657,1642601115932,1499302226223,2891142
1,5658,1647079157694,1600621699139,1712794
1,5659,1614343607970,1614343578909,237035
1,566,1617707956673,1617707822815,554350
1,5660,1691782025987,1691781922788,689769
1,5661,1595358995697,1595355297575,422744
1,5662,1653347440974,20,1878963
1,5663,1657362572683,1288463827711,398035
1,5664,1439384779912,1253683383517,12674999
1,5665,1668012200615,11,2493693
1,5666,1635252267443,1413655104034,2569197
1,5667,1577702293306,1571742613843,224317
1,5668,1657153441000,1405141749019,5936954
1,5669,1671361039000,1461600965236,535710
1,567,1601285059143,1601282079034,1410931
1,5670,1622659011269,1321814180155,619436
1,5671,1606733844081,1606733695172,2610017
1,5672,1583336687407,1583237003379,4149821
1,5673,1653198229050,1444983878451,3188745
1,5674,1552395854927,1552395774785,4075230
1,5675,1488907687193,1488907151499,347215
1,5676,1668526020539,1574269872376,2141088
1,5677,1613879513734,1,1594084
1,5678,1662975746080,1546449822295,968078
1,5679,1578087378377,11200,15539591
1,568,1695693755004,1418666844926,204724
1,5680,1621233556791,1272800522187,3980421
1,5681,1687178162142,1651085841807,231239
1,5682,1632274459199,1296169988801,458391
1,5683,1638719971360,87,37515965
1,5684,1639570241235,1321299133411,350554
1,5685,1691456661000,1363171201399,1199995
1,5686,1559435932143,1559412209130,522566
1,5687,1518324298433,1468852722064,349211
1,5688,1680289143141,1680288260913,333995
1,5689,1553882226831,1295662421703,5819333
1,569,1536158864550,1536071439855,599686
1,5690,1346532434261,370348,1842880
1,5691,1620060435808,1293981228694,2919336
1,5692,1594758004979,1594640644959,1123990
1,5693,1596416963683,1253791415886,6742398
1,5694,1692480961000,1499390202951,731336
1,5695,1553104009889,1552975181160,5936006
1,5696,1646972686318,1365293606461,1597652
1,5697,1694113176742,1694108982555,278738
1,5698,1622387169437,1622387027497,203895
1,5699,1599074762348,1511774045216,617922
1,57,1558436143014,1296169988801,562428
1,570,1594633742260,1594605029754,613537
1,5700,1574366476825,1574304072443,288489
1,5701,1479675014359,1366737411863,343268
1,5702,1695828776985,1405189572047,5738588
1,5703,1675376179119,1465386595399,614431
1,5704,1689146447148,1689091949018,189663
1,5705,1631136626875,1630995811269,867229
1,5706,1616877627807,10947,23378665
1,5707,1560967259325,1494240355570,430777
1,5708,1537828967624,1264653384165,6057849
1,5709,1551054599143,1551054505717,1449958
1,571,1559045358672,1558618184477,486948
1,5710,1658336292044,1546541548808,1652165
1,5711,1548458886068,1547593459184,1594401
1,5712,1613383502894,1,5626565
1,5713,1340392650234,1340021329977,825326
1,5714,1643950795734,1586913204464,5757472
1,5715,1668071969000,1287304729533,5365380
1,5716,1641617400673,1485092675227,1872973
1,5717,1519616242267,1377886763754,7497752
1,5718,1616459777235,1296169988801,2270124
1,5719,1631111075106,1448934763582,1248832
1,572,1631543113751,1631542170139,1214492
1,5720,1633314997405,1349477488785,4702385
1,5721,1618251768979,1618250943022,4425618
1,5722,1298082463166,1269382340168,6946761
1,5723,1658279237968,1440881108098,1826656
1,5724,1627052180434,1627051610305,1390231
1,5725,1566296641250,1566296550372,213957
1,5726,1608598930337,1552468618489,359239
1,5727,1697172630000,1385335632993,1621099
1,5728,1622817993465,1622803280553,485044
1,5729,1698588684670,1534842342368,1825634
1,573,1617755633521,1617728683262,1300911
1,5730,1565888950278,1565888905243,266015
1,5731,1612010625418,1612008717799,224119
1,5732,1602556795801,1306463892572,17344066
1,5733,1646339742392,1,1406285
1,5734,1566950658149,1363695856184,566996
1,5735,1671305921573,1586637383962,930559
1,5736,1664573951665,1457658817970,840553
1,5737,1609273787617,1526819910644,4123675
1,5738,1631554054973,1349477489138,6029665
1,5739,1693500476314,1402457591423,3663496
1,574,1614117450979,1303670814437,1321679
1,5740,1589220751218,1339252520768,2246815
1,5741,1632106869422,1598563705604,708427
1,5742,1617354186007,1402684049989,6066040
1,5743,1623028491513,1253683383517,3037050
1,5744,1610991261944,1607347279507,1455487
1,5745,1678630141802,1678630038399,339524
1,5746,1604240316558,1425276226219,9074885
1,5747,1658007412224,1393514655468,3376922
1,5748,1663157196030,5399,3220739
1,5749,1641722351983,1550291171298,317257
1,575,1549485737840,1549484854231,525769
1,5750,1354875201653,1234526876944,7219181
1,5751,1597003945228,1296499533072,1434501
1,5752,1618812289457,1617254658814,390989
1,5753,1633490591914,1582481201070,410561
1,5754,1641229321699,1368292036119,7817159
1,5755,1637777546924,1349477488697,560935
1,5756,1664124687332,1349477488910,3585592
1,5757,1665504223000,1214225650015,328480
1,5758,1691325357941,1459352360531,1569961
1,5759,1630653709411,1281408947636,4609424
1,576,1366994391864,1366737460713,3078301
1,5760,1607378293048,1607340957886,341954
1,5761,1587248053925,1587158586654,1425656
1,5762,1693504069243,1315615385694,404452
1,5763,1604765065833,1455014747484,2314818
1,5764,1680648098142,1365293606461,1371770
1,5765,1616964313189,1616964297534,218070
1,5766,1630934708833,1630933334302,317054
1,5767,1602525316806,1602515400751,2331291
1,5768,1577582741609,1365293606461,12630613
1,5769,1612453261508,1028732,628578
1,577,1610157268143,1269722041469,125159
1,5770,1571988109943,1439728329732,9743249
1,5771,1618607566010,1618604934009,311824
1,5772,1415336117035,1286040959406,637679
1,5773,1672289028856,1368292036119,6851107
1,5774,1629685753970,1629685324763,225247
1,5775,1571656293004,1459381160365,2760699
1,5776,1621302822069,1621302443552,196026
1,5777,1520444919556,1478123321599,4486912
1,5778,1570788463144,1482941954196,338717
1,5779,1670526345676,1321299133435,870229
1,578,1312510448197,1240675752944,6120780
1,5780,1695206070479,1321299133431,542227
1,5781,1565993403849,1,12620152
1,5782,1620049778680,1556954096965,440573
1,5783,1685507973318,1368292036119,1380871
1,5784,1630318380585,1630309960799,454842
1,5785,1588291217199,1248388001058,9448356
1,5786,1611005540932,1328617926000,16338037
1,5787,1641313346163,8199,1278315
1,5788,1617485337374,1381801010223,705704
1,5789,1603667550161,1,5203255
1,579,1606337585970,1606334553463,750898
1,5790,1519931937696,1379277501567,1404303
1,5791,1616873413952,1339252520768,1665326
1,5792,1631238054208,1363174659106,856478
1,5793,1566154320060,1331102569886,3109073
1,5794,1684428634695,1635938805648,292029
1,5795,1616618513270,1339252520768,1141216
1,5796,1683763959876,1553092081535,197855
1,5797,1483909412688,1331999288721,366445
1,5798,1613139597668,1613139183603,1381879
1,5799,1674026981757,1574587964637,201578
1,58,1675811187819,1444508599951,850077
1,580,1698237386281,1368292036119,1622074
1,5800,1691337716257,1462327169999,241958
1,5801,1594981599719,1539971767212,8258079
1,5802,1557553287575,1365293606461,6629664
1,5803,1620739068810,1516347478846,509262
1,5804,1560509375572,1560508800983,395676
1,5805,1562070984643,1561874641368,2035941
1,5806,1548724018792,1548720836600,2623002
1,5807,1694057976324,1382060716753,2109026
1,5808,1631477370096,1,265538
1,5809,1670609703663,1353857553978,228699
1,581,1645246224021,1,780443
1,5810,1694283275000,1355971133940,1589301
1,5811,1610457986851,1381331104804,3271904
1,5812,1632591796084,1568843486444,368250
1,5813,1615793847580,1457220725539,1814398
1,5814,1611376541073,1365293606461,1581971
1,5815,1601569501000,1356967964603,7906998
1,5816,1456217974780,1456217656062,1055808
1,5817,1578898901772,1578897946510,18795731
1,5818,1613133157702,1613029558730,2096440
1,5819,1632765190614,1632420915616,457724
1,582,1643130232339,1610411031269,852550
1,5820,1587170401722,1587168923480,378766
1,5821,1616489672778,1402177650166,2399551
1,5822,1649637421882,1622220263962,929544
1,5823,1631340484022,1341073220888,1768165
1,5824,1577634904188,1481896498728,1269823
1,5825,1621685351033,1556384731398,845731
1,5826,1663082400528,1387406226490,466191
1,5827,1670817615893,1368292251847,5972356
1,5828,1690096711171,1368292406332,2214123
1,5829,1661098952279,1336243091843,6240208
1,583,1699310129014,1586819231995,1674580
1,5830,1636111855064,1382060716753,4331705
1,5831,1542569130696,1383185731977,1248236
1,5832,1407611684311,1253683383517,21240190
1,5833,1617552906983,1281585610000,1553502
1,5834,1531335981567,2,28407392
1,5835,1595049030808,1,900023
1,5836,1603715116069,1603714948408,1021530
1,5837,1607683498952,1607681990592,348222
1,5838,1508690866155,1507152352937,393126
1,5839,1659527633678,1368292036119,1729231
1,584,1644510199763,1394240357489,631412
1,5840,1630288042911,1587782224323,322527
1,5841,1610565651604,1000,5073963
1,5842,1617561180034,1617560073495,302168
1,5843,1547124858432,1479007568479,585033
1,5844,1649885431928,1339252520768,2252286
1,5845,1632102832541,1446159057643,301964
1,5846,1649970425177,1385334107186,4222777
1,5847,1361740126307,1359047250267,427211
1,5848,1681218429556,1429359583723,1097508
1,5849,1588464120126,1588453468779,941889
1,585,1562360925228,1553790766187,841650
1,5850,1615640781529,1413137884602,2982266
1,5851,1681025450662,1,999355
1,5852,1658926542024,1380104592035,968096
1,5853,1622596993724,1622593314823,311610
1,5854,1606860126264,1606860063925,982326
1,5855,1593099613962,1411465085997,536416
1,5856,1590825191871,1253683383517,3637682
1,5857,1643231570228,1402524178958,1709950
1,5858,1668931889977,1562670166740,721524
1,5859,1663569960126,1365293606461,1433941
1,586,1700185146366,1368292036119,1676807
1,5860,1648309170012,1368292251847,2684978
1,5861,1643716504995,1439728329732,898847
1,5862,1698386961607,1595000348915,651946
1,5863,1654775616572,1382060716753,615515
1,5864,1680826080372,1680826032133,256779
1,5865,1520139997602,1519137207017,7551241
1,5866,1655762253000,1410196373389,567093
1,5867,1650229423632,1349477488953,291888
1,5868,1618332023988,1253683383517,573599
1,5869,1603465695587,1323434330818,6582501
1,587,1574804961933,1274249790644,339405
1,5870,1631885944954,1631885673728,567788
1,5871,1677761768000,1546536898404,884125
1,5872,1683225483006,1363171201399,16027297
1,5873,1627715295650,1404785255788,1457952
1,5874,1608365594051,1608365450388,2923715
1,5875,1670663985618,1553062652640,420233
1,5876,1610306514385,1339495828310,2062919
1,5877,1451820410323,1408760628741,811082
1,5878,1699521504520,1362953195358,4833546
1,5879,1664181067304,1573533161171,255880
1,588,1615022408891,1615022372111,682147
1,5880,1640311232065,1,6615948
1,5881,1628767820752,1478515378798,363487
1,5882,1674710452114,1506535181479,704185
1,5883,1575323328615,1337383477324,4668800
1,5884,1622680286342,1479242579780,253019
1,5885,1664021888120,1481896498728,1153847
1,5886,1615421815567,1615419603279,3470801
1,5887,1557006063113,1335782638416,3008465
1,5888,1633865808860,1301505564371,381794
1,5889,1644435810168,1644259531562,796444
1,589,1483910627880,1483910613855,1773273
1,5890,1563907167872,1352570420990,2649411
1,5891,1628233957484,1624970693641,253551
1,5892,1695686280000,1554657681232,773173
1,5893,1652264675399,1368292036119,1641115
1,5894,1696299099405,1365293606461,1701008
1,5895,1693209273270,1353267330381,26154248
1,5896,1670507351490,1478995038576,533897
1,5897,1655730892099,1469035479127,17157629
1,5898,1640386232372,1621679300528,830008
1,5899,1642947650041,1379541049761,201081
1,59,1672602777356,1363188597789,4157584
1,590,1688516209280,1296169988801,1745314
1,5900,1695717497106,12705,752373
1,5901,1554310037598,1361815692215,469174
1,5902,1631223431597,1450882187050,791222
1,5903,1675466465809,1473050444627,775233
1,5904,1623574789478,1623570372787,3233202
1,5905,1623768818114,1296169988801,2158801
1,5906,1648906214874,1369230497769,393958
1,5907,1658506502506,1658242471752,271741
1,5908,1615158677130,1354715263726,571933
1,5909,1594070744583,1302608770510,1309854
1,591,1645626779664,1238384535118,976593
1,5910,1683401647493,1368292780032,4620253
1,5911,1633509648464,1633176139440,1048770
1,5912,1539778818767,1539778316537,455945
1,5913,1692709118461,1349477488803,2878923
1,5914,1642809421669,1391741012224,515223
1,5915,1594273786293,1594273686145,283607
1,5916,1670910965026,1553874394458,424733
1,5917,1695099196842,1462067057486,601931
1,5918,1593634068978,1579005429189,1146156
1,5919,1583983080553,24,25025874
1,592,1665336298000,1382060716753,2746383
1,5920,1580083307608,1,17626012
1,5921,1693475557125,1363171201399,4136431
1,5922,1359301102220,1245641747758,1235264
1,5923,1408081714552,1243471197080,61543532
1,5924,1660242345735,1575224604745,1269342
1,5925,1653926831256,1479242579780,914999
1,5926,1471820626778,1365293606461,11929325
1,5927,1618515271035,1245205460625,411057
1,5928,1534075394080,1293982721585,3934973
1,5929,1613820116345,1442352044713,2664779
1,593,1608272448278,1608223334629,2449675
1,5930,1653390306615,1519573538802,521074
1,5931,1583805581110,1321299133411,848093
1,5932,1646253427552,1591302322007,895649
1,5933,1513371594289,1508794351030,2261437
1,5934,1280867518022,1243017781031,1354748
1,5935,1615840263082,1615838795038,269479
1,5936,1633669307295,1365293606461,482416
1,5937,1241765713462,1229662481292,3044147
1,5938,1552137203438,1402456305835,912295
1,5939,1657205808634,1296169988801,2790319
1,594,1498049281120,1498049265333,7353147
1,5940,1502394379210,1365293606461,2147075
1,5941,1570472049508,1570288285580,538037
1,5942,1618755160884,1618745437833,2934488
1,5943,1671299575022,1368292036119,2827689
1,5944,1653070879603,1368292731507,1629491
1,5945,1568212801728,1341258672976,26175779
1,5946,1625302595000,1624943598627,1869248
1,5947,1644440345535,1479242579780,1053899
1,5948,1681479392611,1214225650015,1144738
1,5949,1650798267481,1211307217539,1332992
1,595,1381268350927,1243023979648,14007429
1,5950,1692460926099,1368292251847,7311492
1,5951,1567623786825,1,2674020
1,5952,1665970603446,1553874394458,931875
1,5953,1626110528643,1467682151803,365263
1,5954,1632254970112,1632253063010,1070934
1,5955,1630185135073,1576429877187,311045
1,5956,1544105900749,1544105855275,234510
1,5957,1587877584816,1587877559821,374184
1,5958,1623378480180,1479242579780,377302
1,5959,1647528398135,1349477488697,5887749
1,596,1666618786000,1368292036119,1127120
1,5960,1691680774836,1413859711864,1296640
1,5961,1700263421652,1402347707232,3435304
1,5962,1593141012860,1363171201399,1020302
1,5963,1623170711041,1392952448826,1791039
1,5964,1667950840012,1402457591423,1726091
1,5965,1652371562440,1349477488697,3990826
1,5966,1675669621693,1429555848802,377617
1,5967,1643739888060,1394240357489,1328390
1,5968,1670767183466,1458854711876,5000475
1,5969,1616909106012,1349477488697,4257012
1,597,1616188446223,1556270949069,2542243
1,5970,1686989406943,1574587964637,217315
1,5971,1631541162936,1630769672797,410775
1,5972,1682970409776,1321814180155,617640
1,5973,1632837403314,1475383622641,2612931
1,5974,1657672483070,1600191958421,2956408
1,5975,1673886901025,1368292251847,335498
1,5976,1592549559229,1530531928967,925063
1,5977,1629636914414,1433598563338,1344256
1,5978,1632341381175,1632341194570,1048346
1,5979,1510131280076,1484659384171,296022
1,598,1387004027877,1387003496321,2253592
1,5980,1608431729676,1296169988801,712234
1,5981,1612728864606,1612728828474,428995
1,5982,1664057469676,1259689361422,3194421
1,5983,1614062993669,1614061898201,829377
1,5984,1616184591260,1615729173482,180775
1,5985,1626595988654,1626595927550,222397
1,5986,1659374191552,1288463827982,590282
1,5987,1630461296463,1630453652177,595290
1,5988,1700460832381,1469701510732,1678219
1,5989,1636045421622,1463021905564,5443931
1,599,1654346187804,1654345660569,181321
1,5990,1561242761285,1339252520768,2156214
1,5991,1644343572728,1253488180372,6912708
1,5992,1639877007130,1368292036119,14756834
1,5993,1589194235495,1457934081081,5696701
1,5994,1658869551148,1230430322217,17519908
1,5995,1632424273627,1632423981653,470610
1,5996,1615216377070,12705,199085
1,5997,1691609929244,1368292036119,374011
1,5998,1661023782090,1591220228566,636156
1,5999,1682084291568,1487274616017,880770
1,6,1686222180635,1646424047424,282586
1,60,1653490780448,1492645984255,629775
1,600,1634823125386,8,2222299
1,6000,1631469966487,1466956258977,436732
1,6001,1599869958401,1382060716753,4909844
1,6002,1583605070531,1583604138888,3650376
1,6003,1429567027926,1237329777514,735048
1,6004,1614210084652,1527799591177,491901
1,6005,1671414056970,1368292036119,8746531
1,6006,1627507904973,1627497876835,1112417
1,6007,1660781804929,1368292036119,1524239
1,6008,1609972006887,1253683383517,802401
1,6009,1542454186534,1368292036119,3739211
1,601,1573774321129,1370145367664,3469656
1,6010,1621527142527,1621526986000,379356
1,6011,1631291651080,1631291576908,494477
1,6012,1678140735000,1632149550526,420553
1,6013,1616402562083,1441334072760,578408
1,6014,1508694371791,1282593197437,2602034
1,6015,1669822222695,1496478228267,429335
1,6016,1603726649331,1296169988801,5093837
1,6017,1615759845671,1296169988801,388746
1,6018,1645663530982,1349477488697,7260208
1,6019,1623794483205,1363171201399,4102469
1,602,1685371896000,1368292036119,2874934
1,6020,1681591014160,1230430322217,2873895
1,6021,1661842032123,1661785872739,181177
1,6022,1630513140933,1630513118881,206964
1,6023,1497967619520,1376476235025,475541
1,6024,1619402605259,1619154330682,449943
1,6025,1541542922301,1541542837191,430521
1,6026,1688576120000,1479242579780,144651
1,6027,1550698996497,1354715263726,1541370
1,6028,1615288588615,1615244102209,4530845
1,6029,1597244477865,1365293606461,1962976
1,603,1552137203438,1402456305835,617525
1,6030,1591109466428,1314023405991,210685
1,6031,1590124984380,1349477488697,1528336
1,6032,1678385231549,1393817670651,233012
1,6033,1613406106393,1613405845132,876038
1,6034,1603324150668,1603224596152,175636
1,6035,1616419117362,1615745638512,247179
1,6036,1631188363530,1570456819361,169902
1,6037,1675572313082,1,2052531
1,6038,1622493791096,1368292036119,7865763
1,6039,1696555474052,1267679370216,604986
1,604,1631852481163,1402456305835,1198461
1,6040,1686743177187,1686742388255,716954
1,6041,1622092772304,1612219500107,687080
1,6042,1526077395460,1321299142105,3389117
1,6043,1659986218923,1394239418113,5001261
1,6044,1553104009889,1552975181160,4505129
1,6045,1496129754343,1259099470131,1990616
1,6046,1634001799804,1559205848556,4237778
1,6047,1687717628469,1,203663
1,6048,1695499772254,1520716970992,218939
1,6049,1616334245011,1616334222274,2682049
1,605,1637456090100,1460121675735,2532548
1,6050,1579696459353,1579619896371,878390
1,6051,1633551568001,1633550769270,606079
1,6052,1600172793161,1379277501567,540044
1,6053,1675957364000,1403402930850,740565
1,6054,1692733658151,1484612348767,1052266
1,6055,1694313096216,1321299133805,239940
1,6056,1669749124869,1321814180160,284423
1,6057,1674843331112,1553874394458,1787794
1,6058,1675791364880,1385238706760,1684198
1,6059,1617552377130,1617552172128,279492
1,606,1675455221617,1612054805002,516994
1,6060,1605168468179,1,2725866
1,6061,1632355298726,1282537182632,1456990
1,6062,1660522926443,1365293606461,1178210
1,6063,1440165829389,1234655558515,2516361
1,6064,1620091733730,1620090043546,953149
1,6065,1556312216703,1297133706414,773990
1,6066,1698108644000,1368292251847,3620259
1,6067,1675727225936,1382060716753,1582398
1,6068,1621018003446,1621017975653,203962
1,6069,1610470527599,1288463827711,388687
1,607,1695559595822,1382840683093,11399841
1,6070,1630335648158,1630331762535,408186
1,6071,1529200788532,1277625570955,1235394
1,6072,1655858065448,1230430322217,11414007
1,6073,1630949576933,1349477488847,1631543
1,6074,1613008177493,1349477488732,9194822
1,6075,1630491336464,1630490103463,1391403
1,6076,1419124531796,1354715263726,4524404
1,6077,1634946990863,1,1324455
1,6078,1688501781860,1,6226845
1,6079,1690345197626,1614446068359,180328
1,608,1560590624347,1560491115448,3774037
1,6080,1662911856893,1368292340870,2528148
1,6081,1649028939348,1489529512100,2092850
1,6082,1646684119050,1368292251847,7358735
1,6083,1659407803028,1358606738334,356005
1,6084,1615562947436,1267679370216,1140030
1,6085,1603548019540,1603547827877,673860
1,6086,1550618865150,1512314679070,13743170
1,6087,1605854085279,1349477488697,6645169
1,6088,1631520641013,1631469970239,214468
1,6089,1586189160854,1185996957304,2094283
1,609,1676115782734,1676115644404,239029
1,6090,1695825793000,1321299141411,250687
1,6091,1693554838261,1381650940362,6321237
1,6092,1345079466048,1185996957310,6354929
1,6093,1641559649016,1349477488798,5121194
1,6094,1621836177277,1589243295272,257709
1,6095,1692863874157,1577108314900,684693
1,6096,1618045755404,1618045742678,464071
1,6097,1674239986045,1538425449961,2597942
1,6098,1519430372463,1230430735395,2442651
1,6099,1613253614713,1613252436670,358644
1,61,1641485259138,1368292251847,863386
1,610,1632780127589,1368292036119,5284059
1,6100,1604123713413,1442352044713,1435548
1,6101,1535086951498,1297133706414,1279613
1,6102,1677913103008,1296169988801,14975957
1,6103,1652394570787,1389609484811,1858962
1,6104,1630515682949,1368292036119,1467333
1,6105,1613101383482,1613087353784,10671562
1,6106,1678749138497,1678748847365,277426
1,6107,1609611283952,1609601912890,262137
1,6108,1596654486206,1596654458670,1877142
1,6109,1622588327319,1622487548936,223097
1,611,1612039281916,1363171629863,2285596
1,6110,1673586829000,1349477488733,5123978
1,6111,1546725721382,1341269141458,23188315
1,6112,1630285125651,1630284933088,624123
1,6113,1640692997640,1367317475414,625404
1,6114,1689540191053,25,925419
1,6115,1650815447079,1321299133489,6839476
1,6116,1689455694727,1,5645952
1,6117,1632359346605,1632357864652,199449
1,6118,1681358890954,1541538188193,5531629
1,6119,1657330836691,1500911304096,1188087
1,612,1583455889468,1482325088071,605277
1,6120,1677122957000,1368292373925,1790877
1,6121,1615299661348,1615248376805,492909
1,6122,1425797507838,1425146953292,1083467
1,6123,1621546952706,1382060716753,6754870
1,6124,1404290471267,1238859586109,2613901
1,6125,1624990649960,1321814180155,224900
1,6126,1593462748702,1253683383517,894993
1,6127,1685531084389,1615553242928,650475
1,6128,1645123220552,1540573448025,867101
1,6129,1606778663936,1481896498728,10017371
1,613,1602496890955,1601738407005,1327965
1,6130,1616709433857,1365293606461,16069550
1,6131,1557198353987,1369878230181,304869
1,6132,1690419582268,1405141749019,3562629
1,6133,1525260715083,1525259750237,5237947
1,6134,1683686559000,1363171201399,5063986
1,6135,1655221971907,1,259525
1,6136,1651993228313,1414353004016,454831
1,6137,1672624334549,1617650712689,306107
1,6138,1627547773036,1627547756839,409012
1,6139,1635584848596,1446352976481,719915
1,614,1628304361686,1563185557467,336985
1,6140,1594288149616,1303738105556,2354616
1,6141,1699203497259,1663694236934,818757
1,6142,1589687930983,1589647254295,722944
1,6143,1519864350435,1519864213612,4227087
1,6144,1694554992009,1365293606461,5992725
1,6145,1657684524298,1582127263839,1546900
1,6146,1688746819956,1675616772406,237961
1,6147,1691332238678,1,3765935
1,6148,1674226170398,1591220228566,2517681
1,6149,1429922988293,1250819068080,1324104
1,615,1665018073902,1368292036119,7936899
1,6150,1630677831500,1630677805401,4373035
1,6151,1685126577710,1481804151599,482841
1,6152,1615108288119,1402157585398,2232902
1,6153,1695857346008,1496695434510,575901
1,6154,1620233676707,1361818315599,8858159
1,6155,1631584892674,1631485628385,4454247
1,6156,1500414997294,1374455301625,977302
1,6157,1557392422757,1555789416660,1334607
1,6158,1660407169308,1349477489152,13466169
1,6159,1595259772045,1578438949517,1241466
1,616,1691104035773,1335881391590,1134073
1,6160,1589015664806,1238384535119,2993067
1,6161,1600612708000,1600610373197,22097911
1,6162,1515254052247,1356967964579,8397428
1,6163,1630688268677,1630688256825,900227
1,6164,1638296055078,1506963649840,1410427
1,6165,1631956947747,1349477488697,2191741
1,6166,1622207098111,1603978606011,807275
1,6167,1354369351178,1354365380605,2416802
1,6168,1690451129643,1192994505531,292069
1,6169,1568303687798,1568303635132,1602529
1,617,1677926370073,1677920457917,228080
1,6170,1649937365808,1554151689299,4139405
1,6171,1631439273513,1631124792140,212028
1,6172,1327941648324,1327175160566,3316390
1,6173,1631357843394,1586851463834,596070
1,6174,1584898594843,1342581272011,9083460
1,6175,1613581470171,1483388826275,1179277
1,6176,1636029520106,1474193091710,1664153
1,6177,1665249184197,1665248959878,559298
1,6178,1595060302964,1573625741767,1202685
1,6179,1432153775256,1312447477319,1930543
1,618,1362708261883,1290003122920,758459
1,6180,1642667804699,1,2612530
1,6181,1613329196883,1613329141066,2124370
1,6182,1556535718158,1433489648891,10300300
1,6183,1603424289181,1382060716753,11022065
1,6184,1605256318658,1349477488697,2404903
1,6185,1677678053653,1382060716753,641177
1,6186,1588821170424,1588821145183,2381665
1,6187,1622858372479,1275901661483,2520262
1,6188,1454778608009,1236918353335,31335314
1,6189,1631891438016,1631891403701,432424
1,619,1450783386843,1248829332109,15727063
1,6190,1689097889266,1349477488697,5624707
1,6191,1354475500185,1243471197089,10821992
1,6192,1360185635306,1236891507799,5785223
1,6193,1631770643191,1631560912075,486207
1,6194,1573608391764,1339252520768,12096760
1,6195,1620088739860,1368292036119,16030513
1,6196,1573479454279,1573410701556,678846
1,6197,1666519939363,1368292251847,1431764
1,6198,1582065687847,1582048555809,2330880
1,6199,1639150263963,1244305227562,5584273
1,62,1572769899438,1267679370216,4424401
1,620,1697895130995,1382060716753,191113
1,6200,1606240812951,1433489648891,5554362
1,6201,1677787269334,1363171201399,5471429
1,6202,1681148722492,1462140542732,237733
1,6203,1676760958792,1676758164417,216930
1,6204,1690237585962,1108,1215966
1,6205,1600622656161,1389086972995,1141432
1,6206,1579391334872,1,1474076
1,6207,1638346146370,1434539087337,1888750
1,6208,1648102420489,1237759582171,5843740
1,6209,1646344078627,1413857672304,3126079
1,621,1646849658541,1245641480890,1476931
1,6210,1698940187401,1185996957316,410334
1,6211,1660133699209,1556384731398,462123
1,6212,1586372967310,1242787554828,15787440
1,6213,1647349650639,1539733966270,1276451
1,6214,1601961073000,1253683383517,12296421
1,6215,1697580145936,1619783330836,214101
1,6216,1620794709395,1296169988801,1173744
1,6217,1665418997300,1382060716753,4331756
1,6218,1687655069000,1603162249080,530649
1,6219,1699418562633,1385335632993,601179
1,622,1653982279876,1368292036119,362904
1,6220,1696186412087,1463839448065,5924715
1,6221,1424105195010,1367595883365,650120
1,6222,1598469988115,1598464456422,267634
1,6223,1622000023734,1621999975451,1876647
1,6224,1563304317027,1349477488697,14094102
1,6225,1637973983030,1253683383517,1949737
1,6226,1672092118825,1368292036119,6652013
1,6227,1670589844729,1356396068661,435123
1,6228,1587232623424,1286040959355,2129846
1,6229,1597153823016,1341269141458,6952353
1,623,1637780619161,1516289032735,2137087
1,6230,1491666651281,1491666400186,7116525
1,6231,1635698093550,1,8141502
1,6232,1630980978825,1630896150949,306528
1,6233,1519093455016,1460306374748,658539
1,6234,1593275284084,1267679370216,2657052
1,6235,1569613541743,1253683383517,397395
1,6236,1597272859832,12705,840038
1,6237,1574965057433,1296169988801,1606165
1,6238,1645416111619,1382060716753,2603379
1,6239,1612536078988,1612530740405,1371327
1,624,1620069294530,1459381160365,374190
1,6240,1612367466463,1612367424945,615877
1,6241,1315160562026,1248829409921,10745847
1,6242,1628885239628,1523914443199,554046
1,6243,1673873134000,1483734442330,681929
1,6244,1700691189100,1321299141551,637957
1,6245,1644595143608,1382060716753,3881198
1,6246,1634556307958,1411139385505,1152503
1,6247,1686535229932,1389044107457,1289183
1,6248,1697156469373,1405189766121,992583
1,6249,1643563031475,1484871094268,726895
1,625,1514058936560,1514056209327,338590
1,6250,1643859320661,1282537181785,1647014
1,6251,1613002069169,1,8845894
1,6252,1574091454255,1567713646138,866712
1,6253,1686409832381,1267679370683,372822
1,6254,1623426839253,1597065143792,692287
1,6255,1562279583719,1331102569886,213552
1,6256,1410767109313,1331102569886,3769710
1,6257,1629845020087,1629827236248,439855
1,6258,1674354233246,1230430322217,10734358
1,6259,1322762739950,1243021618005,4497428
1,626,1632438301580,1492635298497,754844
1,6260,1477191443569,1477191353300,1534090
1,6261,1624358346557,1582639849200,963570
1,6262,1633606852169,1424111911972,2749047
1,6263,1659268075641,1267679370221,789854
1,6264,1536368313031,1253683383517,2318102
1,6265,1673785524784,1321299134315,549183
1,6266,1623453540531,1382060716753,6659561
1,6267,1625752262109,1625750436427,376824
1,6268,1621155489546,1308151410549,623498
1,6269,1599838371153,1599781230410,2413864
1,627,1634091437012,1607006411821,563570
1,6270,1598308876568,1387417464564,424031
1,6271,1629412825754,1394068343377,348671
1,6272,1643900781857,1413655104034,4323794
1,6273,1614037299431,1476203538829,1911296
1,6274,1586397877299,1349477489218,3697451
1,6275,1652008546420,1145,11380495
1,6276,1563161713760,1321299133411,1322826
1,6277,1637023965416,1349477488736,272571
1,6278,1618728850267,1556033746178,539332
1,6279,1639003769661,1469594534603,8828333
1,628,1600409113605,1446271087836,1394986
1,6280,1675224332902,1339252520768,2747498
1,6281,1599042094620,1599041738303,219372
1,6282,1631150500761,1631150450464,251376
1,6283,1584296864868,1391531097111,363127
1,6284,1620762427110,1431555542267,5619242
1,6285,1587747937216,1587631204633,535382
1,6286,1643394182140,1340713992866,4589104
1,6287,1618275811784,1,2975104
1,6288,1649580145410,1345289030573,313050
1,6289,1566170753482,1253683399766,8849027
1,629,1618945886511,1374438040372,272205
1,6290,1589533307488,1296169988801,1127198
1,6291,1670236642415,1664826118284,522333
1,6292,1652743000000,1283016271301,7671275
1,6293,1689189057756,1478515378724,1781103
1,6294,1516598816262,1468809910365,4604207
1,6295,1641495120102,1641494830435,591568
1,6296,1628547519275,1296169988801,287494
1,6297,1689766604437,1586782689812,517023
1,6298,1498747281351,1353195538273,612578
1,6299,1622637422491,1357570980484,478213
1,63,1467139016627,1312571322752,687812
1,630,1581893256187,1292381855590,17302527
1,6300,1616045125762,1615354507392,341564
1,6301,1619807036962,1,2971043
1,6302,1636459252818,1349477491143,17068194
1,6303,1531277432575,1481321244679,673630
1,6304,1659877658610,1403023479358,215889
1,6305,1617207692387,1617202221818,870025
1,6306,1567918177308,1567918083163,859837
1,6307,1681556994520,1253841981294,3519862
1,6308,1572419794297,1296169988801,982528
1,6309,1679495660000,1363171679297,1525804
1,631,1662599146955,1349477488771,18088493
1,6310,1666794683027,418,1154601
1,6311,1630513809088,1630504148853,237967
1,6312,1668019967215,1663287369571,191862
1,6313,1630924486401,1214225650015,14806043
1,6314,1538997354715,1538997337859,1263672
1,6315,1632358363587,1,3799896
1,6316,1691685575000,1457633005500,2804585
1,6317,1690052420259,1382060716753,7407578
1,6318,1685398982608,1479242579780,489912
1,6319,1613398830136,1185996957304,2341980
1,632,1559004840656,1253683383517,246150
1,6320,1684020879369,1399316509869,326524
1,6321,1635904257586,1382060716753,23230046
1,6322,1632439280217,1523893266021,987579
1,6323,1675740270643,1541289813756,256023
1,6324,1607157574422,1417638767679,309413
1,6325,1619089378678,1617625436026,1053635
1,6326,1618092148702,1522506677994,316825
1,6327,1602795089112,1358044891925,287474
1,6328,1691177267395,1691176895781,362031
1,6329,1609997902761,1393817670651,1118494
1,633,1626860213617,1267679370216,268131
1,6330,1650045370495,1344269255654,2274913
1,6331,1533584291777,1338405665397,15502843
1,6332,1567623786825,1,9203397
1,6333,1653939661000,1479243238750,753041
1,6334,1686776203558,1368292036119,4268786
1,6335,1627664465132,1389609484811,2116625
1,6336,1599283479365,1599283358583,2038502
1,6337,1585666452451,1230438809009,12087216
1,6338,1618162341892,1414222097982,508523
1,6339,1412267902441,1351636217252,303902
1,634,1566873483228,1323439343635,13226133
1,6340,1647613025600,1321299133411,1058369
1,6341,1682497851518,1363174359355,9105081
1,6342,1664086869000,1486604543239,2761071
1,6343,1678363469000,1413290427822,6593410
1,6344,1630841451177,1630762793810,2592413
1,6345,1623276686672,1214225650015,454605
1,6346,1608010362888,1608010286507,257194
1,6347,1661551747000,1584886455308,1263282
1,6348,1607457877909,1607455470090,820856
1,6349,1688589036636,1509176100845,828806
1,635,1623665532134,1623661658161,482564
1,6350,1614875531300,1458254992081,184229
1,6351,1613769865476,1,2961240
1,6352,1632178822458,1267679370342,576953
1,6353,1624093479495,1253683383517,1163048
1,6354,1604526240184,1604525951299,396609
1,6355,1651066098062,1584886455308,684739
1,6356,1611173176955,1438885859591,444245
1,6357,1629838080282,1365293606461,12021975
1,6358,1585427063106,1363171582515,245287
1,6359,1662195646340,1662194510508,489994
1,636,1421708068918,1421699546012,5785036
1,6360,1684291908000,1394240219617,467561
1,6361,1614162091072,1614152234503,8364110
1,6362,1630323059204,1630323035702,3893993
1,6363,1630628638800,1630627747830,7074696
1,6364,1650789407772,1419811714818,393792
1,6365,1619365658241,12705,630811
1,6366,1652249551672,1390313167196,861046
1,6367,1605123239338,1605122774863,554434
1,6368,1663543446000,1441213243800,992833
1,6369,1574823632075,1368292036119,5706692
1,637,1632330997622,1632330961178,804559
1,6370,1615878357984,1389609484811,174708
1,6371,1634757304499,1310576403943,2451077
1,6372,1612811837092,1349477488737,16665970
1,6373,1692023405823,1214225650015,368235
1,6374,1417662203432,1314274012682,3631692
1,6375,1633600722072,1358044495439,6429401
1,6376,1602591603364,1602496747738,197426
1,6377,1652397698000,1292381855591,370176
1,6378,1544793285745,1230430322217,2147904
1,6379,1633106895999,1402177860474,219734
1,638,1684882685548,1368292373925,790286
1,6380,1595461782511,1303741043486,217943
1,6381,1576179591214,1576179416497,7117132
1,6382,1518919839115,1255653553364,14474830
1,6383,1677136704548,1396964608907,524313
1,6384,1625440339359,1349477488697,4871200
1,6385,1690414298889,1438211504027,2552539
1,6386,1662146134132,1349477490952,1602353
1,6387,1647552358697,1448755291440,525823
1,6388,1698969273424,1558763593057,973193
1,6389,1631895600954,1631895507341,525271
1,639,1678238241397,1394242902623,12729253
1,6390,1534942049872,1534940310196,377623
1,6391,1599449247428,1282186996953,7977705
1,6392,1617065621142,12705,697510
1,6393,1690360888000,1386372071599,2892383
1,6394,1671034053000,1662755930072,304031
1,6395,1684855810119,1586732035265,2781406
1,6396,1590261919335,1393189942745,2788958
1,6397,1696938256158,1450284702510,587956
1,6398,1653889745616,1321299141427,342155
1,6399,1513156058696,1370145367610,2100150
1,64,1677759343587,1546539098790,10247833
1,640,1649007503306,1368292036119,27569266
1,6400,1376531186982,1317821551698,11035429
1,6401,1625185379719,1382060716753,6494647
1,6402,1696767144605,1586465670311,2317707
1,6403,1617927861869,1424907865036,2192724
1,6404,1621253177119,1548767481964,2529188
1,6405,1694657158841,1694610788286,247623
1,6406,1643898312232,1394068367499,4836805
1,6407,1630793084344,1,773251
1,6408,1610560586825,1610534241276,200354
1,6409,1587593137287,1587514610128,1017594
1,641,1338322188939,1338316953993,768182
1,6410,1664588160503,1556533739563,1395110
1,6411,1605282845475,1420423207285,640855
1,6412,1641925117626,1368292036119,6252131
1,6413,1586865958189,1464071328019,1847258
1,6414,1616501627888,1616371430212,599828
1,6415,1517213347009,1440851463383,1972712
1,6416,1582813056833,1582811187169,216328
1,6417,1629567377433,1368292036119,503114
1,6418,1669786222553,1354715263726,1476953
1,6419,1630515682949,1368292036119,7252069
1,642,1620913604127,1280767716763,948536
1,6420,1599715044839,1244305227562,14339918
1,6421,1622723166882,1622723151976,468985
1,6422,1597582295855,1363171229968,359108
1,6423,1652183716000,1413859711864,2144787
1,6424,1612040707508,1512536319742,1810864
1,6425,1618764533418,1308151410541,2089041
1,6426,1613787860948,1613787816079,2869239
1,6427,1691832718925,1448934764038,4739664
1,6428,1635753653543,1364395036276,157027
1,6429,1665532612028,1661807903384,1093701
1,643,1358524744293,1358524375090,197984
1,6430,1634336157266,1631581850738,338307
1,6431,1610622008839,1610559935374,394213
1,6432,1646333382125,1454555303557,401855
1,6433,1504186569046,1504144643554,9440856
1,6434,1673225825223,1264295811700,1470719
1,6435,1602080116464,1341244544026,1244946
1,6436,1666109024898,1357654336906,1450917
1,6437,1408264603661,1278450227701,11564428
1,6438,1623782997086,1606321199268,1518373
1,6439,1512525624284,1512525443844,926048
1,644,1631659079072,1631659075312,490202
1,6440,1555009677567,1220824074782,583353
1,6441,1628691818313,1379859065619,853486
1,6442,1679780845379,1368292123572,8419525
1,6443,1631549578790,1631500235824,2179894
1,6444,1699884365740,1382060716753,1824484
1,6445,1607122431491,1453361076663,5242370
1,6446,1618350666783,1517695923931,6220753
1,6447,1416899338456,1358388308437,9303804
1,6448,1671887699710,1,589438
1,6449,1587346545514,1349477489054,18489516
1,645,1640044740820,1459827063166,550245
1,6450,1646668540275,1582605304646,830143
1,6451,1631899277528,1631897590237,653766
1,6452,1685044931573,1326834842421,635395
1,6453,1548724295312,1548715712139,218529
1,6454,1494046436101,1480952513062,691780
1,6455,1618204317361,1595684624065,709268
1,6456,1683051793000,1493074982247,425973
1,6457,1529379654963,1480454157525,966404
1,6458,1606149578486,1388347871998,1082504
1,6459,1542107775922,1268011713681,3254916
1,646,1600409113605,1446271087836,1191603
1,6460,1669703251000,1264653384165,787520
1,6461,1458477723369,1458381217844,7000034
1,6462,1562271786956,1462140542732,2624296
1,6463,1632340716923,1632137557326,366625
1,6464,1624203212880,1275251648078,989779
1,6465,1657527217000,1546536898404,4387870
1,6466,1690505709000,1296499533072,987975
1,6467,1612033582716,1384559085959,346505
1,6468,1690401820000,1365293606461,2717519
1,6469,1653029290451,1421053839190,815781
1,647,1558959345572,1558954226495,515922
1,6470,1655452635044,1462206100258,462273
1,6471,1694770968178,1251883407566,4990152
1,6472,1585495006213,1585479982464,286941
1,6473,1671845928000,1671837053562,2374046
1,6474,1654235757181,1349477488798,5268315
1,6475,1678623099000,1448934763582,315029
1,6476,1655908970797,1649081197990,274835
1,6477,1576420647394,1237509765901,1560551
1,6478,1675352722741,1479242579780,652488
1,6479,1622661852575,1566222729834,298996
1,648,1630081898432,1,365773
1,6480,1480362112046,1185996957304,9274129
1,6481,1622319693477,1500517203609,3895870
1,6482,1553200300104,1553200000352,1182164
1,6483,1607758289953,1349477488697,6562107
1,6484,1606039050119,1600536621503,1714689
1,6485,1607930356903,1607878806608,670747
1,6486,1659455850233,1574320539718,290567
1,6487,1357655825015,1357654336906,4900185
1,6488,1675745760524,1368292251847,8033015
1,6489,1688033302112,1255656331934,4832229
1,649,1529383920787,1224469920880,15306909
1,6490,1614571529000,1442352044713,7144581
1,6491,1670782093616,1402457591423,3766708
1,6492,1668559505281,1667415852079,752292
1,6493,1561193332382,1462427932660,1733172
1,6494,1662085882949,1394240440674,5273052
1,6495,1516474750358,1242164822531,380273
1,6496,1632177550852,1632144015578,421445
1,6497,1679388709557,1419353966595,255516
1,6498,1617586353003,1211307217539,6828223
1,6499,1630263860433,1403287309156,2229511
1,65,1638976336902,1496498988686,876494
1,650,1594815188614,1592400044589,1317065
1,6500,1600059733949,1600059676731,1385002
1,6501,1630844103963,1630844019643,670762
1,6502,1613015944403,1613014999568,429091
1,6503,1505718669032,1370145367610,1893274
1,6504,1690554635519,1368292036119,2963487
1,6505,1589305718975,1342581268873,7211714
1,6506,1358279158785,1248829115125,1835746
1,6507,1636399333794,1632485071415,1091314
1,6508,1610311466413,1255653553364,190283
1,6509,1697468911162,1344111245611,3881194
1,651,1631894563529,1631894548862,149151
1,6510,1644893147244,1368292251847,9140521
1,6511,1661855113910,1630333585602,308025
1,6512,1569183351554,1365293606461,1368195
1,6513,1622565462326,1359148661717,707614
1,6514,1651711330828,1363171201399,1625161
1,6515,1556111754903,1556111717923,296788
1,6516,1632426790555,1632424490719,345273
1,6517,1535144462986,1535144173583,2070164
1,6518,1387838303915,1251849465143,1347176
1,6519,1637250595090,73,5805709
1,652,1565742721677,1565741322365,600598
1,6520,1575036330478,1283016271301,3545843
1,6521,1658452572384,1368292036119,1719151
1,6522,1445192051958,1445192066474,1492479
1,6523,1531356288591,1255653553364,748783
1,6524,1620548262799,1370145367610,8969639
1,6525,1628300208610,1253683383517,8095270
1,6526,1350780299729,1243471197089,3806618
1,6527,1611485492515,1605033952643,327115
1,6528,1696855180155,1574587964663,2796918
1,6529,1698889663331,1349477489408,3310585
1,653,1623892676315,1623805561912,337656
1,6530,1402604536876,1185996957304,2054672
1,6531,1632459419249,1630815705016,489613
1,6532,1630971173493,1630971157539,308601
1,6533,1610595051999,1368292373925,3317840
1,6534,1665421620650,1439728329732,1506942
1,6535,1577833764833,1368292036119,9668998
1,6536,1678631410266,1461598718016,235281
1,6537,1657786557970,1368292036119,3700675
1,6538,1632616897408,1368292036119,187863
1,6539,1639858589176,1621949842097,911755
1,654,1613994653845,1613655821327,1061413
1,6540,1604713914135,1368292036119,18191469
1,6541,1607142923478,1607142270769,1909668
1,6542,1638743732074,1496478228264,353871
1,6543,1607739674935,1518734076403,402532
1,6544,1631963219408,1581952792247,1282702
1,6545,1635365706486,1499096846644,835802
1,6546,1612814592167,1523596249849,286987
1,6547,1624222948454,67124746,790652
1,6548,1612887740303,1612887706149,825370
1,6549,1631906302220,1,12264288
1,655,1625979461901,1335782638416,402407
1,6550,1454364185678,1454363867324,1911565
1,6551,1407607562354,1322603967409,992065
1,6552,1635673384494,1482416467769,474537
1,6553,1417057581375,1417057522044,4268588
1,6554,1618535874715,1368292036119,11259545
1,6555,1608639542535,1608565856435,1925111
1,6556,1602729456404,1349477488785,1970490
1,6557,1673216962400,1368292036119,2429174
1,6558,1630474955611,1365293606461,829611
1,6559,1657420770676,1483375171758,1261839
1,656,1590958206364,1500294312490,1333139
1,6560,1670503949397,1577796784534,667930
1,6561,1681679865551,1,591012
1,6562,1587106453481,1587071365933,1913652
1,6563,1455588248786,1455588234933,1009542
1,6564,1591992197781,1591991673451,564014
1,6565,1647208882511,1352627292229,248212
1,6566,1653587534288,1349477488847,2358859
1,6567,1623426839253,1597065143792,8276577
1,6568,1615691529732,1389086972995,3343145
1,6569,1663361005081,1509176100845,1822701
1,657,1664399295583,1365293606461,988665
1,6570,1674949506038,1365293606461,568396
1,6571,1641337089502,1358606738334,1263137
1,6572,1506183858966,1506183269799,1181548
1,6573,1552137203438,1402456305835,692002
1,6574,1485476844911,1310576403943,922860
1,6575,1582643137173,1,12021472
1,6576,1649986795237,1649132338928,267445
1,6577,1621013862082,1503862157842,1792680
1,6578,1679964819150,1363171201399,4223041
1,6579,1659262656463,1659195264274,2173310
1,658,1632116272460,1365293606461,17614986
1,6580,1686258268061,1468443690253,264570
1,6581,1693791506410,12705,1508206
1,6582,1663222217000,1340356537328,995322
1,6583,1597076163358,1476066869235,3623666
1,6584,1660578418409,1341238124197,2915972
1,6585,1644250946174,1549894713972,651676
1,6586,1637172318312,1315615385694,2199974
1,6587,1642040489975,1,400891
1,6588,1618570156273,1618523719336,434528
1,6589,1640503626078,1264921853611,5289428
1,659,1505796798570,1505795273097,1601960
1,6590,1678460142608,1462832617930,889380
1,6591,1629127651526,1618871774409,288848
1,6592,1630737531779,1630676625652,5583870
1,6593,1669702533123,1669697512272,916031
1,6594,1692712486391,1341416855656,1893753
1,6595,1607452115562,1607451961239,231225
1,6596,1667559406307,1349477488697,305911
1,6597,1559230677782,1394382092578,421561
1,6598,1594978129167,1377888803272,6867279
1,6599,1569169065762,1569167537502,9125750
1,66,1612486588423,1409203498421,5911562
1,660,1643408518250,1214225650015,733357
1,6600,1699776771000,12705,155968
1,6601,1655027544858,1234655558515,17208866
1,6602,1622164130986,1494553503829,263266
1,6603,1639047778891,1444654257585,5273977
1,6604,1366994391864,1366737460713,820662
1,6605,1659652750007,1424988945510,601277
1,6606,1617850821324,1368292036119,2664517
1,6607,1647282178091,1341587108752,11669261
1,6608,1622128151437,1622128106489,307783
1,6609,1587264406159,1379277501567,2908440
1,661,1679952062298,1349477488697,435899
1,6610,1600565074000,1600564201509,1786358
1,6611,1675127043124,1363171382760,3227044
1,6612,1653020884932,1363171201399,3266588
1,6613,1637697884176,1604837970753,1374454
1,6614,1597939127106,1238859586109,5773508
1,6615,1642875805355,1497484861934,1800097
1,6616,1632769781400,1508178108440,2870671
1,6617,1688864627000,1454980236349,637714
1,6618,1632082451402,1630959594975,3329723
1,6619,1494849500002,1494849412408,510246
1,662,1696238221870,1696230949040,171413
1,6620,1667127454915,1574863786378,2957569
1,6621,1649889194259,1647539251684,282975
1,6622,1498935626842,1498928968132,1035478
1,6623,1689144023000,1686206549132,349413
1,6624,1578673441629,1339252520768,207150
1,6625,1611180987579,1611180931109,754554
1,6626,1681756601000,1382060716753,1093885
1,6627,1638776197433,1413914054094,815611
1,6628,1410804001861,1344109668542,6968313
1,6629,1613054245391,1,940158
1,663,1647545823255,12705,949280
1,6630,1404831414784,1326834842421,209587
1,6631,1630847567258,1469761595637,3035569
1,6632,1594896732740,1594896569258,938058
1,6633,1685130315676,1574587964637,690051
1,6634,1627754318178,1253683383517,1249045
1,6635,1512329238665,1512328717765,390787
1,6636,1597166328382,1315471024975,5369937
1,6637,1629400893331,1402457846518,6511237
1,6638,1610829616584,1610754371705,3172435
1,6639,1453960977589,1264049677740,1307744
1,664,1692785716199,1584886455264,343573
1,6640,1638467300069,1536649895644,724041
1,6641,1618147417241,1618141808888,302024
1,6642,1425225603566,1311975782828,3400759
1,6643,1634601949892,1368292251847,6992275
1,6644,1693340232018,1459381160365,500277
1,6645,1663250709551,1505725124812,1173532
1,6646,1618041291273,1617806999850,321196
1,6647,1631022391622,1631022216682,245557
1,6648,1479524265840,1450800427789,5265208
1,6649,1552137203438,1402456305835,681352
1,665,1643756504384,1,731617
1,6650,1631308014092,1264921853611,983053
1,6651,1631565667342,1271726916906,276444
1,6652,1615972320006,1615927864285,500829
1,6653,1668629196863,1321299135553,3121409
1,6654,1686638997000,1584886455428,558925
1,6655,1622339457718,1622339438107,1805565
1,6656,1554873851299,1253683383517,2157515
1,6657,1681013582000,1385335632993,20348028
1,6658,1650897743119,1368292036119,7908733
1,6659,1664506868832,1389086972995,1985146
1,666,1581843396470,1412918373394,220138
1,6660,1685806631116,1618483553101,231276
1,6661,1541001460463,1536081645338,1754088
1,6662,1362693583738,1233882888368,2532963
1,6663,1527214157145,1527213781300,2320932
1,6664,1575725279989,1185996957304,8755324
1,6665,1318436162139,1270186106434,593213
1,6666,1616530916103,1349477488697,4985394
1,6667,1455121384053,1454153290560,567533
1,6668,1611669216707,1611592387538,527700
1,6669,1578275849450,1402175764376,4426272
1,667,1613589743416,1613581307941,517119
1,6670,1568573063780,1303738105556,14060016
1,6671,1633437483104,1514049594029,311628
1,6672,1629913601210,1629913579193,208393
1,6673,1697682589993,1369931886299,654774
1,6674,1639733445387,1261899342961,2797610
1,6675,1628612626609,1628612538553,771699
1,6676,1644578634945,1644574449367,698070
1,6677,1425993478151,1425106476528,316509
1,6678,1648346305960,1258595955089,1848994
1,6679,1664827829000,1402457846518,427681
1,668,1683675171326,1683633647571,181417
1,6680,1670992077204,1670991808697,248237
1,6681,1631302587158,1482762962688,520675
1,6682,1670088682417,1349477488793,2837982
1,6683,1633380382258,1253683383517,7370554
1,6684,1684286894597,1684264865442,570499
1,6685,1696956516479,1467682104877,3308392
1,6686,1631747442096,1569295276824,249457
1,6687,1599476991098,1452224254570,19108051
1,6688,1631125205113,1537328248182,9594121
1,6689,1636854129037,1460121675735,612320
1,669,1568580256175,2,3206720
1,6690,1630687447031,1426731784319,260285
1,6691,1630307543925,1630307502378,751811
1,6692,1417109467076,1417109409187,399277
1,6693,1584176087245,1584175105456,298579
1,6694,1519134559260,1519078090811,542695
1,6695,1666123862509,1368292036119,4325644
1,6696,1663537560430,1339252520768,2340396
1,6697,1578250507437,1333633816592,3597504
1,6698,1634399990933,1441609121861,1072169
1,6699,1576708328035,1296169988801,241995
1,67,1602910648671,1479242579780,4140493
1,670,1588452588834,1588451844417,731954
1,6700,1636234596310,1630339729254,2543551
1,6701,1626652410184,1394240357489,2436113
1,6702,1664353304052,1664353250297,371800
1,6703,1633896484349,1633352263493,945744
1,6704,1489521092078,1489518313768,392151
1,6705,1631303029811,1613084613228,775613
1,6706,1617539930378,1450882187050,528041
1,6707,1457127972559,1237210942798,2981834
1,6708,1657635087000,1500812091429,280711
1,6709,1538045706176,1388349687599,741444
1,671,1565563265130,1533672889807,2591016
1,6710,1549011325435,1255654030378,763678
1,6711,1689686117000,1403046993750,373735
1,6712,1296328085601,1255368557447,4671884
1,6713,1577283311051,1253683383517,196972
1,6714,1595741057202,1465599486814,200739
1,6715,1605667599214,1349477488812,6883357
1,6716,1603398034689,1296169988801,1467546
1,6717,1614546890992,1614546786791,305798
1,6718,1694071082540,1541947774077,338063
1,6719,1530321008403,1414222097982,1231531
1,672,1579376562368,1579376540324,207830
1,6720,1616020572694,1264453875245,733574
1,6721,1693341035813,1543545630942,269591
1,6722,1691343841807,1586782689820,2573875
1,6723,1667446597839,1349477488803,1070580
1,6724,1665471908212,1508406092540,2869970
1,6725,1672331003351,1368292036119,5394917
1,6726,1655419088976,1403390255387,1083206
1,6727,1632211166842,1632211028242,3016791
1,6728,1681965936482,1474649707199,1180500
1,6729,1672780988689,1497484861934,474108
1,673,1674058104964,1349477488697,11051786
1,6730,1685705269375,1382060716753,1603089
1,6731,1695783094090,1230430623643,8303198
1,6732,1693415568672,1553874394458,1942178
1,6733,1684945579000,1368292036119,4704783
1,6734,1632010806185,1632010757888,1967610
1,6735,1342115739239,1279722695326,5456660
1,6736,1619861914037,1493973670549,7101998
1,6737,1683548325115,1553874394458,2516730
1,6738,1595075744755,1,7059693
1,6739,1632280800038,1253683383517,400499
1,674,1571041629992,1570528989186,2056622
1,6740,1591039144697,1590940632810,713350
1,6741,1680210963653,100000001,1093070
1,6742,1357655825015,1357654336906,4255878
1,6743,1559777742717,1497415635809,258680
1,6744,1631273067729,1631272856808,609358
1,6745,1663270162742,1403399534843,2176938
1,6746,1630140337663,1332869329629,4821237
1,6747,1614497650013,1614497445765,1054495
1,6748,1625137944144,1185996957304,2284401
1,6749,1664190484362,9881225,1725921
1,675,1621076432019,1581276098990,2189476
1,6750,1643866233150,1436157618126,2592969
1,6751,1697877033453,1495895506817,737488
1,6752,1614215786432,1614180446030,437487
1,6753,1643124544439,1611092361514,983342
1,6754,1621562474525,1621562028934,454181
1,6755,1616605924669,1559205924482,11904921
1,6756,1676899286241,1676894367448,211574
1,6757,1661800465670,1296169988801,3287037
1,6758,1679829549000,1679792645832,614113
1,6759,1672846971000,1349477489454,413380
1,676,1545872897173,1363171991987,1477842
1,6760,1619516238325,1619516113632,594623
1,6761,1619378112893,1574370580925,520373
1,6762,1679097487865,1365293606461,1734325
1,6763,1484611905528,1331102569886,609405
1,6764,1655933205536,1,3514496
1,6765,1642962781308,1,1070791
1,6766,1684413687221,1462115013953,720565
1,6767,1623958938928,1623958245342,463112
1,6768,1699108794355,1,3145137
1,6769,1652529897821,1479242579780,2542042
1,677,1635644397034,1349477488697,1529736
1,6770,1694269570147,1441213362861,1499912
1,6771,1613504112873,1613503782978,2138537
1,6772,1592752262518,1592752250234,1824800
1,6773,1457227997839,1358606738334,2318600
1,6774,1638830700365,1631464552560,273255
1,6775,1610561773423,1610487344677,220954
1,6776,1438189954172,1437991784941,3305383
1,6777,1598554995871,1598554507612,498280
1,6778,1630449691286,1574587964637,19622221
1,6779,1620786558728,1269722041469,6574445
1,678,1644160248201,1382060716753,11443612
1,6780,1645533014648,1253683383517,468102
1,6781,1628045752765,1335782638416,1686843
1,6782,1623854720422,1622221096580,979815
1,6783,1633532699126,1517277730313,3210263
1,6784,1415976641291,1255654297397,23499429
1,6785,1562327636418,1562326812661,1109442
1,6786,1640701487711,1500442264666,474589
1,6787,1388574545920,1263039689275,1347409
1,6788,1670261036979,1597752854446,4369023
1,6789,1497577376913,1497576419141,1324234
1,679,1604398502801,1604397299630,1904959
1,6790,1631654631392,1631594002864,429158
1,6791,1662907124672,1554733799195,136646
1,6792,1418585528337,1324231259386,6440019
1,6793,1644886825339,1413859711864,323991
1,6794,1653391630091,1611052317633,639654
1,6795,1660767550976,1349477488697,6919681
1,6796,1657822008068,1657821956593,1554312
1,6797,1621668598604,1348903090032,2148180
1,6798,1604512947159,1359148661717,191342
1,6799,1678795257611,1368292036119,2801634
1,68,1691518933933,1244305429125,303219
1,680,1631964129750,1631962383438,3453968
1,6800,1618858977119,1618814619700,259652
1,6801,1634214838641,1307347307457,682798
1,6802,1639200383593,1639199366176,193622
1,6803,1550132982442,1549904310761,429698
1,6804,1616303192387,1458364302841,2907341
1,6805,1640699107527,1,618742
1,6806,1634549802358,1634549797282,1168020
1,6807,1699375324282,1479220797376,259558
1,6808,1290193427570,1289966240018,5510205
1,6809,1657325234808,1214225650015,567070
1,681,1597857042207,1363171201399,7121687
1,6810,1642675429409,1352608220855,199111
1,6811,1570928029701,1340356537301,6851322
1,6812,1632275109166,1488462907112,581603
1,6813,1550719477807,1437131760817,507728
1,6814,1455492859475,1279883323503,10881008
1,6815,1513288315925,1513288296247,275519
1,6816,1406656559512,1233882888368,386815
1,6817,1647158849849,1377176488201,6475960
1,6818,1688567143000,1394240357489,298945
1,6819,1675113414326,1296169988801,499582
1,682,1576495496097,1576490896212,5582283
1,6820,1464440110362,1464439788160,863784
1,6821,1407599515682,1237901881402,1199573
1,6822,1599446113796,1368292036119,13791557
1,6823,1653576647112,1644985606245,3542572
1,6824,1683816410017,1683816384268,267518
1,6825,1664735824108,1664735575693,328330
1,6826,1700181088612,1393817670651,426031
1,6827,1572414075056,1310965051934,213284
1,6828,1675663802000,1368292036119,3161331
1,6829,1637735482230,1637313897559,244086
1,683,1632603044789,1582889779405,735805
1,6830,1673975047045,1525410437489,4378144
1,6831,1554637565350,1287867295406,1756974
1,6832,1631172483984,1563610064907,1017777
1,6833,1611646148774,1611646130766,4320767
1,6834,1697636652000,1321299133725,511602
1,6835,1630515682949,1368292036119,1278429
1,6836,1621010224297,1303670814437,570154
1,6837,1616870963535,1341497460405,29468784
1,6838,1575581740606,1230741504671,1904109
1,6839,1658780817613,1335881318503,764514
1,684,1610711969304,1296499533072,1513625
1,6840,1663435195746,1349477490356,15459745
1,6841,1604328933267,1604326477432,999707
1,6842,1552137203438,1402456305835,1461831
1,6843,1621980391502,1621894762691,1231935
1,6844,1699065531785,1371061504314,507391
1,6845,1582908329985,1577740096295,491181
1,6846,1532616287326,1532575410534,5751956
1,6847,1659944998939,2,272203
1,6848,1552137203438,1402456305835,611652
1,6849,1619364274525,1619364112300,3218553
1,685,1570934071786,1569221135890,493846
1,6850,1678225970755,1368292036119,3021995
1,6851,1619810023634,1429526887927,725079
1,6852,1631406467923,1442855868765,2231129
1,6853,1694256837579,1587568390498,4302940
1,6854,1620736792413,1365293606461,1327716
1,6855,1617747418816,1363171201399,1124084
1,6856,1641269932148,1368292036119,632600
1,6857,1635175495147,1438572580302,915956
1,6858,1604676208448,1604674834259,751365
1,6859,1572381286557,1572380044260,751049
1,686,1558352972566,1370145367610,977234
1,6860,1528680223322,1527468379322,498730
1,6861,1623600086571,1623600014362,3337942
1,6862,1684896970835,1553874394458,1046804
1,6863,1678716358222,1476203538829,899061
1,6864,1604570359573,1288463827711,3080582
1,6865,1620700679788,1276565301628,301223
1,6866,1666710724162,12705,3307857
1,6867,1592958079314,1479237431122,2832250
1,6868,1621708990360,1579624568386,2056597
1,6869,1529379654963,1480454157525,1918851
1,687,1603518400524,1253683383517,844182
1,6870,1615416707997,1273439687067,6724699
1,6871,1622837843499,1365293606461,518513
1,6872,1610762099403,1610762055126,352217
1,6873,1654950424495,1339252520768,2400825
1,6874,1682304600623,1,12923569
1,6875,1677224963013,1331500105480,324437
1,6876,1600501053453,12705,6740419
1,6877,1629696169895,1629694990216,417824
1,6878,1624392640755,1282593197437,2086247
1,6879,1645369371502,1368292036119,228359
1,688,1631037616406,1631032691909,3056506
1,6880,1629914946161,1433489648891,742694
1,6881,1575360934835,1389086972995,537669
1,6882,1624978046357,1356967964576,379756
1,6883,1620489445172,1620331616080,958910
1,6884,1668360138575,1298942773203,1760227
1,6885,1629288162368,1321299142065,2495592
1,6886,1634975704464,1634975672396,2539424
1,6887,1552137203438,1402456305835,648260
1,6888,1664156021603,1234655558515,2342501
1,6889,1615760772268,1614557978790,201369
1,689,1652848369279,14,4218988
1,6890,1623426839253,1597065143792,593288
1,6891,1680528120684,1474164907306,6033203
1,6892,1618975877038,1234655558515,702077
1,6893,1617125388381,1349477489190,794153
1,6894,1616155178085,1616155044344,327817
1,6895,1620418370433,1620416620970,311740
1,6896,1660215652861,1485414166209,1080002
1,6897,1611605679420,1321128167240,16053410
1,6898,1632119265719,1631773944210,231018
1,6899,1634157390465,1313531334076,607386
1,69,1677223220000,1185996957321,1753792
1,690,1657835624000,1368292036119,1857812
1,6900,1599713810335,1599711448406,220844
1,6901,1680162503102,1,11844195
1,6902,1587049300737,1455014747484,571417
1,6903,1611253668340,1610965595567,288627
1,6904,1654524604000,1397331337392,862744
1,6905,1653936161237,1459381160365,699475
1,6906,1616513121113,1616409078916,281931
1,6907,1685569710000,1264961507618,11397785
1,6908,1548458886068,1547593459184,872200
1,6909,1661035047634,1335782638416,297859
1,691,1474486945303,1474486930095,2258651
1,6910,1581531508498,1369629218547,6084126
1,6911,1643407489098,1321299141551,385900
1,6912,1333246191341,1333246135648,298942
1,6913,1676902920541,1554004233712,238353
1,6914,1343521089432,1343508755668,22479641
1,6915,1637189842125,1321299133411,1251442
1,6916,1594915738349,1594914899154,279995
1,6917,1685471734787,1554046227566,1059399
1,6918,1626421012422,1626107596795,1356809
1,6919,1578577567641,1450716007896,949226
1,692,1687190480000,1298942773203,2399079
1,6920,1271341800387,1231767167234,19062698
1,6921,1615394176113,1615393636126,609728
1,6922,1659434982000,1321814225785,5524702
1,6923,1601219054146,1601218904250,395148
1,6924,1648737851554,1339252520768,4539006
1,6925,1675621433225,1675621412547,426252
1,6926,1356672729043,1258340964237,13169493
1,6927,1633768394473,1397500132629,224232
1,6928,1602274059377,1,500628
1,6929,1691499799000,1368292036119,1283700
1,693,1656953390230,1368292036119,4408706
1,6930,1565456744819,1565456727956,314000
1,6931,1622597056761,1354715263726,5271215
1,6932,1610330441151,1349477489190,1721441
1,6933,1677810915843,1621690084616,874264
1,6934,1292954635609,1292952383531,12171308
1,6935,1537850884815,1352570420990,349155
1,6936,1663606422634,1461597624625,375745
1,6937,1617450381181,1617449950859,511747
1,6938,1458693100067,1458687512995,516733
1,6939,1588779163736,1455047768955,4717696
1,694,1690589978000,1367317475416,216615
1,6940,1632658744561,1335782638416,753991
1,6941,1596598049533,1519914842586,1418496
1,6942,1687510774329,1346539866605,623125
1,6943,1641327791416,1382060716753,1274289
1,6944,1645744374397,1466956258977,310866
1,6945,1366994391864,1366737460713,892115
1,6946,1660038382214,1382060716753,260670
1,6947,1571161155132,1349477489421,8912670
1,6948,1489462737165,1489462719914,706375
1,6949,1540531723833,1311694691849,7489109
1,695,1601946425362,1601692237870,930289
1,6950,1595737659897,1365293606461,6864279
1,6951,1529379654963,1480454157525,1688906
1,6952,1559568526138,1267679370216,3848440
1,6953,1687781756883,1449350070018,649468
1,6954,1602363293706,1349477488785,16408185
1,6955,1695826122009,1448934763582,1037697
1,6956,1416899338456,1358388308437,1503052
1,6957,1550129983837,1185996957304,501523
1,6958,1587286909922,1393817670651,505585
1,6959,1620519499751,1339252520768,346876
1,696,1494263748202,1494263712097,1484884
1,6960,1637605043358,1444080191788,948226
1,6961,1551274988643,1308155728840,4890661
1,6962,1611906795068,1281812902144,1036673
1,6963,1631181258239,1245641480890,392027
1,6964,1550004404242,1549917528729,392980
1,6965,1640857007841,9446,4719343
1,6966,1632817426352,1187580770049,208664
1,6967,1613782483264,1613782450231,225034
1,6968,1650628063147,1542475615494,848184
1,6969,1371140636982,1280209887954,2040942
1,697,1689025818803,1349477488697,3682059
1,6970,1565456744819,1565456727956,426642
1,6971,1631546545035,1631528069708,2317419
1,6972,1677978604000,1439249890113,6676349
1,6973,1566608106782,1339252520768,6227383
1,6974,1631204605084,1631204407072,772861
1,6975,1661270969776,1365293606461,5382895
1,6976,1644586777400,1349477488697,12323931
1,6977,1679012525755,1363171201399,3978508
1,6978,1627572266885,1627572240279,246217
1,6979,1652194105285,1368292251847,5077454
1,698,1674602300323,1674592037688,195805
1,6980,1669497254837,1368292036119,2497654
1,6981,1638312712940,1441022331710,2975034
1,6982,1598356928919,1598356821668,718328
1,6983,1616952782674,1253683383517,331927
1,6984,1683328047552,1553874394458,305487
1,6985,1497775220382,1192994532656,1203206
1,6986,1679308990324,1273757850671,4606213
1,6987,1633554700352,9,20340474
1,6988,1612133361340,1612133257157,476382
1,6989,1679883920910,1363180925735,6639933
1,699,1631498842801,1544024571733,2860216
1,6990,1578606616724,1578606585114,757377
1,6991,1579306257236,1365294919417,1491801
1,6992,1623426839253,1597065143792,813674
1,6993,1698994254950,1363171679297,311031
1,6994,1656187832552,1368292036119,8408369
1,6995,1667570869054,1253841981294,8746196
1,6996,1628708874233,1560879235022,6269392
1,6997,1658256016121,1495162872187,1077867
1,6998,1630773798667,1630772050808,629181
1,6999,1633563465570,1349477488732,7313416
1,7,1631123318678,1563724308786,1754950
1,70,1621520669096,1253791415886,2009632
1,700,1665432687909,1368292036119,3530505
1,7000,1435668214573,1435668179639,4115196
1,7001,1629353984676,1339252520768,473811
1,7002,1588129733596,1339252520768,3217346
1,7003,1674261285596,1419359509035,268376
1,7004,1333895712566,1277270768077,1892360
1,7005,1653236567595,1368292251847,2141695
1,7006,1431775586450,1431774039554,3513895
1,7007,1324028992291,1323994919072,1660503
1,7008,1624653577252,1299752835328,1823227
1,7009,1605605749136,1605604993427,623431
1,701,1691035165020,1355,1880420
1,7010,1610730707912,1349477488798,21215104
1,7011,1667347424118,1220824109052,2069442
1,7012,1635780767992,1349477488698,15713564
1,7013,1627945715031,1612297229305,438182
1,7014,1603008504471,1603008467199,194491
1,7015,1653062174745,1293981228694,2539047
1,7016,1619610964390,1267679370216,2884541
1,7017,1604951410593,1,9985312
1,7018,1616064499526,1616064412821,200672
1,7019,1627936335008,1352714365407,5212224
1,702,1595293030188,1421247060937,257002
1,7020,1673045554844,1382060716753,1976832
1,7021,1621085642003,1371205561879,1025336
1,7022,1639505749403,1368292036119,1383770
1,7023,1649802544548,1537634449825,876175
1,7024,1617365683402,1617364963591,562918
1,7025,1659598556000,1349477488697,13506905
1,7026,1699730382000,1363171201399,2572579
1,7027,1671685969342,1368292036119,8869609
1,7028,1312284781574,1311938054674,12971380
1,7029,1694589351000,1694074352035,313027
1,703,1677391624182,1455649815914,449684
1,7030,1681852552001,1402175764376,241854
1,7031,1674828358177,1672455803062,277090
1,7032,1634498815105,1602083309423,2129341
1,7033,1642410708241,1549889555861,3700692
1,7034,1586079077759,1253683383517,734903
1,7035,1663924446000,1654233091106,247499
1,7036,1700533695995,1572922428325,1254062
1,7037,1631669261647,1407948764439,16106028
1,7038,1686253218496,1368292036119,15878799
1,7039,1622475752242,1622473662400,231305
1,704,1667823657880,1667823591564,385847
1,7040,1518206022027,1380153289062,466876
1,7041,1519785192686,1505486416564,301667
1,7042,1631981100000,1397436223601,1318792
1,7043,1488394716111,1488394207616,430483
1,7044,1546614043961,1341260369534,2143545
1,7045,1493831802105,1246927747193,3767129
1,7046,1431285283013,1185996957304,6808474
1,7047,1687019097000,13,606039
1,7048,1684447127350,1526806910388,3103227
1,7049,1630798390006,1630795461853,286354
1,705,1649107199784,1649107128113,897497
1,7050,1614701626787,1614701611235,337407
1,7051,1662204980056,1381367295995,199342
1,7052,1682358829565,1369629218547,1916115
1,7053,1631434281433,1631434234483,1608343
1,7054,1624738721379,1587623701726,578945
1,7055,1587155889457,1587154497100,751763
1,7056,1632260729769,1632259414963,546549
1,7057,1596666081737,1596586359141,344361
1,7058,1667115021391,1382060716753,259637
1,7059,1632153393565,1632152823693,297461
1,706,1630742861387,1554308587676,277584
1,7060,1630656937156,1587366532713,2194162
1,7061,1634634766199,12705,466726
1,7062,1694845183332,1353839519927,4168547
1,7063,1645000555832,1340713992866,3359515
1,7064,1616875522416,1185996957304,4369272
1,7065,1615809775344,1615794748997,341988
1,7066,1614112791362,1600004630514,367844
1,7067,1639834864419,1493068748382,299604
1,7068,1690983341528,1582129257592,4888925
1,7069,1694050112582,1501460877361,181396
1,707,1670071336328,1463150210262,2073157
1,7070,1580405284030,1580401945575,902241
1,7071,1665379341320,1359816332474,369135
1,7072,1611618984982,1349477488697,10787213
1,7073,1579224316570,1579221663897,1686328
1,7074,1631389140096,1631385643347,589829
1,7075,1647280975135,1597065143792,1442939
1,7076,1691221569068,1570448375107,375391
1,7077,1614182825695,1413859711864,2582478
1,7078,1568067114856,1567060120473,2019706
1,7079,1697903546897,1476894826748,501306
1,708,1657899345760,1402678033740,558493
1,7080,1552137203438,1402456305835,626872
1,7081,1650382985186,1253683383517,608462
1,7082,1694688511000,1514049656448,294736
1,7083,1696204684879,1402457846518,419384
1,7084,1552137203438,1402456305835,916584
1,7085,1648659121217,1648570326924,913315
1,7086,1634831459086,1547632342680,781089
1,7087,1587082527611,1587074912191,2811607
1,7088,1590637631698,1590443305625,5120539
1,7089,1641592923844,1454045415667,3307610
1,709,1605981478176,1605390212258,300226
1,7090,1662177010058,1500212673356,2215976
1,7091,1633787046856,1633787030672,392007
1,7092,1449913047975,1435021877605,14447056
1,7093,1494038846508,1253683383517,506493
1,7094,1519921904051,1247396509437,11781786
1,7095,1626395202844,1349477488740,2883085
1,7096,1686877202849,12705,1457706
1,7097,1654869690773,1363171201399,10870560
1,7098,1604890334168,1,274578
1,7099,1632479667223,1632476995494,5227339
1,71,1669590611928,1265742007962,17065497
1,710,1632237822779,1583627298100,421910
1,7100,1683903373000,1321299141461,377160
1,7101,1521663725218,1253683383517,20243144
1,7102,1509784327664,1509784320857,4038872
1,7103,1607390717222,1349477488697,17461710
1,7104,1633170458284,1440488199461,358627
1,7105,1450058205169,1418110793262,1200389
1,7106,1690652039914,1382060716753,2310914
1,7107,1629326251449,1394240357489,2172756
1,7108,1631665414567,1339252520788,337319
1,7109,1621615927767,1339252520788,4693360
1,711,1640837051651,1479242579780,531397
1,7110,1401537633023,1266051910933,1537412
1,7111,1648590966414,21,6410335
1,7112,1693554026181,1266302069482,1324780
1,7113,1619403525843,1619403002331,165696
1,7114,1630683192441,1630683037763,1767207
1,7115,1576124089317,1267679370216,1453613
1,7116,1677801055000,1455533322732,196913
1,7117,1594197746650,1594171581475,242757
1,7118,1620134381388,1508231390254,4844302
1,7119,1657720277252,1368292036119,3883413
1,712,1624878748656,1619191431854,1316494
1,7120,1670101128000,1670024346592,440098
1,7121,1361740126307,1359047250267,251943
1,7122,1630786373716,1630366947250,358859
1,7123,1621606217697,1302226509701,1993468
1,7124,1644420024228,1303671875779,450974
1,7125,1613066391278,1612865417695,474645
1,7126,1598107188335,1366575575838,7114141
1,7127,1634600965690,1394240357489,1535192
1,7128,1630954413019,1630774801376,1280782
1,7129,1613571625450,1296169988801,1379860
1,713,1616260163700,1251883407566,563733
1,7130,1465411757642,1331102569886,18682881
1,7131,1510079828749,1231658705688,1091253
1,7132,1531754825568,1521770560310,5774794
1,7133,1671156516000,1359758131307,11374540
1,7134,1631653986422,1339252520768,3181050
1,7135,1619236520641,1619235288786,583337
1,7136,1328520254457,1328493372130,33358446
1,7137,1689119041796,1349477488697,577636
1,7138,1689948312648,1313531334076,12304155
1,7139,1582741655836,1253683383517,415996
1,714,1624119759605,1623948876252,373215
1,7140,1506105486299,1315615069982,3280112
1,7141,1635985409406,1391741012224,646082
1,7142,1673189096000,1368292036119,15902442
1,7143,1648336228388,1365293606461,2409755
1,7144,1682311812226,1235155429769,2929694
1,7145,1546200950392,1545758995929,1937528
1,7146,1552137203438,1402456305835,1410534
1,7147,1612276511190,1586365492149,946372
1,7148,1586562827344,1338237820881,4830984
1,7149,1487328775531,1483552049726,6211459
1,715,1650750668091,1650750615696,614083
1,7150,1615629313745,1615628674551,3834978
1,7151,1475424467353,1379863834987,905558
1,7152,1634343924000,1442352044713,222396
1,7153,1632164718371,1630952808089,327558
1,7154,1553098072360,109780698,1076964
1,7155,1639744029994,1349477488698,18280809
1,7156,1596626434015,1596626237884,830667
1,7157,1614190230650,1253782020842,1942836
1,7158,1622307830385,1501814060829,471232
1,7159,1680115653635,1308151410541,3377945
1,716,1621853805599,1619614802985,2751077
1,7160,1594304688305,1555863441082,3786795
1,7161,1592110983629,1,7755028
1,7162,1685464693535,12705,133583
1,7163,1595033967698,1595033540315,456682
1,7164,1669991285171,1669384725271,783945
1,7165,1632416877694,1632318507128,248450
1,7166,1447856583053,1331102569886,1002091
1,7167,1640385872099,1597622921315,483472
1,7168,1673559415352,1461794791456,2253423
1,7169,1636190307570,1321299133411,673051
1,717,1649358609512,1253112642859,3967761
1,7170,1602084916172,1602080741098,495886
1,7171,1550004904728,1550002110163,1176145
1,7172,1610702312749,1293132786118,688198
1,7173,1630773438200,1339252520768,1816515
1,7174,1502304153293,1502303039542,2737782
1,7175,1606932266081,1395219926471,309315
1,7176,1425993478151,1425106476528,1930131
1,7177,1597075079410,1597054953927,863239
1,7178,1607603547086,1495908285242,278008
1,7179,1580132976132,1580132709515,410945
1,718,1366500178766,1211305353528,31755123
1,7180,1612391368587,1365293606461,3137018
1,7181,1630754010602,1315749218600,2222828
1,7182,1680841976051,1413859711864,11932806
1,7183,1596228346732,1440746764355,1815075
1,7184,1521277552426,1521277467957,688995
1,7185,1689504949627,1586782689820,2913259
1,7186,1630440617415,1630359506072,410867
1,7187,1559688308070,1559688111206,1068120
1,7188,1627446731750,1365293606461,8458699
1,7189,1565591197187,1264295638472,546993
1,719,1653498138580,1535238805577,4497370
1,7190,1570184771511,1369489172845,1469302
1,7191,1636833324097,1537911015462,2304977
1,7192,1642424322646,1487274616017,4845511
1,7193,1466421456400,1466421220120,1409464
1,7194,1625940649693,1601124639349,173877
1,7195,1493785364457,1493785325035,5547647
1,7196,1620233866319,1620233794972,2205461
1,7197,1630440778559,1316869470203,2709871
1,7198,1683100806203,1601126336864,204493
1,7199,1692237119241,1566690429584,497496
1,72,1352737727861,1352737329920,866740
1,720,1420489948282,1353004386890,11444547
1,7200,1647871013957,1566423774730,1357514
1,7201,1658422936612,1487727483184,527236
1,7202,1615929102522,1281408947636,1712917
1,7203,1694250396968,1462140542732,11153075
1,7204,1630605708348,1302131945730,1526258
1,7205,1644304295101,2,2739531
1,7206,1697570032000,1663344599060,553967
1,7207,1655788216208,1349477488740,2538161
1,7208,1657429871988,1383788996590,341669
1,7209,1546883522375,1546784383960,675024
1,721,1651248814181,1609528611043,503989
1,7210,1620130266361,1620129099787,258820
1,7211,1559746851174,44,1142814
1,7212,1680571920000,1363171201399,1005137
1,7213,1439545343987,1439545180516,863687
1,7214,1650054709287,1609902901800,2295974
1,7215,1596385449143,1365293606461,7966265
1,7216,1577491884328,1308155728840,894894
1,7217,1662621855191,1522249525244,2548297
1,7218,1664739021105,1556384731410,988312
1,7219,1644844243905,1305127238085,2122993
1,722,1615976636429,1615973871675,299947
1,7220,1685809479548,1363171201399,4174037
1,7221,1625753539903,1625149054222,371560
1,7222,1693199668552,1468605683901,381491
1,7223,1618175866300,1618175845947,1161551
1,7224,1499036035825,1426730806843,11659619
1,7225,1569454609121,1296169988801,5333577
1,7226,1627761046389,1625501613955,1002631
1,7227,1424013567493,1233885337853,2063445
1,7228,1613482727477,1613438601040,790641
1,7229,1627249579067,1321299134009,980983
1,723,1620715478538,1479242579780,1842715
1,7230,1621228483578,1363171201399,542094
1,7231,1661919989191,1588867752826,2689157
1,7232,1618525221929,1358724251438,665918
1,7233,1692656742000,1382060716753,1557554
1,7234,1677520620018,1368292036119,2204557
1,7235,1648736549138,1404247845223,9498363
1,7236,1615953196774,1615932976053,15248607
1,7237,1503777347376,1339252520768,9155841
1,7238,1608648399721,1339252520768,6153283
1,7239,1277792581691,1244304862250,4514244
1,724,1498732329745,1498669651508,439819
1,7240,1662395179000,1477078330620,1983420
1,7241,1661569849878,1661216390937,213750
1,7242,1618237644972,1618234531213,361686
1,7243,1603191716208,1296169988801,2387793
1,7244,1694997041394,1450027946050,654330
1,7245,1582192039993,1580879057677,972014
1,7246,1638204668262,1636482947060,374490
1,7247,1610982367547,1303670814437,6882191
1,7248,1567107676782,1567106963363,350040
1,7249,1666436671856,1242562377828,240197
1,725,1698701238369,1393817670651,355673
1,7250,1652528892173,1416525547844,299286
1,7251,1393758353452,1253683383517,2813872
1,7252,1617148745565,1617148711656,1107884
1,7253,1582024669508,1480952513062,578632
1,7254,1630326793645,1296169988801,957248
1,7255,1613406371908,1401406186867,329643
1,7256,1607692613764,1349477488978,21894213
1,7257,1320499485093,1320422982031,663048
1,7258,1618307820645,1618293635130,377647
1,7259,1660525907400,1341257256156,5745239
1,726,1357655825015,1357654336906,3617182
1,7260,1689913671000,1349477488697,838198
1,7261,1633583752117,1242562377828,867330
1,7262,1655419992098,1368292036119,13427410
1,7263,1628148467697,1628054938013,766496
1,7264,1329229289128,1247149879365,7897001
1,7265,1658012686845,1368292167716,6781891
1,7266,1666386170000,1413859711864,2426224
1,7267,1637364272759,1368292036119,4534674
1,7268,1623426839253,1597065143792,1891318
1,7269,1678682139373,1678651512960,209504
1,727,1583807701269,1542950965430,1213952
1,7270,1361740126307,1359047250267,577534
1,7271,1610461132211,1610460541198,494242
1,7272,1624640277123,1368292123572,1161607
1,7273,1648875518626,1648371099519,512402
1,7274,1573085050185,1379541286188,6649029
1,7275,1617189535511,1458883183664,1089008
1,7276,1637424992301,1512314679070,2825666
1,7277,1691977997639,1579623213907,810833
1,7278,1639668635150,1385334107186,3689238
1,7279,1342861148000,1331278699890,2122134
1,728,1634470270701,1253683383517,360912
1,7280,1574377410933,1573656917705,271939
1,7281,1599691748830,1368292036119,6945917
1,7282,1591887893895,1,285286
1,7283,1629852561514,1349477488697,1554249
1,7284,1692066011501,1407301353454,537815
1,7285,1654519956300,1341268126227,5585272
1,7286,1551903327177,1532360309282,249230
1,7287,1695403099306,1,709543
1,7288,1653906211215,1597065143792,1387587
1,7289,1622547692000,1622547086246,573465
1,729,1631969316515,1631968865056,969646
1,7290,1662565474199,1662022184658,693902
1,7291,1608146066614,1608145862821,298431
1,7292,1690993227522,1480561373287,2450165
1,7293,1604837015588,1604582064660,795280
1,7294,1603736090937,1603699352584,1772350
1,7295,1565496096770,1537939943302,870563
1,7296,1581158429931,13187,6539266
1,7297,1549223490725,1549221117962,3013666
1,7298,1628232964187,1433489648891,1277492
1,7299,1647252767366,1251849465143,2138385
1,73,1691628029505,1368292036119,3908202
1,730,1595113373146,1382060716753,16987965
1,7300,1663956029557,1475383622659,209077
1,7301,1664988392045,1349477488697,28650170
1,7302,1689841244275,1571920649054,1036164
1,7303,1542727751927,1298299502955,1736748
1,7304,1605297711726,1605297671409,327859
1,7305,1524563961062,1448934763582,1217044
1,7306,1676241436149,1467063868554,562667
1,7307,1580327031631,1580320057422,1013637
1,7308,1615405608962,1321299141551,350879
1,7309,1690334645633,1462056426326,281835
1,731,1641349279808,1339252520768,671052
1,7310,1617737687196,1368292340870,25519507
1,7311,1686564597615,1382060716753,380305
1,7312,1664990831296,1403381907894,763700
1,7313,1662485385285,1349477488697,1852590
1,7314,1646607685971,1393514741420,918233
1,7315,1697937216730,1598798719981,333599
1,7316,1530974987931,1530974967876,1799520
1,7317,1688001022753,1339252521009,833289
1,7318,1582375376076,1582375285119,1619555
1,7319,1630299918646,1516347480436,2648471
1,732,1618758029843,1618757707816,179554
1,7320,1552137203438,1402456305835,1249780
1,7321,1600517555268,1321299133449,3608513
1,7322,1620071516457,1620071356396,221607
1,7323,1637780414293,1296169988801,251526
1,7324,1559921893260,1559920880734,2216253
1,7325,1686668334019,1,4419538
1,7326,1691068859126,1349477488803,1943538
1,7327,1551543783686,1458034393800,4653747
1,7328,1596600651460,1596600502754,1725627
1,7329,1684339499685,1253683383517,1079153
1,733,1645634978037,1645622627876,262816
1,7330,1680027000873,1332782303694,1827484
1,7331,1631751190634,1368292036119,4202368
1,7332,1535843532877,1319295085134,1972057
1,7333,1617238982430,1617238059088,230672
1,7334,1630885899419,1479242579780,1509321
1,7335,1652633911838,1649954289840,1204055
1,7336,1668909036267,1382060716753,2609229
1,7337,1602112015779,1602060532057,278417
1,7338,1462972283668,1462971906323,1235142
1,7339,1609372372535,1486867490239,1974849
1,734,1626372899936,1,527264
1,7340,1664341918620,1365293820991,1038701
1,7341,1680753839000,1368292627098,2730606
1,7342,1673827428607,1351114569841,1976719
1,7343,1637069966302,1349477488697,15678137
1,7344,1621290347323,1621290314376,1508502
1,7345,1579446100578,1296169988801,788679
1,7346,1630466958272,1475694566889,1873108
1,7347,1432163955265,1432163860230,890750
1,7348,1565774837946,1358606738334,3735703
1,7349,1660076172495,1230430322217,1050097
1,735,1684701869224,1349477488697,4029100
1,7350,1668740052956,1368292036119,7126005
1,7351,1499092645174,1499092614299,605934
1,7352,1595422485381,1,2309686
1,7353,1555762965578,1555471301341,810844
1,7354,1416899338456,1358388308437,282984
1,7355,1696704495169,1309684066582,3691122
1,7356,1598448054203,1296173419495,1030688
1,7357,1649616614061,1548273512764,1208432
1,7358,1632388374497,1622394668842,875778
1,7359,1678163412005,1678161881506,867066
1,736,1535534772716,1253683417233,1779967
1,7360,1678240801443,1481896498728,231710
1,7361,1357655825015,1357654336906,2934829
1,7362,1594179567419,1312834608712,1133096
1,7363,1629610457073,1349477490127,7051395
1,7364,1687814179010,1459092613456,3464363
1,7365,1684524528728,1385335632993,6569786
1,7366,1700474850000,1481155290919,2772789
1,7367,1546905563685,1463837857081,4964373
1,7368,1662576717273,1662576607174,408268
1,7369,1594578549083,1594560581806,175677
1,737,1689253948771,1405886585836,1706536
1,7370,1626955338318,1626778527651,683538
1,7371,1619360053628,1619356472644,482888
1,7372,1509487338333,1509487017832,415689
1,7373,1600265454522,1568037057216,1082083
1,7374,1643967297706,1467682100454,503977
1,7375,1642182313346,1,1919032
1,7376,1643100731575,1,990823
1,7377,1586992277964,1586991052001,1532682
1,7378,1676519499000,1385335632993,1660311
1,7379,1470835363917,1403287310388,3001982
1,738,1670942332170,1368292036119,13303306
1,7380,1650457682502,1650024079539,618560
1,7381,1623790616439,1349477488733,8799640
1,7382,1632089504830,1467682151803,552630
1,7383,1644036460428,1253683383517,489390
1,7384,1639198005563,1363176386889,4688201
1,7385,1452444189371,1285428733990,216065
1,7386,1582713321467,1468101697156,2319103
1,7387,1654086380000,1463325268871,2252004
1,7388,1631689565498,1253683383517,314877
1,7389,1568918867902,1349477488697,12061072
1,739,1428994813590,1232742823625,16759836
1,7390,1621372190823,1519751330061,1451017
1,7391,1601798211295,5400,2910475
1,7392,1563830753808,18446744071610139502,1556765
1,7393,1615281845088,1615281827428,2026808
1,7394,1482748081565,1267679370216,979134
1,7395,1635779830176,1631045925577,294838
1,7396,1593949097814,1593949030669,520435
1,7397,1626882967864,1626879224601,4208168
1,7398,1682433103559,1,426353
1,7399,1574896381169,1567492323456,675249
1,74,1690939119040,1,850906
1,740,1558576824288,1339252520768,2828211
1,7400,1597429064986,1597429053867,5654486
1,7401,1653500012403,1368567816161,699425
1,7402,1446050062446,1446050043385,199041
1,7403,1627102222883,1301888810445,4978083
1,7404,1611659871363,1611654062190,471152
1,7405,1673161200536,1459352360531,1196562
1,7406,1678051376215,1,554552
1,7407,1361740126307,1359047250267,1033883
1,7408,1236441391046,1236441226312,6683189
1,7409,1580175072414,1580175062539,678991
1,741,1590549734021,1590368591650,958354
1,7410,1631115685484,1563724308786,2724778
1,7411,1527869825464,1482996889592,690256
1,7412,1652905491664,1574428143820,563413
1,7413,1608362849712,1608362561527,2839828
1,7414,1687831786850,1368292373925,330163
1,7415,1581495628217,1581495603019,337359
1,7416,1645907580715,1368292036119,2772719
1,7417,1357844529002,1356210094302,5611850
1,7418,1683334925765,1339252520768,224368
1,7419,1620553404200,1497484861934,558885
1,742,1632252526700,1632243808009,1493731
1,7420,1211010364062,1211009903593,602534
1,7421,1665419868880,1296500659867,1857540
1,7422,1630441084967,1630441007649,234379
1,7423,1665568645427,1474253837668,1197674
1,7424,1632704102295,1185996957304,2519906
1,7425,1633266327801,1632829307086,4641269
1,7426,1643329877968,1468852721973,4302126
1,7427,1660833412783,1660743774545,343405
1,7428,1593686600107,1275483827359,26980472
1,7429,1619380373001,1611349053996,879340
1,743,1401749382172,1401747557943,1616493
1,7430,1640141452063,1349477488771,13197226
1,7431,1639215663257,1639214528655,512955
1,7432,1630958446424,1630840009242,3313440
1,7433,1439350536969,1234655558515,16462874
1,7434,1631377778949,1631377725278,340799
1,7435,1624042604365,1624031950669,258244
1,7436,1673059054543,1363171201399,18904937
1,7437,1613087970061,1518259153717,3661157
1,7438,1588868551041,1382265479297,1009519
1,7439,1693764666135,1321814180155,768101
1,744,1609266274898,1539108312864,1289361
1,7440,1534825893325,1476203538828,1090516
1,7441,1597721479971,1419644220831,4752770
1,7442,1681549163821,1493999489779,449986
1,7443,1617272047476,1617272030841,321058
1,7444,1611115235439,1561594347873,451327
1,7445,1632131452747,1632129481922,1978788
1,7446,1428977406285,1255654942549,778836
1,7447,1612206293526,1349477488771,6960682
1,7448,1667954142757,1349477488934,549020
1,7449,1608240020300,1321299141461,9183418
1,745,1282740628795,1279995008787,755578
1,7450,1485090251060,1331102569886,2963371
1,7451,1593457017387,1368292036119,10334117
1,7452,1474817830009,1472989964423,9035093
1,7453,1683703808175,1362401313615,1173614
1,7454,1604859843578,1603464570004,3542983
1,7455,1631003683483,1631003545310,256366
1,7456,1441665000456,1441644759006,683670
1,7457,1543567214335,1543565523363,480248
1,7458,1665216529886,1321299133411,337808
1,7459,1686548356190,1442975169173,950545
1,746,1599509284162,1599508698948,224051
1,7460,1686075462224,1368292340870,963080
1,7461,1599318787567,1267679370216,4724210
1,7462,1552137203438,1402456305835,649754
1,7463,1631228520619,1415428775367,292623
1,7464,1676438142161,1632811052695,751994
1,7465,1653227500196,1391741012224,1127513
1,7466,1659704222252,1365293606461,4263714
1,7467,1673108567604,1673108550840,429300
1,7468,1579864604815,1579808761047,909201
1,7469,1654935377377,1288463827711,2086813
1,747,1648547954357,1459106729130,7310435
1,7470,1696776701000,1393817670651,217489
1,7471,1664726200553,1349477488732,3834153
1,7472,1630234229905,1629717527099,2348704
1,7473,1633547361362,1448806912473,1646225
1,7474,1630838052259,1610189041098,335598
1,7475,1637138359649,1637138172484,855167
1,7476,1504388576994,1504116454640,268241
1,7477,1568079328567,1368292036119,8055308
1,7478,1583500149226,1583496730705,3660493
1,7479,1547205135330,1445966102771,902591
1,748,1615637781800,1532635019786,625285
1,7480,1618952120572,1368292036119,1883437
1,7481,1631333228949,1335782638416,354187
1,7482,1608256825674,1339252520768,1402499
1,7483,1591687707273,1591687696399,319879
1,7484,1559161255683,1558901104818,473687
1,7485,1667548433290,1485913600643,1680801
1,7486,1569160242689,1569160212613,3181164
1,7487,1590545408885,1590540926771,371575
1,7488,1689371576407,1365293606461,1940985
1,7489,1623848892783,1438844673518,743119
1,749,1631748692103,1,6953405
1,7490,1620719393384,1620719366373,276748
1,7491,1609840283813,1296169988801,5544222
1,7492,1575804621801,1575710181687,1049259
1,7493,1657541052733,1468894700915,2574583
1,7494,1631664345667,1339252520768,8023099
1,7495,1620401064980,1293981228694,5753693
1,7496,1491007258162,1246480913690,1054391
1,7497,1642872902631,1,4037311
1,7498,1656782620329,1368292251847,6160192
1,7499,1552137203438,1402456305835,610244
1,75,1602095964738,2,1175645
1,750,1696657283301,1475727285509,185093
1,7500,1571258846344,1267679370523,1721963
1,7501,1632150121688,1632150113644,365087
1,7502,1627047824682,1466793886698,3915589
1,7503,1570226577901,1339252520768,8103043
1,7504,1564426660612,1253683383517,864998
1,7505,1643307816809,1357702528810,1792829
1,7506,1577988681917,1577986290814,175884
1,7507,1631843071091,1490426513626,6520900
1,7508,1647512693309,21,169756
1,7509,1699024345091,1363171201399,2140468
1,751,1681468078324,1475698887168,918987
1,7510,1564675146523,1404247876672,2661537
1,7511,1695586521329,1568469181087,310228
1,7512,1631413049353,1631411023978,528097
1,7513,1638385262032,1630950815184,408984
1,7514,1660275349000,1368292503902,6479268
1,7515,1433784778244,1255653553364,955023
1,7516,1657592042218,1303738105556,499953
1,7517,1663364833435,1363171201399,12835000
1,7518,1646241318875,1494347650196,447803
1,7519,1608713865255,1608713306606,400262
1,752,1506318903510,1379277501567,634669
1,7520,1557492251382,1326834842421,1168289
1,7521,1667602929205,1300624515957,507866
1,7522,1700287225502,1349477488697,760177
1,7523,1692504917000,1467683805285,1332439
1,7524,1632384764824,1493577355990,252255
1,7525,1656802165000,1365293606461,358326
1,7526,1671257537464,1359816332474,244315
1,7527,1632077718111,1365293606461,2258666
1,7528,1521119671451,1512565392255,793580
1,7529,1676202220815,1501166988880,1510247
1,753,1547128222782,1251883407566,1869946
1,7530,1620907481965,1620905985445,243176
1,7531,1667943946938,1597319537339,1034307
1,7532,1571767697969,1571767188323,2310761
1,7533,1691506958385,1449951783025,279193
1,7534,1580761768442,1552132028025,201437
1,7535,1624301283677,1335782638416,415472
1,7536,1688580002831,1479242579780,791651
1,7537,1671918978604,1363171201399,6741496
1,7538,1512861180679,1,19214361
1,7539,1614197025031,1614020355462,606590
1,754,1586133197708,1439728329732,10509489
1,7540,1634557682212,1631883753016,531867
1,7541,1639947327058,1461598718016,444191
1,7542,1662462975403,1340721309963,5247658
1,7543,1694445202290,1349477488732,7352150
1,7544,1551985545659,1551985494643,270219
1,7545,1636424942421,1636422103837,1244487
1,7546,1688219180940,1262395831430,932788
1,7547,1656045649293,1655353382890,214668
1,7548,1603048392109,1453925943580,7265357
1,7549,1357655825015,1357654336906,1671984
1,755,1680995714866,1680662528457,184774
1,7550,1577609663301,1349477488697,3943337
1,7551,1611005220767,1611003803602,201193
1,7552,1652807086636,1389086972995,255443
1,7553,1644355240923,1305870259574,6230945
1,7554,1631207092588,1273772884027,324376
1,7555,1646270870431,1365902145845,245076
1,7556,1621360220740,1380025081961,2009083
1,7557,1622208156467,1414222097982,1349107
1,7558,1698055830394,1214225650015,193692
1,7559,1630976862837,1253683383517,1220909
1,756,1350251016878,1349644220087,1280449
1,7560,1681028340323,1644397995921,1387689
1,7561,1486461936404,1359047250267,853304
1,7562,1679924046111,1500442264666,523019
1,7563,1623635013460,1253683383517,1223789
1,7564,1658179423117,1336382078884,1816661
1,7565,1609806430620,1349477489067,6903315
1,7566,1634763214385,1308151410541,244741
1,7567,1675407915461,1368292036119,11026760
1,7568,1590500027720,1296499533072,10179790
1,7569,1631364162211,1365293606461,1150387
1,757,1425993478151,1425106476528,385301
1,7570,1685376721000,1468894700940,12830253
1,7571,1372882952238,1372879333108,242496
1,7572,1612791417426,1522902569811,8766009
1,7573,1642483796628,1,8705219
1,7574,1460309099460,1460309076969,371907
1,7575,1541997878796,1434539087468,3227198
1,7576,1551288490367,1274249790644,4551575
1,7577,1619014143044,1618992892371,1151865
1,7578,1631657868339,1349477488803,7859796
1,7579,1682120765935,1253683383517,393831
1,758,1697432219000,1402176459981,844752
1,7580,1692820121304,1692819926484,318914
1,7581,1678920090195,1303671824055,4007166
1,7582,1642432936749,1413202498283,621419
1,7583,1689624098000,1363171244761,1642475
1,7584,1598373580927,1365293606461,9573206
1,7585,1651080694201,1321299141705,4536689
1,7586,1660215951730,1660215664813,172936
1,7587,1692773698531,1244436684546,544005
1,7588,1663098435087,1397412925577,14892511
1,7589,1236216447484,1217557749531,6740843
1,759,1622168648005,1622052738462,2065155
1,7590,1662738883000,1427181656531,1320482
1,7591,1680725185950,1440881108248,2081640
1,7592,1366994391864,1366737460713,1546322
1,7593,1497529266085,1398963471939,1197254
1,7594,1665839565000,1514384173265,779671
1,7595,1575481391087,1481804175275,1481917
1,7596,1688507385192,1248092275334,654441
1,7597,1646143842620,1288463827711,2996555
1,7598,1671934071552,1500911304125,493956
1,7599,1618073089867,1264961836967,555428
1,76,1617830510719,1617780134128,720292
1,760,1627430395306,1349477488697,4475745
1,7600,1649090982046,1512506203350,1111748
1,7601,1630394829295,1481896498728,5792882
1,7602,1576206970390,1439866961612,4991772
1,7603,1618772848388,1584968901372,2690969
1,7604,1645801555366,1336382139897,2429912
1,7605,1682964016567,1390676262211,1528219
1,7606,1384684825729,1312834608882,4295984
1,7607,1588957411274,1588957269012,316289
1,7608,1684941433108,1554058974976,261273
1,7609,1631609240059,1631608957183,871630
1,761,1559067910456,1558990137436,5756495
1,7610,1600409113605,1446271087836,1173714
1,7611,1357741002682,1255870838923,811070
1,7612,1632063613111,1632052235511,474494
1,7613,1626238435731,1557315104225,693871
1,7614,1552137203438,1402456305835,1054832
1,7615,1424287697058,1321299133447,3173876
1,7616,1583938964221,1,3744397
1,7617,1599010154163,1560813424035,672083
1,7618,1688372860230,1230430322217,268091
1,7619,1648751985855,1294205566216,14128417
1,762,1691031248399,1214225650015,1659520
1,7620,1699717242937,1481158610071,773629
1,7621,1621240012063,1363171201399,322272
1,7622,1690820295020,1601583275531,563963
1,7623,1569009872588,1365297006682,215702
1,7624,1687098073361,1548623647065,279757
1,7625,1618820437439,1600131780357,568851
1,7626,1633483281805,1349477489583,2473827
1,7627,1690854949301,1473348949121,395533
1,7628,1674472201209,79,213396
1,7629,1677937432523,1577726908001,594066
1,763,1618692147838,1618682607451,954949
1,7630,1615671833588,1612133133028,819050
1,7631,1671762312957,1461865789169,927004
1,7632,1629928587493,1629928159959,204739
1,7633,1700492364358,1402176532682,6189687
1,7634,1638286235938,1368292036119,22223738
1,7635,1606412627623,1539760934836,2320914
1,7636,1630687787241,1630687463753,342602
1,7637,1630937179491,1630330509146,453822
1,7638,1618664580193,1339252520768,450411
1,7639,1614756710265,1614735261040,412129
1,764,1677360246000,1402794294206,649211
1,7640,1572015053786,1296169988801,11722922
1,7641,1692176519221,1,1723567
1,7642,1445220535988,1445220273288,1004673
1,7643,1632129047510,1632128871886,257983
1,7644,1612836396448,1612836188308,240654
1,7645,1687459639415,1368292036119,5077349
1,7646,1692629288000,1545164322295,207874
1,7647,1654068856320,1516926550527,1260405
1,7648,1630955365660,1433399663045,675340
1,7649,1612890958676,1567079829767,282073
1,765,1695658891565,1402177650166,4361906
1,7650,1607799913556,1607799790698,431589
1,7651,1651069123334,1366565520438,505321
1,7652,1636718245773,1614847273599,409551
1,7653,1628744837641,1390831458182,1063279
1,7654,1676364700494,1363183134938,1025304
1,7655,1588858203597,1321299133411,8865711
1,7656,1620647798498,21,1843913
1,7657,1657575188514,1296169988801,576555
1,7658,1683244613327,1614782482133,220651
1,7659,1630766718752,1630766696415,612333
1,766,1615227223429,1615227204618,1169920
1,7660,1640073162745,1339252520768,1329813
1,7661,1663208743754,1365293606461,700823
1,7662,1664725685000,1663716917218,223536
1,7663,1564167296860,1563828938399,386747
1,7664,1694443343177,1361907586119,9553954
1,7665,1655820899580,1650051261081,222927
1,7666,1630491703563,1630490920088,1267590
1,7667,1590436570414,1529003250165,262636
1,7668,1635222653099,1349477488697,7759533
1,7669,1624322741009,1624322722433,760938
1,767,1649763712003,1393514756749,374477
1,7670,1357655825015,1357654336906,645952
1,7671,1642556815822,1368292251847,13003961
1,7672,1695745507175,1382060716753,11348878
1,7673,1660685787000,1568205850301,8160495
1,7674,1592232751872,1185996957304,1124137
1,7675,1664659268000,1349477488953,2884513
1,7676,1600413832343,1367317475414,821179
1,7677,1321995265323,1321989629704,6594891
1,7678,1627544675439,1627067231263,846449
1,7679,1696475377000,1558370402715,595302
1,768,1634736466309,1248188991236,758407
1,7680,1609849949892,1548323563193,4919619
1,7681,1592894392780,1505742349257,961802
1,7682,1650744346146,1600510126478,4987285
1,7683,1632240031662,1632240005493,187567
1,7684,1660783138000,1441609121813,10196201
1,7685,1597691105654,1274249790644,11367453
1,7686,1687852610061,1493040140906,1609631
1,7687,1632716035321,1631204028170,676956
1,7688,1620360227061,1620360209654,786564
1,7689,1475128248528,1253683848585,9420325
1,769,1626778696118,2000,13840573
1,7690,1609851831907,1540573045463,3209577
1,7691,1547885809256,1477936186806,4318939
1,7692,1669220186831,1340358362292,199795
1,7693,1591005991153,1591005301625,671832
1,7694,1672181103988,1363171201399,7515405
1,7695,1631218262029,1450821327785,583851
1,7696,1559302856876,1503431735505,1527560
1,7697,1608305805987,1607360011010,1256268
1,7698,1633274235364,1393817670651,1674527
1,7699,1671205877042,1369236442009,7449372
1,77,1416899338456,1358388308437,5461844
1,770,1592238612885,1321299141705,1039997
1,7700,1663294101643,1472665724439,523040
1,7701,1674558211602,1666610411930,852469
1,7702,1672742931000,1549996080758,3165260
1,7703,1629643743880,1339252520768,11220339
1,7704,1620414086155,1620412735463,789222
1,7705,1619702550019,1296169988801,3446226
1,7706,1696900037000,1432788731349,866246
1,7707,1618184184399,1303741043486,184033
1,7708,1582158996796,1321299133412,1377790
1,7709,1502682967632,5,3295250
1,771,1692755580069,1339252520808,714648
1,7710,1458893705107,1458831709540,626252
1,7711,1631712687232,1587207905502,626092
1,7712,1676793543301,1340713992866,819670
1,7713,1602246890338,1432821896050,1250527
1,7714,1578928106658,1349477488767,1258837
1,7715,1617976797020,1617963652706,250867
1,7716,1614537757715,1614028263178,6638094
1,7717,1648648960730,1349477488697,4068343
1,7718,1653716995000,1335782638416,906518
1,7719,1698824816788,1537254675165,448776
1,772,1629558485907,1421053844342,422286
1,7720,1537376616141,1439249890113,2562070
1,7721,1611417693340,1611407533442,244587
1,7722,1496646195727,1281408947636,11088634
1,7723,1631291454036,1339252520768,199072
1,7724,1457905538661,1319493179858,582016
1,7725,1692102362786,1230524901134,6844741
1,7726,1537740331933,1242193596067,10966805
1,7727,1503039418323,1503038676986,352206
1,7728,1558520663014,1558520647222,266355
1,7729,1615404316809,1571519145463,4815014
1,773,1666930864325,1269722041469,215486
1,7730,1651385119834,1339252520768,2694877
1,7731,1631007841857,1630945646569,254267
1,7732,1612900189855,1413986197406,539967
1,7733,1400498647823,1224469920880,13020011
1,7734,1664988406932,1214225650015,2244459
1,7735,1683652842699,1402457846518,834906
1,7736,1630397644493,1551135662235,3138711
1,7737,1673879565505,1244305227562,1145472
1,7738,1630965819687,1230430969878,4960731
1,7739,1685099910645,1494906634060,216392
1,774,1648474322414,1368292036119,9110867
1,7740,1677334812610,1677257763036,206340
1,7741,1357655825015,1357654336906,1331824
1,7742,1578465023041,1296169988801,3356916
1,7743,1591604755508,1540117568571,2114381
1,7744,1600205039686,1325902101971,735538
1,7745,1659249755696,1382060716753,21905956
1,7746,1660039306485,1455014747484,299935
1,7747,1630627076233,1630626215562,419750
1,7748,1646490456366,1382060716753,3836549
1,7749,1634133272629,1253683383517,7941241
1,775,1567868752833,1567647810420,325916
1,7750,1499896681973,1230430322217,6763963
1,7751,1685978938746,1427322524537,542350
1,7752,1666557443944,1605193488568,2246667
1,7753,1643816744347,1612349620878,1919479
1,7754,1623013439303,1470339276494,9486187
1,7755,1665200762000,1537725196965,479597
1,7756,1630685422052,1373367405762,3252843
1,7757,1462739377521,1314066562885,418769
1,7758,1564345001977,1363171201399,1276039
1,7759,1648699503335,1648047628468,354121
1,776,1624127508774,1624127231619,293013
1,7760,1691337060731,1563489571234,1672972
1,7761,1601302785000,1384830831585,1812040
1,7762,1582107107911,1448934763582,1070074
1,7763,1674347335246,1462140542732,3200222
1,7764,1626305740394,1368292036119,2461034
1,7765,1447356654762,1307053029506,1226306
1,7766,1448998114217,1264049677740,4998070
1,7767,1552927954439,1248091579005,1943474
1,7768,1596380327183,1596380096597,689170
1,7769,1688921055651,1368292036119,3593416
1,777,1631965211112,1339252520768,1891770
1,7770,1595866774714,1299963349484,2437446
1,7771,1610262167988,1610257139533,1289747
1,7772,1577486645696,1446352975796,1370087
1,7773,1618564166521,1618564121869,257255
1,7774,1683553351827,1394036983167,5806573
1,7775,1623250600856,1421340553856,1730510
1,7776,1662923004467,1579976872049,772980
1,7777,1634024949944,1595568078214,2942685
1,7778,1632176259528,1632176222219,326880
1,7779,1531056031646,1385431620661,2679799
1,778,1670801403186,1382060716753,1845607
1,7780,1614017636496,1613775831091,527525
1,7781,1610577662478,1349477490558,1151114
1,7782,1642905791093,1368292123572,10035904
1,7783,1654631186514,1363172170880,7289316
1,7784,1662297952431,1662013472871,838902
1,7785,1621789763814,1237329777514,1643962
1,7786,1408686640326,1248055570234,13989429
1,7787,1346747378742,1268710235325,751967
1,7788,1644741791209,1589956355950,516730
1,7789,1618165180639,1265061267045,269406
1,779,1610275131596,1610274561326,3160638
1,7790,1397164187301,1397164146898,1724135
1,7791,1588859300914,1363176131088,5874561
1,7792,1606836011707,1606825469522,383876
1,7793,1668360272844,1668261928610,662911
1,7794,1621163657991,1267679370218,1039491
1,7795,1550887496399,1457772601749,258171
1,7796,1628999405616,1349477488697,8893784
1,7797,1649079263827,1544604466142,1072193
1,7798,1486570906658,1486517285133,540587
1,7799,1556685177158,1440881107842,532140
1,78,1440103738665,1273772884027,2094844
1,780,1597858180763,1595420068824,548154
1,7800,1612996288998,1612996261071,206836
1,7801,1632503144324,1459381160365,451988
1,7802,1691793228025,1600262879361,5842093
1,7803,1559545813685,1362382262428,316170
1,7804,1680276603067,1253683383517,225844
1,7805,1624101964702,1519668632380,1123506
1,7806,1508164826803,1507694703272,804556
1,7807,1531596283259,1267679370216,7481626
1,7808,1684162099588,1684160781535,215853
1,7809,1628903922000,1628852408621,768808
1,781,1553104009889,1552975181160,6661566
1,7810,1668743456350,1382060716753,5490949
1,7811,1630657415852,1441800591031,1148441
1,7812,1698683266752,1433896701222,1109489
1,7813,1632483437941,1632408420816,693876
1,7814,1682980745422,1365293606461,3019525
1,7815,1447336685972,1447287457274,1369446
1,7816,1628634598603,12705,468407
1,7817,1392847727185,1211305353528,3856376
1,7818,1657118647418,1405189422934,399973
1,7819,1643128039943,1478097269358,177334
1,782,1619762897451,1619722134219,207147
1,7820,1411057191437,1411057138671,7850139
1,7821,1618695849714,1618616533840,448471
1,7822,1642258333714,1332782303694,1639474
1,7823,1539488783007,1442352044713,11523575
1,7824,1649308128164,1368292036119,266148
1,7825,1614539310937,1528323003377,284592
1,7826,1667592236030,1548191653106,309989
1,7827,1614832422148,1614780126852,337855
1,7828,1528580806197,1244305227562,515562
1,7829,1669747873108,1321299141461,398041
1,783,1695156358781,1621803593738,411263
1,7830,1677943510494,1310576403958,428990
1,7831,1664500420000,1253683383517,11883092
1,7832,1621485819066,1389885883016,2185016
1,7833,1614373018882,1408104591775,354071
1,7834,1643100788486,1341388379367,179602
1,7835,1652877798756,1367317475414,901791
1,7836,1608415451992,1444926136033,407295
1,7837,1556986840883,1462140542732,535479
1,7838,1603084263962,1603084199940,2508381
1,7839,1591401625851,1315749219057,16763513
1,784,1679044913000,1506093343422,240525
1,7840,1552772632801,1456927989557,3188254
1,7841,1446246853534,1275021848952,1435691
1,7842,1629993079237,1296169988801,664588
1,7843,1578802061617,1349477488699,14843151
1,7844,1630621131156,1630621100569,1565455
1,7845,1608727566833,1376248580086,1474468
1,7846,1573285250424,1255654022998,2526950
1,7847,1643054319933,230,366971
1,7848,1620064122181,12705,1977294
1,7849,1674052149596,1430789449135,257293
1,785,1569089573284,1301189207388,596662
1,7850,1665065708822,1349477488773,1782445
1,7851,1596317690537,1368292036119,457354
1,7852,1606236442758,1606236061455,751362
1,7853,1628432892147,1253683480055,389459
1,7854,1582931237441,1363171201399,2680314
1,7855,1659550259410,1262306810414,370557
1,7856,1607014155738,1607012628237,177008
1,7857,1632831591504,1632815698775,15748489
1,7858,1617825498912,1617624183762,784771
1,7859,1627139322745,1287867057355,3046947
1,786,1484525381377,1484525008156,1477710
1,7860,1656376703402,1382060716753,1390475
1,7861,1614264499469,1365343100870,327363
1,7862,1545952834596,1264049677740,1858925
1,7863,1622377774800,1530531928967,883468
1,7864,1599463713830,1349477490219,10337228
1,7865,1649534771280,1349477488697,21686246
1,7866,1699577555561,1572922428325,278508
1,7867,1590647597941,1252885262859,805093
1,7868,1439832186698,1364235914979,262310
1,7869,1610135423595,1610128434148,294789
1,787,1700188246083,1479417756938,212483
1,7870,1568225698838,1349477488771,6111972
1,7871,1544887335390,1544618374090,1216372
1,7872,1664027962000,1251883407566,1850828
1,7873,1670528699552,1368567816161,919754
1,7874,1496286867103,1304204417343,2375407
1,7875,1591280911910,1449864929123,3098694
1,7876,1675643758530,1368292036119,4021681
1,7877,1609975963845,1338997975920,1569632
1,7878,1672232808595,1296169988801,211711
1,7879,1568557528212,1568220977482,2269476
1,788,1428010167715,1313335583156,5077635
1,7880,1616232089875,1413290427822,328564
1,7881,1573855266684,1248091579005,16022373
1,7882,1675611323535,1475690805188,316272
1,7883,1615801299714,1,1418522
1,7884,1614235321158,1,323598
1,7885,1652319775000,1651256998261,727808
1,7886,1361740126307,1359047250267,910960
1,7887,1612136588558,1472321232125,305799
1,7888,1683934525000,1402352742263,1640578
1,7889,1651477222317,1296173419495,957576
1,789,1631806231812,1631763284581,1135199
1,7890,1608906671282,1608906401661,1914618
1,7891,1669333069732,1368292340870,218835
1,7892,1615230146220,1615136912082,390214
1,7893,1402946224729,1402946160017,302994
1,7894,1687748226100,1417085529700,1432126
1,7895,1690082781012,1380643571701,163580
1,7896,1361740126307,1359047250267,6924302
1,7897,1650197811145,1443062427160,321840
1,7898,1658205671457,1585033990409,221029
1,7899,1632434086911,1299516728205,1317738
1,79,1623633224782,1349477488697,5272844
1,790,1644359939128,1393187085814,9818982
1,7900,1606871575952,1606871048551,314214
1,7901,1631233475598,1631233390102,1156201
1,7902,1691040022130,1574787061025,284753
1,7903,1604335336296,1604246279634,1815019
1,7904,1636209222133,1631126637189,230269
1,7905,1594747274328,1253683471738,6302026
1,7906,1697226730106,1463078915867,2922749
1,7907,1676153574486,1481156775125,4011329
1,7908,1603116280194,1603116011462,868515
1,7909,1565018859471,1264049677786,6625953
1,791,1694368986275,1451687063935,708196
1,7910,1599291841362,1352627292229,5733743
1,7911,1531293393448,1448934763583,4017030
1,7912,1539389765201,1396964608917,912700
1,7913,1658795543129,1438471402680,8911471
1,7914,1679188171256,1382060716753,333648
1,7915,1630438164099,1597586551976,268100
1,7916,1542396606751,1542395733796,1404280
1,7917,1361740126307,1359047250267,3700368
1,7918,1437830613037,1437830490302,4141915
1,7919,1585275803722,1547760633236,261670
1,792,1504060266869,1448934763582,2597241
1,7920,1583883156336,1490458737665,384335
1,7921,1682460300489,1627841909977,420701
1,7922,1651704683911,1368292036119,2538428
1,7923,1647890585507,1275372279562,1761853
1,7924,1621374259341,1354715263726,1103604
1,7925,1630945845687,1287867057355,348707
1,7926,1624118959243,1335782638416,1298463
1,7927,1549837455613,1525291626258,1100135
1,7928,1632252864456,1632169678066,962915
1,7929,1667250456539,1349477490127,4929405
1,793,1630366816473,1629922794430,2511875
1,7930,1458916149440,1237210942798,1615283
1,7931,1664216969551,1368292036119,2161104
1,7932,1689661527000,1230430771467,2712211
1,7933,1607483092803,1453478798204,1449693
1,7934,1607881222921,1349477489011,8284682
1,7935,1631253129791,1631252754088,263075
1,7936,1631278141143,1631277845257,411042
1,7937,1479303888129,1370145367610,4689196
1,7938,1635050286844,1543064737227,631864
1,7939,1650862930186,1543497497634,798571
1,794,1607417625382,1607340830578,691151
1,7940,1624836182015,1300624517752,1964113
1,7941,1619652602271,1619617850272,815876
1,7942,1495188807756,1296499533072,1774757
1,7943,1677102069205,1368292251847,3069759
1,7944,1680665281832,1230764557752,2417375
1,7945,1371468201792,1371467987266,1203737
1,7946,1550163786261,1253683383517,1631456
1,7947,1681598902945,1363171229968,9470626
1,7948,1489014025074,1489013371444,2641289
1,7949,1623426839253,1597065143792,3572520
1,795,1619104646703,1421247060106,441255
1,7950,1679848086000,1363171229968,1645350
1,7951,1613249450229,1445522825304,410545
1,7952,1614741227406,1459381160365,1507869
1,7953,1419178642149,1281279715414,406213
1,7954,1691724291000,1349477488732,3631369
1,7955,1594406311787,1594393967033,830024
1,7956,1688221917773,1553874394458,254655
1,7957,1610040851000,1540413459616,845820
1,7958,1643667366527,1349477488732,2824336
1,7959,1626647935192,1214225650015,635949
1,796,1631450032642,1631437260991,406248
1,7960,1483390650716,1366757977454,242503
1,7961,1552137203438,1402456305835,859211
1,7962,1590178254230,1590177548870,1953524
1,7963,1670251068973,1462140542732,982044
1,7964,1658829553351,1437936935157,1484920
1,7965,1590524057729,1318364797328,7999214
1,7966,1606512901140,1329037747093,601019
1,7967,1610726171764,1487274616017,12763704
1,7968,1658178688309,1388348444016,639418
1,7969,1677365613021,1455533322732,2517196
1,797,1646122907118,1339252520768,3885598
1,7970,1658150823809,1339252520768,712174
1,7971,1614046471841,1613738719583,223668
1,7972,1650958215949,1481980739518,257225
1,7973,1675011310857,1185996957304,10977905
1,7974,1610340945890,1426038724579,654537
1,7975,1653685921000,1395429108602,389560
1,7976,1667852543983,1382060716753,3976011
1,7977,1626522424008,1346155950661,198992
1,7978,1666643490000,1230430322217,2128110
1,7979,1679706813887,1473985979280,12922706
1,798,1699115462582,1220824074772,6759789
1,7980,1612745193569,1612394465690,213740
1,7981,1618854690857,1251883407566,1313587
1,7982,1650195590437,1556384731398,349890
1,7983,1674777495598,1382060716753,10700047
1,7984,1633850672480,2,4477444
1,7985,1665164820483,1253683383517,1160214
1,7986,1588777675701,1588776551878,3950851
1,7987,1592621813891,1592428029111,307629
1,7988,1616896056663,1616895405482,248719
1,7989,1666085470837,1255653553364,887077
1,799,1693531440010,1481804151599,1723754
1,7990,1668714767048,1349477488732,2563611
1,7991,1599332342001,1599332316212,6723843
1,7992,1625962700904,1612133133028,2267280
1,7993,1652337285591,1238859586109,286842
1,7994,1567623786825,1,6398756
1,7995,1673448920500,1363171201399,1589119
1,7996,1211010364062,1211009903593,200945
1,7997,1576337389813,1481568869516,1233707
1,7998,1625040808029,1485727222983,820704
1,7999,1646171528022,1251883407566,970465
1,8,1676655895976,1425303519487,171738
1,80,1320533065750,1320532683421,871646
1,800,1615049269041,1481896498728,825076
1,8000,1688613212000,1636024293083,504961
1,8001,1666068687599,1635125130966,662122
1,8002,1337724840376,1317592863496,3197718
1,8003,1630860970615,1630860149428,522977
1,8004,1672072663339,1496439352028,10536859
1,8005,1662967184311,1431482572642,2185453
1,8006,1616711179593,1285475760721,666186
1,8007,1409004290671,1331102569886,411555
1,8008,1681634921615,1321299141411,1517232
1,8009,1434658924727,1277270768077,12679757
1,801,1689332125263,1562241729512,428076
1,8010,1602386136105,1602385258746,803319
1,8011,1665886029073,1253683386863,10202313
1,8012,1689668805803,1315615385694,218456
1,8013,1583623888661,1365293606461,3935593
1,8014,1616325433162,1616323861677,1338774
1,8015,1678399648472,1185996957304,886152
1,8016,1584611391966,1584609700258,807479
1,8017,1666474121241,1369629218547,5526481
1,8018,1619606119562,1619202271860,232681
1,8019,1673864332493,1472596417623,185493
1,802,1635283001436,1394240357489,1703159
1,8020,1663085194591,1389086972995,364560
1,8021,1622862323189,1339252520768,2081854
1,8022,1606469106412,1339252520768,1287027
1,8023,1544709846439,1238201619913,4555413
1,8024,1654954288000,1404094023230,314045
1,8025,1685595118371,1685593788353,579568
1,8026,1516388689591,1516388361074,716092
1,8027,1631468173077,1631300358646,1012124
1,8028,1610048504651,1556384731398,773222
1,8029,1690367805752,1321299133411,1479681
1,803,1622036622193,1414009032754,514974
1,8030,1663152710361,1264932009499,314487
1,8031,1650380314725,1363171201399,5407924
1,8032,1526241858830,1526237583121,527328
1,8033,1393238629851,1393238561948,9176443
1,8034,1683304590355,1368292062206,13918069
1,8035,1565746674199,1253683383517,4217740
1,8036,1587471224452,1379858238655,7619628
1,8037,1676291364933,1617473575950,429986
1,8038,1623016872330,1349477488831,1247854
1,8039,1660574390556,1370493395992,3476551
1,804,1657442431000,1368292036119,4734453
1,8040,1613000650202,1477576411128,1121502
1,8041,1676697890040,1448934767604,4672732
1,8042,1699878872269,1630418985454,1995752
1,8043,1680112092602,1443377888484,299069
1,8044,1566257737688,1349477488697,14129169
1,8045,1566844772246,1566843940560,1646623
1,8046,1622375108671,1622117087082,722477
1,8047,1472924205943,1316869470203,12088731
1,8048,1599134079723,1332782303694,251943
1,8049,1546627734367,1264961836967,173851
1,805,1643400746760,1384160074712,944736
1,8050,1599535769953,1560877701943,642137
1,8051,1616967570368,1296169988801,1567664
1,8052,1322075932918,1321974971051,19059883
1,8053,1635643885576,48,736394
1,8054,1687456385000,1408540776920,555185
1,8055,1573762084038,1434051804045,2167448
1,8056,1630444353538,1365293606461,4441608
1,8057,1685070108000,1382060716753,606592
1,8058,1601275912000,1601211272696,201293
1,8059,1680447174050,1584530770895,317790
1,806,1647947563585,1349477489182,2183548
1,8060,1664247658437,1555863441082,1624296
1,8061,1690769146114,1315616327920,1002632
1,8062,1604179073350,1368292036119,2335411
1,8063,1641222647070,1404247845083,3700595
1,8064,1571258895292,1296169988801,5475392
1,8065,1622544569799,1622543640492,855485
1,8066,1599512244851,1599511565877,305845
1,8067,1312621184742,1268265652765,1731842
1,8068,1483868599941,1284837179636,5208198
1,8069,1630827625363,1630826287897,210714
1,807,1538980489048,1440881108150,5333412
1,8070,1633451943509,1351001661037,1591092
1,8071,1379704941912,1379692284992,17495138
1,8072,1318755273474,1295022128321,686354
1,8073,1697953077000,1455940998659,320330
1,8074,1631467680624,1618876144481,431142
1,8075,1567950118296,1567948640087,1987267
1,8076,1540142537996,1539900139301,1108253
1,8077,1659951795222,1424673821009,203900
1,8078,1580581719803,1580580984333,2006039
1,8079,1587362910339,1358606738334,9434786
1,808,1571060589323,1389885883016,1088845
1,8080,1609353266914,1462140542732,1111366
1,8081,1632368974087,1303781081409,4169740
1,8082,1628013929461,41,319661
1,8083,1654441234119,1511550281950,4083818
1,8084,1575231868994,1575044237268,9855199
1,8085,1630403685461,1442352044713,3386546
1,8086,1617631981792,1617630761535,1402252
1,8087,1591950411355,1591950157742,4532432
1,8088,1547904726775,1546867744791,1569980
1,8089,1632947130883,1363171201399,2368411
1,809,1686793282481,1599458799453,232061
1,8090,1466435014302,1442581059022,546495
1,8091,1674424423045,1365293606461,1691228
1,8092,1620982076330,1380104610632,606303
1,8093,1635847496277,1635845188943,270602
1,8094,1632139262952,1632119356670,297435
1,8095,1497967373214,1497967139029,12517069
1,8096,1686639642666,1446159057643,180750
1,8097,1659471051000,1479242579780,1815418
1,8098,1616602187104,1296169988801,2058942
1,8099,1632336105430,1,777460
1,81,1509019685168,1365293820991,600311
1,810,1483271624952,1237154120468,13484180
1,8100,1519421069820,1447347370463,5041931
1,8101,1638845339690,1475690805188,1664310
1,8102,1543004316006,1248728588794,2695594
1,8103,1532017668169,1255653553364,1140528
1,8104,1606919045162,1606918443264,576959
1,8105,1558063150694,1393104833518,426207
1,8106,1630968903806,1630960195057,1282086
1,8107,1371627975633,1211305353528,3073549
1,8108,1663586661651,1440534882500,617961
1,8109,1610033317624,1606135838789,598051
1,811,1630327136197,1296656131056,1651784
1,8110,1548606182635,1548606158134,1024729
1,8111,1634870350083,1349477488803,8801247
1,8112,1551685506594,1551685088074,263003
1,8113,1659848840000,1495673677646,2454533
1,8114,1622144761707,1439181578141,197198
1,8115,1630586597273,1630580518221,286452
1,8116,1673454848373,1556533739563,6414663
1,8117,1669744458444,1669665248227,298827
1,8118,1655675315000,1321299141705,223884
1,8119,1633286843299,1460779086900,5304067
1,812,1646850042472,1646848756064,762416
1,8120,1592389813948,1,6201122
1,8121,1633199404789,1185996957304,2693976
1,8122,1672196119324,1267679370216,1812093
1,8123,1676592649160,1479418389483,1617306
1,8124,1637236377092,1239525226453,13787731
1,8125,1686670867134,1234655558515,2700614
1,8126,1631289039730,1631289019146,236431
1,8127,1695408570461,1377888799046,759708
1,8128,1555279207234,1339252520768,2809293
1,8129,1630486933435,1630481293016,702556
1,813,1655530874469,1230430380771,7878616
1,8130,1571247237851,1277625570955,1029898
1,8131,1552137203438,1402456305835,693739
1,8132,1558223419217,1558216060938,4073493
1,8133,1394727521400,1273439686875,536419
1,8134,1592597789149,1363171201399,15332516
1,8135,1472159905189,1414449682437,5457598
1,8136,1600188907893,1363171201399,240314
1,8137,1620376190746,1315471024975,1378656
1,8138,1588937106457,1588937098761,8358720
1,8139,1632438210638,1632438029537,566035
1,814,1621398437178,1363171201399,1219303
1,8140,1626319991866,1245641481223,574899
1,8141,1653668194350,1399724081695,2438636
1,8142,1666388332000,1366565520438,659930
1,8143,1629218259327,1399352823671,7969328
1,8144,1630031471982,1630031451103,1595025
1,8145,1596041744924,1596041660575,540741
1,8146,1602074568351,1512281266139,2797420
1,8147,1672954520976,1368292036119,1335082
1,8148,1641007113760,1321299141467,4482087
1,8149,1640076207184,1404247845103,248400
1,815,1645366744446,1645363972193,1010343
1,8150,1357304074415,1357304044138,32250449
1,8151,1617736841018,1288463827711,1048951
1,8152,1631734869126,1631733278670,1267421
1,8153,1667041938720,1506160853643,186783
1,8154,1357655825015,1357654336906,974733
1,8155,1687223458000,1587207905502,283599
1,8156,1614230384670,1599107812734,2448058
1,8157,1649539522863,1553445230989,400435
1,8158,1679978448677,1407863349182,1246531
1,8159,1613282393036,1613282361887,268640
1,816,1673197049990,1580450001797,2574738
1,8160,1552137203438,1402456305835,694255
1,8161,1536306047862,1382265479297,40368078
1,8162,1377496330311,1185996957304,1592870
1,8163,1547427079386,1547213114908,2646400
1,8164,1557422233283,1349477488732,250462
1,8165,1693416547593,1693414111786,362539
1,8166,1671747985915,1368292036119,3423958
1,8167,1690134332025,1368292036119,25894119
1,8168,1631181786820,1631181637643,777503
1,8169,1631041455799,1540573448025,7428303
1,817,1504648164636,1504645163240,784848
1,8170,1668893942057,1368292036119,3260199
1,8171,1650660143016,1349477489229,678694
1,8172,1631328491339,1296169988801,568168
1,8173,1435031811165,1319493179858,261116
1,8174,1488939454700,1488919163427,1373863
1,8175,1600291088984,1600291067062,271107
1,8176,1680762106000,1472326948113,235044
1,8177,1491964777870,1301881090258,1230626
1,8178,1617595740044,1478921724454,766846
1,8179,1618561931348,1512314679070,683428
1,818,1572673466180,1387406226490,545969
1,8180,1647525702373,1490629543143,686224
1,8181,1627867387565,1349477488893,8596691
1,8182,1622707294287,1220824173404,3453849
1,8183,1402614044459,1217828074031,697466
1,8184,1612793980486,1612014492767,528914
1,8185,1607075291880,13456,1170285
1,8186,1600094777626,1409818235208,5321342
1,8187,1657946929176,1603011703710,674354
1,8188,1447405623318,1304957267206,721869
1,8189,1674082946231,1369241567884,2194671
1,819,1610030451639,1607621872142,344038
1,8190,1663763401272,1663761485216,250387
1,8191,1630489281235,1630484135843,3404118
1,8192,1602513195383,1602503544710,649297
1,8193,1534692246165,1534692218939,2541089
1,8194,1444075501307,1444069443188,1364285
1,8195,1692373830288,1479220797376,301464
1,8196,1683309629998,1,5473468
1,8197,1668008051545,1321814180155,998557
1,8198,1611507090403,1363171201399,3197223
1,8199,1668642092689,1368292036119,3387352
1,82,1671483906254,1402678045921,577769
1,820,1468618274236,1468617924048,2446597
1,8200,1666325388088,1468250135374,1172947
1,8201,1686613557541,1365293606461,205297
1,8202,1644352522882,1479111526048,671354
1,8203,1614805319469,1614804474384,1634516
1,8204,1691457297912,1470860511926,2235492
1,8205,1618414574795,1365293606461,5191518
1,8206,1621974665492,1285548049971,1233009
1,8207,1681151932820,1546541548808,863064
1,8208,1663527649399,1663526978797,652527
1,8209,1636093655623,1391741012224,1605505
1,821,1406674613334,1296499533072,749906
1,8210,1615058394717,1615058187108,187649
1,8211,1640227862751,1640227711813,178321
1,8212,1494586024474,1494584930909,686871
1,8213,1628826989755,1349477489121,10390359
1,8214,1623499571752,1391359479452,251361
1,8215,1625754753220,1617445515539,327420
1,8216,1557648066367,1557608237546,591584
1,8217,1630522981918,1583604376292,722357
1,8218,1615469634634,1615469326757,1084296
1,8219,1635898510463,1635654205888,776103
1,822,1583618481649,1251883407566,3949123
1,8220,1631062227705,1506262255045,2328428
1,8221,1667552952778,1357654336906,1760499
1,8222,1568795814508,1370985345381,1146542
1,8223,1618190611103,1299516728225,573634
1,8224,1675410202663,1675333786434,581515
1,8225,1635067126259,1321299141551,217618
1,8226,1661166415491,1267679371729,865501
1,8227,1642669320750,1641459970723,658430
1,8228,1634577397684,1237329777514,291469
1,8229,1638466513196,1556384731398,278676
1,823,1625482452776,1349477488732,7759756
1,8230,1594660996026,1594660975842,13321537
1,8231,1654896202298,1339252520768,312324
1,8232,1567804148685,1356200409855,13463351
1,8233,1695323650700,1349477488697,621207
1,8234,1645438353058,1645438147948,228043
1,8235,1646000236021,1332782303694,1097763
1,8236,1690100859923,1413655104034,5328617
1,8237,1513210048676,1513198922525,694077
1,8238,1621316819356,1574587964637,1866234
1,8239,1697903550873,1558696007529,408393
1,824,1680389074208,72,1098205
1,8240,1621324049750,1589827582272,2559679
1,8241,1685591630305,1673815531352,273262
1,8242,1635870970850,1368292036119,10156823
1,8243,1643563539808,1382060716753,8899541
1,8244,1630377319554,1437991784941,636547
1,8245,1612870223072,1612869189814,307861
1,8246,1673567254814,1673565743428,787425
1,8247,1609845395705,1335782638416,15880503
1,8248,1623627871262,1394240357489,474920
1,8249,1601646238000,1601623682236,928937
1,825,1629295750296,1629207673880,477436
1,8250,1571756075127,1545891549852,779927
1,8251,1688414784996,1553874394458,259508
1,8252,1631110618573,1628526734653,1068518
1,8253,1650908232697,1368292036119,1609656
1,8254,1662408399022,1436155306959,658707
1,8255,1611363017322,1601401283493,1438622
1,8256,1572550987322,1339252520768,1168862
1,8257,1634249226955,1394240219617,1302665
1,8258,1678202793736,1368292036119,23293355
1,8259,1685529048926,1429695765111,509595
1,826,1637223242509,1349477489536,2618535
1,8260,1505498843025,1192994784015,10803809
1,8261,1675543460497,1363171201399,9975565
1,8262,1572904986160,1358044495439,2747905
1,8263,1669043379693,1501814060829,1596688
1,8264,1693595776626,1693253813108,207885
1,8265,1618061982940,1618061925178,3244341
1,8266,1597612767339,1348903090032,3508629
1,8267,1619159435680,1439737029234,1623649
1,8268,1592153623262,1478933123440,3338900
1,8269,1609590228420,1556806168186,7465896
1,827,1614021029615,1614020151863,6035825
1,8270,1580499170560,1459703715966,1506701
1,8271,1606191682910,1349477488736,16414579
1,8272,1661614658424,1413859711864,5147429
1,8273,1597466543997,1597114287021,3970972
1,8274,1620782698474,1512951178687,247137
1,8275,1655936074000,1655934832828,201102
1,8276,1583582552678,1583515486880,2838509
1,8277,1467236358661,1467235843600,361675
1,8278,1580097597782,1579376413052,963957
1,8279,1660208967899,1339252520788,485161
1,828,1642248511264,1267679370223,1301245
1,8280,1588357957152,1588357857994,2720537
1,8281,1618625375008,1,1327388
1,8282,1622825851305,1622816921341,321645
1,8283,1622754022514,1622753972638,1613673
1,8284,1366994391864,1366737460713,1838635
1,8285,1699396565000,1667839557004,1011080
1,8286,1618394705458,1618394637449,330834
1,8287,1580704827990,1500516366357,3872940
1,8288,1666027732000,1349477488847,10027329
1,8289,1642784282293,1563911961717,567037
1,829,1583098075336,1365293606461,3903670
1,8290,1614990636303,1391660093287,724396
1,8291,1618354646225,1379541049761,194112
1,8292,1426524129310,1242787540526,7051969
1,8293,1677314153000,1458058114899,193765
1,8294,1689063887067,1596414263728,208819
1,8295,1646791678071,1368292036119,400020
1,8296,1578862598345,1578861586603,252764
1,8297,1570498979153,1467063868621,510623
1,8298,1436355578719,1243299637075,1016825
1,8299,1631813016906,1631813000472,223900
1,83,1690775522720,1368292036119,3266745
1,830,1606228463421,1606226666005,312073
1,8300,1674782554000,2655,4549640
1,8301,1625986323877,1365793907230,6078129
1,8302,1674132648293,1674092578363,1231141
1,8303,1587189897167,1587182714542,896776
1,8304,1612110748714,1552251007302,541716
1,8305,1630046732141,1349477488803,14548184
1,8306,1569345529320,1569344936707,512811
1,8307,1495542712290,1495542660159,483505
1,8308,1699210231473,1349477491159,1746922
1,8309,1690250956774,1230437483984,1611036
1,831,1361740126307,1359047250267,1823440
1,8310,1667085991340,1,7684970
1,8311,1691630852794,1349477488785,824476
1,8312,1571127983229,1321299133437,755886
1,8313,1607173131598,1607173106907,1081596
1,8314,1680723304708,1616799000004,624612
1,8315,1571074376746,1571074285267,385489
1,8316,1689181692678,1689101528594,262823
1,8317,1377861535596,1211305353528,51985273
1,8318,1695267570428,1462933136149,5556824
1,8319,1505669487796,1505669267596,15702032
1,832,1669338168000,1349477488767,10822368
1,8320,1640787400255,1237329777514,420978
1,8321,1420795762174,1359484200419,2631849
1,8322,1572911184780,1349477489591,14609878
1,8323,1535492155859,1349477489018,3527670
1,8324,1601953442904,1264653384165,11345590
1,8325,1651786003025,1452149085993,912901
1,8326,1622733206823,1185996957304,1732474
1,8327,1416899338456,1358388308437,685972
1,8328,1534774798717,1377458505704,13307295
1,8329,1587609627340,1587608595354,980411
1,833,1624979170079,1374182054120,247028
1,8330,1553726709459,1253683383517,6371752
1,8331,1440547170262,1409752338742,6590993
1,8332,1685944662217,1368292036119,632844
1,8333,1614843279603,1587027528539,290844
1,8334,1548202720174,1548202567125,7057771
1,8335,1616939350232,1339252520768,667692
1,8336,1624835560949,1287867057355,1590779
1,8337,1626033645239,1440881107795,973260
1,8338,1682276758412,1474474209351,6653235
1,8339,1532897895894,1331106403937,2038858
1,834,1615994709650,1349477488697,16424023
1,8340,1539477989339,1224469920880,3814289
1,8341,1609510263608,1609503443676,452512
1,8342,1641493945994,1641493112392,286579
1,8343,1616261940066,1,650764
1,8344,1486292938399,1483778363585,12979926
1,8345,1587399473174,1242562377912,1008142
1,8346,1515887164177,1515718881648,2966338
1,8347,1585502425931,1462206100258,284759
1,8348,1629815382587,1629815363765,375304
1,8349,1688672316343,1490280258188,1636899
1,835,1597356114390,1597355183251,1490666
1,8350,1670255166077,1393817670651,469072
1,8351,1633571519470,1633460629187,1788655
1,8352,1582699911187,1439130117724,6015314
1,8353,1600943813836,1600940486906,785559
1,8354,1700073374977,1405722985684,130308
1,8355,1660336251000,1534876463076,310136
1,8356,1671207780196,1671183201757,250905
1,8357,1618535958676,1618535936026,3415052
1,8358,1590116288913,1,9419767
1,8359,1535804895474,1292323775408,14389779
1,836,1688510557298,1368292036119,9851228
1,8360,1621121981561,1492209415832,1154188
1,8361,1673193794214,1382060716753,5648929
1,8362,1604074182898,1604069593035,189305
1,8363,1642168302682,1365293606461,1772967
1,8364,1600063497009,1569952654389,6225722
1,8365,1596580584675,1299174709815,262956
1,8366,1381046474044,1381045900094,3901021
1,8367,1584446082178,1584446001324,1201977
1,8368,1634819538319,1349477489058,7265956
1,8369,1660832760066,1461599562272,739876
1,837,1613037348732,1612914606527,20263014
1,8370,1569872662746,1421053844342,2522064
1,8371,1615200602503,1296169988801,1023079
1,8372,1652946483449,1433489648891,686291
1,8373,1610301009793,1610298383190,1274932
1,8374,1687819941546,1379541089348,656286
1,8375,1631122793731,1631122615528,156554
1,8376,1584913842628,1522858788405,2091499
1,8377,1662322767795,1467682119142,2348572
1,8378,1636461729482,1214225650015,456744
1,8379,1582498126077,1582497846030,966160
1,838,1463661695030,1267679370216,10885588
1,8380,1687482265858,1385335604609,376683
1,8381,1659382979520,1659325643126,197827
1,8382,1641869207442,1292381855590,1225622
1,8383,1578670202247,1448934763582,3862776
1,8384,1683839080838,21,6673145
1,8385,1632056725613,1632056070449,868031
1,8386,1648718717976,1648718648404,223336
1,8387,1619836315986,1368292123572,2710723
1,8388,1463533435964,1401417575742,3319521
1,8389,1472098422587,1471580840822,687875
1,839,1681045235000,1456412119749,4784270
1,8390,1464788247063,1267679370216,1368771
1,8391,1563304833678,1563302560422,1212210
1,8392,1564268036431,1363171201399,41767385
1,8393,1618335595961,1511346711927,1105001
1,8394,1662509198767,1662505880074,528615
1,8395,1381391111515,1381391091222,374158
1,8396,1685643468437,1685642777730,192896
1,8397,1611166967476,1,15085053
1,8398,1675688243000,1436157767006,1457243
1,8399,1658581758815,1265061266990,332281
1,84,1594524508851,1594524373856,1049392
1,840,1647225380507,1349477488697,8119554
1,8400,1676481606600,1382060716753,9485471
1,8401,1595291504037,1595168683590,411076
1,8402,1584757031570,1575387454104,207905
1,8403,1585275803722,1547760633236,476392
1,8404,1607575145748,1607574843983,489440
1,8405,1632210795294,1632210506087,631898
1,8406,1614843397612,1446802132098,679754
1,8407,1656677146000,1611044246695,2971998
1,8408,1594371525681,1334689570955,1656221
1,8409,1602625923718,1349477489129,265659
1,841,1638546553608,1,240818
1,8410,1568033131673,1567727964883,327970
1,8411,1637121563745,1402175764376,3802833
1,8412,1686830670138,1686697397201,511918
1,8413,1602492675133,1602492093403,1093378
1,8414,1687296751005,1611359965530,467273
1,8415,1678409434121,1230430322217,7306966
1,8416,1559455633925,1331565515953,1124714
1,8417,1600743204010,1349477488732,19667410
1,8418,1572062196157,1403089480446,2115907
1,8419,1616704099606,1185996957311,370660
1,842,1413218951111,1242562377828,5014933
1,8420,1691015185726,1401126656910,2728040
1,8421,1696349999567,1349477489121,238341
1,8422,1631971830708,1296169988801,417226
1,8423,1612839096557,1612809968260,168967
1,8424,1492361248039,1331102569886,1499594
1,8425,1667210400973,1385818279945,10665193
1,8426,1414967287675,1315218163543,42745769
1,8427,1465819129237,1247062722562,1713284
1,8428,1629902971454,1601663241818,445975
1,8429,1678410059419,1358044495439,747568
1,843,1606372040368,1606253725739,300900
1,8430,1695472094000,1630942139298,265973
1,8431,1652270281000,1569519383702,1885760
1,8432,1585906354087,1357654336906,8135161
1,8433,1657263373423,1230602634278,3280627
1,8434,1693802259633,1296169988801,333424
1,8435,1360693037708,1325173242397,5306508
1,8436,1566112570235,1320841953742,2122761
1,8437,1689234119268,1436157656313,299013
1,8438,1673212846165,1254215397031,264893
1,8439,1670874079486,1401311491664,677629
1,844,1361740126307,1359047250267,598312
1,8440,1645042475116,1244305227562,10156323
1,8441,1595883977378,1570453117907,2480320
1,8442,1552137203438,1402456305835,721003
1,8443,1635244727203,1,1744762
1,8444,1674002816353,1349477488942,12875421
1,8445,1561903780461,1296169988801,1597469
1,8446,1672750365874,1368292036119,5876998
1,8447,1559841918270,1370145367610,1186778
1,8448,1595934611207,1595635696603,194900
1,8449,1591574884060,1591574866643,329481
1,845,1361740126307,1359047250267,5298218
1,8450,1623483923523,1304624288820,928995
1,8451,1678556586332,1292530765957,3247745
1,8452,1696855050139,1368292036119,18557631
1,8453,1506911073956,1407957247838,1423691
1,8454,1687554260146,1389044065403,186316
1,8455,1520046145449,1519932150331,563695
1,8456,1630063107195,1517225689088,774888
1,8457,1660238147827,1214225650015,599442
1,8458,1685019742442,1462140542732,3999661
1,8459,1627364142657,1627302900534,8243913
1,846,1663956551952,1604868812541,1489631
1,8460,1544351558739,1452500994738,1086328
1,8461,1654210273104,1622055181450,392208
1,8462,1647901603926,1185996957304,3872120
1,8463,1697095843992,1583282229074,266195
1,8464,1640142097400,1405189422934,1789779
1,8465,1590503309195,1590503285488,745028
1,8466,1672004979087,1462115013953,3895330
1,8467,1632232341023,1632231484898,4906847
1,8468,1659891640949,1574587964637,292029
1,8469,1639868451881,1586782689812,358563
1,847,1630510016757,1267679370216,775350
1,8470,1476533457649,1434579488809,1593674
1,8471,1567779858842,1481980739518,205968
1,8472,1690817145239,1255655606886,849496
1,8473,1654870127246,1368292036119,8578360
1,8474,1629693658184,1629693607928,1415444
1,8475,1624392796364,1321299141419,13554453
1,8476,1605962206816,1349477488697,2856045
1,8477,1692380598137,1651085841807,483781
1,8478,1619440252428,1585408646519,1368181
1,8479,1664635108332,1335881318503,5330484
1,848,1485125175879,1480881164180,314777
1,8480,1695432237144,1630749959934,252293
1,8481,1545430571083,1353267330381,2647998
1,8482,1631047482525,1631047455895,221829
1,8483,1621199774618,1621198891448,803481
1,8484,1693458112804,1389044065403,4327543
1,8485,1611813566917,1339252520768,1900497
1,8486,1608492686581,1,25939216
1,8487,1629985848610,1282650031875,1381468
1,8488,1667684610744,1382060716753,1275594
1,8489,1488901047487,1488896808189,261485
1,849,1592279237420,1,2601085
1,8490,1413210405673,1350913242158,4211840
1,8491,1637353490319,1505764741263,2010072
1,8492,1579994286200,1579959805480,3484998
1,8493,1663094675325,1429101618064,3989738
1,8494,1636799741435,1393817670651,595453
1,8495,1687408025000,1402175764376,5600588
1,8496,1566323447948,1566322522453,300008
1,8497,1681374877775,1357654336906,878704
1,8498,1537750176695,1370145367610,3180977
1,8499,1630976090288,1630973450145,1453256
1,85,1593544618013,1593489694571,1434944
1,850,1695239560944,1402175764376,432396
1,8500,1578915955014,1211307217539,3209121
1,8501,1616267256115,1339252520768,307840
1,8502,1609693945709,1404496245887,1225772
1,8503,1635720065129,1484236583135,2756323
1,8504,1475168380066,1240595715324,2932537
1,8505,1684164623519,1553874394458,958581
1,8506,1578329496517,1421053844342,205630
1,8507,1689252216600,1689252195808,212750
1,8508,1659850640942,1363171201399,8088520
1,8509,1547322490114,1424141344102,2659623
1,851,1616950026111,1404247845227,2014024
1,8510,1666185381134,1303670814437,1209838
1,8511,1599670300213,1282591766500,1751406
1,8512,1632236322180,1556562656567,276194
1,8513,1570469301460,1570281993978,226252
1,8514,1688630170771,1,441660
1,8515,1694289533175,1368292036119,804971
1,8516,1624466158316,1362931514216,3294283
1,8517,1682029884496,1359755863874,237650
1,8518,1621522829010,1389044065403,2168695
1,8519,1630672131427,1214225650015,405005
1,852,1621823689074,1621822997919,1375928
1,8520,1657634166000,1363171201399,528312
1,8521,1657301606000,1234655558515,387801
1,8522,1671676540323,1,9846409
1,8523,1630511454384,1630389225876,1291475
1,8524,1634409734797,1480544138648,735756
1,8525,1691059184512,1586630530106,443712
1,8526,1620876489649,1,4885370
1,8527,1515966261468,1255653553364,907006
1,8528,1661077814451,1327012096958,509862
1,8529,1617247505557,1617247490611,426940
1,853,1632443165667,1632442661028,752681
1,8530,1642263132359,1349477488697,6261344
1,8531,1609124623646,1214225650015,306727
1,8532,1624456121430,1530531928967,309938
1,8533,1580613657262,1580613653450,4695488
1,8534,1493144931915,1414696161242,1472988
1,8535,1586978018148,1393514741420,1044848
1,8536,1632843184990,1553874394458,4533898
1,8537,1613422320894,1489431080995,576105
1,8538,1357756895392,1209835030903,292311
1,8539,1641051108645,1556570846746,719538
1,854,1643471041107,1501134873406,367205
1,8540,1627017534578,1332782303694,485241
1,8541,1604948425042,1604947308020,193824
1,8542,1541154203299,1310576403943,1628045
1,8543,1632388374497,1622394668842,840114
1,8544,1672091848168,1363171201399,669059
1,8545,1457797615328,1298705711447,5913995
1,8546,1624442211449,1565658229121,1196852
1,8547,1631544361923,1447180798875,175780
1,8548,1631481156392,1631480891651,1268944
1,8549,1691537819601,1349477488785,564306
1,855,1697230042195,1433489648891,425462
1,8550,1694206807000,1368292036119,5600296
1,8551,1632337225096,1349477489040,3018733
1,8552,1693974509899,1365293606461,2246254
1,8553,1517350043103,1517346850919,2073614
1,8554,1629838324875,1629829133537,382619
1,8555,1548601722028,1459870570957,1164006
1,8556,1645303562729,1382060716753,1699642
1,8557,1677286014000,1306377175166,4470059
1,8558,1685540090719,1296169988801,322907
1,8559,1626909680467,1421053836983,915680
1,856,1666362151441,1665235040271,1194268
1,8560,1645368500695,1421203484101,463645
1,8561,1674911368000,2,764001
1,8562,1637606459944,1455385469355,366910
1,8563,1641139868588,1402176732152,8587019
1,8564,1675876553887,1551042493156,293929
1,8565,1525808269099,1264921853611,13889577
1,8566,1633505957129,1631193378500,983610
1,8567,1633774501296,1504249414662,672807
1,8568,1623823249503,1296169988801,1126520
1,8569,1632669340088,1632668410878,215195
1,857,1591656796310,1368292036119,4708147
1,8570,1655249516233,1253683383517,598442
1,8571,1630606092713,1630604884922,327466
1,8572,1425993478151,1425106476528,2321573
1,8573,1631823029522,1620572234778,232053
1,8574,1620583900853,1,1705067
1,8575,1591593409625,1571730578246,215063
1,8576,1669686834000,1402457591423,2096405
1,8577,1524037990443,1524037524433,4233957
1,8578,1616789253859,1616617705445,1476120
1,8579,1620085824949,1620085811379,280096
1,858,1623426839253,1597065143792,3772944
1,8580,1631973761737,1631973643039,429246
1,8581,1695325353884,1551584177027,1147571
1,8582,1700712416000,1596601230259,392855
1,8583,1594145925036,1594145873619,336342
1,8584,1614795022186,1479373271918,247515
1,8585,1700071840025,1349477488698,307177
1,8586,1611451644714,1363171244761,8530081
1,8587,1627876115569,1479593016693,1365976
1,8588,1631208416100,1421053844342,345870
1,8589,1688076517244,1512506235932,389668
1,859,1640090198204,1370145367675,2068065
1,8590,1631725706715,1631041866516,13472282
1,8591,1645670498218,1481857859631,2045521
1,8592,1624198594401,1567673894875,2085068
1,8593,1631170625019,1629329311855,339097
1,8594,1631443500593,1631442379600,3076584
1,8595,1623786310597,1623786137877,244260
1,8596,1624423212245,1474463282969,2411009
1,8597,1624318430628,1479242579780,329620
1,8598,1637112521674,1253683383563,493098
1,8599,1349806488228,1289736899500,386806
1,86,1623860717476,1335782638416,399791
1,860,1629891724373,1349477488697,7334153
1,8600,1644681766728,1567476388117,247080
1,8601,1525769842690,1525769788855,339256
1,8602,1677472723000,1582483193268,2018623
1,8603,1547754660873,1349477488732,1623295
1,8604,1562464797687,1458883172626,19986096
1,8605,1597595974077,1339252520768,888995
1,8606,1612279744097,1612279454665,205683
1,8607,1686348831987,1389044065403,915273
1,8608,1510185295658,1503191762017,190996
1,8609,1378300415067,1253812807759,6524661
1,861,1681664049919,1421247060106,10889631
1,8610,1653145046609,1421441783082,303240
1,8611,1580095094744,1402177650166,214395
1,8612,1540236723941,1540234867414,1543696
1,8613,1622213467683,1536343515463,9577705
1,8614,1410804001861,1344109668542,10472457
1,8615,1631377187742,1631376812731,342508
1,8616,1591723961960,1591723839386,2280631
1,8617,1617380966991,1617115358009,893617
1,8618,1682263621344,1546536898404,5232186
1,8619,1597002211744,13186,6722102
1,862,1630415939683,1338405665793,444104
1,8620,1357655825015,1357654336906,1685830
1,8621,1394462630704,1243299636379,4741559
1,8622,1632188550762,1365293606461,504524
1,8623,1667074954708,1382060716753,2576928
1,8624,1685511290954,1596702768632,684575
1,8625,1589718954486,1589718916225,259259
1,8626,1659359792000,1230430623643,7738624
1,8627,1624299990492,1459028198260,6222044
1,8628,1657843428799,1470859825632,720865
1,8629,1651949541938,1341338257191,1200280
1,863,1682718876196,1413859711864,1671060
1,8630,1591389166428,1242564043593,5940984
1,8631,1665600969354,1553874394458,508436
1,8632,1588443093910,1339252520776,671476
1,8633,1656090663966,1231046083730,2859356
1,8634,1610399906567,1527799591181,950590
1,8635,1649644414180,1592470065299,234996
1,8636,1632034575019,1185996957304,917366
1,8637,1629726726201,1560764217305,1099741
1,8638,1497205400839,1381343292141,563250
1,8639,1559746851174,44,7929907
1,864,1665278758000,1469772904243,653311
1,8640,1664952204764,1368292036119,1429197
1,8641,1600166521697,1312577060171,2736037
1,8642,1616022704662,1616022524912,183679
1,8643,1452119007476,1451923339727,4438428
1,8644,1619309375125,1,3430484
1,8645,1613136042950,1570832191337,302195
1,8646,1648067294251,1288463827711,281462
1,8647,1628783045366,1628783015956,666621
1,8648,1572125177740,1363372770349,4259544
1,8649,1621950349653,1,5317497
1,865,1685013358689,1575676406119,1897795
1,8650,1621875692689,1621872881804,467057
1,8651,1616277265641,1616277253350,508726
1,8652,1592125613065,1296169988801,433695
1,8653,1605952422586,1605952370648,276593
1,8654,1692287373087,1368292251847,5516762
1,8655,1624752495940,1406499375743,3456373
1,8656,1585101110428,1585086317377,726481
1,8657,1506655417799,1434539087359,4239146
1,8658,1662975746080,1546449822295,1546027
1,8659,1582470323266,1582469768867,209929
1,866,1639486227228,1587325126423,1997702
1,8660,1675561824000,1479766822956,1448991
1,8661,1579824382270,1387321519709,386029
1,8662,1647950130047,1402678045921,2883362
1,8663,1680795770000,1482095995893,206630
1,8664,1555320302500,1517672422054,409376
1,8665,1691094613088,1296169988801,10393130
1,8666,1353197273587,1209788666335,983602
1,8667,1568981102391,1497564027563,227367
1,8668,1607560332385,1349477488732,7935294
1,8669,1676340849899,1389044065403,446516
1,867,1627939316403,1627172901265,1578484
1,8670,1693061566000,1358606738334,75683566
1,8671,1588347713423,1588347689653,186782
1,8672,1357655825015,1357654336906,584702
1,8673,1637858436896,1637858338103,287455
1,8674,1596302790157,1297544111900,305563
1,8675,1692430656136,1359010087203,321622
1,8676,1601160671776,1490280258188,449534
1,8677,1603733118814,1312181317747,314296
1,8678,1521387707432,1337137191834,10429381
1,8679,1609262075384,1,1400834
1,868,1610146838920,486725011,664213
1,8680,1634975824260,1379541089348,225224
1,8681,1613925201240,1613922400312,243095
1,8682,1611458278697,1611442538153,2575301
1,8683,1664069551849,1368292036119,15428522
1,8684,1577105678748,1363171201399,5643589
1,8685,1693901667000,1587316777465,801099
1,8686,1638915718237,1389086972995,3732001
1,8687,1583728599952,1561626245871,594611
1,8688,1613076629429,1519569660775,1323794
1,8689,1600284752617,1600203161572,1607614
1,869,1550004904728,1550002110163,724824
1,8690,1689947148451,1556384731398,1077382
1,8691,1619752182003,1,203460
1,8692,1678840439315,1363171201399,19614107
1,8693,1666550173000,1553874394458,763537
1,8694,1688655253148,1368292251847,14284941
1,8695,1410298212102,1296169988801,3478469
1,8696,1613567900562,1613566784083,482772
1,8697,1639954154499,1639954136390,548848
1,8698,1691539421926,1442352045529,192763
1,8699,1621570038113,1365293606461,4096790
1,87,1602058150550,1315331337375,1789580
1,870,1664880374000,1368292036119,3025547
1,8700,1634165109171,1634026595253,371681
1,8701,1657333871000,1445067550994,3483018
1,8702,1598819044058,1296169988801,7917113
1,8703,1597199807749,1597199801340,5255948
1,8704,1420440465106,1420440422429,1513216
1,8705,1500269048040,1312003386328,378900
1,8706,1676991548620,1557325915022,4659592
1,8707,1620863048989,1,275541
1,8708,1487992975780,1238859586109,1100763
1,8709,1616322863886,1616316003818,779698
1,871,1211010364062,1211009903593,398298
1,8710,1636487232181,1537291138547,270635
1,8711,1604342613095,1,1319195
1,8712,1694764371000,1694764281199,171276
1,8713,1525256513334,1379541122459,4019418
1,8714,1666454564902,1339252520768,514993
1,8715,1613002794486,1613002585192,653318
1,8716,1635844635109,1321299133411,418464
1,8717,1572929003993,1368292036119,6087938
1,8718,1622327108923,1476459094775,182955
1,8719,1641301792583,1368292036119,8001504
1,872,1526559280251,1244436684546,1842858
1,8720,1539049696733,1536203623573,618304
1,8721,1631513050106,1631512360050,593432
1,8722,1632011958554,1287867057355,309274
1,8723,1575079782834,1,5403381
1,8724,1612480519553,1321299133415,4385435
1,8725,1684644666298,1474474209351,830071
1,8726,1642449755755,1349477488697,3461553
1,8727,1625377366524,1519309271811,386122
1,8728,1509469542645,1379560023083,4621600
1,8729,1436797390571,1185996957304,7020843
1,873,1619904941554,1619797012621,607539
1,8730,1631754887848,1349477489881,6649646
1,8731,1611173193334,1382060716753,6741423
1,8732,1652156128982,1339252520768,1974661
1,8733,1690977616468,1485140389940,981893
1,8734,1672138529206,1282186996953,5600169
1,8735,1596805410864,1331227773832,271543
1,8736,1603952415275,1377446536363,1752905
1,8737,1348229868250,1348229657546,43705201
1,8738,1659240299536,1253683383517,223930
1,8739,1694610235190,1635971401188,285381
1,874,1562430009304,1562429683472,974557
1,8740,1632197213024,1632174844191,275558
1,8741,1631266448359,1439407973411,553982
1,8742,1675652172231,1185996957321,4429414
1,8743,1587122639616,1587079654724,887368
1,8744,1506144697710,1369854000982,18033738
1,8745,1607446375837,1,2246791
1,8746,1491661277879,1491643695225,5704572
1,8747,1599770553608,1449604048882,1274142
1,8748,1573312177776,1397628854911,2999461
1,8749,1577245023833,1321299141683,1886379
1,875,1566488023767,1349477490132,7540445
1,8750,1528289982411,1528288507300,1043794
1,8751,1631038508825,1185996957304,6606119
1,8752,1600032849771,1600032812772,3944239
1,8753,1681597987051,1472952190596,457020
1,8754,1690929185616,1339252520768,230966
1,8755,1593440961109,1468852722064,6298337
1,8756,1696120534000,1472426358208,738679
1,8757,1532968764749,1488843024324,780003
1,8758,1602588981702,1,2000568
1,8759,1696191869599,1480300461010,218932
1,876,1670429654725,1504516660047,1154876
1,8760,1676146124933,1419353966512,213784
1,8761,1697056986000,1397500132629,2981799
1,8762,1655897892337,1580814425291,1720618
1,8763,1615813548869,1448286023360,461637
1,8764,1631670218182,1479407913957,1707242
1,8765,1696220219000,1397519656380,257738
1,8766,1661425059023,1287304729759,873507
1,8767,1667405202097,1296169988801,10195686
1,8768,1692561623468,1461865848974,27651503
1,8769,1587049526868,1587049307199,1319110
1,877,1563304317027,1349477488697,3344647
1,8770,1406119241048,1406119165213,930239
1,8771,1599542366888,1214225650015,1520148
1,8772,1643426433056,1368292036119,2499315
1,8773,1552137203438,1402456305835,609776
1,8774,1593436442221,1593433829655,1250464
1,8775,1628815891908,1349477489121,7581785
1,8776,1583267180933,1553712662653,2917234
1,8777,1604397675288,1604397629059,344810
1,8778,1474225081170,1330250475068,2763781
1,8779,1649266792258,1566142160910,2686801
1,878,1700597228288,1349477489448,5508251
1,8780,1573466119369,1571651654724,858348
1,8781,1639511779316,1635440011548,539891
1,8782,1493329545475,1308158099679,9881587
1,8783,1540063918172,1295628434344,2579560
1,8784,1641373916197,1504516660047,5438590
1,8785,1637661081990,1287304729287,9578870
1,8786,1700274395863,1405208704084,6805359
1,8787,1606175179045,1606171552040,272891
1,8788,1644348900014,1242804036829,1529371
1,8789,1632348256568,1335782638416,568390
1,879,1624857241509,1352570420990,1404330
1,8790,1629754133400,1501814060829,1478102
1,8791,1678436399116,1678348025388,346567
1,8792,1613222268820,1,481588
1,8793,1635965613009,1381650940362,1479418
1,8794,1687490301560,1339252520768,2864371
1,8795,1681215974000,1440359249267,1653667
1,8796,1531004760690,1531001305062,345648
1,8797,1603219617105,1603219594630,374134
1,8798,1619133658960,1349477488697,9535359
1,8799,1617905007883,1610987507085,372930
1,88,1651050837491,1394068343377,4423311
1,880,1611635596042,1470980829667,1958025
1,8800,1612699504459,1251880862543,896022
1,8801,1558959248365,1384007596158,363868
1,8802,1649551230933,1382060716753,8046915
1,8803,1690329393597,1473952713517,2145660
1,8804,1596774666711,1368292036119,2986306
1,8805,1618849801365,1617645417027,746683
1,8806,1354208899700,1354200910475,3525060
1,8807,1633380770975,1273439686875,193052
1,8808,1682487790906,1381196702332,1276635
1,8809,1688187311352,1470839294825,263331
1,881,1631783110268,1631750752883,199424
1,8810,1507041041393,1237210942798,956924
1,8811,1494214515997,1493958019246,1492469
1,8812,1638304234240,1454713556085,1020622
1,8813,1676168391480,1264653384165,2631174
1,8814,1629938759471,1478515378724,432133
1,8815,1634292072246,1108,1705544
1,8816,1668630288971,1578314134547,297744
1,8817,1682527688631,1,342767
1,8818,1410804001861,1344109668542,5956073
1,8819,1360276627328,1224469920880,50476788
1,882,1629553516776,1526206136248,18806332
1,8820,1636204647799,1630331955243,415478
1,8821,1618892659302,1365293606461,1279637
1,8822,1641730142575,1414222098232,3315109
1,8823,1661189058000,1419359509035,3004607
1,8824,1618077734363,1618077716855,631726
1,8825,1640316273593,1369230497769,2236362
1,8826,1648647270972,1321299141551,402056
1,8827,1603902363066,1456365434503,227424
1,8828,1603712386837,1306776223596,530043
1,8829,1656821817884,1230430322217,7976288
1,883,1689961437528,1345570009208,1013578
1,8830,1696187217237,1543151309792,959783
1,8831,1605426430982,1605426324676,2999182
1,8832,1590712439855,1590711786614,181115
1,8833,1646693947226,1235188320048,1364999
1,8834,1615215448269,1615215409771,1416040
1,8835,1693338908893,1468250274107,799633
1,8836,1624124613095,1339252520768,471696
1,8837,1651520415597,1597065143792,391850
1,8838,1631718031580,1385554198774,226228
1,8839,1699874126372,1642446586657,527936
1,884,1667495928247,1610402905253,432577
1,8840,1659531206248,1363171201399,2292713
1,8841,1669008254266,1253683383517,553711
1,8842,1540782486318,1253808421249,2019459
1,8843,1529379654963,1480454157525,406135
1,8844,1683762415481,1459708103554,4040901
1,8845,1682218329135,1391431923293,518343
1,8846,1671105765738,1253791415886,296530
1,8847,1661498532180,1335881318503,1580144
1,8848,1580112930670,1580112812738,695874
1,8849,1630923754198,1476193637532,1029110
1,885,1682166279358,1288463827982,335401
1,8850,1596994105370,1596666791922,650130
1,8851,1631376018570,1631375965283,182705
1,8852,1697326703104,1354715263726,181049
1,8853,1635930236974,1361788304425,343322
1,8854,1631573661089,1631503326165,4075145
1,8855,1606486851859,1606486832177,361746
1,8856,1361740126307,1359047250267,393015
1,8857,1409879400377,1409879388604,184216
1,8858,1566837053569,1515558784652,473747
1,8859,1677024165990,1556384731398,546939
1,886,1517635234626,1251111115402,1577030
1,8860,1552137203438,1402456305835,612616
1,8861,1504804571138,1497089642020,1267194
1,8862,1615489034114,1523833074372,1235382
1,8863,1633025745896,1631470201346,863288
1,8864,1656902013964,1349477488697,11118771
1,8865,1642429516759,1336382078884,4501590
1,8866,1665527607981,1441617153045,752169
1,8867,1525004007576,1525003684071,3762570
1,8868,1568981725121,1568981558120,1866158
1,8869,1598596438579,1349477488785,14881465
1,887,1617629176292,1359148661717,677186
1,8870,1632198443149,1483511737503,2130283
1,8871,1619283658670,1361817908709,2032252
1,8872,1652167603626,1349477488798,4005417
1,8873,1529379654963,1480454157525,3408661
1,8874,1524107121615,1255653553364,6856365
1,8875,1651050681578,1349477488744,618065
1,8876,1660700621943,1349477488785,326434
1,8877,1596580194710,1529002207480,222434
1,8878,1613173059175,1599506577462,4116372
1,8879,1629320282249,1629320235073,384071
1,888,1631754637482,1513439753452,331114
1,8880,1626019578822,1448857614855,1150293
1,8881,1670514919330,1670514856558,307108
1,8882,1610118351693,1508180940790,2451905
1,8883,1440596834133,1329037747093,4715939
1,8884,1644094451193,1597065143792,3953035
1,8885,1592416272925,1479242579780,695442
1,8886,1671733179497,1671733157844,310849
1,8887,1381391111515,1381391091222,393041
1,8888,1690357557936,1296169988801,11570579
1,8889,1664352332363,1380740415659,17267426
1,889,1632776194823,1632145927844,214851
1,8890,1685352045340,1339252520768,14269232
1,8891,1637175515403,1498732230983,1555035
1,8892,1673688384000,1548495604663,484248
1,8893,1634051197710,1597065143792,1265752
1,8894,1456193176700,1441854197545,620515
1,8895,1573327545928,1392952448826,496210
1,8896,1443498314962,1442064155909,602145
1,8897,1549811883879,1549810100208,934816
1,8898,1619990561175,1619990541571,602501
1,8899,1618304598763,1618304040892,366997
1,89,1581233659059,1382060716753,4843914
1,890,1686787989251,1368292373925,2044140
1,8900,1593713127157,1349477488697,12194009
1,8901,1608463971546,1255653553364,491239
1,8902,1629029913123,1629010100621,411413
1,8903,1686737070541,1575833327626,1091456
1,8904,1688749095508,1481068975214,819779
1,8905,1695617398623,1693407786478,229283
1,8906,1608489460691,1230430322217,1556183
1,8907,1508453444159,1379277501567,3268066
1,8908,1657197552578,1656943967105,405416
1,8909,1697287698000,1403542865731,1700355
1,891,1653286260397,1649258833232,218915
1,8910,1638744915214,1363188597789,6803053
1,8911,1614866493794,1285428733991,371225
1,8912,1630410901591,1630409798861,1687198
1,8913,1601380417271,1601378520014,1025729
1,8914,1361740126307,1359047250267,1841297
1,8915,1488837691157,1488758274063,210599
1,8916,1598284553567,1335782638416,8613167
1,8917,1688176246162,1494892058869,2354938
1,8918,1668523461582,1516784998173,2114826
1,8919,1612199495171,1321299133411,495438
1,892,1653319049783,12705,735704
1,8920,1427430046775,1427430019024,313058
1,8921,1609837941028,1609188778409,549774
1,8922,1615041246488,1399710289426,5454498
1,8923,1621419455220,1584774729572,877500
1,8924,1699740005000,1402678045921,2327495
1,8925,1623481721165,1623478477217,1182267
1,8926,1512071624707,1511949436040,2090039
1,8927,1637541934448,1553874394458,3708325
1,8928,1395784697928,1265061266990,195500
1,8929,1621723254959,1603552824595,1921667
1,893,1606879453627,1368292036119,7507636
1,8930,1585267312676,1585265816627,2923115
1,8931,1631619916277,1436157667436,207919
1,8932,1587830033538,1587830003032,322841
1,8933,1630308192122,1421053844342,343602
1,8934,1628518324176,1487274616017,1726239
1,8935,1621993570620,1512506235972,454295
1,8936,1643099693278,1237401442634,928013
1,8937,1617815079911,1617806536866,2304625
1,8938,1667864932000,1667740876676,440721
1,8939,1512088764806,1277338408652,10755663
1,894,1605112871377,1605111195838,511123
1,8940,1546345756937,1335782638416,4179137
1,8941,1633456436775,1632323904817,1651726
1,8942,1581829678972,1581815711014,792894
1,8943,1623511161407,1590084038241,5486408
1,8944,1614760187666,1296169988801,532816
1,8945,1620995140537,1365293606461,5572925
1,8946,1609378146209,1253683383517,4809460
1,8947,1638084355892,1449709387031,233532
1,8948,1682012005150,1230430322217,12791090
1,8949,1612798513582,1612798322212,202738
1,895,1630938504470,1630936748941,3204551
1,8950,1620057849604,1619970953671,503789
1,8951,1529779719471,2134787,8394093
1,8952,1620912043395,1620909821202,359301
1,8953,1629356950821,1339252520768,242586
1,8954,1578145423049,1556384731398,235193
1,8955,1613225152336,1613224327152,1933770
1,8956,1614386345973,1614385744836,1119893
1,8957,1547139152335,1545587704121,1587735
1,8958,1588387937724,1,2418655
1,8959,1588989226665,1588988862715,276435
1,896,1694981040693,1382060716753,954343
1,8960,1596998679154,1596814151492,1027229
1,8961,1632221422521,1632221027874,459857
1,8962,1683894765699,1481059534205,960461
1,8963,1633589362848,1,10888663
1,8964,1532687057349,1244305227562,575146
1,8965,1657664792922,1432674227668,2633807
1,8966,1440885727432,1331102569886,6345161
1,8967,1638889314451,1572189414333,230270
1,8968,1695900501132,1661678516955,387388
1,8969,1569218055982,1569217329367,340553
1,897,1632249945569,1396451518263,615531
1,8970,1619962968760,1556384731398,423180
1,8971,1626900347607,1626900333243,578512
1,8972,1631191852594,1436157477700,311271
1,8973,1609173403682,1609167399599,356202
1,8974,1583602940582,1253683383517,2044790
1,8975,1631724295100,1321299141683,350662
1,8976,1618318474779,1618304919414,393419
1,8977,1418064278544,1418058604785,7465080
1,8978,1633786101252,1538160195002,2115354
1,8979,1692127945426,1349477488732,11677034
1,898,1474928312331,1456110779650,226617
1,8980,1570138345067,1356433981982,3978654
1,8981,1692845785114,1461597312991,199260
1,8982,1590144443200,1590143885712,2957560
1,8983,1663124143009,1490960672810,2053886
1,8984,1357655825015,1357654336906,1830440
1,8985,1534692246165,1534692218939,365947
1,8986,1685501173467,1363171229968,4041298
1,8987,1683045034118,1572034279227,220949
1,8988,1632236413951,1632236211396,254624
1,8989,1670792042000,1220824109052,4866299
1,899,1486764211351,1486763593527,2349646
1,8990,1632234545991,1632160435196,362688
1,8991,1434738634742,1269735770386,8976083
1,8992,1619282095311,1619281957601,12147048
1,8993,1697687319987,1433489648891,697593
1,8994,1609369963906,1382060716753,6136531
1,8995,1676214309291,1512505949183,1040821
1,8996,1688502956783,1443062427176,388275
1,8997,1631016782640,1631016456553,212438
1,8998,1437512094706,1437511845388,6758795
1,8999,1575359001190,1556384731398,1090207
1,9,1679942815000,1553874394458,429437
1,90,1632616634054,1632616433289,247255
1,900,1673938707085,1436157548833,7254247
1,9000,1623870586585,1349477488697,14072299
1,9001,1655910175095,1655860657769,347882
1,9002,1630966535697,1630966335962,1533819
1,9003,1678446585546,1421053836877,402640
1,9004,1662888263109,1,2539696
1,9005,1596388865280,1596387461949,601425
1,9006,1686282698332,1363171201399,3756256
1,9007,1436682003633,1185996957304,216072
1,9008,1633166707795,1253112642859,1357928
1,9009,1631187192540,1630924115948,861203
1,901,1566697203830,1354715263726,2672570
1,9010,1696557711025,1365293606461,311928
1,9011,1624105455089,1624104229218,209665
1,9012,1416899338456,1358388308437,645383
1,9013,1443613342313,1255653553364,8899254
1,9014,1645872392120,1,3066289
1,9015,1515306973121,1436157789296,2047722
1,9016,1642903069059,1568770383680,4312100
1,9017,1600796931559,1566222729834,2973833
1,9018,1631350720768,1631350708613,313576
1,9019,1544464528290,1356770351679,1290103
1,902,1671152436264,1382060716753,4257903
1,9020,1622107165882,1425556627973,9839180
1,9021,1632170892072,1632169697524,790453
1,9022,1530047257102,1453067020105,1250751
1,9023,1606395972718,1474474209351,544188
1,9024,1635428879366,1635349069435,1480370
1,9025,1672578285996,1446378535359,338299
1,9026,1488771933653,1381341649155,5647103
1,9027,1631729329542,1631729258270,3361446
1,9028,1570238777013,1391346365359,3405458
1,9029,1366994391864,1366737460713,1238828
1,903,1661596666356,1339252520768,795564
1,9030,1642182607690,1368292036119,4372656
1,9031,1617529521711,1284456944085,723238
1,9032,1610147440843,1513437740561,1577661
1,9033,1649068276834,1402678102926,905062
1,9034,1315246234080,1252877620030,178642
1,9035,1602963720599,1368292251847,4824556
1,9036,1649757179813,1613929157327,772827
1,9037,1640449016817,1640385088599,1408611
1,9038,1668572789972,1368292036119,5640888
1,9039,1635602963998,1635602951147,383691
1,904,1546447108101,1546447079129,659504
1,9040,1571429281408,14,5579518
1,9041,1647179585124,1368292036119,2033920
1,9042,1607516144610,1607516119202,399592
1,9043,1625489636191,1359816820862,1242718
1,9044,1651140892851,1287052660558,21301514
1,9045,1535431473388,1304288899547,1960283
1,9046,1343833990215,1243471197080,14486426
1,9047,1616003099277,1355193962982,1170293
1,9048,1521256763049,1255890523278,7478206
1,9049,1653021750439,1349477488820,7657096
1,905,1683947835470,1368292036119,2338850
1,9050,1552137203438,1402456305835,734886
1,9051,1669671126000,1669236089307,200474
1,9052,1518335253549,1434539087359,1987513
1,9053,1564329179896,1322360331142,4034470
1,9054,1632041744620,1632041723964,339801
1,9055,1696255198000,1678261590059,1381969
1,9056,1628734902715,1265652130781,2459451
1,9057,1415750980172,1244863080126,10449084
1,9058,1680157414000,1421247060106,710273
1,9059,1571370505480,1571369769909,177398
1,906,1605779201527,1,2993963
1,9060,1672085458583,1672082666300,410122
1,9061,1642336676975,1597065143792,2012677
1,9062,1613406431020,1443279828423,196642
1,9063,1642950991038,1340356537304,345621
1,9064,1620755456177,1402176459981,1908309
1,9065,1416899338456,1358388308437,574782
1,9066,1614520492418,1404095877736,1988644
1,9067,1652456624550,1574031550753,1432516
1,9068,1615316798744,1339252520768,1108021
1,9069,1568500384916,1363171734280,11076489
1,907,1514978052768,1514977201200,334052
1,9070,1655329137257,1545837503538,952348
1,9071,1588291217199,1248388001058,7476195
1,9072,1645338471473,1473289434894,3051867
1,9073,1614017394975,1614017286824,433494
1,9074,1695033381902,1321299133411,3376727
1,9075,1697012756254,1697010918584,359261
1,9076,1543384060334,1473324341898,701605
1,9077,1388419324527,1311694691849,6907171
1,9078,1597823589836,1597823584823,2760143
1,9079,1639563856740,1253683383517,1269425
1,908,1442783618837,1442783589911,874765
1,9080,1592882745811,1592882628438,332357
1,9081,1632917286977,1,296725
1,9082,1478094151162,1319848586134,4090155
1,9083,1673239357064,2,1340619
1,9084,1620133164054,1620022447972,475149
1,9085,1675722324589,1402678713621,1070692
1,9086,1601301634000,1601199244679,444818
1,9087,1669053307795,1514730671810,4628343
1,9088,1623426839253,1597065143792,1168266
1,9089,1682347887372,1368292627098,5937599
1,909,1677610777015,1385334107186,4517489
1,9090,1698578528592,1621514854260,230496
1,9091,1630488444686,1517871563885,2146395
1,9092,1633904575914,1253683383517,379197
1,9093,1641674437157,1349477489909,12102405
1,9094,1686169942000,1451136874257,450600
1,9095,1631566330649,1631566246525,238534
1,9096,1518286875082,1296169988801,3613258
1,9097,1631359960614,1630958088053,660867
1,9098,1694965266793,1462140542732,273862
1,9099,1682866786138,1393817670651,868906
1,91,1618622252136,1349477488732,7687998
1,910,1643254970949,1349477488803,4762921
1,9100,1648928832532,1454374255310,864400
1,9101,1419312100079,1224469920880,28162896
1,9102,1642724004100,1457658817970,524129
1,9103,1631670453707,1631647198925,341844
1,9104,1615549443795,1435305627567,1867312
1,9105,1583196938658,1459381160365,10299776
1,9106,1624315192175,1479242579780,581173
1,9107,1653021793998,1462140542732,574613
1,9108,1662410415114,1368292036119,2695129
1,9109,1662295888563,1662198619513,507260
1,911,1621094985424,1485092675227,232539
1,9110,1630170219056,1505929042825,312242
1,9111,1560409196653,1560405296375,276756
1,9112,1601493276011,1349477488697,15239814
1,9113,1524610514709,1524430772987,1893673
1,9114,1695152410758,1511551039862,666313
1,9115,1618747505908,1617087558267,561225
1,9116,1463571153954,1404247845088,1978561
1,9117,1660314597000,1389572686385,434841
1,9118,1474828444204,1254259829410,4285126
1,9119,1559381899054,1283654329671,11338876
1,912,1487898307731,1487890527083,538117
1,9120,1645000095940,1553874394458,780725
1,9121,1619523336416,1321299141461,14610426
1,9122,1627321553970,1350492248772,688580
1,9123,1535054786402,1253683383517,8612708
1,9124,1634509263346,1326834842421,7659295
1,9125,1619756156714,1282537181785,1193101
1,9126,1652232096082,1618921567852,1141953
1,9127,1666355308940,1333915547573,807841
1,9128,1502911943111,1502899380547,6898159
1,9129,1697805525153,1356967964603,1223773
1,913,1647151745867,1366757977454,7657254
1,9130,1653186635000,1488247880535,3475628
1,9131,1361306377969,1185996957304,810361
1,9132,1619776725919,1,802860
1,9133,1684965381641,1382060716753,357462
1,9134,1632457566681,1632408483339,665512
1,9135,1692031469777,1586732836929,2455443
1,9136,1644080847350,1368292036119,5911920
1,9137,1361740126307,1359047250267,802444
1,9138,1510598512159,1358044891925,401782
1,9139,1621063893914,1461984815154,2555358
1,914,1637409390899,1296169988801,246205
1,9140,1603318526051,1341350955020,1462259
1,9141,1626167743470,1626166874055,220895
1,9142,1623712139727,1365293606461,1477336
1,9143,1532035384607,1459381160365,275605
1,9144,1655677968535,1368292036119,20791738
1,9145,1611134218345,1611134108717,4192762
1,9146,1619552442259,1619464502347,237826
1,9147,1651456256072,1,774943
1,9148,1404185700495,1237901881402,2948590
1,9149,1659919787681,1389044065403,1714630
1,915,1611576648326,1365293606461,7545945
1,9150,1605777684806,1605770577566,842652
1,9151,1535897733375,1535573801685,3675793
1,9152,1630199080189,1630022368151,3416526
1,9153,1604997730247,1604996068521,3386712
1,9154,1559269512675,1321299133411,14280411
1,9155,1632059637046,1,304816
1,9156,1628586955610,1453068341969,416283
1,9157,1631152075996,1334242332092,405712
1,9158,1658016501000,1657969055963,363252
1,9159,1650444777114,1251849465143,1409357
1,916,1632027044936,1284836657448,302335
1,9160,1583198443413,1363171201399,10806194
1,9161,1618214857672,1331227773832,1042833
1,9162,1696728528606,1582074258964,575203
1,9163,1672110927881,1474474209351,1414763
1,9164,1620295811519,1620295758942,1750548
1,9165,1643322629189,1349477488732,12606516
1,9166,1671693594866,1348903090032,687950
1,9167,1640834378249,1368292036119,4876863
1,9168,1678382419000,1335782638416,1172232
1,9169,1557616969360,1528347226372,456182
1,917,1551071327868,1551061362081,1282509
1,9170,1625330258502,1382060716753,818152
1,9171,1680554019293,1368292251847,234178
1,9172,1674249549400,1368292251847,11442524
1,9173,1631396224646,1253683383517,1237856
1,9174,1627568415489,1327353752257,3183128
1,9175,1653281889673,13186,5769438
1,9176,1675322212180,1535161059193,1639191
1,9177,1639323400239,1434539087359,16621572
1,9178,1621085076596,1621084793584,1002328
1,9179,1606444616070,1365293606461,1281000
1,918,1550917403864,1550754055294,733809
1,9180,1445347911486,1367317475414,7231489
1,9181,1646928339281,1611082599906,2302689
1,9182,1515840512533,1440739904314,6483316
1,9183,1663895793714,1663027534358,457039
1,9184,1684837020182,1439594489415,731063
1,9185,1416899338456,1358388308437,1940225
1,9186,1626186808797,1625020900404,569355
1,9187,1557317210483,1327233260754,2074639
1,9188,1606492858101,1338405665547,247147
1,9189,1615973446319,1615972683667,552037
1,919,1665074730861,1296169988801,1337461
1,9190,1679481474619,1,881703
1,9191,1689439035177,1546536898404,2174946
1,9192,1645534148984,1349477489814,228583
1,9193,1612108374843,1,1698972
1,9194,1630963074464,1630960651127,7034256
1,9195,1692483213433,1230430322217,1286085
1,9196,1616197967130,1616197950628,1679671
1,9197,1676565119804,1368292036119,9511672
1,9198,1613570033120,1613569714147,1510365
1,9199,1682441371462,1573834070421,771829
1,92,1616077359480,1616077337979,283654
1,920,1665666406947,1618494835057,838601
1,9200,1598685815564,1598685542500,2621104
1,9201,1458741761332,1243299636379,7978871
1,9202,1672355286154,1573966537814,523362
1,9203,1695290605920,1253683383517,637703
1,9204,1653983860023,1608702164652,879852
1,9205,1692470638801,1480550625902,1033081
1,9206,1693124688476,1401126656910,586399
1,9207,1663139259135,1382060716753,1531260
1,9208,1547908352260,1253683383563,12836740
1,9209,1655991439365,1356396068311,746581
1,921,1593015525895,1287867057355,2918934
1,9210,1594043079102,1594005864164,1815071
1,9211,1632770599406,1475840637603,887594
1,9212,1630636086696,1368292036119,20673251
1,9213,1696741844965,1411346533273,1165346
1,9214,1679061367394,1384559085959,231854
1,9215,1539168081555,1538910367093,1378876
1,9216,1680077055076,1349477491102,847738
1,9217,1688234520524,1579408898262,3860379
1,9218,1676843657856,1674495708553,266027
1,9219,1698852540000,1599049091121,228163
1,922,1616878971946,1214225650015,4050422
1,9220,1631817367553,1631817344499,1111703
1,9221,1439543869451,1253683383563,11434184
1,9222,1571583531883,1455649816121,488828
1,9223,1696692659408,1483388826275,481483
1,9224,1630485940420,1630482083848,727880
1,9225,1630408343297,1483741680801,682576
1,9226,1600349665803,1600349466592,1852495
1,9227,1677443063651,1296173537196,226727
1,9228,1596268356125,1596268318851,1924697
1,9229,1647427074134,1522165245544,177849
1,923,1693155438632,1401126656910,224869
1,9230,1697322243012,1368292251847,8695516
1,9231,1504185732884,1504183211948,1823859
1,9232,1636565702951,1403663302368,7142385
1,9233,1651483724523,9691,2197797
1,9234,1675717888000,1399120352490,3453093
1,9235,1654617681441,1230430322217,10709354
1,9236,1459552596476,1459380987990,4242493
1,9237,1611769889896,1589991881751,3184539
1,9238,1611334549666,1368292123572,14631709
1,9239,1660676571398,1470607876720,7563304
1,924,1665494415175,1368292251847,2360432
1,9240,1603816801304,1534961395505,4117657
1,9241,1609160578799,1606297320736,2846578
1,9242,1664973637998,1460960127444,305765
1,9243,1693442141040,1686521014515,524825
1,9244,1416899338456,1358388308437,771259
1,9245,1634564443706,1402673943360,2053851
1,9246,1600890745718,1600700991102,284004
1,9247,1664275187386,1361187240427,2593378
1,9248,1650580674895,1349477488697,4743058
1,9249,1690380498081,1349477488697,912564
1,925,1665585123225,1349477488848,5259821
1,9250,1632037960931,1632018715731,253489
1,9251,1539448870595,1349477489047,20250715
1,9252,1571988109943,1439728329732,11891649
1,9253,1684272432803,1512504730423,6674139
1,9254,1575481391087,1481804175275,1481740
1,9255,1594534726945,1307347307457,3129918
1,9256,1621148907736,1621099657706,930204
1,9257,1694047837538,1284524436494,1218050
1,9258,1537447880856,1332782303694,10913930
1,9259,1629941645052,1349477489129,2751983
1,926,1664376081284,1303670814437,3111166
1,9260,1602243202665,1404247845083,2371993
1,9261,1676289634237,1475943354670,4486779
1,9262,1605208963477,1605166222152,399501
1,9263,1666907337515,1253683396192,1739300
1,9264,1622112552351,1622112530373,675812
1,9265,1622125134237,1622125092479,1766435
1,9266,1652759146906,1365293606461,231893
1,9267,1564993870065,1436157531185,7179651
1,9268,1662818582136,1554727451438,383625
1,9269,1647643553756,1363171201399,1576682
1,927,1686090437008,1368292036119,6138196
1,9270,1534902999109,1349477488697,7855132
1,9271,1464440110362,1464439788160,3400056
1,9272,1665666076302,1597355462803,719488
1,9273,1693340576009,1439130117498,374761
1,9274,1643070597010,1386372071599,3620933
1,9275,1613046912851,1613040984616,1231108
1,9276,1631591291935,1264295638472,1690437
1,9277,1527803819962,1527785312836,470981
1,9278,1673182120121,1673047867557,195399
1,9279,1677949812797,1465599265219,3273043
1,928,1677196411469,1363171201399,1872629
1,9280,1498210039562,1498055348500,571806
1,9281,1556158901980,1354715263726,1402851
1,9282,1679430135452,1461597220052,579122
1,9283,1581988216171,1363171201399,3370668
1,9284,1673380775931,1481156775125,3479927
1,9285,1413894425856,1413894384280,2856265
1,9286,1632580805411,1632580771894,2344854
1,9287,1542081337334,1542080698289,364380
1,9288,1617017400210,1,305162
1,9289,1551231299215,1534798088050,1052898
1,929,1686143273377,1602002186263,242820
1,9290,1617877244440,1617819665451,667103
1,9291,1632277514498,1316137834276,7892174
1,9292,1606253699248,1606252756809,512638
1,9293,1695530610908,1498732231081,708283
1,9294,1611095205740,1365293606461,567714
1,9295,1374548348547,1255653553364,3873820
1,9296,1668167695458,1512314679070,646558
1,9297,1555540465097,1552262757129,2110303
1,9298,1549073807806,1549072779164,730075
1,9299,1643752227723,1315757153343,1608513
1,93,1631101943383,1631030656040,631826
1,930,1528315494223,1349477488812,3554214
1,9300,1623806696677,1623804919099,864830
1,9301,1574091907997,1402540913398,1870873
1,9302,1547922938463,1248177482884,903830
1,9303,1284853452078,1284764220397,6826734
1,9304,1691716805760,1691716785201,3889082
1,9305,1620408149821,1556566004857,764384
1,9306,1442602836487,1273439686875,6215725
1,9307,1645202186430,1500442264666,2119385
1,9308,1632231656387,1526965809829,1671337
1,9309,1643756590486,1233882888368,8873563
1,931,1407223286852,1244863080125,15119145
1,9310,1604158621241,1589259546229,360594
1,9311,1651384529650,1368292036119,1414475
1,9312,1419885013065,1405160184385,2127836
1,9313,1680299953137,1,18952124
1,9314,1665963841038,1418573463556,858536
1,9315,1541726402679,1412019429081,3549440
1,9316,1629539561132,1599309963864,1880128
1,9317,1621340290915,1621340223019,242375
1,9318,1572106640296,1572101877353,624833
1,9319,1678923026260,1349477488697,2687989
1,932,1616171343073,1459028198260,4402942
1,9320,1602439944434,1286040962465,2342971
1,9321,1601045705042,1349477488697,6564430
1,9322,1657945553270,1487666871714,1227929
1,9323,1633097028657,1535902528042,774961
1,9324,1613656344228,1613656288106,1741267
1,9325,1632331791785,1632331625882,203138
1,9326,1677592691677,1296169988801,426663
1,9327,1480626098309,1381650940362,974167
1,9328,1651596373427,1349477489256,1041500
1,9329,1585025230798,1,1269283
1,933,1649012091671,1649011839152,567237
1,9330,1552137203438,1402456305835,625024
1,9331,1637715966089,1482175297875,1797107
1,9332,1621212876371,1621212798807,515116
1,9333,1675721191158,1349477488732,10322918
1,9334,1458769722203,1280987214013,2011916
1,9335,1361740126307,1359047250267,939094
1,9336,1626776970243,1,675436
1,9337,1518653662070,1391300651409,3612353
1,9338,1650363639170,1251883407566,248178
1,9339,1664162186341,1457658817970,428186
1,934,1520337443143,1520251594476,2355575
1,9340,1600668413000,1600237037887,1840193
1,9341,1595940377904,1401311491664,2430543
1,9342,1700178945432,1667196228646,265432
1,9343,1615632289868,1516104576501,996841
1,9344,1554509609906,1,8127498
1,9345,1690955507903,1231630717118,15347117
1,9346,1611404869199,1611289618059,658454
1,9347,1552137203438,1402456305835,657243
1,9348,1657557403369,1657557395573,1337683
1,9349,1416899338456,1358388308437,1053726
1,935,1619005627078,1619005598321,567706
1,9350,1623095972129,1,893772
1,9351,1619677959981,1512314679070,2301555
1,9352,1692641635103,1230430322217,1042774
1,9353,1601407996632,1601407969975,202050
1,9354,1688116144706,1688095926431,462934
1,9355,1637637448625,1394240440674,1114717
1,9356,1635614447117,1349477489018,7975221
1,9357,1600158917003,1438168311878,1199051
1,9358,1580260528603,1580260426120,1629041
1,9359,1623426839253,1597065143792,2942944
1,936,1496038388332,1253683383517,10432064
1,9360,1693867432934,1253841981294,913994
1,9361,1649245281406,1397327166985,6555981
1,9362,1568227096053,1484412959193,366119
1,9363,1628876736923,1618854617829,296151
1,9364,1638650126349,1600598866016,4384959
1,9365,1623794574651,1623635626549,566030
1,9366,1652507734262,1652507704401,273095
1,9367,1690830093115,1479126447692,405966
1,9368,1438976694269,1264961836967,1572334
1,9369,1511907540495,1358044891925,373891
1,937,1669825475179,1669825340705,1079680
1,9370,1691547757186,1405189422934,623362
1,9371,1604379211115,1604358219786,228016
1,9372,1633533927745,1441847531472,1789055
1,9373,1667854765475,1381711296719,1914988
1,9374,1663696137300,1403023479358,218347
1,9375,1643895364431,1339252520773,1538353
1,9376,1573770781132,1297134771573,2813669
1,9377,1678293544169,1641133665418,817889
1,9378,1694026705642,1556806168186,1555494
1,9379,1694634278396,1694627088120,483939
1,938,1410804001861,1344109668542,5294172
1,9380,1522993598965,1253791415886,2030843
1,9381,1512525624284,1512525443844,173789
1,9382,1653366272300,1349477488740,3084923
1,9383,1690915409765,1501633966754,971035
1,9384,1532397301191,1349477488785,23121833
1,9385,1616137424089,1435363999498,2423002
1,9386,1616709239045,1349477489067,676504
1,9387,1694686242387,1254259829410,612155
1,9388,1684959255492,1684958872427,208096
1,9389,1677395437700,2358076017,2288244
1,939,1686454998258,1614084216713,1715836
1,9390,1616486233650,1616485207823,499319
1,9391,1673708883762,1626430727599,436608
1,9392,1641329970457,1368292036119,7645645
1,9393,1653103118679,1412513595573,1698033
1,9394,1600903014243,1349477488697,9556113
1,9395,1692127941000,1692126730996,1171707
1,9396,1533293495144,1470177432052,659519
1,9397,1697479950931,1341386344459,320733
1,9398,1644633213911,1368292036119,13835484
1,9399,1602703485823,1602703054973,212111
1,94,1308827629383,1308154129860,1977238
1,940,1582657677066,1582654877707,442739
1,9400,1620671665792,1296169988801,1193420
1,9401,1658473493735,1402677924322,1625262
1,9402,1638578260578,1638576476011,331346
1,9403,1603246808983,1603246631487,5871892
1,9404,1361740126307,1359047250267,675402
1,9405,1601592000909,1349477489127,6782400
1,9406,1522507828696,1336382159007,985036
1,9407,1666048522587,1666040954427,208121
1,9408,1678124447190,1333862791707,615319
1,9409,1605692831573,1605544189581,764942
1,941,1299600544316,1271205129001,263747
1,9410,1653914895693,1348705063714,188574
1,9411,1591856668713,1583031682905,9360275
1,9412,1491408172560,1397502380188,200145
1,9413,1463265868075,1404247845128,6286844
1,9414,1507026060070,1506939209616,250146
1,9415,1425993478151,1425106476528,387943
1,9416,1613231682805,1612624989748,246420
1,9417,1683502359000,1321299141461,3288116
1,9418,1621319773167,1621319126914,954797
1,9419,1666098163000,1553874394458,241966
1,942,1657887876000,1379541049761,1178236
1,9420,1655468242999,1433538501105,1154792
1,9421,1463174401727,1363931660679,3195391
1,9422,1631458464736,1631451208024,2660086
1,9423,1361740126307,1359047250267,21922083
1,9424,1636818351406,1389885883016,278228
1,9425,1647599651577,1365293606461,448678
1,9426,1615733386149,1540812920207,8459233
1,9427,1668524626857,1413859711864,825946
1,9428,1603812037225,1603810291015,3415042
1,9429,1357655825015,1357654336906,515920
1,943,1676220077402,1349477488953,534463
1,9430,1588258008789,1321814180155,934110
1,9431,1626683417857,1389609484811,1170347
1,9432,1659820230001,1185996957304,668972
1,9433,1497997825889,1,10778380
1,9434,1688677153397,1368292036119,11686268
1,9435,1678208443413,1610415363149,204576
1,9436,1621006635879,1455649815964,1328019
1,9437,1604471395926,1245641480890,682721
1,9438,1579268957680,1296169988801,1678019
1,9439,1607587645621,1,1791040
1,944,1647231530643,1354715263726,922944
1,9440,1630489213732,1588064409602,4955759
1,9441,1626785282916,1466929582890,239079
1,9442,1663881552771,1389723767506,1002747
1,9443,1601971468813,1601925564065,530875
1,9444,1612875449732,1612875435897,431763
1,9445,1597117288665,1253683383517,2700950
1,9446,1687885616576,719,11972306
1,9447,1584649214843,1253683383517,630474
1,9448,1300455762405,1300182678921,3757996
1,9449,1666717450190,1185996957304,580899
1,945,1627958343408,1627859356520,474568
1,9450,1632969742968,1349477488697,10444838
1,9451,1622917846160,1214225650015,911900
1,9452,1639365038355,1349477490651,13299156
1,9453,1211010364062,1211009903593,2804024
1,9454,1446050561405,1446036386518,511301
1,9455,1561728363248,1349477488697,18483123
1,9456,1623678162367,1185996957304,1680882
1,9457,1666036622170,1666035694396,1016823
1,9458,1653166592072,3,866920
1,9459,1566588688436,1566588401282,1040291
1,946,1609193567750,1349477488697,1026186
1,9460,1666219852975,1536007113429,444254
1,9461,1630539924088,1630539567343,693890
1,9462,1632216334676,1632215641357,273221
1,9463,1472539054523,1472004609602,3067107
1,9464,1616972748932,1616958007258,369877
1,9465,1679318233558,1332782303694,313761
1,9466,1630260635326,1291874591243,1997138
1,9467,1678789998000,1349477489641,978635
1,9468,1684194796000,1382060716753,7141733
1,9469,1646925534719,1375795390172,1026577
1,947,1477859793014,1255653553364,2925432
1,9470,1632023907828,1311444060016,499621
1,9471,1650373102356,1604818316786,1271262
1,9472,1649739591653,1,2975993
1,9473,1624246403830,1349477488697,5371261
1,9474,1665955336078,1349477488803,1273300
1,9475,1519579420401,1519486886110,437359
1,9476,1690570312000,1436157667440,549603
1,9477,1631988427689,1631093872881,483288
1,9478,1595684978489,1440743651341,1923381
1,9479,1677927091733,1463844574959,630146
1,948,1617730536669,1335782638416,330582
1,9480,1437664358555,1437655786878,1458259
1,9481,1656092910560,1349477489219,714894
1,9482,1677552330908,1381539112793,521119
1,9483,1629846730629,1433987492951,722583
1,9484,1687708142402,1394240357489,417613
1,9485,1645744214222,1368292036119,6572421
1,9486,1635062695322,1487666871714,8016368
1,9487,1665589310019,1661281067989,420687
1,9488,1618182531137,12705,1053929
1,9489,1570900023324,1410317973624,689216
1,949,1634817211311,1539102873940,4661834
1,9490,1583561096686,1267679370216,2051315
1,9491,1663102665000,1363171201399,894217
1,9492,1622074535138,1296169988801,3090102
1,9493,1631455729248,1631453701469,1088662
1,9494,1553990823687,1463353761501,5426826
1,9495,1621543766041,1553874394458,2864223
1,9496,1327745933536,1327742600945,1141382
1,9497,1524811250808,1524811187304,367467
1,9498,1646581195208,1349477488732,3808633
1,9499,1621496597609,2022922,7846814
1,95,1631289865149,1631260257929,1047122
1,950,1678246905155,1413859711864,3050195
1,9500,1631911210660,1631110677400,9070734
1,9501,1692328262000,1401126656910,264801
1,9502,1672682567695,1479242579780,250923
1,9503,1257170929080,1221840066671,5179223
1,9504,1643308460682,1321299136297,281372
1,9505,1642757842663,1339252520768,4743446
1,9506,1661199359672,1287867057355,422573
1,9507,1592700441471,1476069689803,476604
1,9508,1448164500083,1443000148476,10463512
1,9509,1600099779024,1600099634365,1241826
1,951,1606144837082,1538152300101,975028
1,9510,1621525049809,1459381160365,6817997
1,9511,1698713635000,1368292036119,7067565
1,9512,1589808184352,1349477489367,14441427
1,9513,1633789860743,491,906167
1,9514,1588528783347,1231658705688,2112643
1,9515,1644482260427,1535987121323,3945773
1,9516,1649978572257,1393018584208,1448305
1,9517,1575849838345,1575849134120,624556
1,9518,1551039325816,1551035564189,430442
1,9519,1628841108012,1628841089660,703120
1,952,1664432732097,1331227773832,12694048
1,9520,1623825041668,1185996957304,2953038
1,9521,1686668714260,1440792105016,413746
1,9522,1593723802280,1499186920989,1523777
1,9523,1695084363204,1463345960304,3954106
1,9524,1647879898358,1389609484811,1817969
1,9525,1578605743495,1373741903265,1695889
1,9526,1695978063557,1478515378724,511793
1,9527,1606054080666,1605840091242,2111517
1,9528,1632045682961,1632045620617,696360
1,9529,1693095881111,1462038586199,175233
1,953,1634838069553,1598974933450,2772981
1,9530,1574292686480,1537532059247,6531347
1,9531,1697686590619,1691343078866,457638
1,9532,1657807559263,1368292036119,6504155
1,9533,1628474502999,1349477488847,3174831
1,9534,1696404655118,1434539087337,569925
1,9535,1598640268216,1598405266615,1760119
1,9536,1459283044225,1264295964936,23636980
1,9537,1552585100996,1246803946605,23582316
1,9538,1576246455992,1267679370216,546969
1,9539,1399068616182,1373554186983,188743
1,954,1698493873601,1527104932285,760320
1,9540,1580212300172,1580150809177,834718
1,9541,1667138628000,1535434082512,3037719
1,9542,1619357831435,1619357613259,1202974
1,9543,1672828968296,1389572686536,1333475
1,9544,1679918844707,1358974563663,434755
1,9545,1642984623360,1365293606461,8199597
1,9546,1615534125377,1325902101971,2624881
1,9547,1587403322100,1587402071909,918548
1,9548,1620570976030,1442352045244,2245018
1,9549,1643513760009,1,10450518
1,955,1598384260119,1,4375889
1,9550,1634612196592,1335782638416,972241
1,9551,1533125927704,1288463827711,11850494
1,9552,1520859981651,1520859897717,892058
1,9553,1646406559420,1630970989615,300693
1,9554,1623844279757,1303670814437,5125141
1,9555,1452878955926,1452878934866,200178
1,9556,1599516719161,1574524202410,25203383
1,9557,1522307334059,1337858388141,3408330
1,9558,1680693689495,1321299133651,683903
1,9559,1580395298925,1433626325548,361014
1,956,1649193003350,1265061267085,519171
1,9560,1605007668783,1604663791335,1510901
1,9561,1671751737015,1604877261416,241548
1,9562,1463801890267,1345491599320,463499
1,9563,1676115507262,1351290160241,917331
1,9564,1622506894492,1622506826679,189158
1,9565,1539844177014,1434393856811,563185
1,9566,1699313826946,1214225650015,1326711
1,9567,1366994391864,1366737460713,1199337
1,9568,1634260854948,1473521109758,859949
1,9569,1681802386052,1481804151599,1379051
1,957,1615898303288,1615898206231,2941951
1,9570,1628608571529,1628346751616,3048775
1,9571,1631346839537,1536602803992,3110720
1,9572,1616837039670,1616837006620,1587319
1,9573,1677716066392,1253683383517,23074586
1,9574,1682634551521,1537634449825,3336274
1,9575,1673225364087,1461615594848,1533644
1,9576,1620156567184,1395429108654,180726
1,9577,1632345192739,1561670681316,844660
1,9578,1628528735570,1349477489152,6749974
1,9579,1622833913130,1419359509035,759728
1,958,1576838236360,1339252520768,2627705
1,9580,1632484726492,1483385433339,2246409
1,9581,1483747242367,1483741578863,591110
1,9582,1365798597739,1365713506852,1859197
1,9583,1688688021277,1363171201399,9890487
1,9584,1660364307988,1462127745191,3108484
1,9585,1613353659317,1613353576713,188753
1,9586,1658598736073,1368292062206,370589
1,9587,1587511992390,1368292503902,1731639
1,9588,1660262658621,1647903377614,174045
1,9589,1493848986515,1432839414189,1102067
1,959,1681835870784,1480189098777,533460
1,9590,1640157587858,1553874394458,2172209
1,9591,1630982455826,1339252520768,164292
1,9592,1607468010005,1607371601274,233036
1,9593,1602863712269,1339252520768,2575619
1,9594,1632526916029,1632345148381,1641998
1,9595,1602638158312,1419359509040,1195534
1,9596,1587694622752,1321299134071,1009230
1,9597,1459704470393,1287867057355,8940241
1,9598,1631049072656,1631048831670,399013
1,9599,1644291649560,1597065143792,2563922
1,96,1613490038223,1397677157092,1123348
1,960,1670671841324,1670536002627,204470
1,9600,1626597810245,1599891373208,389742
1,9601,1648696411782,1211307217539,233794
1,9602,1638349290910,1357654336906,1931182
1,9603,1678207975211,1518041168989,769664
1,9604,1663121260000,1368292167716,3868120
1,9605,1631192153895,1,1343108
1,9606,1630410417940,1630404258978,225058
1,9607,1611589995719,1350418457955,1158297
1,9608,1591412201947,1349477488785,17766208
1,9609,1630939032694,1630938465282,204100
1,961,1391332250159,1391327477580,7034823
1,9610,1630423691842,1630191252243,593553
1,9611,1671049659749,1496191634803,253639
1,9612,1592464164643,1421053844342,24363950
1,9613,1614706929121,1433489648891,978973
1,9614,1549750418503,1253683383517,2110688
1,9615,1589530533871,1253683383517,251762
1,9616,1561303278677,1561301296197,1941333
1,9617,1631860492317,1631785572382,737341
1,9618,1574319526286,1574283562270,1788864
1,9619,1683233177423,1419353966983,442554
1,962,1602331211307,1,3586704
1,9620,1608769667988,1608769559224,1337602
1,9621,1622761133717,1574874176959,405405
1,9622,1630681016465,1296169988801,229452
1,9623,1581259130369,1581258253805,301976
1,9624,1619378290358,1365293606461,2837263
1,9625,1645242615616,1496663906242,656349
1,9626,1632496910489,1359148661717,496109
1,9627,1620583701255,1620572686429,1095521
1,9628,1575071582600,1575068282254,472868
1,9629,1691539626557,1586732035265,390294
1,963,1599761757840,1598641023675,319468
1,9630,1632143485765,1632143440733,517046
1,9631,1549137367208,1549128410387,324810
1,9632,1557860342056,1458034394940,2625837
1,9633,1558787503982,1287867057355,3951211
1,9634,1607633554815,1459381160365,1823350
1,9635,1424703967114,1323325080559,640774
1,9636,1623824319859,1526924201500,701551
1,9637,1212123918578,1199353985937,9570909
1,9638,1418072685644,1311694691855,5699283
1,9639,1609152912244,1404247845227,9173521
1,964,1610131859932,1610130094583,1296271
1,9640,1641033946342,1001,2575549
1,9641,1611205183828,1349477488847,3984686
1,9642,1548548902957,1368292036119,5586667
1,9643,1662588113282,1593011549216,297250
1,9644,1595266289125,1361818315599,864910
1,9645,1416899338456,1358388308437,535811
1,9646,1664982745678,1368292036119,7945993
1,9647,1694509040232,1496691044100,790473
1,9648,1688249038734,1553874394458,568234
1,9649,1555341513622,1349477488697,18249809
1,965,1665002894581,1349477488697,9862307
1,9650,1636339450874,1451908856532,963263
1,9651,1636912852353,1363171201399,915711
1,9652,1610468722943,1606049564817,427759
1,9653,1649613536283,1611611145989,622275
1,9654,1522422126722,1464589727695,910740
1,9655,1693881962000,1448408403119,304025
1,9656,1589769418139,1589769057899,475691
1,9657,1633987362005,1363171229968,988247
1,9658,1684525958509,12705,507270
1,9659,1684931149289,1483734442330,1176724
1,966,1501640957802,1501640478836,879740
1,9660,1612148225905,1379858238578,1072942
1,9661,1381392106776,1381391009445,286850
1,9662,1607367104559,1360283595647,4916922
1,9663,1409755048901,1185996957304,10847006
1,9664,1681533155647,1323438374858,1753426
1,9665,1663255778854,1368292036119,2182637
1,9666,1472058460937,1409253238210,2635281
1,9667,1477578000986,1477565186634,972710
1,9668,1695407499448,1587207905689,669262
1,9669,1684599204651,1684598186304,229237
1,967,1691272364000,1358606738334,240942
1,9670,1647131059770,1385334107186,1630391
1,9671,1690381058280,1567241178890,6272883
1,9672,1667144081775,1332782303694,1649840
1,9673,1550047738689,1230430322217,9209729
1,9674,1552137203438,1402456305835,3320624
1,9675,1678209872641,1368292036119,5837022
1,9676,1675145571923,1264049677786,2322896
1,9677,1652298155983,1593969938776,219014
1,9678,1601011103056,1600938404394,310967
1,9679,1584684451267,1296169988801,5056860
1,968,1614862179489,1307765017512,652049
1,9680,1665850522634,1447071262694,1725660
1,9681,1594299461266,1594227870460,279449
1,9682,1695624126317,1463356453689,2235926
1,9683,1651846923000,1651480598042,746285
1,9684,1645537959064,1519231166158,6583674
1,9685,1466435175551,1308217254305,6968684
1,9686,1619817451445,1459809142832,225563
1,9687,1620771272010,1619794274714,689924
1,9688,1682620368363,1385303654203,594487
1,9689,1691103488912,1339252520768,2680956
1,969,1693139691811,1402352742263,678711
1,9690,1631925846854,1604601296272,530644
1,9691,1693034478751,1467554102205,2180565
1,9692,1661239106084,1444031919334,240364
1,9693,1594855415599,1594854427765,190953
1,9694,1582411334720,1582410992547,918872
1,9695,1529338316315,1246646765079,3785373
1,9696,1622062313228,1622038508064,1316561
1,9697,1682242682994,1489431080995,1950056
1,9698,1613783176269,1613781585353,565343
1,9699,1624139780256,1287304729541,10086058
1,97,1592400562814,1370145367610,729269
1,970,1665164903103,1363171201399,3041237
1,9700,1589458004292,1363180925735,870819
1,9701,1664601067232,1421053836472,8167014
1,9702,1588624971485,1321299141461,634739
1,9703,1553330293178,1551882108044,1455686
1,9704,1429725475580,1235331837846,8801079
1,9705,1681194039407,1536343948101,1037442
1,9706,1691799151000,1541021996538,244623
1,9707,1440632352604,1440631933560,1293722
1,9708,1630803252000,1530531928967,573948
1,9709,1696007674000,3,666348
1,971,1611540823588,1296169988801,252842
1,9710,1630856123676,1630855807206,339837
1,9711,1666532853000,1282593197437,4746799
1,9712,1672928981274,1382060716753,906813
1,9713,1673800022617,1402453141116,184424
1,9714,1672828195280,1331227773832,1115069
1,9715,1625363260750,1349477488697,4296788
1,9716,1583863187751,1580748070672,1685502
1,9717,1678219517337,1368292036119,2500090
1,9718,1664643426360,1349477488732,6559057
1,9719,1645928021689,1382060716753,5387580
1,972,1366994391864,1366737460713,582440
1,9720,1684634779817,1621245805889,2104472
1,9721,1671514039616,1349477488732,3740893
1,9722,1357470638852,1357470146037,268759
1,9723,1654894689201,1612285194036,290141
1,9724,1641562828516,41216962,671885
1,9725,1632590339627,1632588318325,1132669
1,9726,1678519552000,1453382263645,531032
1,9727,1535995174132,1230437646041,1574336
1,9728,1609807256303,1321299141551,469516
1,9729,1620366564215,1481156775125,24798371
1,973,1642383711823,1287867057355,1687905
1,9730,1552137203438,1402456305835,608291
1,9731,1677436431997,1368292036119,3011300
1,9732,1579541015993,1394581750790,4245774
1,9733,1680302556859,1678159311587,260500
1,9734,1680533893908,1475690805190,734890
1,9735,1505245907823,1505245877359,337717
1,9736,1622832017194,1622831943855,778210
1,9737,1677140193346,1505929042825,274030
1,9738,1631872423376,1631872404804,2918017
1,9739,1618050710065,118,1529113
1,974,1447120955811,1447120938265,974287
1,9740,1681340618764,1434052002151,9473335
1,9741,1674429460998,1368292036119,24226444
1,9742,1674907747648,1,733849
1,9743,1673122614000,1230430675564,7533548
1,9744,1617898033318,1527792848658,2779266
1,9745,1692296031000,1457364184288,218103
1,9746,1639537893178,1363171201399,4771925
1,9747,1633012512255,1459028198260,6563777
1,9748,1629751199665,1253683383517,194015
1,9749,1613601849419,1349477488698,1962817
1,975,1610157268143,1269722041469,1109379
1,9750,1691539741854,1401126656910,1684091
1,9751,1624704969696,1624436523358,477373
1,9752,1499538136520,1499536798072,2322019
1,9753,1681238015813,1553889937519,2677236
1,9754,1627944441832,1341238124197,3804451
1,9755,1691807887000,1382060716753,690796
1,9756,1615892076316,1363171229968,1221027
1,9757,1681305414973,1681301849819,291577
1,9758,1631470650286,1296169988801,1879457
1,9759,1613384193365,1412983431628,195107
1,976,1630416575894,1630415756361,787200
1,9760,1608302675332,1608301899753,200628
1,9761,1607488503515,1,1061826
1,9762,1459512963054,1280562506230,13480673
1,9763,1576666870808,1361903260840,467529
1,9764,1641854608983,1368292036119,691178
1,9765,1543259523931,1331102569886,2786843
1,9766,1609985979613,1609898114498,983341
1,9767,1688064912802,1687438590039,344423
1,9768,1404759119235,1346706331286,15758307
1,9769,1464407071472,1297138387128,393212
1,977,1633904998667,1410241583887,4557535
1,9770,1612952397828,1612952381874,784680
1,9771,1675635713030,1368292796294,6005042
1,9772,1664323947000,1664202252778,264269
1,9773,1632923954385,1372069847578,1154015
1,9774,1679270580025,1416346316579,1333623
1,9775,1384893818492,1255653553364,1528671
1,9776,1616287254228,1587782224323,852974
1,9777,1615019209515,1497397094262,1169834
1,9778,1527588417851,1527551034874,3421652
1,9779,1598727139399,1462206100258,184150
1,978,1682741356976,1368292251847,8906099
1,9780,1366994391864,1366737460713,726063
1,9781,1635112899068,1257138784214,27191535
1,9782,1627291950551,1627290131922,986715
1,9783,1627290380562,1349477488697,6113378
1,9784,1633367318890,1394240440674,435612
1,9785,1606698742275,1290864758565,335302
1,9786,1646705813289,1368292251847,14032479
1,9787,1657396674263,1566222729834,571535
1,9788,1596148613624,1562182997856,778743
1,9789,1568431288893,1349477488701,2950314
1,979,1658430829416,1253683383517,1182811
1,9790,1665689846779,1665683646075,161976
1,9791,1692435252867,1563896484982,1717990
1,9792,1563019569720,1563019455668,336610
1,9793,1576447540243,1432970105699,2531249
1,9794,1618695665497,1618695621320,383319
1,9795,1541344890698,1541344129278,1585455
1,9796,1670260178168,1436155069942,1497673
1,9797,1630389653790,1630389490951,211818
1,9798,1668448097402,1349477489421,13752199
1,9799,1630487661410,1630478974049,254674
1,98,1632884486368,1349477488705,382445
1,980,1634909595949,1214466,8232307
1,9800,1611764257298,1611762013788,409571
1,9801,1655401583243,1340356537301,11252280
1,9802,1592199932065,1592199861294,3763871
1,9803,1621997778435,1459460388134,1016411
1,9804,1634048644026,1633744663072,1584144
1,9805,1632413705722,1632413389477,281079
1,9806,1515813693369,1443062427150,1540527
1,9807,1611423637584,1363171201399,17416285
1,9808,1630163004134,1630161153622,306880
1,9809,1614764784284,1336383459844,631208
1,981,1587103150436,1459739233262,178115
1,9810,1628442313693,1628442036444,1320509
1,9811,1504349889409,1504188087993,1315668
1,9812,1671786480459,1363172036871,3712644
1,9813,1685599066000,1281409349019,1020576
1,9814,1651806156901,1,570298
1,9815,1625485616866,1308474903222,1098578
1,9816,1425993478151,1425106476528,757442
1,9817,1641859423992,1368292036119,2316685
1,9818,1629556309280,1629555865176,387709
1,9819,1664901781096,1462427935263,259365
1,982,1642619194747,1402352742263,256927
1,9820,1542560972176,1244305227562,19865244
1,9821,1630693443801,1406859988219,278870
1,9822,1601606794486,1304286661985,12150312
1,9823,1605645391104,1349477488697,6810933
1,9824,1623150115941,1456762252963,322568
1,9825,1630547804240,1355193962982,840243
1,9826,1653235128929,1483385433342,845485
1,9827,1691007967149,1469410251407,1804952
1,9828,1486935323429,1412918373335,6286424
1,9829,1386520742726,1386468392160,2862053
1,983,1641257508360,1517229845989,998785
1,9830,1644550768588,1,1128743
1,9831,1607340062328,1452784618563,357262
1,9832,1625765551493,1365293606461,428897
1,9833,1658844573752,1658801277018,551977
1,9834,1604332653363,1342581268811,8626653
1,9835,1644079257210,1582129257592,588555
1,9836,1519075410759,1519013419933,4458296
1,9837,1632084902843,1632083318873,2667338
1,9838,1663411728140,1349477488803,4673256
1,9839,1682909878771,1469684982561,330022
1,984,1498242303836,1379277501567,8857221
1,9840,1611586154843,1567707715390,459233
1,9841,1627600555263,1368292036119,4290202
1,9842,1648242534164,1299710813866,693837
1,9843,1574560812308,1340358362290,8791332
1,9844,1614374983511,1614374962046,763071
1,9845,1700423308827,1471806043327,1470360
1,9846,1699709224510,1509349478855,2273721
1,9847,1618428900675,1618427964519,499045
1,9848,1689015971399,1552920593204,1787451
1,9849,1569692757484,1434539087359,1547181
1,985,1691988799370,1426348981678,4333089
1,9850,1688263788761,1232080654987,4117395
1,9851,1610898231280,1296169988801,275317
1,9852,1631440698108,1631440457981,287643
1,9853,1649670647198,1,4128967
1,9854,1595274239805,1253683383517,9503139
1,9855,1589462021415,1362627593873,828777
1,9856,1506192500868,1482582132878,1534913
1,9857,1631019806405,1631019325315,722303
1,9858,1627398120631,1253683383517,910319
1,9859,1700159943804,47,7402615
1,986,1603568952693,1341505113929,1788001
1,9860,1662734482382,1413986197406,916456
1,9861,1657883738000,1382060716753,211485
1,9862,1630603028659,1630602807947,205601
1,9863,1641113108252,1587782224323,273387
1,9864,1571465097577,4090,29334603
1,9865,1607377243186,1607377111109,872433
1,9866,1697298709000,1492532709531,156313
1,9867,1610390554209,1214225650015,5042678
1,9868,1673000977172,1349477488697,442763
1,9869,1623426839253,1597065143792,245757
1,987,1562074352139,1497394086328,678308
1,9870,1693775778653,1365293606461,860111
1,9871,1564464468761,1463021905564,1484473
1,9872,1674942777000,1479242579780,854050
1,9873,1585189301102,1421053844342,263638
1,9874,1698491541171,1589271883099,101386
1,9875,1697743684259,1296169988801,390325
1,9876,1677176970790,1554727541903,2538159
1,9877,1654111068037,1382060716753,18499306
1,9878,1631076543046,1629294589485,284005
1,9879,1611442488225,1341446379027,4063549
1,988,1631232968249,1631155593483,253516
1,9880,1497044790447,1335689968535,1102475
1,9881,1579435787308,1579433080009,2036409
1,9882,1613810673224,1515697390818,6792455
1,9883,1695897620456,1625742927992,194191
1,9884,1496365230979,1428950133217,1263843
1,9885,1611623853039,1363171201399,233485
1,9886,1650948017789,1618806035076,373408
1,9887,1671222993157,1671222691902,795016
1,9888,1685999157643,1294309195029,421837
1,9889,1541366663238,1541366163369,764534
1,989,1593250087336,1593249821068,3349977
1,9890,1690335889537,1254259829410,2175843
1,9891,1357911491718,1249744731718,1544166
1,9892,1480636701947,1244734707041,5990397
1,9893,1602275237516,1385266142426,2493344
1,9894,1638606523701,1504526425683,313335
1,9895,1492039832280,1492038478172,1470279
1,9896,1589638719444,1472426358208,456571
1,9897,1490963004025,1489494238446,638940
1,9898,1639666333920,12705,5328877
1,9899,1524908396072,1524759134708,472602
1,99,1631699024448,1631688335601,239777
1,990,1657547661786,1,13053390
1,9900,1638216020813,1479115134393,548710
1,9901,1655785915299,1394240234832,499001
1,9902,1630957646536,1630957143221,890480
1,9903,1577951987594,1,880335
1,9904,1697156404942,1405543467964,276463
1,9905,1573153505149,1349477488901,5958178
1,9906,1682459696841,1553874394458,2550095
1,9907,1635661983583,1581106721615,944987
1,9908,1667507856000,1664875896975,857717
1,9909,1644171256112,1312490526649,484342
1,991,1687352973479,1553634081545,356745
1,9910,1633320600241,1608701359394,947075
1,9911,1682512308000,1414697028826,984000
1,9912,1661303971000,1661303480916,1059700
1,9913,1553188233783,1287867057355,3732665
1,9914,1578441540466,1462427932660,839853
1,9915,1604773213684,1413859711864,1297098
1,9916,1621816115829,1,1439677
1,9917,1612777981847,1460885748389,974060
1,9918,1638807610362,1638636887364,1321050
1,9919,1699282542240,1605277566926,578918
1,992,1376152381775,1270346518025,306045
1,9920,1633699928420,1381157828567,8140912
1,9921,1610826670570,1296169988801,821757
1,9922,1601916298920,1365293606461,3367841
1,9923,1627711994833,1470169520772,590296
1,9924,1599001848950,1598997995032,650333
1,9925,1604852120380,1604846216581,307135
1,9926,1623202435392,1,3237384
1,9927,1592800624503,1348026237799,697008
1,9928,1589398478495,1589398282900,225396
1,9929,1607541925528,1404247845088,11412518
1,993,1640553460061,1572444609415,891782
1,9930,1611714187433,1328798465812,2441041
1,9931,1696687227104,1368292036119,903229
1,9932,1487509143291,1487508535829,958112
1,9933,1416899338456,1358388308437,30196481
1,9934,1652107665950,1652107634528,378838
1,9935,1691574743892,1532967453826,2248661
1,9936,1691713157783,1287304729375,292805
1,9937,1652834852000,1652759013180,1527352
1,9938,1574888705727,1574774625331,7018777
1,9939,1672101133539,1404480865569,469195
1,994,1630943176080,1556384731398,305195
1,9940,1663314859044,1492002285557,485363
1,9941,1615442771208,1615441152796,173851
1,9942,1448562590542,1448562548701,1562474
1,9943,1602148016910,1602145647200,5397347
1,9944,1632869047685,1472510480644,1723195
1,9945,1615535625118,1615528966958,363123
1,9946,1654516747000,1298756792016,257057
1,9947,1596621839056,1282186996953,3866936
1,9948,1631164438185,1349477488803,4592641
1,9949,1463571153954,1404247845088,6076374
1,995,1586376927734,1508231390254,9102108
1,9950,1680876688773,1332782303694,538289
1,9951,1663101085151,1382060716753,5114733
1,9952,1630433308889,1385335632993,3246840
1,9953,1538799759912,1421053844155,6343095
1,9954,1631752558568,1631720633059,891208
1,9955,1594771060434,1442507960753,418608
1,9956,1664657444000,1368292251847,6225712
1,9957,1585062238092,1382060716753,7647076
1,9958,1667939097544,1230439879765,11188025
1,9959,1553553043520,1392953040687,222739
1,996,1611673153740,1611669679856,2635095
1,9960,1697209674527,1575903462074,567140
1,9961,1661705660237,1526062341472,2609507
1,9962,1662721951450,1662629925332,2117483
1,9963,1591196504996,1281812902144,8781916
1,9964,1634143605217,1511950699907,240318
1,9965,1624893802347,1624306664420,557451
1,9966,1564918461755,1564918293844,3078542
1,9967,1677966778839,1586732556620,1335722
1,9968,1670340425161,1568645072291,3448980
1,9969,1606222247998,1606222206891,195522
1,997,1629415315976,1562585738340,248161
1,9970,1584495450984,1584495303402,1040098
1,9971,1600284532542,1600284483203,420349
1,9972,1620590135053,1604159917060,260169
1,9973,1685507014889,1368292036119,206831
1,9974,1699101737917,1512505949183,256982
1,9975,1663081717412,1382060716753,947294
1,9976,1631126620589,1349477488771,221699
1,9977,1693781405000,1,1501460
1,9978,1693120338000,13244,1448514
1,9979,1606812729766,1339252520768,1299229
1,998,1661649393577,1661648576840,294705
1,9980,1577502634309,1251883407566,1549472
1,9981,1667826270157,1368292167716,4020068
1,9982,1517761329284,1245704302701,648134
1,9983,1630091490061,1349477488837,12772740
1,9984,1621693410313,1621693385551,616625
1,9985,1599390190216,1599389899232,235758
1,9986,1637764958730,1463022456161,5663863
1,9987,1698416709000,1346589241628,16796556
1,9988,1653479509338,1586732836929,615507
1,9989,1462850386152,1462850355934,1318105
1,999,1603339503000,1444983671556,11119667
1,9990,1687187435029,1382060716753,8513817
1,9991,1676129718743,1230430322217,375523
1,9992,1612761294636,1612761243676,1650081
1,9993,1633640585244,1185996957304,1602945
1,9994,1631727125178,1271626025514,1612866
1,9995,1624208851361,1553874394458,209217
1,9996,1656506573875,1559153820416,1011699
1,9997,1449988950373,1449988736784,3653099
1,9998,1685922310229,1426093915516,4206343
1,9999,1650148474391,1,1365504
2,10001,1684371052090,1368292036119,12007018
2,10002,1693989811000,1512506102753,692630
2,10003,1532185325827,1421053836472,899531
2,10004,1605963152802,1605831621231,436269
2,10005,1632039726343,3,4325418
2,10006,1383511750440,1358153811423,2571646
2,10007,1631500490736,1631496911634,384557
2,10008,1666622002318,1666621558971,501242
2,10009,1651865554703,1548495604663,618745
2,10010,1616027152619,1616020401127,1178525
2,10011,1673814345304,1368292036119,2810087
2,10012,1600091638386,1368292036119,413086
2,10013,1690049295081,1482089075163,2961395
2,10014,1636135305701,1521395309378,1266629
2,10015,1571950381667,1349477488892,414143
2,10016,1531439095929,1531438340148,438699
2,10017,1601256432094,1413290427822,3167679
2,10018,1490353096540,1248177482884,26733347
2,10019,1673975620000,1399883348345,596101
2,10020,1610072923254,1609954785956,226445
2,10021,1624651626783,1273439687045,313109
2,10022,1695291002683,1568469181087,1006719
2,10023,1659062449387,1659061849940,2381490
2,10024,1632738685129,1632474362784,3405891
2,10025,1623081985461,1420820705285,594743
2,10026,1620682219764,1328161537003,3136611
2,10027,1669825820000,1404176258968,4123192
2,10028,1631963390218,1631115939324,309301
2,10029,1631755766016,1296656130240,1605766
2,10030,1633689259311,1421053836472,714709
2,10031,1629765977919,1629765852937,544904
2,10032,1485255287540,1434539087359,1515266
2,10033,1540234231192,1253683383517,8745548
2,10034,1577252447132,1253683383517,11317259
2,10035,1427681535868,1330654045098,30698678
2,10036,1700503137623,1349477488837,772969
2,10037,1674850739726,1481034928193,1201599
2,10038,1366994391864,1366737460713,3612909
2,10039,1467072388805,1467071967926,833963
2,10040,1574238791964,1537014057178,807666
2,10041,1587114262149,1481804151599,772034
2,10042,1631771985121,1631771076518,238677
2,10043,1695236021452,1368292731507,7035786
2,10044,1634307374413,1349477488942,1438544
2,10045,1681153035474,1286040959355,1108818
2,10046,1658628094026,1363171201399,5648302
2,10047,1612721086812,1349477488896,5803207
2,10048,1629634998934,1,2170598
2,10049,1674964087234,1480983112502,568878
2,10050,1621265078269,1621265065346,435180
2,10051,1621455577186,1505764741263,3442885
2,10052,1558744581038,1460226055236,8097515
2,10053,1672890528101,1343592342759,636257
2,10054,1694149393688,1694148743528,430346
2,10055,1619030072534,1619024193480,390671
2,10056,1670687902697,1463507081162,1384512
2,10057,1617293518176,1368292251847,1227782
2,10058,1612862874215,1612862842809,485810
2,10059,1618582590632,1618504754839,184230
2,10060,1694716456897,1421153551257,514603
2,10061,1666326420640,1480300461010,855194
2,10062,1621684785334,1,1637177
2,10063,1665041987875,1664822747927,181996
2,10064,1695002422185,1242989995223,937843
2,10065,1552671153019,1552671128564,5658175
2,10066,1699636131298,1349477489018,3814982
2,10067,1630366637048,1365293606461,990686
2,10068,1631584985851,1631584214646,426629
2,10069,1690928292972,1462273937472,1137460
2,10070,1598213065432,1413859711864,551368
2,10071,1682370403287,1660268299727,4755414
2,10072,1336097646463,1336092555955,8196593
2,10073,1686487444505,1330250475060,231948
2,10074,1629987115811,1629986897239,2177072
2,10075,1585451012660,1368292036119,4330377
2,10076,1630015504843,1629938226269,1856562
2,10077,1638020901170,1350913242158,1019009
2,10078,1642577234141,1244305227562,5233286
2,10079,1357655825015,1357654336906,356525
2,10080,1552137203438,1402456305835,1050631
2,10081,1687164828226,1584265827156,9889194
2,10082,1637098452141,1396967656687,219145
2,10083,1580181458945,1580181440817,855354
2,10084,1653168415925,1385334107186,4012255
2,10085,1609206166295,1303738105556,3482674
2,10086,1552804275429,1452349361469,352351
2,10087,1687529138085,1353562667388,5327983
2,10088,1617819947489,1617819940498,1222540
2,10089,1632825370065,1632732355717,1044555
2,10090,1633069527853,1457658817970,1612704
2,10091,1633388824247,1393817670651,1083839
2,10092,1670943486870,1214225650015,1842623
2,10093,1519598982838,1519598195838,254868
2,10094,1573029398728,1328988654081,231044
2,10095,1654221674586,1,529575
2,10096,1635006975672,1349477488812,5515411
2,10097,1678297731192,1422394767992,568188
2,10098,1647815652343,1647815187679,1336690
2,10099,1677001025350,1368292036119,13605141
2,10100,1647609442687,1473289434894,4359959
2,10101,1440378609735,1341238124197,11343981
2,10102,1662860506306,1402457591423,747585
2,10103,1584698841631,1584696583042,970760
2,10104,1514215452955,1234655558515,19278480
2,10105,1645614585557,1349477488697,6908630
2,10106,1640651132421,1382060716753,1420144
2,10107,1596345811920,1495389683841,1681548
2,10108,1632675669068,1253683383517,1474572
2,10109,1622097377977,1622090339886,1591363
2,10110,1645841420554,1473289434894,2688897
2,10111,1674414365527,1335864764863,1816450
2,10112,1514969927334,1309038267764,2661428
2,10113,1662293987281,1662293684305,1529769
2,10114,1616393249182,1616392312119,405409
2,10115,1617913761505,1554582871072,5108059
2,10116,1489266833225,1286040959369,1224234
2,10117,1612389191839,67270110,572288
2,10118,1656355398641,1350913242280,3957498
2,10119,1538849555522,1538848844773,3262457
2,10120,1541546760163,1541461284813,279075
2,10121,1494397346121,1488208238205,909975
2,10122,1633133575646,5,545709
2,10123,1631600700011,1484452834751,993152
2,10124,1700657856000,1612233986901,277506
2,10125,1532035384607,1459381160365,879175
2,10126,1630698175386,1568044726203,558539
2,10127,1297412685912,1296972384848,40520620
2,10128,1628530082014,1554061601802,1105024
2,10129,1668202128042,1264940870127,1055821
2,10130,1617326632476,1526819910644,493788
2,10131,1608524508833,1339252520768,4456687
2,10132,1694424975146,1410205475433,863950
2,10133,1545492294364,1377457623046,409494
2,10134,1614192338095,1349477488697,20230892
2,10135,1645270659521,1243471197080,785891
2,10136,1623878986446,1453909510341,5866419
2,10137,1615677847381,1341441530691,8097092
2,10138,1674255924279,1368292036119,5983622
2,10139,1612168943356,1517225689088,271529
2,10140,1695479559797,1363171201399,1249510
2,10141,1631403806861,1631400854347,658193
2,10142,1628860558806,1628860448590,579049
2,10143,1639389309630,1630394320099,310471
2,10144,1651610640277,1382715506596,1501157
2,10145,1582345160330,1363171201399,5181668
2,10146,1633141846069,1633130797937,2408016
2,10147,1628187246576,1628184293305,235935
2,10148,1652361110000,1462593014046,671871
2,10149,1560568090273,1560568036437,565384
2,10150,1693377792608,1644935246798,1603938
2,10151,1677307265075,1481896498728,828950
2,10152,1581103274059,1321299133411,859177
2,10153,1464440110362,1464439788160,2305603
2,10154,1696952988739,1696879537608,163010
2,10155,1640710010147,1632319561804,300841
2,10156,1609350249187,1609349742868,1364974
2,10157,1551054067903,1368292036119,1900485
2,10158,1628058147218,1368292251847,2740287
2,10159,1628763662833,1614108038541,293706
2,10160,1645630036823,1512297449992,2017998
2,10161,1604916810948,1604916847008,448458
2,10162,1698756008982,1698755094747,306948
2,10163,1617030022486,1504516660047,13352703
2,10164,1596331353126,1596331246300,767805
2,10165,1565479106516,1526816803728,351184
2,10166,1422476892297,1422411539025,1504689
2,10167,1609558943183,1365293606461,4606129
2,10168,1644767353994,1421053844342,745141
2,10169,1440265393972,1308151410541,958694
2,10170,1615837012962,1615418775503,1141346
2,10171,1610025728290,1610023322914,582605
2,10172,1688144380808,1688039626300,447048
2,10173,1663197916001,1663114101758,2496321
2,10174,1298441094866,1296558925711,411132
2,10175,1596045831951,1352570420990,1548341
2,10176,1604265630261,1392952448826,409357
2,10177,1697394563905,1483871814424,370643
2,10178,1604603150487,1604305837785,1807455
2,10179,1631644173780,1631643731319,576088
2,10180,1693237900637,1356971129069,661950
2,10181,1631470202516,1631462281165,2264671
2,10182,1552397898288,1277270768077,24643269
2,10183,1628435002681,1628434962517,2155598
2,10184,1615189480729,1185996957304,4734644
2,10185,1668607094511,1439728329732,781412
2,10186,1617458586366,1365293606461,12759448
2,10187,1636958433748,1257302426255,2234715
2,10188,1589392552075,1296169988801,292151
2,10189,1694610607841,1292381855590,3304493
2,10190,1665668951619,1598982383975,500515
2,10191,1585275803722,1547760633236,262160
2,10192,1671007889321,1548494604014,1887847
2,10193,1621891860918,1253683383517,1350512
2,10194,1624393746629,1624393208707,617486
2,10195,1648799469804,1316869470203,4709334
2,10196,1614803593218,1614803307880,665854
2,10197,1631654707300,1321299141467,8085767
2,10198,1617792586366,1,1042414
2,10199,1688372393000,1461884701676,4991232
2,10200,1632498981439,1632477040521,1717935
2,10201,1641177095896,1315749002525,6151790
2,10202,1635303412532,1431482572642,3537936
2,10203,1617820555096,1185996957304,3729738
2,10204,1631759737599,1631758142105,1387579
2,10205,1632942698967,1632248944954,1441553
2,10206,1673728686668,1267563351054,804220
2,10207,1492339237131,1492339201184,7568714
2,10208,1641590736598,1346943361935,312117
2,10209,1624268018604,1624261546341,289674
2,10210,1691209084137,1264447822458,544607
2,10211,1630915690987,1630915574368,231399
2,10212,1679408222230,1408149907366,223671
2,10213,1610690041727,1483455848167,1132655
2,10214,1631656901815,1365293606461,2846993
2,10215,1591398980263,1462206100258,1209956
2,10216,1552407544896,1389609484811,7266046
2,10217,1687884349000,1356396068409,507662
2,10218,1506255001254,1317567046378,381219
2,10219,1634073670043,1496331104685,1886367
2,10220,1682950272000,1379277501567,3242617
2,10221,1689421490000,1363171244761,586621
2,10222,1641668060269,1368292036119,6740371
2,10223,1649626070367,1332782678315,2277812
2,10224,1687900495610,1288463827711,5477415
2,10225,1552137203438,1402456305835,622063
2,10226,1678549888564,1349477488697,7478591
2,10227,1631514671516,1631496564913,5023882
2,10228,1595553596454,1595547916129,816981
2,10229,1599612687180,1365293606461,2846049
2,10230,1613234240528,1613234219390,836650
2,10231,1630365865923,1630365650585,1600007
2,10232,1685711562659,1237329777514,1555100
2,10233,1641361625599,1368292036119,2281317
2,10234,1673967520045,1385335632993,498521
2,10235,1690898578876,1527104932285,1228032
2,10236,1416899338456,1358388308437,777339
2,10237,1545603161651,1421203484101,1937397
2,10238,1596289912808,1596289899495,1175790
2,10239,1674701000678,1365293606461,1587747
2,10240,1597527906632,1438014568959,5837486
2,10241,1615846867648,1368292036119,1045417
2,10242,1699205168510,1554058974976,284017
2,10243,1632943447967,1368292036119,1618686
2,10244,1631010300644,1,825229
2,10245,1587544368752,955895,3972899
2,10246,1642443700203,1349477488914,1280039
2,10247,1692816427355,1484872939092,343275
2,10248,1452894777596,1452894756204,1610181
2,10249,1700491280026,1459381160365,612570
2,10250,1628660214263,1452879498489,469173
2,10251,1618637333641,12705,321469
2,10252,1667264551999,1363171201399,7668224
2,10253,1578072518282,1185996957304,3707919
2,10254,1665753180835,1404247845133,493298
2,10255,1630298613122,1303671824055,851651
2,10256,1622146448145,1622145507675,441318
2,10257,1580516431870,1580515755434,339085
2,10258,1617956154325,1617882845338,548312
2,10259,1674300280186,1497484861934,1797323
2,10260,1597440115814,4,2057046
2,10261,1612914006042,1381873264089,2544628
2,10262,1643401160416,1473961424893,1714991
2,10263,1442520236355,1347918229406,276498
2,10264,1643970262035,1349477488772,14401177
2,10265,1671399405425,1393817670651,357279
2,10266,1646080537675,1379541049761,991640
2,10267,1613879232906,1251883407566,705365
2,10268,1643278221145,1610189041098,1518882
2,10269,1572511824536,1572511808846,595691
2,10270,1639322883897,1504404537724,234322
2,10271,1605396005674,1237329777514,396730
2,10272,1503098375834,1321299133419,27989045
2,10273,1632342024120,1534794661240,326661
2,10274,1639181910319,1368292036119,276730
2,10275,1663773923000,1349477488771,2335084
2,10276,1525991640446,1368292036119,17193548
2,10277,1440655906241,1395797548745,978379
2,10278,1616954028363,1288040840772,1061440
2,10279,1650017209666,1501814060829,1837219
2,10280,1620475660811,1339252520768,1574335
2,10281,1694152839484,1474474209351,7191264
2,10282,1549428576167,1435305627567,2243973
2,10283,1661460719000,1349477489199,1488563
2,10284,1661626822102,1478360898790,830938
2,10285,1609087486234,1287417716839,2040711
2,10286,1597096051821,1341238124197,30074155
2,10287,1696023006705,1363171201399,4933549
2,10288,1647109529762,1368292036119,19903234
2,10289,1634919812758,1349477488697,9741142
2,10290,1674170243483,1505021533975,2892121
2,10291,1419044457390,1397779134192,1380217
2,10292,1603622654204,1214225650015,976294
2,10293,1620763216968,1341388379367,1441314
2,10294,1559140003057,1366757977454,338776
2,10295,1672882832467,1368292036119,11563720
2,10296,1620323388951,1553874394458,1277208
2,10297,1600059419122,1361234668756,1479293
2,10298,1610920054098,1296169988801,1723016
2,10299,1604680873950,1349477488785,12684105
2,10300,1649687125346,1363171201399,8184041
2,10301,1584423793699,1368292036119,3086892
2,10302,1673186180952,107,677017
2,10303,1568936720838,1549382716522,267206
2,10304,1699718851734,1468250135374,824649
2,10305,1622356107780,1496734230931,314312
2,10306,1555576255391,1363692704772,4668227
2,10307,1638554366890,1,760255
2,10308,1682613704522,1368292036119,3119419
2,10309,1649784158543,1312475230025,4681228
2,10310,1521178410391,1521152274051,227060
2,10311,1630545023478,1414449682438,189825
2,10312,1587694360773,1403469588535,294080
2,10313,1590400093818,1243981578087,2531994
2,10314,1632765610458,1321299141705,514079
2,10315,1671161930522,1488823798795,1238160
2,10316,1640357127183,1251849465143,9774153
2,10317,1629000745152,1368292036119,4682041
2,10318,1687542937534,1393817670657,1042748
2,10319,1697866258000,1444823161925,4374160
2,10320,1632160983064,1296169988801,884969
2,10321,1690155462052,1345491599320,513244
2,10322,1504616472966,1461491763350,548484
2,10323,1694622143287,1347459603456,2359612
2,10324,1688573560479,1438168311877,6700591
2,10325,1625838798333,1214225650015,349895
2,10326,1628021094848,1365293606461,3543554
2,10327,1606290200716,1606247512793,9112747
2,10328,1618878950067,1618875071954,321969
2,10329,1606837052221,1606324731560,784513
2,10330,1669441709589,1412082939268,204919
2,10331,1672886340505,1368292123572,11155819
2,10332,1619465716595,1393817670651,392074
2,10333,1621762816872,1621760654343,471203
2,10334,1603649556454,1368292036119,4564630
2,10335,1599758168996,1368292036119,20008957
2,10336,1595836570905,1349477488732,3363469
2,10337,1634294180407,1526819910644,4769231
2,10338,1550585964142,1321299141461,1705912
2,10339,1632400751166,1632398599144,439483
2,10340,1603216864136,1368292251847,7336715
2,10341,1623704479061,1623704211639,215280
2,10342,1658677630217,1382492625128,952753
2,10343,1634095902232,1394240357489,694684
2,10344,1616071764079,1616057986069,1702895
2,10345,1494288776190,1494288500036,1886323
2,10346,1619461587378,1436891886471,2018242
2,10347,1674664559000,1512314679070,286270
2,10348,1615394099700,1615386679441,251667
2,10349,1667055748000,1410782451842,585576
2,10350,1700453129468,1349477488837,786332
2,10351,1562133721562,1562132009634,2111888
2,10352,1556479691259,1321299141411,1981589
2,10353,1615573188270,1321299133411,20343981
2,10354,1639742410340,1380153289062,6197255
2,10355,1610375940897,1610331513619,3353241
2,10356,1639778339677,1363171201399,248220
2,10357,1688434047430,1540944142707,405112
2,10358,1631196135269,1631181684328,1149575
2,10359,1630446328207,1630446318992,1190229
2,10360,1668384636954,1368292036119,5401973
2,10361,1590155352594,1339252520768,279784
2,10362,1643596686677,1382060716753,1265601
2,10363,1641643966067,1634652763715,1284946
2,10364,1649211978327,1530936764152,1417325
2,10365,1630950796322,1630950754149,880845
2,10366,1632068790512,1632068108570,1047630
2,10367,1614215109257,1614017171757,1045450
2,10368,1602913841164,1,1156094
2,10369,1573442723439,1573442709840,4647964
2,10370,1684176130037,1382060716753,500623
2,10371,1677328697120,1605078746150,202002
2,10372,1674878993334,1367317475414,917837
2,10373,1682017880036,1185996957304,1627712
2,10374,1633352277988,1379856306449,8187541
2,10375,1589832275547,1589813119222,306061
2,10376,1693961394178,1489434233220,377086
2,10377,1630560010091,1389044065403,4591580
2,10378,1595085856800,1595080545768,4349340
2,10379,1549749128395,1549748174454,1727132
2,10380,1663157677851,1414939360982,1440920
2,10381,1660850668832,1349477490127,823937
2,10382,1601562035115,1433489648891,324797
2,10383,1579380961384,1556384731398,475256
2,10384,1656630720118,1367317475415,1258280
2,10385,1623857804799,1623775372306,209778
2,10386,1691334888000,1691293820228,240279
2,10387,1690807505000,1340104503529,561507
2,10388,1648070615392,1648070012415,715279
2,10389,1622496200716,1414222097982,984422
2,10390,1656343791269,1656335244246,1207081
2,10391,1415460362204,1280209887954,3945958
2,10392,1697883184886,1385266142426,182266
2,10393,1695254048585,1562069211578,1159931
2,10394,1642070261578,1520279049906,406884
2,10395,1480180626888,1312392199055,1417230
2,10396,1627488882440,1363171201399,6431937
2,10397,1692645088000,1365293991008,1607274
2,10398,1654567143113,1382060716753,4975588
2,10399,1658093573189,1556384731398,2982858
2,10400,1624191083016,1624190745307,995347
2,10401,1632312166348,1632226565080,2091777
2,10402,1624375042798,1527608160464,781525
2,10403,1579043869554,1579036939378,206301
2,10404,1630501677642,1599309963864,881118
2,10405,1544935178665,1544935162705,385893
2,10406,1586303281881,1253683383517,6932320
2,10407,1687009775620,1394240357489,1331695
2,10408,1552137203438,1402456305835,654625
2,10409,1663762839533,1264940186203,186034
2,10410,1340907374014,1340906114216,5424855
2,10411,1617636786859,1287867057355,1543997
2,10412,1598962652048,1370145367610,2315191
2,10413,1384014583943,1265061266990,8198546
2,10414,1574847269891,1,22231517
2,10415,1553104009889,1552975181160,7537016
2,10416,1614873925181,1614873866256,377698
2,10417,1631116785090,1631114930255,841660
2,10418,1632556839840,1513864690075,270820
2,10419,1631598491434,1631363862253,747471
2,10420,1664966448000,1496065055223,1028118
2,10421,1606069912248,1606069861598,1024982
2,10422,1488031485984,1479373271918,1868687
2,10423,1614067685275,1614067667841,425381
2,10424,1652699417686,1389885883016,7880198
2,10425,1690905785545,1553874394458,1247453
2,10426,1698931753338,1461871709843,254372
2,10427,1649638052672,1541964778279,266357
2,10428,1687659922250,1475727285509,732935
2,10429,1547424279272,1547247536927,480438
2,10430,1666338995113,1666338700513,3064826
2,10431,1543495536987,1543495233854,428002
2,10432,1652032129000,1545326067199,188747
2,10433,1552137203438,1402456305835,615104
2,10434,1630747739314,1630747720660,1347344
2,10435,1630499688643,1630499624225,1156861
2,10436,1639689028673,1371625740077,4885510
2,10437,1683904935465,1655547592196,1462025
2,10438,1633758681418,1315749002567,1760968
2,10439,1631956947747,1349477488697,3253189
2,10440,1631373027046,1432887477648,498592
2,10441,1603841468068,1253683383517,913099
2,10442,1630359729042,1368292036119,15827602
2,10443,1674735591904,1554727451438,340510
2,10444,1571242829312,1324302169120,1057514
2,10445,1657095173242,1529576688150,311663
2,10446,1684788699041,1483388833973,1214897
2,10447,1627676873256,1479242579780,2621719
2,10448,1692843418000,1368292036119,438393
2,10449,1688331169458,1394068608335,1612050
2,10450,1661301861068,1349477488942,7186250
2,10451,1621948246784,1621371216825,228578
2,10452,1536308053154,1354715263726,320390
2,10453,1629430790268,1461857120568,1617499
2,10454,1688629180001,1588060759106,1484848
2,10455,1515885831646,1413857672304,1472236
2,10456,1629739917421,1459767333726,3769394
2,10457,1584533801473,1264049677740,6402050
2,10458,1679395537645,1230430322217,10148020
2,10459,1664258458814,1425856258681,1948849
2,10460,1623426839253,1597065143792,1068793
2,10461,1552137203438,1402456305835,2544378
2,10462,1607294481795,1539435008437,2144115
2,10463,1563377344766,2229,1148351
2,10464,1659388393966,1659385020938,1661073
2,10465,1653497770163,1653459227409,557928
2,10466,1663815251432,1368292251847,7596546
2,10467,1651670445321,1,3591852
2,10468,1615493951526,1615493927163,868770
2,10469,1562344683873,1454507388086,1205044
2,10470,1623786197738,1363171201399,13317380
2,10471,1572381691928,1572381305360,2717536
2,10472,1619705720966,1619705645489,188621
2,10473,1695770281791,1597355462803,1661497
2,10474,1601194794451,1601192744391,1124761
2,10475,1562711940532,1562679519980,8583458
2,10476,1565887239004,1565887226851,6245294
2,10477,1616803673177,1363171201399,12722170
2,10478,1580852955748,1539707602104,1033768
2,10479,1606814930896,1606813666262,272685
2,10480,1613695655349,1613657727496,569080
2,10481,1654822873947,1495673641909,3579624
2,10482,1620138600579,1609764800208,604923
2,10483,1694539728558,1584285112229,332773
2,10484,1593700377143,1593699572843,9681634
2,10485,1698439542399,1394388479837,910395
2,10486,1603607753827,1603606027557,361440
2,10487,1678806153040,1382060716753,2473514
2,10488,1628352280497,1253841981294,239762
2,10489,1660064150759,1545199525699,219070
2,10490,1645335035718,1333862791707,1519346
2,10491,1684032963811,1316056810075,1265971
2,10492,1643889256374,1643889012676,292825
2,10493,1648433761532,1473289434894,477037
2,10494,1677134427185,1267679371729,349877
2,10495,1695259443916,1695259427485,424113
2,10496,1694136817364,1600677688829,165480
2,10497,1657205471666,1402676290145,7094363
2,10498,1639786948673,1639786920677,240882
2,10499,1665166505000,1391741012224,3026541
2,10500,1656923341000,1321299141683,6944413
2,10501,1698266030693,1402177650166,3405113
2,10502,1600216573940,1599926474971,591515
2,10503,1617127540385,1425917610839,2186113
2,10504,1619016584785,1241612791115,2849933
2,10505,1642106721953,1484738688985,1679573
2,10506,1518894334025,1463839503732,197372
2,10507,1602839997808,1602326532592,267822
2,10508,1500482335450,1365293606461,3197632
2,10509,1680688496113,1,738235
2,10510,1698783127176,1453361076642,278764
2,10511,1366994391864,1366737460713,637304
2,10512,1622325481877,1481165522790,3885880
2,10513,1699145861716,1382060716753,3033777
2,10514,1620478323221,1498688197273,1700706
2,10515,1553835439549,1504404537724,1626676
2,10516,1615686936661,1581350473321,423776
2,10517,1684371472566,1349477488697,4373265
2,10518,1569424175325,1349477488732,12750971
2,10519,1632235107828,1543828132674,453544
2,10520,1648338501249,1648284017824,6191659
2,10521,1645194034637,1349477488697,2982675
2,10522,1629156163611,1368292036119,13395194
2,10523,1622082829153,1429799974520,1177079
2,10524,1683741367965,1341956268983,9249009
2,10525,1631799249788,1631798550905,179370
2,10526,1668349225289,1668264894609,2565201
2,10527,1546376099035,1377888799046,5245577
2,10528,1695272715682,1394240440674,2860065
2,10529,1697621394147,1381363051363,1832544
2,10530,1676606329957,1675788874097,871638
2,10531,1620688499868,1620688314432,829063
2,10532,1424426314190,1424416042379,5687805
2,10533,1684388949377,1368292036119,14154993
2,10534,1630241676752,1630239421810,466695
2,10535,1555579676311,1509377506590,2075447
2,10536,1636154335440,1556384731398,275118
2,10537,1615472858663,1615472325036,382702
2,10538,1276116480066,1275947460976,2680734
2,10539,1692648487347,1421053844342,7512877
2,10540,1542773343845,1370145367610,2660354
2,10541,1629776472569,1629693472819,353253
2,10542,1569353532665,1253683383563,3994486
2,10543,1685923870754,1617673882302,223249
2,10544,1658980505985,1368292036119,2100243
2,10545,1697993193776,1368292036119,4949979
2,10546,1456555955893,1272800522187,567224
2,10547,1617050342606,1444823161925,823721
2,10548,1689040918791,1565928249382,831389
2,10549,1621504286457,1339252520768,223257
2,10550,1674070887000,1674061547617,320556
2,10551,1477760879944,1467752058942,6567062
2,10552,1633489467249,1633481037469,206805
2,10553,1629452570106,1273772884027,2500092
2,10554,1578489414050,1578482025487,720413
2,10555,1662092300628,1390182863717,690130
2,10556,1522024599918,1522022162113,780951
2,10557,1644850889862,1362637382848,249841
2,10558,1636973602655,21,310798
2,10559,1646642738271,1341435317450,6622297
2,10560,1628481543645,1335782638416,237596
2,10561,1552137203438,1402456305835,611011
2,10562,1697379935084,1478614629923,274076
2,10563,1499286268689,1331102569886,3016040
2,10564,1615816950638,1615812540680,928146
2,10565,1613676449341,1613646640207,271384
2,10566,1696465721000,1597922519917,869495
2,10567,1661769084578,1471224406404,2147555
2,10568,1614981366600,1237329777514,652468
2,10569,1433711369903,1271726916906,2983203
2,10570,1652479526723,1395429108815,3476138
2,10571,1686268973182,1339252520768,1590134
2,10572,1647611502673,1630322959161,396997
2,10573,1650870693398,1500402967837,374933
2,10574,1564187777955,1,5900041
2,10575,1663550272387,1230430322217,8177143
2,10576,1631208480309,1631208260999,3106544
2,10577,1592842330059,1462427932660,382920
2,10578,1565344419397,1565344336883,1656522
2,10579,1619502682018,1619280488193,1090941
2,10580,1583661082297,1583633132705,2481533
2,10581,1512525624284,1512525443844,592995
2,10582,1655009342024,1368292627098,4215926
2,10583,1632415196438,1365293606461,8548438
2,10584,1411982102708,1212058799733,2638646
2,10585,1389518499314,1253683383517,19815572
2,10586,1618856283826,1618856194288,1038079
2,10587,1678983040091,1,639057
2,10588,1628281199895,1384007596158,1552506
2,10589,1634678274396,1321131050076,193224
2,10590,1596056150538,1375849533999,1001058
2,10591,1631333024729,1631332952397,570022
2,10592,1684896238000,1582059936991,8127882
2,10593,1565456744819,1565456727956,2054437
2,10594,1450789213943,1429584674995,1467050
2,10595,1554674642258,1534809805338,383591
2,10596,1631526924394,1251849465143,1776401
2,10597,1519391069423,1471786761769,2744291
2,10598,1449022709569,1417638767679,1317028
2,10599,1667815939000,1590325058068,291646
2,10600,1656961211182,1368292251847,3888887
2,10601,1566493073163,1566493056391,2396344
2,10602,1536866084940,1536866068359,722562
2,10603,1623466996597,1253683383517,374397
2,10604,1640135308824,1440881107791,206379
2,10605,1663637573000,1321299133411,9417711
2,10606,1693118990294,1,711309
2,10607,1642254069285,1338405665397,1988530
2,10608,1695185439294,1331227773832,424413
2,10609,1616162780178,1496974321151,4911499
2,10610,1549592955416,1245831150005,8279894
2,10611,1597590591296,1596618159396,305279
2,10612,1633377986121,1633372564883,522631
2,10613,1588596656350,1588594958117,1168781
2,10614,1685131009333,1248188452216,3430674
2,10615,1478028454659,1270404613378,770261
2,10616,1647974498458,1416470726503,1448507
2,10617,1672985278656,1479242579780,333939
2,10618,1545299201092,1461023871555,2333978
2,10619,1587298216599,1587297231584,984124
2,10620,1600746935661,1368292036119,2958184
2,10621,1612980480062,1612949867227,871359
2,10622,1621701092449,1410873301423,356385
2,10623,1663513496927,1368292036119,1943013
2,10624,1587361010362,1428608809212,955825
2,10625,1603748584472,1603748242283,359217
2,10626,1568120375020,1271726916906,361189
2,10627,1497282560041,1479830711885,1208520
2,10628,1631055855255,1478296219753,910105
2,10629,1619368277454,1619335408534,194418
2,10630,1407793132296,1281845621694,955417
2,10631,1574250486492,1516544250846,8004453
2,10632,1521891007057,1521890950569,3418362
2,10633,1638211712785,1377888799907,4810876
2,10634,1689784387920,1,696573
2,10635,1629730962417,1368292036119,1599029
2,10636,1429771780595,1336019995231,2597572
2,10637,1700020244893,1459381160365,469195
2,10638,1627384193123,1627384151983,1297500
2,10639,1632090215045,1630943203351,725515
2,10640,1603737074822,1603724554709,211474
2,10641,1581990439713,1432794375668,5164263
2,10642,1529106436852,1485379807377,1361155
2,10643,1586470389474,1368292036119,8264751
2,10644,1640645965151,1185996957304,9505777
2,10645,1600819253000,1600819223258,390276
2,10646,1561521844782,1330467706578,5056080
2,10647,1635435244190,1513110617428,1910470
2,10648,1691064255114,1389086972995,211824
2,10649,1630889644382,1253683383517,269812
2,10650,1691072438000,1406269051000,902563
2,10651,1677013527384,1677012889962,359711
2,10652,1533474712043,1522094763782,908739
2,10653,1511738669460,1511610856255,5458364
2,10654,1696068447726,1405482213263,1933884
2,10655,1630955348706,1607065886028,412590
2,10656,1613524777190,1498803606747,2714840
2,10657,1631058350929,1631034776500,8176316
2,10658,1655976617863,1339252520768,9961815
2,10659,1636002589682,1296169988801,213312
2,10660,1611107972726,1611011104877,264672
2,10661,1610547361405,1610547341168,735575
2,10662,1692487589143,1368292036119,202379
2,10663,1584802698829,1584802224189,615262
2,10664,1494396586619,1494396196778,428746
2,10665,1688002651654,1404183201066,407765
2,10666,1520085422711,1520067827186,977155
2,10667,1658771901163,1405189436661,3395837
2,10668,1491780186717,1485806712617,285869
2,10669,1675130508096,1277270867449,490886
2,10670,1682915021000,1349477488798,1465172
2,10671,1613417664323,1613343636223,3690894
2,10672,1618293452696,1618231331152,1833514
2,10673,1662553272030,1662511480464,520780
2,10674,1665066541320,1193000210000,329854
2,10675,1676899431334,1357654336906,834169
2,10676,1699832751988,1368292251847,3542984
2,10677,1672743902120,2,190270
2,10678,1615487507764,1615487137850,8278590
2,10679,1609975436095,1578362889973,2629568
2,10680,1411297237822,1203474612437,739446
2,10681,1685451049000,1230430771467,29558651
2,10682,1601629322203,1601561376856,527226
2,10683,1534277096046,1264295638472,1081646
2,10684,1661309728278,1402176459981,1185947
2,10685,1616818870000,1425106476528,315078
2,10686,1685996937594,1368292251847,13780154
2,10687,1597262882851,1597262217267,452291
2,10688,1661797826481,1273439686875,382986
2,10689,1686876366778,1385335604609,622636
2,10690,1649877438894,1363171201399,443055
2,10691,1659238657684,1559081046716,2387966
2,10692,1687649233597,1363171201399,269060
2,10693,1574291087129,1354715263726,1191940
2,10694,1609849308205,1467127674762,2255472
2,10695,1671944723283,1468531768441,415100
2,10696,1357655825015,1357654336906,1240680
2,10697,1689210178368,1363171201399,7839893
2,10698,1579484715919,1579484267977,220303
2,10699,1559459964408,1462932018801,4549109
2,10700,1631204577393,1631204469768,1346026
2,10701,1496099726585,1471656843607,1318526
2,10702,1642012361314,1597065143792,1460678
2,10703,1692133301254,1368292036119,7485548
2,10704,1589983560970,1398979745951,1595486
2,10705,1661692870000,1237642309166,802247
2,10706,1626386849415,1477092482447,819034
2,10707,1536941280295,1534099091280,6171289
2,10708,1635324504431,1526819733810,3019912
2,10709,1611477916056,1539942473095,180878
2,10710,1644811112216,1487630687420,418484
2,10711,1700290758172,1385335632993,1623382
2,10712,1655483498376,1402457591423,3966264
2,10713,1637718811071,1510258618861,1810789
2,10714,1610567916460,1296169988801,502177
2,10715,1621745766833,1462133670690,7757426
2,10716,1585665641704,1335881443087,3284603
2,10717,1700668988697,1471919591843,1420747
2,10718,1573454180483,1349477488732,5621015
2,10719,1469161809682,1231658705688,1034750
2,10720,1650387169895,1382060751525,11659937
2,10721,1616119407612,1234655558515,1011629
2,10722,1641444857830,1402352742263,1899256
2,10723,1512605851521,1299765810413,998994
2,10724,1633346582413,1616511525802,1504925
2,10725,1631827758774,1469302050886,1153860
2,10726,1621271418200,1287867057355,2107850
2,10727,1532151842588,1267679370216,1075255
2,10728,1617108455255,1613411106468,338141
2,10729,1658976607991,1253683383563,14389702
2,10730,1633175651272,1394240440674,3360025
2,10731,1676831807270,1368292251847,1172046
2,10732,1615118637639,1615118613750,3157966
2,10733,1694565027605,1472426529089,2343272
2,10734,1626919156363,1470826480928,2428440
2,10735,1584564968915,1,843407
2,10736,1632926037437,1632904386564,1798428
2,10737,1665434083001,1665250032508,419938
2,10738,1684869746000,1474475192128,1681911
2,10739,1383897661691,1351722763884,722318
2,10740,1628216793635,1368292731507,282684
2,10741,1625741083892,1625741033969,697727
2,10742,1690411089311,1313450900484,1974025
2,10743,1609663257304,1479242579780,1287347
2,10744,1645479173105,1566222729834,201776
2,10745,1645136570659,1385335604609,2322094
2,10746,1640971343961,1443997293385,5472087
2,10747,1416899338456,1358388308437,299106
2,10748,1686481224549,1368292036119,2589376
2,10749,1675249679607,1643474545566,420785
2,10750,1651029800395,1353354209092,1072055
2,10751,1614635554267,1614635527920,2236711
2,10752,1664447844233,1663747888493,1106621
2,10753,1583796442528,1581962878824,2044691
2,10754,1616341647031,1616341449747,232426
2,10755,1604984859143,1482959256266,4312666
2,10756,1692472876419,1448558461048,2642800
2,10757,1626637180484,1473985979280,309546
2,10758,1647458156018,1394134335230,1028934
2,10759,1621581627135,1298131991148,1869107
2,10760,1643839960752,1264842015672,1811370
2,10761,1638196093525,1526819771591,5147842
2,10762,1596123664810,1596123630948,1484862
2,10763,1511552604373,1396805758504,1723279
2,10764,1621871122457,1621870688385,632018
2,10765,1621103405806,1416346316579,245182
2,10766,1594051421809,1593809228143,3598649
2,10767,1647125137891,1391741012224,5603187
2,10768,1635316664426,1542434028813,662481
2,10769,1683202201695,1349477488740,682521
2,10770,1658116965585,1469701510735,664738
2,10771,1632410055312,1583627298100,2230412
2,10772,1571594744091,1571594731589,818961
2,10773,1694635245409,1612929884929,1258874
2,10774,1656326234384,1,2902943
2,10775,1673735877000,1377633143593,1249949
2,10776,1676084559650,1368292228584,2655798
2,10777,1636879884447,1588424378907,3563318
2,10778,1626319253579,1214225650015,2448711
2,10779,1688312587564,1479781344707,246475
2,10780,1666146509510,1310087212578,986617
2,10781,1604675392878,1604675300994,553949
2,10782,1631896032539,1631895202392,218323
2,10783,1669056737597,1564697018124,217370
2,10784,1620566541876,1459739233262,1248797
2,10785,1631910412441,1631910398388,1244904
2,10786,1593564881078,1321299133411,12914842
2,10787,1601660807898,1,1234378
2,10788,1553692962044,1553542140753,645487
2,10789,1666033491559,1344109668542,7222070
2,10790,1660775656539,1544601771991,304705
2,10791,1679667139814,1621532807419,1797130
2,10792,1637036632239,1569079260184,8249686
2,10793,1646617495552,1391741012224,2731049
2,10794,1672758443746,1368292123572,1450554
2,10795,1663932368000,1368292251847,856192
2,10796,1672962277255,1,21950464
2,10797,1693279087005,1230430322217,1626724
2,10798,1616992534635,1248055570234,946667
2,10799,1461767650139,1461765369284,5752197
2,10800,1527087755663,1264653384165,19213551
2,10801,1666717527098,1368292036119,7490277
2,10802,1558698795036,1433489648891,8703682
2,10803,1655469390091,1497484861934,500821
2,10804,1658878039621,1369629218547,2917822
2,10805,1658884516697,1435675778698,1367453
2,10806,1692585511099,1382060716753,4337686
2,10807,1599902329956,1599487447074,1129567
2,10808,1624664457714,1368292036119,668956
2,10809,1671128397864,1368292036119,2019974
2,10810,1556503038238,1534825568547,277880
2,10811,1598020910423,1441963575503,5143225
2,10812,1665225847000,1665221945845,318433
2,10813,1620943163343,1620939694086,455563
2,10814,1582582043212,1582580816115,203553
2,10815,1667339422732,1666803987678,436113
2,10816,1508589597318,1508589526739,1739498
2,10817,1399925666009,1253683383517,2929068
2,10818,1438111418636,1438111300518,328003
2,10819,1587572657669,1587572611980,194905
2,10820,1551701605690,1211305353528,13046952
2,10821,1688443763057,1349477488697,716907
2,10822,1612626182765,1612625520530,2310986
2,10823,1642736867539,1377888799141,1349968
2,10824,1647470241327,1547744234107,473760
2,10825,1621602811810,1621602562121,231093
2,10826,1621360820425,1621360713203,4557226
2,10827,1616606568772,1349477488771,272905
2,10828,1619099650630,1339252520788,604905
2,10829,1580050665008,1580050250934,303371
2,10830,1460313863554,1460296957785,7623507
2,10831,1667141910716,1453382263645,4208879
2,10832,1632960395486,1470514387263,339941
2,10833,1697981393593,1242562377828,242821
2,10834,1672930523165,21,2367158
2,10835,1604582463669,1604575214991,2855711
2,10836,1638232531525,1638232143648,3614823
2,10837,1657588307660,1331586596080,1590873
2,10838,1626316611806,1613006839434,3317792
2,10839,1650774091024,1410900351193,1350924
2,10840,1516564996882,1276695448265,5359441
2,10841,1693596866000,1506583583802,1683242
2,10842,1423977629202,1233884596163,796572
2,10843,1630993819584,1413290427822,3900178
2,10844,1350885240104,1248829476953,11718291
2,10845,1617702408048,1450821327785,944250
2,10846,1700224903415,1553875128739,905696
2,10847,1680177987162,1214225650015,580120
2,10848,1552137203438,1402456305835,641385
2,10849,1684336785541,1642680553263,761256
2,10850,1559746851174,44,3679552
2,10851,1612575990055,1612574681271,2115922
2,10852,1416899338456,1358388308437,426669
2,10853,1473236219419,1473234984663,527790
2,10854,1416797397882,1416777886483,5552547
2,10855,1612549713079,1426071216755,478212
2,10856,1694036350000,1368292123572,6551145
2,10857,1686050303746,1546449822295,251329
2,10858,1675904243746,1640604707057,317531
2,10859,1647625371845,1392093557708,1122263
2,10860,1437718532157,1331102569886,10935973
2,10861,1555516569849,1253683383517,8376743
2,10862,1694706129492,1402176459981,2405448
2,10863,1658108335455,1368292036119,9146283
2,10864,1586314710617,1389609484811,653734
2,10865,1677756733382,1363171201399,850503
2,10866,1666924425804,1666902184984,546194
2,10867,1622062696868,1509274098424,1165737
2,10868,1619108458991,1300624515957,980672
2,10869,1621837021015,1267679370216,868427
2,10870,1695251160834,1368292036119,1352858
2,10871,1637948965630,1637270602182,760868
2,10872,1588470222638,1349477488697,23655372
2,10873,1631285147437,1487039007963,306139
2,10874,1454858200724,1454857990401,3747020
2,10875,1614254947965,1604537706897,280409
2,10876,1613671278807,1613573334947,307498
2,10877,1682399723419,1348705063714,330113
2,10878,1649503121101,1539925769465,2095969
2,10879,1593456399015,1560875614658,328210
2,10880,1597696032106,1587653605763,897751
2,10881,1322652485812,1322652426437,18870676
2,10882,1626881458278,1253683383517,388237
2,10883,1665434911551,1622050470637,202364
2,10884,1361740126307,1359047250267,468504
2,10885,1583500149226,1583496730705,1755105
2,10886,1663023531220,1429392986597,463182
2,10887,1597573045902,1537414914932,7589194
2,10888,1616370055733,13186,7647076
2,10889,1596742049016,1341388379367,174415
2,10890,1493820247106,1468934180338,594121
2,10891,1463431891877,1247728933068,13119077
2,10892,1596512495695,1379541049761,1042854
2,10893,1582453814946,1,4942392
2,10894,1612452535574,1363171201399,246506
2,10895,1632562644478,1406482822742,1965707
2,10896,1624339987243,1624171830500,1064635
2,10897,1624905052394,1505021533975,324987
2,10898,1622814324324,1622814289725,726939
2,10899,1696466154449,1383936629704,1350422
2,10900,1659455453429,1230430594044,6384946
2,10901,1676708908154,1614183463818,814621
2,10902,1662293053493,1515699493803,381375
2,10903,1660232755863,1553874394458,1711708
2,10904,1655081497350,1349477488837,738677
2,10905,1537490671671,1349477488697,16321602
2,10906,1416899338456,1358388308437,3693380
2,10907,1630852948735,1630786709439,1223902
2,10908,1672844232209,1554916419560,432385
2,10909,1700310959289,1185996957304,195717
2,10910,1699396943913,1479430507726,2998385
2,10911,1625817735733,12190,1231105
2,10912,1611320407372,1591450862470,499136
2,10913,1696285133779,1349477488732,3997375
2,10914,1668340374000,1668329068907,377437
2,10915,1549026480497,1549025420238,2543388
2,10916,1565134757658,1422165423134,10817456
2,10917,1631277934878,1349477490197,7726019
2,10918,1624131022766,1365293606461,2505480
2,10919,1551286146822,1551284486163,1677323
2,10920,1435957923321,1234655558515,2169402
2,10921,1575481391087,1481804175275,1520226
2,10922,1637283088100,1479242579780,4886105
2,10923,1678838630284,1549953047821,539642
2,10924,1664456005677,1339252520768,4374788
2,10925,1669053363000,1230430322217,3791398
2,10926,1361740126307,1359047250267,3254654
2,10927,1541433690874,1541372918754,2922335
2,10928,1595633655098,1595587083133,250553
2,10929,1547984033530,1547788498675,1464338
2,10930,1642084502164,1422879356150,2659205
2,10931,1573595510634,1573595493075,2549642
2,10932,1631362072904,1631356727546,3278296
2,10933,1606489992881,1349477488732,4842923
2,10934,1608152314369,1337383477324,1701984
2,10935,1671298952050,1339252520768,3495437
2,10936,1636882830334,1456771816429,6134660
2,10937,1631486515110,1,7566900
2,10938,1668814775650,1368292251847,1823307
2,10939,1634846495220,1365293606461,438252
2,10940,1590250076201,1299174709815,512584
2,10941,1653723141686,1554582871072,463255
2,10942,1524822497894,1524308965743,2608033
2,10943,1631313817147,1437776475123,290667
2,10944,1610749544891,1610730099391,1463263
2,10945,1616249283296,1616246934294,470346
2,10946,1649671639098,1349477488771,716140
2,10947,1615693124064,1615693068159,329285
2,10948,1621105396340,1619762303635,1314872
2,10949,1583211112357,1426669171468,10751393
2,10950,1669684465313,1553874432169,170836
2,10951,1631313206789,1559852540314,2535588
2,10952,1543492453765,1543470851811,294326
2,10953,1361740126307,1359047250267,885822
2,10954,1658501220101,1349477489054,4471439
2,10955,1659677025194,1296169988801,299576
2,10956,1646951653482,1294825709792,586567
2,10957,1631150343052,1349477488732,925052
2,10958,1686494944998,1349477488740,8932738
2,10959,1558958339967,1291152725096,939869
2,10960,1460702270857,1449481355492,7798527
2,10961,1700315932540,1601969328769,1635955
2,10962,1640595520121,1280863533727,1753824
2,10963,1488178958423,1358606738334,696570
2,10964,1567495229670,1326985333045,377127
2,10965,1598547610059,1596913349257,435729
2,10966,1613663478223,1613663204044,2043428
2,10967,1550174892414,1253112642859,1517708
2,10968,1377213319912,1224118744707,17662185
2,10969,1627890656684,1378650491438,813659
2,10970,1565534484883,1565531586499,2115965
2,10971,1497577376913,1497576419141,1478175
2,10972,1616154142463,1616103266977,469556
2,10973,1640094153804,1349477491049,842709
2,10974,1416899338456,1358388308437,2529271
2,10975,1630938175163,1630614321138,238307
2,10976,1695835080183,1368292340870,289074
2,10977,1634716894766,1553874394458,1557138
2,10978,1595341543932,1379541049761,2006346
2,10979,1599096578513,1549425955194,410317
2,10980,1674008804636,1512443268503,990532
2,10981,1687798941098,1556384731398,5635824
2,10982,1623054589879,1296169988801,1146679
2,10983,1649540596270,1358606738334,2285085
2,10984,1630647547033,1466956258977,2637377
2,10985,1619044244292,1499186920989,1767180
2,10986,1630133418411,1185996957304,652680
2,10987,1622298993727,1251111115402,4404381
2,10988,1593114300285,1214282994047,6507866
2,10989,1552137203438,1402456305835,666566
2,10990,1580216390606,1,4993373
2,10991,1597401442478,1597401366461,4612348
2,10992,1695998188886,1695826972041,298075
2,10993,1560363854907,1560346548073,1643876
2,10994,1631201993692,1516168071654,9785036
2,10995,1519230591124,1368292036119,9131765
2,10996,1611145846759,1611145626070,227097
2,10997,1642614138058,1642611196915,258495
2,10998,1693950300232,1294309195029,3095330
2,10999,1317245002313,1317244940815,1837964
2,11000,1613332195715,1417439871326,486930
2,11001,1560176389842,1554631526299,247259
2,11002,1642628630833,1,1830566
2,11003,1619103286893,1515498456257,1383627
2,11004,1633046254934,1507952863391,862791
2,11005,1575462285024,1354556727351,7192025
2,11006,1599964983788,1248092275334,249436
2,11007,1576183920523,1434136068277,887031
2,11008,1613916091412,1613916075316,2289172
2,11009,1691542000117,1479243238750,1522051
2,11010,1649529266125,1349477488736,3722929
2,11011,1611597037019,1354715263726,233727
2,11012,1651949196448,1553874394458,1729263
2,11013,1639121828904,1556384731398,325932
2,11014,1627787638839,1349477488698,2047844
2,11015,1573681956249,1476635493871,635612
2,11016,1681033807456,1522151994912,252579
2,11017,1629442622893,1365293606461,700893
2,11018,1570805887807,1570804987572,513771
2,11019,1663847738663,1321299141411,641021
2,11020,1604631141496,1315615385694,269983
2,11021,1630961754599,1630960880204,399115
2,11022,1579650517906,1548374093179,1754662
2,11023,1624255764478,1467682100454,3160967
2,11024,1638658709787,1,13226762
2,11025,1692206513981,1,207882
2,11026,1657843525962,1365293606461,7325666
2,11027,1668296115000,1441617153045,1632398
2,11028,1697432763000,1553961868044,1431830
2,11029,1473689682258,1382639278411,1255162
2,11030,1662847217637,1339252520768,1129071
2,11031,1371876424332,1243017781675,342262
2,11032,1565745679789,1565745660705,560256
2,11033,1698962245496,1576094424822,253601
2,11034,1665117349444,1341238124197,3147897
2,11035,1659738459000,1230430322217,270357
2,11036,1615294988447,1615251063459,914316
2,11037,1691203975052,1,2050235
2,11038,1606973821357,1586913204464,315369
2,11039,1660169269987,1537534561490,315002
2,11040,1689860049449,1545244054311,2828571
2,11041,1675362236269,1440781487035,2430196
2,11042,1635893169581,1349477488697,940494
2,11043,1692133431325,1403560615862,311204
2,11044,1502692950962,1255653553364,967179
2,11045,1610991197266,1349477488740,6572842
2,11046,1631396721845,1631396103864,556358
2,11047,1632946559606,1368292036119,2688272
2,11048,1606313751995,1382060716753,11298275
2,11049,1594065066356,1519914842586,2620716
2,11050,1504143629469,1504136753284,175393
2,11051,1664333334828,1349477488697,12693392
2,11052,1684032436396,1339252520768,1960481
2,11053,1578239647751,1578237887650,940729
2,11054,1623426839253,1597065143792,1800601
2,11055,1589304286861,1589285013514,1056749
2,11056,1613070255701,1613070220436,2652740
2,11057,1695420049551,1230430322217,4961658
2,11058,1630544532337,1630494419911,428273
2,11059,1671686685000,1554058974976,5965752
2,11060,1682766687800,1391741012224,7284967
2,11061,1631203456409,1631193142081,1464002
2,11062,1643577929270,1365293606461,1199783
2,11063,1602347356606,1602347312727,2631158
2,11064,1650514043764,1585507988704,394330
2,11065,1635692892597,1349477489152,8548337
2,11066,1605107814593,1605107801002,685230
2,11067,1608385466214,1608385451745,366829
2,11068,1631745537931,1631744994067,329486
2,11069,1497428946935,1497428938492,3297665
2,11070,1588227659525,1581397230209,1176044
2,11071,1677710264999,1440881107940,545482
2,11072,1643477080690,1305870046043,3421122
2,11073,1631254515191,1349477488837,788774
2,11074,1684081076601,1368292036119,7273058
2,11075,1612800558692,1596489308623,567268
2,11076,1488525514102,1488525131190,2568054
2,11077,1473868378860,1339494827160,452936
2,11078,1681227604960,1339252520768,309185
2,11079,1350843738992,1242787540526,10621215
2,11080,1416899338456,1358388308437,5566314
2,11081,1690219519737,1612806331457,381793
2,11082,1607482247104,1607481572007,563671
2,11083,1601904661121,1601904643235,1749078
2,11084,1581256627789,1336382078884,12519781
2,11085,1639942316993,1211307217539,944865
2,11086,1636306974055,1479242579780,843016
2,11087,1586177412239,1382060716753,4640498
2,11088,1596906107881,1419644220831,1398870
2,11089,1615299271663,1349477488697,6207136
2,11090,1667711340000,1389838830105,739674
2,11091,1533620396579,1379638661498,2080211
2,11092,1689234061243,12705,3635680
2,11093,1498755748272,1267679370216,5465493
2,11094,1662457737915,1497484861934,179369
2,11095,1600589920000,1482326031680,1226862
2,11096,1645162613705,1358606738334,8096866
2,11097,1631535863091,1267679370216,4513631
2,11098,1667991153068,1436157756695,906118
2,11099,1645338638395,1480794304398,1873739
2,11100,1614440088487,1614439231030,1549434
2,11101,1700616071185,1579623213907,203086
2,11102,1486372691667,1486144292844,478009
2,11103,1631531525740,1395219926504,8460096
2,11104,1614014894085,1613983925350,1908588
2,11105,1569272435991,1230741540846,2877524
2,11106,1669996562876,1321299133411,1854554
2,11107,1647599063507,1253683383517,2320516
2,11108,1666710313433,1296169988801,1844167
2,11109,1294880744621,1293902091418,1734105
2,11110,1536996691913,1536927896057,184721
2,11111,1610157268143,1269722041469,1501995
2,11112,1593274727449,1427181106359,552573
2,11113,1567635061907,1567634971611,2123290
2,11114,1507731379858,1420073278586,1965007
2,11115,1667398254527,1601222634776,420526
2,11116,1672787602000,1540676741847,1761459
2,11117,1640205486757,1349477488771,9922649
2,11118,1674809919530,1244305227562,2887096
2,11119,1667228705385,1547739216198,1516743
2,11120,1393156747036,1185996957304,1400759
2,11121,1637847134308,1572199017842,2459977
2,11122,1626071746239,1626011557018,459724
2,11123,1630255038879,1,1436476
2,11124,1444325303247,1234655558517,9083328
2,11125,1631670399628,1631115202249,894251
2,11126,1622669737262,1519821871102,438517
2,11127,1653067329052,1382060716753,1004476
2,11128,1632409202455,1632408242703,9489551
2,11129,1666911370066,1597317920116,721621
2,11130,1422476892297,1422411539025,1598926
2,11131,1664993902054,1664540326548,276907
2,11132,1693923916492,1369629218547,542216
2,11133,1551804669845,1389618455218,329419
2,11134,1546032095663,1339252520768,4537676
2,11135,1567609412614,1531271768149,1227456
2,11136,1645997093874,1487417607590,5504577
2,11137,1688936228332,1403636385118,519675
2,11138,1628549914822,1349477488698,6040358
2,11139,1595616747238,1296169988801,2781195
2,11140,1584051587739,1583791027970,1360928
2,11141,1584657595547,1337137191834,10477423
2,11142,1643883069865,1481804151599,541167
2,11143,1666166488000,1449773552448,1202062
2,11144,1670612307572,1321299133413,13182073
2,11145,1366994391864,1366737460713,2035890
2,11146,1639693098917,1482426330633,198901
2,11147,1649244795771,1349477489057,2163666
2,11148,1361740126307,1359047250267,223780
2,11149,1420144785884,1223582975193,30170597
2,11150,1664133034164,1321299141461,368044
2,11151,1558538401668,1253683383517,1017840
2,11152,1687909644000,1592565659747,1308470
2,11153,1549798408938,1253683383517,2643371
2,11154,1635182161187,1321814180155,3082343
2,11155,1575630602376,1501960862780,217302
2,11156,1641225065970,1640099998103,2680665
2,11157,1642367603566,1379454942834,233760
2,11158,1674481089920,1363171201399,5471983
2,11159,1660706266382,1647166190438,589434
2,11160,1553104009889,1552975181160,4171463
2,11161,1656132239780,1365293991008,1706439
2,11162,1619399098902,1330153918618,1209049
2,11163,1606057675687,1305043873118,220895
2,11164,1631262611247,1630405006347,483495
2,11165,1357655825015,1357654336906,4273572
2,11166,1611480554730,1,1955118
2,11167,1633031299291,1381331104804,220348
2,11168,1677954029049,1535053363783,207718
2,11169,1627009329334,1453382263645,2575851
2,11170,1639402136109,1253683383517,616290
2,11171,1668160018129,1289746844219,1111605
2,11172,1522245591591,1522245439250,753807
2,11173,1621127618892,1621127602616,984225
2,11174,1633852281938,1358606738334,14311914
2,11175,1360189064610,1224469920880,11701914
2,11176,1631272644527,1,2605611
2,11177,1682119785000,1403399534843,5572985
2,11178,1626874260181,1339252520788,1634204
2,11179,1685601485197,13192,2830292
2,11180,1570018466535,1327268191928,521095
2,11181,1357655825015,1357654336906,478753
2,11182,1677255055872,1382060716753,1302906
2,11183,1673390102090,1381332939527,199492
2,11184,1624218970299,1368292036119,12535804
2,11185,1488525514102,1488525131190,3403770
2,11186,1690898878096,1349477488942,1180993
2,11187,1619164350476,12705,16502900
2,11188,1673710130494,1546536898404,350664
2,11189,1623498178900,1420166731579,209387
2,11190,1454178708304,1392909406552,5324291
2,11191,1641208781488,1,4021501
2,11192,1605198755747,1525900421275,719383
2,11193,1568084164618,1245426894984,837765
2,11194,1600996299718,1,1111884
2,11195,1613329949673,1612877867750,356250
2,11196,1686751579052,1489757684399,1519353
2,11197,1668134907000,1363171229968,8518677
2,11198,1675833648873,1382060716753,5043413
2,11199,1549080775351,1363171201399,10792072
2,11200,1524297179934,1331565515953,3049611
2,11201,1663514524661,1593962906541,864784
2,11202,1582363826356,1567401144035,1987212
2,11203,1657128151712,1368292251847,4156388
2,11204,1562823327707,1562823063728,714982
2,11205,1615027136259,1615025283483,292808
2,11206,1684829271000,1560860592239,9665029
2,11207,1608663954298,1349477491236,7950824
2,11208,1632302161460,1519726591894,1683164
2,11209,1635341026349,1369489172845,1376450
2,11210,1585223549525,1339495828310,435915
2,11211,1525898092810,1253683383563,28362967
2,11212,1545027801877,1382265479297,454225
2,11213,1613533955097,1479242579780,544928
2,11214,1624835591611,1553874394458,1081814
2,11215,1366994391864,1366737460713,751687
2,11216,1629208382727,1,1254862
2,11217,1599184368417,1341238124197,1019517
2,11218,1536236052123,1536164664360,653165
2,11219,1605115748307,1605114967240,476514
2,11220,1421245115699,1237901881402,4706269
2,11221,1615711415828,1615711250366,905420
2,11222,1676134423713,1296169988801,5994433
2,11223,1678080858708,1363171201399,17059979
2,11224,1592123597656,1457163268815,10149678
2,11225,1690766231875,1481165522790,2281722
2,11226,1615326833274,1538425449961,310122
2,11227,1564982351185,1331565515953,1237019
2,11228,1622661845629,1563694270361,208698
2,11229,1600265732602,1600265720155,2152077
2,11230,1588635216268,1588194798120,334366
2,11231,1672706020000,1185996957304,359572
2,11232,1638399572426,1368292036119,13915317
2,11233,1607662518859,1453382263645,1991585
2,11234,1454231479564,1454230639606,8960870
2,11235,1675105610021,1675105564738,368368
2,11236,1687614886253,1359010087203,614821
2,11237,1625089930947,1429383657108,430275
2,11238,1601406250000,1393817670651,4668477
2,11239,1602435556565,1602377695917,787828
2,11240,1648260409306,1648043170451,1690346
2,11241,1591605196249,1244305227562,2928894
2,11242,1681984447702,1555783175844,956149
2,11243,1671513090728,1479242579780,2315932
2,11244,1631956950417,1395340559899,978107
2,11245,1653950511514,1368292036119,2902456
2,11246,1583426325109,1583426186351,849434
2,11247,1625227997099,1625227973123,602902
2,11248,1518630922148,1327346983897,706881
2,11249,1540245396960,1434539087359,340042
2,11250,1691190672206,1689903302774,217371
2,11251,1632082152667,1631977233466,272466
2,11252,1672357062020,1296169988801,753501
2,11253,1664628600970,1664628553936,193314
2,11254,1590615970780,1267679370216,243640
2,11255,1642782649552,1642782643490,420353
2,11256,1533862635626,1533774240270,2843404
2,11257,1507450266079,1333355238703,811934
2,11258,1663562805613,1480544138648,277612
2,11259,1598211116684,1,1786705
2,11260,1630932836098,1630931891188,1612907
2,11261,1593566602717,1593566547030,1498754
2,11262,1662780042213,1662780032308,414433
2,11263,1567683458120,1567602414200,517823
2,11264,1648642222624,1471612362335,654998
2,11265,1535904703408,1535902121250,1343397
2,11266,1612822213895,1612821765126,239892
2,11267,1674948054178,1368292036119,13199547
2,11268,1595778275526,1253683383517,10734132
2,11269,1543365247498,1238859586109,2566983
2,11270,1674012557253,1382060716753,6386144
2,11271,1645916642806,1246646765080,2020262
2,11272,1563976594780,1562519542603,3723897
2,11273,1692116082207,1479242579780,259670
2,11274,1468094370623,1230430322217,2274366
2,11275,1629894926889,1309038267764,667220
2,11276,1656211126668,1656210861064,292176
2,11277,1652993906288,1296169988801,4527128
2,11278,1631732860425,1349477489183,5875848
2,11279,1574849156110,1574849143387,2173719
2,11280,1512734010165,1270940838765,953233
2,11281,1413897640460,1211305353528,2284572
2,11282,1678371451939,1341386344459,1570420
2,11283,1621913268438,1479242579780,1031613
2,11284,1601583918400,1601574483969,1349932
2,11285,1617398684942,1368292036119,4409105
2,11286,1696264268655,1481156775125,507650
2,11287,1576939582879,1434539087359,1348643
2,11288,1673790692414,177,1957045
2,11289,1672037365965,1253683828536,14329679
2,11290,1548148467562,1253683383517,9372126
2,11291,1616106190604,1,6312090
2,11292,1637220229933,1637218420785,284943
2,11293,1642344408822,1642340813004,858847
2,11294,1700634959655,1546539098790,698181
2,11295,1681036312299,1230437414115,8070015
2,11296,1600894848220,1600894751804,405418
2,11297,1350411041297,1240675752944,14855388
2,11298,1624848418202,1368292036119,526429
2,11299,1682362155200,1363171201399,974660
2,11300,1659625839265,1373020039121,8739579
2,11301,1644992905808,1339252520788,474219
2,11302,1636622790601,1,12725446
2,11303,1608244990128,1349477488697,3769388
2,11304,1652662612461,1230430322217,23312499
2,11305,1565050302938,1368292036119,3381461
2,11306,1696369911535,1394240357489,642291
2,11307,1623767409898,1463021905564,2277783
2,11308,1655064770191,1321299142075,1691506
2,11309,1662580649599,1642437676746,1680082
2,11310,1616167668162,1616008774697,275137
2,11311,1656227417802,1499988495933,949515
2,11312,1552137203438,1402456305835,610060
2,11313,1693762583167,1365293606461,507709
2,11314,1566775953920,1321561957718,2531447
2,11315,1618370667674,1474474209352,3812436
2,11316,1650803148429,1296169988801,291181
2,11317,1608700993893,1608700976605,304632
2,11318,1592090338281,1352629153824,2143010
2,11319,1630707971246,1436796335559,298785
2,11320,1552137203438,1402456305835,1405146
2,11321,1616223320602,1267679370221,227301
2,11322,1700415862688,1481820157565,1656718
2,11323,1682984783189,1456002356954,464785
2,11324,1387841280042,1260746562629,1023106
2,11325,1440766950586,1232742823625,7074804
2,11326,1620295370670,1267679370742,4502814
2,11327,1604922372100,1,348035
2,11328,1699194934837,1573833782420,368041
2,11329,1663074603000,1663069307579,405396
2,11330,1588817185689,1588032414559,1420928
2,11331,1580824909881,1244305227562,12282201
2,11332,1632309997827,1632158827392,921294
2,11333,1584288248119,1253683383517,2387743
2,11334,1630793358307,1630791103383,2545009
2,11335,1656474923294,1394240440674,1052171
2,11336,1632675939005,1466093583777,250214
2,11337,1688767772752,1364818010566,281359
2,11338,1645035380467,1382060716753,1287971
2,11339,1697479097155,1568385596155,2847145
2,11340,1592748567468,1592747048132,350955
2,11341,1464735089807,1464734876372,1886708
2,11342,1632004954567,1382060716753,572908
2,11343,1660054286524,1401126656910,8576289
2,11344,1597056053537,1595328329649,6815751
2,11345,1615247826974,1339252520768,5859771
2,11346,1524108328794,1434539087359,268121
2,11347,1678256247014,1524586583291,280992
2,11348,1613495938824,1613492770912,353207
2,11349,1691518861535,1485680989528,484816
2,11350,1691278616000,1370493396908,201815
2,11351,1567965936787,1567965480302,1600875
2,11352,1554895856888,1349477488732,872571
2,11353,1646774671610,1280087837043,12727856
2,11354,1628300706483,1622826558527,596736
2,11355,1635961353058,1396878419933,1619558
2,11356,1665994711765,1550567984997,1603684
2,11357,1452002179293,1242787540526,3037580
2,11358,1624132702848,1389609520709,393181
2,11359,1639040200318,1275483827359,9258614
2,11360,1689143622000,1434052002151,236135
2,11361,1676864710000,1382060716753,2397099
2,11362,1596668164620,1596667697660,380311
2,11363,1626275583846,1626171817103,953090
2,11364,1631989201969,1631989173115,810350
2,11365,1676929225558,1363171201399,3526853
2,11366,1633257617807,1392571522199,458424
2,11367,1605220493788,1605220435907,559316
2,11368,1689034967311,1490458737665,3611911
2,11369,1613010922738,1612401760595,402691
2,11370,1639189739632,1469302050886,2797817
2,11371,1618916693907,1618916522447,1468092
2,11372,1630425677195,1630268582208,828696
2,11373,1565356817727,1565355894044,2889633
2,11374,1580926292153,1321299141551,1950541
2,11375,1673848686812,1389044065403,1295310
2,11376,1605194008744,1538152300101,2297130
2,11377,1596503892790,1533782543805,961204
2,11378,1684678165092,1584886455308,1084156
2,11379,1618822211830,1346539866605,213334
2,11380,1627589270180,1385335632993,24872147
2,11381,1623942400960,1465339197003,10210021
2,11382,1541957014145,1331931775877,62273803
2,11383,1552137203438,1402456305835,651191
2,11384,1609639861543,1609632034721,1277106
2,11385,1689447179906,1479242579780,416093
2,11386,1692684762000,1478834043275,269777
2,11387,1636406166402,1382060716753,6019292
2,11388,1623139826295,1599601956008,5073915
2,11389,1602610332622,1516707853148,270662
2,11390,1642011323385,1478360898790,645423
2,11391,1569484114052,1349477491259,861533
2,11392,1610157268143,1269722041469,1248942
2,11393,1675923573000,1185996957304,290610
2,11394,1682887658723,1573323236830,313764
2,11395,1591125620443,1590939889674,1062563
2,11396,1620030849924,1377631767862,280029
2,11397,1572361255323,1572360636397,1488514
2,11398,1630253758945,1399926628259,1206611
2,11399,1632925991146,1632302576738,5218753
2,11400,1602021323209,1349477488812,1591780
2,11401,1594565138406,1466883547116,1758832
2,11402,1607082538648,1607082401209,330307
2,11403,1571333993020,1517665575385,1123761
2,11404,1609762379479,1609762001190,1251077
2,11405,1643952417151,177,1342467
2,11406,1618542099043,1481980739518,176899
2,11407,1631734081570,1631734048722,267178
2,11408,1603316131350,1238384579322,441307
2,11409,1591548572668,1245831150005,2756100
2,11410,1626888003200,1345491599320,544944
2,11411,1688664307827,1373474733093,178860
2,11412,1659556265305,1597319834120,738692
2,11413,1612101007965,1576561551653,405755
2,11414,1643818752980,1553249397947,1561633
2,11415,1621550861149,1621550540953,302202
2,11416,1617860573525,1541365150730,266779
2,11417,1630957384197,1630957367591,780561
2,11418,1672780304133,1368292036119,7842838
2,11419,1579223713451,1579222869891,1255159
2,11420,1486486632652,1486486602355,1191387
2,11421,1692313612741,1460821830916,1117372
2,11422,1597003936234,1597003710402,888369
2,11423,1578813238147,1185996957304,4776279
2,11424,1663727166861,1273757850671,798298
2,11425,1631787184683,1631786819381,3742656
2,11426,1675892565276,1556384731398,503688
2,11427,1574057567916,1267679370216,705800
2,11428,1614538870822,1296169988801,3920089
2,11429,1693195442633,1358606738334,964001
2,11430,1695559703324,1368292340870,546426
2,11431,1541259951540,1541258959632,352510
2,11432,1594423278957,1512940240197,454670
2,11433,1645091625268,1275628824096,508761
2,11434,1683562420623,1683503148447,1009087
2,11435,1690839501469,1349477490212,15276306
2,11436,1425993478151,1425106476528,3003019
2,11437,1626854734723,1626854626399,179785
2,11438,1635176920506,1635164320141,527357
2,11439,1596071286638,1365293606461,7947326
2,11440,1665166904090,1349477490266,8601993
2,11441,1552384938574,1253684236229,278187
2,11442,1610747908638,1610747454018,813522
2,11443,1581351792358,1581347648576,241712
2,11444,1554571795772,1348903090032,1142933
2,11445,1646690896845,1365293606461,962912
2,11446,1681481055000,1237642309166,1218715
2,11447,1515503791636,1515501702982,1532358
2,11448,1668091544830,1394240440674,7972151
2,11449,1617413740871,39362,4668124
2,11450,1666904746871,1543166990173,239315
2,11451,1684301831242,1463147000041,825393
2,11452,1627794803809,1349477489057,6455732
2,11453,1561431524165,1561354662318,1084300
2,11454,1675936380000,13227,2745945
2,11455,1668301927566,1550520441195,589360
2,11456,1660361539615,1479242579780,3958020
2,11457,1613775754499,1504391899501,615714
2,11458,1395878676092,1230034081572,690654
2,11459,1550033532291,1550030376695,805027
2,11460,1616509659522,1499302226223,531334
2,11461,1667495579715,1,1246110
2,11462,1361740126307,1359047250267,1849851
2,11463,1658094920000,1341529276663,916956
2,11464,1628467540909,1382060716753,2830330
2,11465,1631163916610,1630949373622,1382490
2,11466,1642469996504,1368292036119,2446362
2,11467,1649671681564,1321814180155,291296
2,11468,1660915878000,1461597366455,222701
2,11469,1619625402980,1,1336099
2,11470,1609689308932,1609689235658,276221
2,11471,1572538008857,1572537763448,1307180
2,11472,1643733983139,1517225689088,2677641
2,11473,1616336851086,1616317915790,213958
2,11474,1571902858156,1552818477327,3312465
2,11475,1609741115180,1551108240037,2194781
2,11476,1647689946313,1415428775367,412619
2,11477,1653628813745,1368292036119,3429865
2,11478,1696995094412,1405189436661,2754174
2,11479,1631558020964,1631557973282,369713
2,11480,1602892172140,1349477488697,20379839
2,11481,1671655738800,1290157976654,2445298
2,11482,1589808473740,1477414607932,5150326
2,11483,1636460720571,1635582327610,2935627
2,11484,1605025401960,3413334,9349825
2,11485,1696682025057,1340713992866,476545
2,11486,1665485141086,1402457846518,1753535
2,11487,1614357795433,1487541365851,370011
2,11488,1614752586718,1614743711988,6414583
2,11489,1679921037028,1581355781561,363335
2,11490,1582837848263,1244305227562,3646330
2,11491,1544653070867,1296169988801,1728736
2,11492,1486774323547,1377888799046,1247815
2,11493,1696886419000,1467833823401,323546
2,11494,1599184996439,1315331337375,2165422
2,11495,1667316487757,1567177028765,209227
2,11496,1627679282090,1,1176000
2,11497,1615729471771,1314023405991,1329059
2,11498,1493318640586,1493318594850,268464
2,11499,1632296400708,1556084219794,2003688
2,11500,1655135141044,1185996957304,662264
2,11501,1629768910968,1443062427150,1201591
2,11502,1562005645507,1562004972757,1309991
2,11503,1655013173381,1,666123
2,11504,1606848861548,1,4092004
2,11505,1678934177739,1368292455195,647134
2,11506,1687461526035,1341386344459,613413
2,11507,1552415568881,1339252520768,7113438
2,11508,1624115930374,12,5578356
2,11509,1668765001000,1663503092139,462837
2,11510,1622880343902,1622807152416,962803
2,11511,1693916211217,428,1949668
2,11512,1615439927058,1615439463133,504295
2,11513,1619475007214,1617721814067,273049
2,11514,1643684429610,1587782224323,720062
2,11515,1630526367037,1630526343986,380854
2,11516,1618178937559,1618178251482,1078475
2,11517,1697715787897,1349477488767,3553528
2,11518,1647591466793,1575903462074,1118494
2,11519,1631053985735,1312267147839,188054
2,11520,1585535826725,1321299133411,2372699
2,11521,1691524125213,1368292036119,3363196
2,11522,1666420944663,1470850172397,800091
2,11523,1681834401414,1368292036119,14249238
2,11524,1632007601817,1505023018787,865701
2,11525,1665403648875,1498165134832,325146
2,11526,1605497368398,1349477488698,9519215
2,11527,1696210236428,1596311574555,1179203
2,11528,1609990382842,1,1833546
2,11529,1619106772574,1619102114906,356429
2,11530,1644234439514,1597848674305,1879217
2,11531,1631988747630,1599601956008,681348
2,11532,1623858636026,1315331337375,352171
2,11533,1663437038510,1489112849242,7592926
2,11534,1684695210403,1423903410258,921031
2,11535,1655106524259,1349477488697,1050188
2,11536,1666385363392,1554819811750,292341
2,11537,1525875903951,1357596517285,262184
2,11538,1671117589369,1512314679070,883181
2,11539,1685140678000,1257302426255,13234788
2,11540,1460333873368,1460332972390,3491219
2,11541,1556580279074,1556466522927,2064486
2,11542,1685750870989,1368292340870,2581228
2,11543,1666733145586,1253791415886,187065
2,11544,1681515152604,1434116401062,980446
2,11545,1665878530762,1349477488943,18336057
2,11546,1690225809005,1374398482125,282582
2,11547,1596045849617,1596045679503,231485
2,11548,1629998652172,1339252520768,371717
2,11549,1595517364738,1335782638416,3778374
2,11550,1607259191332,1354715263726,1577575
2,11551,1581680726597,1339252520768,5644278
2,11552,1629848749924,1331102569886,416192
2,11553,1619726097087,1619726070601,1395073
2,11554,1621365804667,1379541049761,2588141
2,11555,1574894650307,1574886264075,1240543
2,11556,1611100660141,1,515164
2,11557,1630955215107,1630955190659,1023026
2,11558,1548274209999,1548274195034,1011885
2,11559,1663310022924,1441570593438,3285754
2,11560,1676084559650,1368292228584,2919248
2,11561,1622549382447,1514338101405,941976
2,11562,1680647932633,1680628803487,786343
2,11563,1590856736160,1265061267008,615369
2,11564,1482186651554,1482186561712,1173227
2,11565,1570346904800,1365293606461,24452117
2,11566,1671288310882,1368292036119,1232454
2,11567,1688238279123,1682003612945,865076
2,11568,1691907044785,1402795071295,2204007
2,11569,1641657653904,1641657344651,273435
2,11570,1365166662274,1230034081572,908087
2,11571,1674368966060,1368292036119,950647
2,11572,1592325682979,1340104503529,2066247
2,11573,1600531575757,1600243959213,604430
2,11574,1663521979115,1329777640773,215008
2,11575,1366899457584,1366895889225,505420
2,11576,1615064471689,1615055891265,1040973
2,11577,1632826611849,1632826329573,328623
2,11578,1610157268143,1269722041469,1032593
2,11579,1695892674271,1574863786378,323567
2,11580,1618354779403,1368292191684,8101456
2,11581,1697860000639,1425856258681,1303613
2,11582,1605551381327,1349477488697,2092553
2,11583,1381391111515,1381391091222,223435
2,11584,1619484972113,1619428105692,1077565
2,11585,1552137203438,1402456305835,608291
2,11586,1650312421815,1349477488740,5973974
2,11587,1629858268915,1629844504028,239865
2,11588,1669570799000,1402352742263,231909
2,11589,1666552147000,1404247876499,611409
2,11590,1700609200052,1402175764376,769582
2,11591,1628163343277,1597608571199,1156050
2,11592,1655814573895,1379859065619,680917
2,11593,1666652774944,1402175764376,14100127
2,11594,1619448751990,1619447986092,598242
2,11595,1631727161174,1520949219088,627512
2,11596,1698693224881,1349477489710,545873
2,11597,1684878359893,1684555843610,334268
2,11598,1675702266456,1335782638416,5350006
2,11599,1600261604573,1589448433214,196318
2,11600,1652219494503,1363171201399,1296849
2,11601,1674718357032,1516347478844,293729
2,11602,1599364495282,1,2764155
2,11603,1698102723324,1442890028489,489757
2,11604,1625424282882,1265742007962,5692091
2,11605,1634841272050,1321299133545,4152505
2,11606,1604088688372,1476028242654,511284
2,11607,1622321958146,1622321346643,644594
2,11608,1671582940338,1389609484811,744570
2,11609,1614199115133,1449636991453,495400
2,11610,1616588939807,1253360692127,418976
2,11611,1535663193819,1339252520768,3271567
2,11612,1661893739042,1661876195682,1300220
2,11613,1634847876000,1421053844342,2593779
2,11614,1650275920788,1,358147
2,11615,1594100452463,1585543351096,1432167
2,11616,1651734869000,1651659075646,280169
2,11617,1633130680340,1633130669374,3558745
2,11618,1676248243769,1361654943698,1717555
2,11619,1609456560663,1609361682863,3424102
2,11620,1668891892000,1283016271301,601438
2,11621,1617658620259,1617658604498,425843
2,11622,1675023399565,1381342330573,1044580
2,11623,1622092718388,1450863247425,20597228
2,11624,1639347163420,1335782638416,2533614
2,11625,1693683596113,1328407083246,717931
2,11626,1688922414350,1366757977454,899418
2,11627,1668268218112,1,6161337
2,11628,1616460249360,1339252520768,1103025
2,11629,1596804083182,1596802895016,1203304
2,11630,1575897272708,1349477488736,13419450
2,11631,1632418153961,1632417474941,285957
2,11632,1534651352431,1433580975279,4323087
2,11633,1598643356994,1368292036119,7444484
2,11634,1583144494435,1325902101971,2773270
2,11635,1633213260446,1538254781257,3567126
2,11636,1641573995826,1472320411129,10754012
2,11637,1618252511217,1556384731398,239294
2,11638,1615728822215,1370145367610,515100
2,11639,1599358984579,1406269051000,6104820
2,11640,1629936151300,1629936133696,1756866
2,11641,1694460560499,1598373659282,836218
2,11642,1645497103695,1583259575214,1507435
2,11643,1623359968128,1339252520788,1066082
2,11644,1629394425855,1629392108728,2399172
2,11645,1631293971534,1631250221238,192228
2,11646,1688679489543,1553874394458,198416
2,11647,1700307193447,1568681534026,929015
2,11648,1690983122941,1690890047465,895891
2,11649,1460672932031,1379277501567,6171942
2,11650,1674111803469,1368292036119,5134538
2,11651,1602173538000,1601210587532,211781
2,11652,1668077481652,2,924584
2,11653,1664297769502,1662560567713,1578314
2,11654,1643551252965,1386697664094,1909541
2,11655,1602856923631,1600976419791,263497
2,11656,1594899503846,1253683383517,419384
2,11657,1632425438028,1632424910519,785293
2,11658,1637165646888,1368292036119,5417221
2,11659,1611589425849,12705,8230125
2,11660,1631554538978,1593414279404,2379013
2,11661,1676150775000,1371541620339,1144501
2,11662,1421118556674,1242459132833,2468786
2,11663,1632055181107,1631906292876,1661795
2,11664,1638112683020,1367317788473,804745
2,11665,1626605006555,1387417464564,617410
2,11666,1678930133534,1429433171092,485498
2,11667,1632381445989,1621777837797,1345195
2,11668,1624036961844,1572646468883,685303
2,11669,1617188734525,1617188506506,250384
2,11670,1590512547185,1339252520768,11000775
2,11671,1672894405428,1368292036119,1025925
2,11672,1646668538507,1349477488798,523580
2,11673,1654967343493,1363171201399,3761348
2,11674,1660729161121,1291874591243,467067
2,11675,1610114775203,1610039853591,812209
2,11676,1643403572596,1643403065921,346658
2,11677,1598815529226,1598815513897,329828
2,11678,1633806056112,1382060716753,13737819
2,11679,1589392584490,1368292036119,5120976
2,11680,1637845460039,1637836514814,1848045
2,11681,1598706660723,1349477488697,24817506
2,11682,1697505776815,1385334107186,2609102
2,11683,1700657512185,1541935537900,773138
2,11684,1683340003919,1389044065403,21733403
2,11685,1676502044095,1556033746178,188778
2,11686,1643551042130,1448558783289,1082639
2,11687,1677684049006,1304701829439,1946726
2,11688,1579204453074,1494347650196,803976
2,11689,1545864095582,1545861451281,736961
2,11690,1613302270651,1365293606461,227218
2,11691,1552137203438,1402456305835,4031003
2,11692,1633365496666,1368292036119,7655353
2,11693,1592795039341,1421203484101,3275495
2,11694,1447684684147,1447684632011,993000
2,11695,1687669960000,1402177650166,2043601
2,11696,1609535658031,1,1126933
2,11697,1595258395811,1595258319374,4812695
2,11698,1628989317315,1185996957304,499484
2,11699,1604559305242,1253683383517,2434214
2,11700,1577572097493,1577571290884,922950
2,11701,1625823594022,1574587964652,1079053
2,11702,1660874425295,1347459603456,1100340
2,11703,1619158172772,1443623975439,320762
2,11704,1643394112181,1421053844342,394411
2,11705,1613379396925,1483703971136,347808
2,11706,1676938107107,1368292036119,1568417
2,11707,1616531766592,1616531188547,245862
2,11708,1613141036376,1,370431
2,11709,1660549738288,1379541049761,459174
2,11710,1688818685826,1597614781751,748935
2,11711,1636664670061,1402177650166,4745411
2,11712,1691969684664,1389044065403,609089
2,11713,1550239972661,1287867057355,4234347
2,11714,1663114922000,1517225053000,2412792
2,11715,1534254823403,1534254196472,218547
2,11716,1629303180562,1629302575377,1006855
2,11717,1631223477071,1370145367612,2083016
2,11718,1688819785498,1382060716753,324378
2,11719,1407923400025,1211305353528,1780114
2,11720,1604243060699,1349477488732,13105932
2,11721,1594832519522,1253683383517,2273574
2,11722,1691689166368,1491263831912,764898
2,11723,1656140495346,1457659491204,789056
2,11724,1593801189879,1482959256266,4871169
2,11725,1570580945210,1312003620861,2413055
2,11726,1535538584218,1271726916906,312171
2,11727,1663701849510,1463839503732,1748344
2,11728,1695507277423,1671890119634,341010
2,11729,1563222760736,1388349687599,12100277
2,11730,1673850277102,1413859711864,1251196
2,11731,1632664422444,1,246823
2,11732,1685118792837,1553874394458,934228
2,11733,1632611063667,1632610681332,885739
2,11734,1649536116878,1647913369187,678288
2,11735,1429504906240,1236918353331,3726266
2,11736,1690469346792,1339252520768,512908
2,11737,1614011134147,1331102569886,3788709
2,11738,1657404697519,1402961724661,2612840
2,11739,1647248532813,1389609484811,1231539
2,11740,1628521029848,1368292036119,33150857
2,11741,1649847831139,1404247845173,344157
2,11742,1695691112750,1569463938513,701568
2,11743,1563330255524,1274249790644,6401621
2,11744,1671399089284,1296169988801,185075
2,11745,1617471976878,1365293606461,12340057
2,11746,1663598906825,1349477488785,7398498
2,11747,1681827140140,1,1999428
2,11748,1610386911004,1481809668869,1404047
2,11749,1649287311183,1332782303694,280216
2,11750,1637434305899,1368292036119,4091832
2,11751,1596273392172,1596074268359,1603277
2,11752,1622316925661,1622315865959,1092465
2,11753,1630533708664,1629906280756,2238467
2,11754,1646179549595,1554137059602,978537
2,11755,1473341669919,1466501918265,214974
2,11756,1628760472273,1503561953354,1584584
2,11757,1630593186459,1630590298239,391794
2,11758,1606066525326,1545199525699,274143
2,11759,1638882924224,1537608080255,1326239
2,11760,1665696056826,1537708565255,1233661
2,11761,1671261382132,1254259829410,2531294
2,11762,1673773603333,1439991618794,3727290
2,11763,1658479248524,1296169988801,419157
2,11764,1641400140435,1517228785374,3736883
2,11765,1642186375568,1376676255492,5179517
2,11766,1597891316970,12705,1482517
2,11767,1601067597000,1293725721154,8354154
2,11768,1641019528496,1269642779081,15803405
2,11769,1628083258165,1341239060141,4993968
2,11770,1608168093841,1551898807238,1637593
2,11771,1654361014360,1264049677740,2906269
2,11772,1603670151342,1603669662839,1220383
2,11773,1650794738854,1447471419035,1157746
2,11774,1658472275312,1418573463556,595056
2,11775,1499065867851,1499007979234,2331532
2,11776,1610853396794,1610853335311,369252
2,11777,1580549890847,1431192517542,961558
2,11778,1541621537986,1439130117499,5499330
2,11779,1527197284818,1339252520768,9896416
2,11780,1429585954608,1379277501567,1005958
2,11781,1503139455991,1487727483184,531809
2,11782,1681668045746,1551584177027,2859143
2,11783,1678714470699,1458269844402,438329
2,11784,1617250090158,1412643001259,231220
2,11785,1636072310286,1435675092654,967994
2,11786,1614434664261,1318432194614,492968
2,11787,1635722431222,1320841953887,7634994
2,11788,1568959337113,1386840286186,253622
2,11789,1668783554778,1368292036119,453048
2,11790,1636224871255,1551651182998,712010
2,11791,1591800622229,1591800547570,263501
2,11792,1693566367883,1340646978331,2481455
2,11793,1654561323259,1382060716753,2664421
2,11794,1642955309960,1395207700716,1061983
2,11795,1619746768153,1416318262723,1961913
2,11796,1673816625452,1479242579780,253493
2,11797,1664660373329,1382060716753,4259152
2,11798,1620323124842,1619620426211,623282
2,11799,1631773822330,1631540776828,285318
2,11800,1621491590323,1607678156196,883861
2,11801,1361740126307,1359047250267,3270663
2,11802,1697035860267,1369684383976,420307
2,11803,1627089545780,1296499533072,310355
2,11804,1575481391087,1481804175275,1521166
2,11805,1605119064443,1349477489427,1335083
2,11806,1606950046744,1310859638611,962946
2,11807,1595673828752,1,820156
2,11808,1616408515594,1399817460117,1160649
2,11809,1649875436906,1481008793521,1268693
2,11810,1684181009429,1488823798795,1108621
2,11811,1626065774463,1612432011610,2029729
2,11812,1614472838550,1,5875120
2,11813,1468354511321,1331102569886,876228
2,11814,1513085422770,1513081595173,16470908
2,11815,1657756161293,1553874394458,2058989
2,11816,1665454294405,1665453057989,198536
2,11817,1607012071602,1607012035702,2792289
2,11818,1615413777780,1615334471700,204907
2,11819,1614709354317,1534791660385,2604236
2,11820,1623620229743,1623620020458,190293
2,11821,1586461415645,1326186069926,446686
2,11822,1615404316809,1571519145463,1746616
2,11823,1683657018250,1394240357489,910518
2,11824,1617721703869,1,307194
2,11825,1676591411720,1368292036119,1700638
2,11826,1614717210731,1231037950025,1123444
2,11827,1656352620673,1508614396226,735491
2,11828,1693737611288,1389609484811,515356
2,11829,1677049261000,1567459328029,664436
2,11830,1699915367091,1402175764376,932364
2,11831,1604060677704,1368292036119,14126106
2,11832,1609717597737,1349477489160,20468321
2,11833,1668745734344,1232899547000,8210547
2,11834,1614649011990,1365297440123,272914
2,11835,1581581509002,1336382078884,7225922
2,11836,1646761277074,1556973600560,3275255
2,11837,1467824946399,1464815759446,3312411
2,11838,1642667278413,1642623357075,241256
2,11839,1688347903078,1231037827178,10284288
2,11840,1611619663813,1253683383563,492748
2,11841,1629478922634,1,3280630
2,11842,1663081672645,1393817670651,282471
2,11843,1543160429671,1543160300202,7240702
2,11844,1600200790783,1600199977305,1216684
2,11845,1625959875382,1335782638416,2418906
2,11846,1381238247093,1254259829410,18981589
2,11847,1352097830439,1243981578087,2389328
2,11848,1646747318732,1363171201399,20746265
2,11849,1630720329450,1448934763582,2829111
2,11850,1475690671773,1327065429498,4695876
2,11851,1698857691000,1,37457914
2,11852,1445764760873,1331102569886,372357
2,11853,1619680157449,1570199309593,355417
2,11854,1630183343214,1,5742547
2,11855,1630606437707,1630606418944,549006
2,11856,1630914601576,1630914570690,262243
2,11857,1623015422327,1296169988801,3638540
2,11858,1650288105482,1410900351257,868515
2,11859,1422035013234,1185996957304,7084485
2,11860,1604348195714,1349477488732,5056207
2,11861,1639512159487,1537632545773,1660700
2,11862,1615168609398,1296169988801,1876337
2,11863,1605212114115,1296169988801,13493834
2,11864,1650676491751,1441983341380,2895346
2,11865,1642147116469,1335782638416,2093790
2,11866,1592466563352,3002,3637252
2,11867,1682134798834,1230438625262,295720
2,11868,1663939348051,1663924580600,249681
2,11869,1580772998674,1349477488771,1125845
2,11870,1628972913556,1296656130240,279943
2,11871,1518894839762,1290157975365,2816901
2,11872,1675904160486,1363171275082,1692427
2,11873,1672178937185,1363171201399,4559763
2,11874,1516105776378,1330250475060,1961987
2,11875,1589466589950,1402344392302,2315756
2,11876,1637089663719,1321299133411,1164500
2,11877,1525330075918,1253778076423,679523
2,11878,1682503486476,1363171201399,9342593
2,11879,1464360605322,1464284297915,925234
2,11880,1676915751099,1432592610130,1413804
2,11881,1647948173754,1382060716753,26935394
2,11882,1482969988741,1308151410541,4761326
2,11883,1513112927226,1513112866144,2065354
2,11884,1692435820669,1379541049761,294751
2,11885,1625106138996,12705,1516571
2,11886,1560532288702,1335690198311,8038389
2,11887,1649026341547,1363171201399,2412995
2,11888,1379380144385,1291631702963,5594133
2,11889,1622258960023,1356396070479,1385763
2,11890,1587496143646,1431189618700,2573108
2,11891,1639012419731,1394240357489,2202730
2,11892,1614519432452,1614468731822,381882
2,11893,1414034374681,1370145367610,19680038
2,11894,1530177220785,1530177188707,481736
2,11895,1631815536402,1571426853969,1119597
2,11896,1551106377934,1434539087359,2596269
2,11897,1693518291967,1402176732152,3406811
2,11898,1591500416172,1,3892168
2,11899,1687880795602,1340358362290,899344
2,11900,1640693541273,1546536898404,3948413
2,11901,1535677188806,1436157667436,4179042
2,11902,1668704073175,1361234668756,7639533
2,11903,1614126139067,1296169988801,1714013
2,11904,1677534942689,1303738105556,7733467
2,11905,1590793512966,1,1245818
2,11906,1562208559935,1267679370235,3603559
2,11907,1627303973164,1457460240528,526228
2,11908,1520305595351,1520305556557,7087737
2,11909,1580299350881,1579724180025,678178
2,11910,1694617054002,1579561893192,765553
2,11911,1697807039486,1368292251847,1664195
2,11912,1605395545293,1358044891925,355394
2,11913,1691699011057,1461597366455,684435
2,11914,1557525270910,1552327472322,1480282
2,11915,1569532629788,1333738203158,1108213
2,11916,1655725097210,1339252520768,356717
2,11917,1631510878830,1631393730815,695581
2,11918,1418241828574,1315331337375,1582832
2,11919,1648590422431,1382060716753,3893652
2,11920,1632133045916,1632132739362,1925451
2,11921,1696907551549,1353588447521,1225263
2,11922,1690823974217,1349477488871,9902844
2,11923,1687402444305,1402524202094,2034510
2,11924,1544499630404,1544497792604,8108787
2,11925,1640621353305,1640446265414,1404439
2,11926,1644631258254,1402176459981,227890
2,11927,1623510281120,1415427692216,2118775
2,11928,1684945442105,1368292036119,15032369
2,11929,1598000761377,1597983963270,16582019
2,11930,1515891772871,1323520347784,2009656
2,11931,1442762796882,1442760891297,783078
2,11932,1685104555431,1340809742429,3022290
2,11933,1643738392411,1265061266990,419002
2,11934,1631542164783,1631397249323,370832
2,11935,1615457727536,1615456794522,1745166
2,11936,1601522502000,1601437858936,385964
2,11937,1650591868633,1650328833117,771808
2,11938,1614363788700,1614363726016,1324660
2,11939,1675171487119,1349477488736,1147270
2,11940,1609795204325,1471999839208,5694772
2,11941,1551738126465,1395684455180,467269
2,11942,1674819593173,1481690572799,2704319
2,11943,1684526905885,1597752917973,2172092
2,11944,1569738016596,1566896100659,12353166
2,11945,1634981051513,1,1650571
2,11946,1661343143244,1293047355868,5138559
2,11947,1630779155357,1630769378367,599290
2,11948,1630357596999,1321299141647,1025697
2,11949,1615560335059,1306377175166,459617
2,11950,1633801653288,1522165769815,746161
2,11951,1657735395637,23,1196877
2,11952,1583873374163,1583872616784,288096
2,11953,1601743870738,1528203327720,1746020
2,11954,1626257386474,1564169900714,277592
2,11955,1633865965614,1336382078884,3124324
2,11956,1603052883692,1603051175287,1036148
2,11957,1635873208051,1335689269498,2454721
2,11958,1571397123181,1349477488736,11882783
2,11959,1607773992096,1607772836386,458448
2,11960,1674839193000,1320034953077,313767
2,11961,1599406697757,1599356736483,1772874
2,11962,1660375927000,1349477488837,3671325
2,11963,1582531726501,1561626245871,588400
2,11964,1615953516172,1368292251847,7685549
2,11965,1670707632570,1271726916987,5332167
2,11966,1615590058381,1285428734029,4081086
2,11967,1543618297514,1543618011073,277369
2,11968,1671839303426,1540944142707,443861
2,11969,1461482368403,1285475760721,8861083
2,11970,1625175699867,1496491660191,320720
2,11971,1360731581778,1345683446779,3310479
2,11972,1599100894178,1253683383517,4341278
2,11973,1389386681664,1389383945123,1769836
2,11974,1600540638220,1600184314614,1024994
2,11975,1681725919686,1282979998907,1544141
2,11976,1676768794302,1264653384165,13505580
2,11977,1607798943466,1281409040106,1570231
2,11978,1631090068336,1,826001
2,11979,1553393415757,1339252520768,2549049
2,11980,1630459921683,1508566890571,1223067
2,11981,1643099909027,1496165411969,212938
2,11982,1648694318943,1508231390254,256557
2,11983,1630984269305,1349477488697,20188268
2,11984,1552505434989,1544190467842,390644
2,11985,1674140991847,1481032629476,1415219
2,11986,1624998409644,1244305227562,6835404
2,11987,1541582851423,1429101618064,6985088
2,11988,1700672178881,1667922666517,1647662
2,11989,1605800924113,1391741012224,7713530
2,11990,1545081454262,1298763648451,6803756
2,11991,1655285664760,1655284799927,648181
2,11992,1598743792025,1349477488732,13615329
2,11993,1619769576009,1377775340949,3193454
2,11994,1639954552740,1428191808963,1262369
2,11995,1630635927891,1296169988801,455433
2,11996,1601474388000,1601474252336,4645382
2,11997,1647645164550,1441617153045,528775
2,11998,1367391922115,1304204417343,1225773
2,11999,1570624627990,1570624618884,2403841
2,12000,1696271046819,1439880375221,4929112
2,12001,1651078227833,1459160049320,1545722
2,12002,1579470423854,1363171201399,3183257
2,12003,1475066588556,1366012695878,3790335
2,12004,1630177409367,1321299133411,15490820
2,12005,1675016446317,1311345604463,1037349
2,12006,1673119995523,1673118674409,658793
2,12007,1631724794526,1631717488511,6563695
2,12008,1671684909703,1443372121580,306520
2,12009,1619863068302,1619530606922,202088
2,12010,1535232368967,1349477488698,7090307
2,12011,1601033134000,1601032645018,807429
2,12012,1593113231793,1310576403943,3626979
2,12013,1633285221083,1511137223380,412987
2,12014,1617422012096,1617421963926,2697439
2,12015,1651422652000,1479408110254,797593
2,12016,1648168458655,1296169988801,2165342
2,12017,1635910625420,1473293394910,6008587
2,12018,1671735378818,1288463827711,1715744
2,12019,1661743731000,1661729075385,426131
2,12020,1641409036842,1430878926884,289399
2,12021,1632855330502,1488897248207,384246
2,12022,1614669118931,1440488199461,1445954
2,12023,1604776789496,1361815692215,6674871
2,12024,1580084197736,1579818266287,204155
2,12025,1492269483509,1492249850736,463229
2,12026,1680285887498,1549775725919,581750
2,12027,1616585984604,1537014055082,282843
2,12028,1567101103159,1185996957304,2095542
2,12029,1661007364313,1524575648771,2303294
2,12030,1598892060489,1349477489453,1859902
2,12031,1663108317000,1553874394458,970555
2,12032,1695982688475,1356967964576,217107
2,12033,1602634132939,1316320573781,13627498
2,12034,1613985269804,1613578961371,4039402
2,12035,1602982226732,1602462554895,1334237
2,12036,1601926504000,1321299141461,658839
2,12037,1682620940363,1335881318503,3936812
2,12038,1604606642423,1604562813300,2898890
2,12039,1667827798992,1612013673670,284046
2,12040,1571655807298,1571623351031,1130009
2,12041,1632290147501,1365293606461,624330
2,12042,1642162213503,1642079847982,753004
2,12043,1595429235215,1483729348022,1231132
2,12044,1581958311500,1276461417562,5271178
2,12045,1631044664173,1631044370089,2438806
2,12046,1643024797735,1333633816592,6597647
2,12047,1617290743545,1264653384165,14902021
2,12048,1656076318098,1656075805895,207162
2,12049,1418253917219,1418227718457,9019263
2,12050,1559339602450,1559339530667,884859
2,12051,1630833410127,1439866961612,2028592
2,12052,1648080433362,1,6057214
2,12053,1612209938226,1612209914951,586545
2,12054,1691396080878,1253683383517,339092
2,12055,1394916405996,1270413418672,323098
2,12056,1668890768111,5400,2357657
2,12057,1679454251889,1583619686573,611848
2,12058,1600804750113,1600804688489,3022034
2,12059,1672878576557,1368292036119,4659519
2,12060,1675186814746,1368292167716,1782229
2,12061,1591458778559,1312481330645,5059781
2,12062,1653272176328,1339252520768,5117867
2,12063,1621859206340,1621796898568,1368473
2,12064,1663035310799,1382060716753,2053492
2,12065,1688009499682,1341073314752,1707772
2,12066,1561982661556,1386827417929,352728
2,12067,1577701486133,1321299133723,11532147
2,12068,1592757680430,1582908682501,205200
2,12069,1624594179690,1500540903492,772691
2,12070,1696245009168,1389572686392,10198561
2,12071,1611663234437,1321814180155,912482
2,12072,1630526683788,1630426669853,405819
2,12073,1664870887441,1253683383517,1368427
2,12074,1647353259702,1535306354647,584534
2,12075,1691592877790,1365293606461,2110139
2,12076,1630869560108,1630868966054,2062741
2,12077,1648537995977,1341238124197,4327615
2,12078,1649233240765,1296661103512,3059012
2,12079,1632981601289,1349477488732,13335841
2,12080,1631622955397,1631561397316,1336904
2,12081,1614705484062,1614705466507,557135
2,12082,1696430804380,1522234169409,424673
2,12083,1632242811635,1632229851730,960146
2,12084,1688560510275,1584886455308,561543
2,12085,1691504462670,1556636570794,449010
2,12086,1582082073735,1363171201399,5915992
2,12087,1632313247855,1382060716753,9294555
2,12088,1507049267744,1264961836967,4337468
2,12089,1666220595663,1349477488697,21868174
2,12090,1623752866386,1476908449779,17344979
2,12091,1630886143809,1630596672565,1817616
2,12092,1632133484854,1631796593217,558227
2,12093,1663091263089,1349477488732,7714245
2,12094,1619432347640,1448934763582,1426648
2,12095,1476095940430,1472492987126,363599
2,12096,1609831340360,1264940186203,4076722
2,12097,1643072775092,1382040815781,477686
2,12098,1600173566209,1486393644094,918957
2,12099,1680033381881,1680030845102,195040
2,12100,1611361243045,1611361128010,792457
2,12101,1600493835000,1600448784044,261729
2,12102,1427489762601,1379277501567,10714744
2,12103,1613756943837,1504516660047,630546
2,12104,1594071347336,1594071310908,502050
2,12105,1660124179077,1481804151599,1976072
2,12106,1553810926582,1380153528908,2096354
2,12107,1357655825015,1357654336906,2288746
2,12108,1698588594499,1402457846518,181309
2,12109,1631894493088,1368292036119,6992276
2,12110,1657723740789,1321299133411,8635565
2,12111,1366994391864,1366737460713,569228
2,12112,1443953479436,1443913660826,2856322
2,12113,1553104009889,1552975181160,4647497
2,12114,1558007515516,1440626975914,1313117
2,12115,1623600776271,1421053837912,978190
2,12116,1619364569832,1214226488750,2510674
2,12117,1623935513512,1623935244029,420308
2,12118,1622944348690,1368292062206,1361809
2,12119,1640129287470,1296169988801,1625367
2,12120,1636900171562,1368292123572,268289
2,12121,1494586024474,1494584930909,2042092
2,12122,1652297152906,1,52988861
2,12123,1644603204942,1644585313737,224495
2,12124,1608912731176,1603282248130,2344618
2,12125,1562130477676,1562130345104,2435682
2,12126,1608976745613,1382265479297,539493
2,12127,1628721781285,1628721126251,275581
2,12128,1693717739677,1,1191410
2,12129,1587339680450,5,314970
2,12130,1616873824039,1511830486552,172993
2,12131,1552137203438,1402456305835,703534
2,12132,1628203767140,1441854197543,746833
2,12133,1524943242838,1185996957304,1261165
2,12134,1684667741477,1580778959738,1585258
2,12135,1679731873000,1391741012224,196629
2,12136,1613941358420,1341388379367,359370
2,12137,1621456919784,1389044149456,386830
2,12138,1534692246165,1534692218939,360575
2,12139,1602948917651,1602948592489,400094
2,12140,1636159399330,1349477488803,8628281
2,12141,1588994346654,1588994230282,1040048
2,12142,1602271486309,1602271474446,11768124
2,12143,1584319255555,1584318705409,313982
2,12144,1606639088902,1606639074243,429014
2,12145,1616922221311,1583099325934,502531
2,12146,1636050538461,1321299133411,2866641
2,12147,1622907213710,1413859711864,760794
2,12148,1685130741703,1335782638416,343854
2,12149,1610715072524,1610714214830,358726
2,12150,1628772723856,1628766120798,523624
2,12151,1392626732498,1290258584906,4704220
2,12152,1599752326497,1402798118272,2969784
2,12153,1633544256662,1463883834846,481511
2,12154,1612816560152,1265742007962,6064187
2,12155,1673535538000,1607786383150,828405
2,12156,1577693508630,1382265479297,926430
2,12157,1661394334799,1643671986197,297355
2,12158,1665623200663,1403469588535,2312695
2,12159,1381828449783,1381825851463,250240
2,12160,1655850922297,1655850778675,1624887
2,12161,1618007752298,1556384731398,712823
2,12162,1618979885329,1395429108602,945466
2,12163,1422474468854,1362144652457,4874682
2,12164,1646756459638,1253683383517,4171198
2,12165,1649302287154,1517871563917,282867
2,12166,1623218164088,1459028198260,1118289
2,12167,1643469022280,1457658817970,2621634
2,12168,1535023054513,1535021261875,1253010
2,12169,1700603235000,1302554563848,1464759
2,12170,1676732108850,1616492952317,301987
2,12171,1504327730061,1504321325154,1006672
2,12172,1693494421486,1444823161925,426637
2,12173,1488525514102,1488525131190,4748007
2,12174,1693447107267,1586732035265,223038
2,12175,1664746027000,1516454472796,2740002
2,12176,1643632823287,1610508300555,682701
2,12177,1614694304954,1367965639770,2747302
2,12178,1632325589793,1632323946996,762175
2,12179,1677723617000,1554058974976,196888
2,12180,1357655825015,1357654336906,702546
2,12181,1605574814290,1457632957929,3477968
2,12182,1668373545092,1368292251847,12172998
2,12183,1621780396890,1393817670651,550216
2,12184,1580842865460,1580842850958,209623
2,12185,1686471941789,1253683383517,1440822
2,12186,1592311348413,1321299141683,535476
2,12187,1700456801819,1463093944476,441281
2,12188,1652654853566,265,6897230
2,12189,1477206784350,1299963349484,4961601
2,12190,1527870864034,1365293606461,313290
2,12191,1605955989249,1605955897643,510595
2,12192,1670219121563,1391741012224,2122169
2,12193,1660633523000,126,15742216
2,12194,1656020875382,1381356372394,229758
2,12195,1598347997646,1382265479297,1804665
2,12196,1420640064499,1385246532777,87011453
2,12197,1675641051000,1529321929657,655343
2,12198,1682163812729,1349477488697,1674341
2,12199,1602357448829,1602353346191,573314
2,12200,1682266029516,1253791415886,1298941
2,12201,1635339509144,1321299133421,2115942
2,12202,1663588108357,1368292036119,968775
2,12203,1645471081644,1459106756518,3403329
2,12204,1617998865717,1339252520768,8245544
2,12205,1696811801589,1319463517703,12891528
2,12206,1668189633558,1349477488697,1294260
2,12207,1685568938783,1551729451734,484796
2,12208,1455878613214,1455878586089,321824
2,12209,1646411766882,1238452781124,2030696
2,12210,1395956313854,1273189557372,304259
2,12211,1684161965648,1534696619499,8169369
2,12212,1642913540514,4,215628
2,12213,1599590800722,1999,13761608
2,12214,1630500821932,1310576403943,1314331
2,12215,1603716470792,1603713917547,314711
2,12216,1642613717254,1530295728971,7296246
2,12217,1631433218500,1631433193690,746900
2,12218,1632330529862,1632330498752,412758
2,12219,1621205925687,1479242579780,2607489
2,12220,1371079863385,1224469920880,1615885
2,12221,1627687792617,1627687704275,466210
2,12222,1543156203648,1543156179232,810617
2,12223,1613965187868,1613965053376,521726
2,12224,1622299026891,1339252520768,1101690
2,12225,1595789361933,1360259742137,612601
2,12226,1661260987918,1363171201399,10084841
2,12227,1571243604823,1363171201399,9515215
2,12228,1612112796933,1612084788778,3029926
2,12229,1609175880222,1609175832068,1397559
2,12230,1659342353012,1487274616017,227981
2,12231,1697104324000,1264295638472,326011
2,12232,1617529511311,1615566106955,264177
2,12233,1596494995091,1566222729834,3951642
2,12234,1632163354721,1404247876096,8423943
2,12235,1697061322911,1352629153824,509370
2,12236,1622140643699,1622138993674,646735
2,12237,1696033913786,1368292036119,12570300
2,12238,1687755148784,1340356537301,6593219
2,12239,1683587242590,1363171201399,1394308
2,12240,1633221852028,1479242579780,1829335
2,12241,1552137203438,1402456305835,621023
2,12242,1647659365260,1581191193821,336786
2,12243,1656667558721,1404247845227,6647407
2,12244,1662301282481,1429101618064,1531596
2,12245,1633613469807,1475383622641,869205
2,12246,1675968392089,1508519067605,3325116
2,12247,1585142901611,1568215447179,2232715
2,12248,1660214853611,1339252520768,3170071
2,12249,1443281630241,1185996957321,1012435
2,12250,1618351098533,1491901984400,161349
2,12251,1677725047157,1368292251847,6817054
2,12252,1630534791231,1349477491034,6133067
2,12253,1676501846366,1497484861934,809590
2,12254,1425993478151,1425106476528,819586
2,12255,1676515988910,1363171201399,5744946
2,12256,1692364320833,1659374587428,1199124
2,12257,1690463749000,1365293606461,1982023
2,12258,1630705319966,1630705283627,466450
2,12259,1635402471653,1601673588155,309494
2,12260,1666472184770,1368292036119,11717837
2,12261,1655293817774,1364367623328,1709213
2,12262,1588857733881,1588756149632,1876174
2,12263,1605276824738,1483209092125,1887169
2,12264,1615488616828,1615484024841,1117076
2,12265,1529583761006,1529534929957,363467
2,12266,1632572748365,1632562472060,304020
2,12267,1646618655893,1586732192448,890297
2,12268,1631707453110,1631706646977,391388
2,12269,1652914990170,1248188452216,450592
2,12270,1675633090689,1496441375457,2508916
2,12271,1596481199404,1596478303690,829656
2,12272,1493733771477,29,1254865
2,12273,1631598935902,1381367295995,481490
2,12274,1599859521505,1599859500996,4502486
2,12275,1542079746624,1458553423193,1564000
2,12276,1529367469187,1414449682911,366636
2,12277,1651797519789,1349477488798,462347
2,12278,1632131622486,1632127333991,458344
2,12279,1542382782239,1398728661613,1926716
2,12280,1618559532500,1618497170190,347704
2,12281,1580114299475,1580112805966,412370
2,12282,1633553452029,1349477488740,5123835
2,12283,1631964912500,1631961350880,785174
2,12284,1556760808234,1253683383517,293665
2,12285,1673183235000,1553874394458,294088
2,12286,1643658984499,1586106819653,320083
2,12287,1645093391271,1349477488697,2016224
2,12288,1542307542925,1253683383517,4930321
2,12289,1633415080542,1469761595637,1379135
2,12290,1568634889827,1283016271301,804888
2,12291,1623787332905,1310576403943,1094379
2,12292,1586215221694,1330934306862,2417706
2,12293,1645053826703,1609460213042,960391
2,12294,1361740126307,1359047250267,4904750
2,12295,1651715924120,1349477488748,4946978
2,12296,1468746563355,1468746535960,46747290
2,12297,1569103048829,1463851268169,213984
2,12298,1649520887533,1349477488736,212800
2,12299,1670640683556,1264653384165,1626420
2,12300,1656634349000,1408540776920,468079
2,12301,1688085342995,1368292627098,4966018
2,12302,1665050363164,1524632097150,333160
2,12303,1688841265000,1390313167196,7011261
2,12304,1700403387076,1341339332361,1199873
2,12305,1630605404134,1630605270157,5925448
2,12306,1614599711790,1614544382134,505194
2,12307,1617515916675,1617353077302,9672635
2,12308,1552137203438,1402456305835,608291
2,12309,1687249728000,1185996957304,4301373
2,12310,1673482122623,1356396068323,1356518
2,12311,1634104120836,1235155429769,9977535
2,12312,1695227319943,1695222502702,512193
2,12313,1488871498605,2105,5642498
2,12314,1512525624284,1512525443844,495237
2,12315,1679429350000,1391056663129,2613401
2,12316,1635545902209,1373020039121,5700534
2,12317,1618575339218,1296173419495,1126629
2,12318,1595759384314,1358044495439,1486565
2,12319,1679271851356,1479242579780,1013041
2,12320,1631263370348,1631262338047,1259781
2,12321,1630180926863,1630180833695,2304791
2,12322,1666234949841,1666115205727,2323804
2,12323,1686339615727,1311059312145,4513683
2,12324,1571301554209,1239041701373,499494
2,12325,1612901847492,1612832817763,3880028
2,12326,1323042300285,1251849465143,3215991
2,12327,1617447700486,1404247845227,408685
2,12328,1511678501090,1264962670310,1457220
2,12329,1675693664000,1286613449146,1220872
2,12330,1639613167725,1365293606461,3553284
2,12331,1590836670603,1590770907008,7281675
2,12332,1679315563783,1358611543810,14698227
2,12333,1571387138786,1470970305080,7475913
2,12334,1603703659442,1603703616838,1726907
2,12335,1624474097692,1234655558515,285030
2,12336,1629214144737,1629214130122,446468
2,12337,1643849379689,1349477489096,11702617
2,12338,1660223447431,1479242579780,504759
2,12339,1683062390915,1349477488697,12270241
2,12340,1623690909639,1368292036119,5900811
2,12341,1671202319486,1254260253080,6121281
2,12342,1570930362979,1570930317211,1285925
2,12343,1623667495390,1623667462363,1410043
2,12344,1657733185693,1495675131235,612786
2,12345,1624090481598,1624089618319,947663
2,12346,1627581149939,1500442264666,3552641
2,12347,1675360094969,1363560700126,1113745
2,12348,1689796369032,1491327787944,810500
2,12349,1616867113193,1543166990173,1024920
2,12350,1692429052201,1368292036119,3141912
2,12351,1693405082545,1349477488697,551334
2,12352,1623348336000,1388942794762,661012
2,12353,1700450591000,1405189422934,1396990
2,12354,1594887719770,1594852787382,835800
2,12355,1698245532882,1214225650015,2980138
2,12356,1508285611093,1506389058020,3148881
2,12357,1561639850884,1325902101971,308837
2,12358,1673734920723,1368292036119,10647321
2,12359,1679710491000,1466956258979,511298
2,12360,1661590964343,1285211659070,248962
2,12361,1589259107372,1370499375665,507988
2,12362,1645399561243,1367317475414,646965
2,12363,1646540314035,1570484336872,1247623
2,12364,1630503492486,1543891578735,202251
2,12365,1620457180722,1620457159564,226587
2,12366,1657201973986,1230524673009,3890320
2,12367,1682769086462,1681753802442,898472
2,12368,1561189722456,1560244504286,207121
2,12369,1627562451202,1627560147661,353114
2,12370,1681570650634,1403219708269,2562451
2,12371,1631900714984,1631899407974,187175
2,12372,1692261538452,1610880526423,320190
2,12373,1622277866698,1,1424735
2,12374,1620381745924,1365293606461,215289
2,12375,1472924552765,1294309195029,282503
2,12376,1694550782443,1391359479452,5749834
2,12377,1642591536432,1306463892572,1356435
2,12378,1618766237219,1618766198269,338252
2,12379,1583644620704,1339252520768,1085145
2,12380,1616604488000,1485269883678,5346547
2,12381,1604842212221,1604842161613,641727
2,12382,1631742027790,1631741841216,558519
2,12383,1532699746001,1532696612349,1096384
2,12384,1510957812943,1322048264812,2818187
2,12385,1630870536984,1630869563787,230410
2,12386,1689681976882,1587325126423,855415
2,12387,1627243935141,1516119069131,366880
2,12388,1693986338956,1402177650166,734566
2,12389,1632402978942,1632402959430,397984
2,12390,1689685841017,1214225650015,2719899
2,12391,1653214772816,1440362878807,876554
2,12392,1627945445056,1627944309929,3320176
2,12393,1683933705051,1368292036119,4889160
2,12394,1686235724783,1364367623328,487859
2,12395,1616070224482,1616069858138,2671046
2,12396,1665835038000,1665822585069,662075
2,12397,1665069255000,1381464944907,299333
2,12398,1422987180135,1320841953742,801067
2,12399,1555344514016,1555251766071,206034
2,12400,1687798373000,1548494604014,287069
2,12401,1391392178794,1254259829410,207813
2,12402,1511003456438,1407848711989,897553
2,12403,1569890607228,1569890593688,1038504
2,12404,1448047063501,1264961836967,1510586
2,12405,1618904780547,1599046329600,2142906
2,12406,1662739000147,1662734100861,763705
2,12407,1564240372809,1246646765080,1491537
2,12408,1633207007171,1312151198540,8656152
2,12409,1580187091363,1580173670484,279008
2,12410,1673731257748,1586782689816,545361
2,12411,1605363394304,1236918353331,5013016
2,12412,1616964709602,1335782638416,3467941
2,12413,1652203396254,1382060716753,585822
2,12414,1511167812717,1511124655205,2040130
2,12415,1639585291979,1554306127490,917953
2,12416,1673808305663,1368292123572,1188729
2,12417,1478519941154,1009861013359,4275278
2,12418,1664736715000,1631030202733,6981930
2,12419,1619942379129,1540315951691,3297195
2,12420,1596575440406,1479242579780,979138
2,12421,1687171380000,1381801010139,3897484
2,12422,1590129719009,1481315006864,2043797
2,12423,1671575467745,1574587964637,339940
2,12424,1618457939369,1315749218600,2770478
2,12425,1690017763439,1363171201399,901941
2,12426,1637786978096,1365293606461,1000509
2,12427,1628451330048,1628446197698,363548
2,12428,1583064686084,1583063732219,594563
2,12429,1616650285502,1466366368885,570714
2,12430,1686185916207,1433538501105,452665
2,12431,1631841672685,1459381160365,2443774
2,12432,1619171242753,1522932821455,813930
2,12433,1219416433612,1185997094579,20834599
2,12434,1623956470157,1570952938136,368775
2,12435,1610802736063,1288463827711,6472037
2,12436,1366994391864,1366737460713,737656
2,12437,1683644321200,1546536898404,1399673
2,12438,1570710510849,1570707360897,1158606
2,12439,1640468247493,1214225650015,1730682
2,12440,1621031491961,1253683383517,3012946
2,12441,1670075152000,1481155290918,5866470
2,12442,1620843088338,1312181317747,334516
2,12443,1631203587575,1631202282139,4800254
2,12444,1657542792692,1413859711864,1002780
2,12445,1630775946530,1630775785557,1037993
2,12446,1347707501167,1209788770781,8458028
2,12447,1642168302682,1365293606461,427910
2,12448,1381200062099,1224469920880,2826568
2,12449,1604421683234,1290284314510,12000796
2,12450,1586703407653,1586703301031,1288227
2,12451,1511890606964,1511890112607,2213084
2,12452,1640760688951,1296169988801,508368
2,12453,1579862879175,1579516617203,1388308
2,12454,1377676837631,1232742823625,24516984
2,12455,1633477562751,1479242579780,3444604
2,12456,1603105243307,1296169988801,233361
2,12457,1613584613005,1339252520768,2791074
2,12458,1597804078955,1234655558515,274837
2,12459,1617827526469,1481150729049,815089
2,12460,1641747159927,1570952938136,208634
2,12461,1663743698000,1663702762966,1956630
2,12462,1623929619667,1,3850823
2,12463,1627649689298,1296499533072,946230
2,12464,1634301476815,1473074640627,745081
2,12465,1630004928598,1368292036119,12145541
2,12466,1696350759151,1214225650015,923275
2,12467,1597729421142,1597729309173,26472559
2,12468,1677065640000,1541868461779,6606259
2,12469,1425993478151,1425106476528,855826
2,12470,1667266421758,1368292036119,6185886
2,12471,1611544373441,1611542762250,586474
2,12472,1699738395745,1479242579780,1529870
2,12473,1626442535077,1625797396392,1185692
2,12474,1661507455000,1253683830094,1269668
2,12475,1659380373044,1601719950438,11649976
2,12476,1622474421129,1622472354441,2739448
2,12477,1692161680000,1534217484487,1387993
2,12478,1632240584617,1214225650015,619482
2,12479,1631707230195,1556384731398,319582
2,12480,1621494865708,1617115323179,652472
2,12481,1515528487929,1267679370216,3709004
2,12482,1558792891384,1499611113493,4013109
2,12483,1560988883171,1369230576307,6254802
2,12484,1619713850126,1335881318503,1571771
2,12485,1686581212271,1330934306862,301798
2,12486,1616072612834,1615334081141,2216229
2,12487,1595836570905,1349477488732,3008039
2,12488,1634750363493,1633783265265,4218528
2,12489,1410804001861,1344109668542,2378208
2,12490,1579650157076,1393187085814,3459507
2,12491,1631730873190,1631647390206,255431
2,12492,1652649828968,1475694566889,1055280
2,12493,1670219388000,1669393335974,437643
2,12494,1425072954391,1424825177284,6890559
2,12495,1611700901174,1368292036119,20043389
2,12496,1625904105793,1349477488733,19575997
2,12497,1685530379000,1633411466283,1529934
2,12498,1645399805405,1393514598062,2620955
2,12499,1615430045341,1368292123572,14334292
2,12500,1642693614358,1553874394458,580609
2,12501,1576564508362,1576564488948,6466800
2,12502,1699397235951,1382060716753,4709632
2,12503,1653051093334,1293981299534,1763121
2,12504,1692371209148,1349477489172,2898327
2,12505,1624491104408,1516206813581,533237
2,12506,1632712153359,1,3906305
2,12507,1675775916184,1509315270695,360806
2,12508,1578851017255,1578850959811,2701721
2,12509,1550264057868,1416146639947,1401382
2,12510,1654120018000,1394240357489,5242753
2,12511,1630574914865,1,690138
2,12512,1622063111013,1442507636587,1304942
2,12513,1607349063197,1607349038579,4260354
2,12514,1633530884177,1633530625323,734696
2,12515,1584499250919,1584499102325,1549163
2,12516,1623780553922,1349477488733,6326632
2,12517,1608184585107,1608184243519,286734
2,12518,1628208279457,1368292251847,5222233
2,12519,1555227731388,1382060716753,2235411
2,12520,1617002802894,1281701382170,768271
2,12521,1537494983214,1359148661717,2060376
2,12522,1614458078362,1497484861934,4168819
2,12523,1676111944000,1264653384165,242292
2,12524,1616017954155,1391741012224,5742616
2,12525,1618166986047,1618166651690,988557
2,12526,1661719662000,1368292036119,3656533
2,12527,1692551728182,1349477488699,2663622
2,12528,1550640397631,1395219926471,2860888
2,12529,1680505182000,1553961868044,952055
2,12530,1660101713000,1391741012224,243572
2,12531,1671390886000,1211307217539,189101
2,12532,1617823676130,1617823628706,255588
2,12533,1526353897515,1526351795636,430042
2,12534,1600620842034,1446823816143,14874450
2,12535,1623267355095,1623265919657,179967
2,12536,1646327321518,1574874176959,432980
2,12537,1600273079027,1349477488798,4069828
2,12538,1672071248970,1387674590527,526815
2,12539,1578845624234,1570690084914,4099230
2,12540,1653264294148,1479242579780,900545
2,12541,1660272977000,1321299135047,1463517
2,12542,1361392549110,1242787632720,1587463
2,12543,1662395211852,1368292036119,5077010
2,12544,1661788222876,1661784978355,297575
2,12545,1663294523000,1382060716753,4469120
2,12546,1591181098311,1290157975343,11515200
2,12547,1532544829995,1300624515973,1000692
2,12548,1693056905902,1277065972609,1624211
2,12549,1549423698145,1212602203450,4329676
2,12550,1587660040660,1321299141647,8199432
2,12551,1634727263105,1349477488697,1416515
2,12552,1416899338456,1358388308437,347807
2,12553,1580928292139,1580836081063,569810
2,12554,1588417762533,1588416086277,373485
2,12555,1690840553939,1468090180996,980414
2,12556,1301689886910,1298219313296,23792173
2,12557,1632146723433,1632145710495,250531
2,12558,1566115532870,1336991183202,860303
2,12559,1632720402045,1368292036119,1657604
2,12560,1630522064357,1508147548768,427914
2,12561,1602887390729,1467205162152,846243
2,12562,1624719152579,1622881775304,464020
2,12563,1663714349332,1512232430870,3175416
2,12564,1646192888396,1517535543853,1365975
2,12565,1589154092024,1589153967884,526295
2,12566,1602357913014,1602110614149,286596
2,12567,1634994409915,1,3998468
2,12568,1518494234657,1518494045058,187732
2,12569,1657194212668,1185996957304,827668
2,12570,1614909732261,1614909405869,202430
2,12571,1425498119493,1425469807640,692457
2,12572,1630914949357,1630846800469,3913783
2,12573,1639190805571,1450832593192,7174766
2,12574,1634636992901,1512314679070,781766
2,12575,1622971829552,1622049060835,2970954
2,12576,1693471967000,1,2976652
2,12577,1680938686000,1,411737
2,12578,1655258725234,1409752712728,752511
2,12579,1609139648355,1510860436932,20480664
2,12580,1599124282203,1599121248276,5709682
2,12581,1634824264795,1527792848658,1721878
2,12582,1687266400000,1680643927013,263680
2,12583,1411142786151,1368254955050,22819445
2,12584,1552137203438,1402456305835,608466
2,12585,1679327893951,1365293606461,314591
2,12586,1634145156441,1631848211961,418075
2,12587,1646776856138,1382060716753,486500
2,12588,1473341669919,1466501918265,233887
2,12589,1616758190777,1469701510754,1326597
2,12590,1668100321359,1253683383517,85108425
2,12591,1673999774524,1,3612203
2,12592,1620360539829,1321299133507,1949528
2,12593,1526770624069,1525642543614,5457286
2,12594,1633077882531,1458330118439,1049858
2,12595,1444025273080,1185996957304,5369624
2,12596,1604172700855,1387481751728,209412
2,12597,1620565027889,1445326026517,3809162
2,12598,1661105660682,1349477488697,2987031
2,12599,1589398143560,1253683432619,2101057
2,12600,1677547080074,1459381160365,1315560
2,12601,1631454730116,1339252520768,1096727
2,12602,1677992123259,1643082076360,257620
2,12603,1573681364347,1573681356534,597613
2,12604,1624799315263,1524996564061,3534460
2,12605,1552016067285,1349477488697,7269212
2,12606,1300994903822,1185996957304,181808
2,12607,1639654573616,1327268190738,5752729
2,12608,1644691106559,1352618417277,3699665
2,12609,1650891615694,1479242579780,219219
2,12610,1684618882025,1476203538852,1421670
2,12611,1652213464925,1546390483496,276006
2,12612,1676190809703,1349477488798,391015
2,12613,1629632373049,1296499533072,284671
2,12614,1650471169502,1363171201399,2502849
2,12615,1616899185109,1412918373396,2404569
2,12616,1593405928235,1,1576031
2,12617,1615404316809,1571519145463,6406555
2,12618,1687298312492,1611359965530,1650019
2,12619,1696198622909,1363697070712,507504
2,12620,1618988126603,1526819910644,5325570
2,12621,1570932904609,1570932670895,731496
2,12622,1657012499367,1597156612392,11223026
2,12623,1623184899560,1357673077065,1400965
2,12624,1662036253143,1442352044761,421360
2,12625,1571859996114,1567951960739,794427
2,12626,1635366142827,1635366096916,359383
2,12627,1614892228927,1430438303283,6139681
2,12628,1601257397000,1,5884117
2,12629,1661621405290,1446159057643,698177
2,12630,1572509457333,1335881443087,266433
2,12631,1538833675807,1538833657397,2684382
2,12632,1650402144059,1554058974976,805191
2,12633,1669828263545,1382060716753,7831290
2,12634,1690731562000,1402176732152,193341
2,12635,1573640069700,1573640052338,1083009
2,12636,1528483458256,1527868278187,488604
2,12637,1694250955145,1368292036119,1615130
2,12638,1513787298945,1464457011282,1365747
2,12639,1581206286661,1581196960368,318695
2,12640,1677352633694,1677352615301,646927
2,12641,1697331794658,1363171201399,663333
2,12642,1629099735433,1629099627107,1467134
2,12643,1652377824187,1537634449825,1243981
2,12644,1669616819830,1321299141427,650325
2,12645,1602643481950,1350913242158,248248
2,12646,1693221800000,1276829756781,214040
2,12647,1622205006388,1541275537030,3512905
2,12648,1687705046424,1301242364513,555137
2,12649,1675794975957,1604689795900,289582
2,12650,1664140058557,1397327008275,255627
2,12651,1636519978192,1321299141411,732620
2,12652,1698223760563,1680002219925,216926
2,12653,1663107943971,1409142787114,2387466
2,12654,1685131608000,1382060716753,1822727
2,12655,1550004904728,1550002110163,928771
2,12656,1635900352401,1540635059740,734299
2,12657,1428895960309,1316163197868,1753373
2,12658,1487470266352,1487470203373,10150968
2,12659,1614776297237,1577461267852,1361011
2,12660,1655255010082,1368292036119,7974036
2,12661,1604975760679,1294194265062,3928619
2,12662,1630778224573,1484950323969,2498225
2,12663,1676841625446,1363171201399,519120
2,12664,1651247178764,1367317475414,825383
2,12665,1652835836395,1379541049761,744529
2,12666,1633917615610,1370145367610,2442656
2,12667,1619437773154,1511175089594,1360535
2,12668,1631303236215,1253683383517,358105
2,12669,1612731462235,1349477488697,5512538
2,12670,1664238689310,1,1292435
2,12671,1653376893359,1653376858983,301093
2,12672,1619009929806,1619009892167,732943
2,12673,1658601082861,1368292036119,3696669
2,12674,1610316787441,1253683609117,1995655
2,12675,1624643414944,1429359583723,207262
2,12676,1632666779531,1632663739134,3679655
2,12677,1666702054667,1368292036119,2695554
2,12678,1614257048789,1607420246366,210248
2,12679,1666343978340,1666151971910,2018531
2,12680,1607009545713,1481165522790,1423418
2,12681,1690751596452,1253683383517,910435
2,12682,1631369304051,1631129240746,446338
2,12683,1568480793507,1568480096601,973991
2,12684,1589810044078,10,2387868
2,12685,1696147879000,1353588447521,307173
2,12686,1632019758045,1632014241974,1348164
2,12687,1689301537548,1402456305835,1843198
2,12688,1633004914173,1633004752577,957506
2,12689,1504316474371,1504316431732,2988225
2,12690,1691446359088,1401126656910,4855740
2,12691,1573123035564,1573122995409,867954
2,12692,1670687705653,1530018387855,552797
2,12693,1590642566192,1264049677740,3988898
2,12694,1610991197266,1349477488740,3928922
2,12695,1521819683111,1374455301625,745880
2,12696,1633009609472,1349477488697,259632
2,12697,1638924251936,1377888799046,752920
2,12698,1675796342361,1402176459981,5471355
2,12699,1571075657373,1467063868554,251215
2,12700,1674653532848,1358606738334,1476087
2,12701,1662551101882,1442747087990,776899
2,12702,1698150940983,1691508965854,986562
2,12703,1592119558147,1589030153114,1190489
2,12704,1698726849824,1382060716753,2633333
2,12705,1462483023097,1462482719586,22291378
2,12706,1665840768539,1663171540072,439969
2,12707,1678016559124,1382060716753,2286361
2,12708,1632998493807,1632979179040,1276248
2,12709,1631283961583,1631283858801,225419
2,12710,1653409034068,1293981228694,1762398
2,12711,1690982042000,1230430869468,14353294
2,12712,1659782204000,1382060716753,652378
2,12713,1624388500131,1623668691028,1736369
2,12714,1675275825000,1336243091843,210578
2,12715,1683848856216,1234655558515,3002541
2,12716,1446005061845,1446004963672,1017381
2,12717,1464370058491,1464369922854,4084182
2,12718,1631611114763,1631611093197,315704
2,12719,1678587889275,1466376245821,1084122
2,12720,1679872873854,1382060716753,1109395
2,12721,1620062018839,1368292036119,11719820
2,12722,1644953396565,1368292036119,17880031
2,12723,1422543752637,1255653553364,576307
2,12724,1666671506887,1368292036119,5508607
2,12725,1663085884250,1402440092148,2341140
2,12726,1409920255380,1248910235000,1321587
2,12727,1627861795037,1595804337160,951132
2,12728,1684196889365,1262395831430,491266
2,12729,1431526526389,1,4805146
2,12730,1661116066814,1349477488820,659517
2,12731,1617757670126,1617326456852,211446
2,12732,1650605491730,1560255124975,2261216
2,12733,1645109169934,1403663302368,353352
2,12734,1634954446327,1363171201399,5948711
2,12735,1686232452090,1479242579780,2288797
2,12736,1406388693046,1257517158578,1502781
2,12737,1633166267402,1633065688996,1347346
2,12738,1631307672169,1382060716753,275801
2,12739,1597244477865,1365293606461,3788917
2,12740,1558037572714,1558035736019,1589473
2,12741,1631290042402,1349477488803,3772758
2,12742,1539824520465,1349477488752,26672735
2,12743,1631128703356,1563724308786,494665
2,12744,1632068191955,1632068172745,2931874
2,12745,1625284752200,1339252520768,1114654
2,12746,1618497739157,1618497729205,317982
2,12747,1653105625887,1368292036119,14167335
2,12748,1603385052198,1603384657961,6922447
2,12749,1635159555061,1326518140111,557785
2,12750,1588538648218,1570952938136,3907745
2,12751,1595770314768,1267508996665,5062656
2,12752,1617733939538,1617732966716,263040
2,12753,1690244963595,1365293606461,922834
2,12754,1631428065182,1410105702320,182562
2,12755,1553254576141,1281408947636,2119480
2,12756,1692804767068,1510829933924,514866
2,12757,1588632111275,1341386344459,5255890
2,12758,1329992425204,1316869470203,276040
2,12759,1609961507549,1413859711864,9295237
2,12760,1605547225577,1544958950374,256366
2,12761,1631795328410,1631619944159,9396123
2,12762,1544807158906,1544806191815,227699
2,12763,1520108957125,1421053844342,3388367
2,12764,1641927355710,1,6632102
2,12765,1569151493672,1350913242158,2652804
2,12766,1645077048644,1349477488697,13502105
2,12767,1551846695660,1321299141551,252450
2,12768,1488802136868,1286040959355,5372395
2,12769,1677897127784,1,608079
2,12770,1647392256210,1368292036119,3624722
2,12771,1632218161834,1,1053894
2,12772,1563987577899,1255653553364,1840906
2,12773,1542740313674,1542740307594,1947621
2,12774,1500640629684,1464494611200,3401281
2,12775,1649821301739,1583196159046,7084105
2,12776,1578437393960,1363171201399,12893252
2,12777,1539648739951,1539630526310,433833
2,12778,1572709173126,1572709066385,3880322
2,12779,1506624254830,1506621330463,6222858
2,12780,1454431958275,1454424175987,1258649
2,12781,1623266103118,1622976468878,176135
2,12782,1597327465847,1597327447865,670064
2,12783,1671766414169,1554158477756,2345181
2,12784,1656549153295,1368292036119,11848714
2,12785,1578712199181,1578712062036,409166
2,12786,1640311781827,1499301713030,7615129
2,12787,1605682932508,1263168851843,359896
2,12788,1357513739508,1285895446731,9474063
2,12789,1608566387001,1569164937986,6788214
2,12790,1527572458460,1254259829410,1033575
2,12791,1561071259783,1414222097982,1038403
2,12792,1685268123579,1314323481507,427338
2,12793,1667753732496,1667753684997,1497724
2,12794,1689250556000,1487076983007,498182
2,12795,1662102858042,1368292340870,9258606
2,12796,1532299801096,1532297148640,6009536
2,12797,1630026643326,1553874394458,4915588
2,12798,1642022317871,1594335089144,598492
2,12799,1628960811570,1365293606461,889968
2,12800,1582136713980,17,2011074
2,12801,1625486407739,1253791415886,505366
2,12802,1648198534552,1349477488697,867901
2,12803,1677952567143,1368292036119,11337386
2,12804,1616117497938,1295662421703,385726
2,12805,1690307716920,1597065143792,829700
2,12806,1601915362828,1357654336906,1074648
2,12807,1679983181657,1368292036119,2676328
2,12808,1632156460947,1632156389671,1882519
2,12809,1694707572267,1402177894457,3488497
2,12810,1644199912210,1500442264666,183920
2,12811,1660003728859,1479440509872,612951
2,12812,1634793936477,1444981752438,7280946
2,12813,1642304376658,1,12658802
2,12814,1621155579083,1425471529052,775393
2,12815,1694134063756,1387417464564,980164
2,12816,1610344300723,1368292123572,11422429
2,12817,1592477254172,1368292036119,133306033
2,12818,1692195349689,1467554102207,1193740
2,12819,1623941096941,1623940943147,778457
2,12820,1480495804744,1480480993319,1334804
2,12821,1366994391864,1366737460713,8999675
2,12822,1632083504673,1632001926841,362668
2,12823,1624199655332,1402176459981,549364
2,12824,1680443563636,1553874394458,791972
2,12825,1617882692531,1617882664481,403729
2,12826,1647791422119,1519695865956,188283
2,12827,1641870170169,1447972167081,487997
2,12828,1656338204581,1533805349035,239850
2,12829,1688239565231,1368292036119,4923664
2,12830,1602264514581,1598899248506,2420008
2,12831,1590122150051,1590121738069,364003
2,12832,1672672396905,1511976584845,2112457
2,12833,1592513887001,1479242579780,1156152
2,12834,1457542282350,1457541907417,2300815
2,12835,1574851502442,1574850144861,1126488
2,12836,1659579455494,1592565659747,222760
2,12837,1622949913308,12705,1790273
2,12838,1588598377614,1588598367451,789951
2,12839,1698885209188,1527597421023,2654342
2,12840,1630400957415,1590426110687,533560
2,12841,1613547927476,1613546973694,1020615
2,12842,1611656378855,1611656177550,465073
2,12843,1664809291250,1664809145974,1233510
2,12844,1654969107438,1288463827711,1353569
2,12845,1384646400005,1418716728556,13427269
2,12846,1670269488709,1579969338857,264021
2,12847,1695305476734,1214225650015,1624277
2,12848,1681783899359,1363171201399,16045258
2,12849,1628090343642,1425303519487,1816161
2,12850,1572107366496,1,10621854
2,12851,1613445382979,1402175764376,1100435
2,12852,1624032561965,1382060751525,1637780
2,12853,1637771971537,1287867057355,7854681
2,12854,1667779164362,1636503973716,304091
2,12855,1633137398313,1349477488732,2503608
2,12856,1648645367229,1597285177595,2635104
2,12857,1638012742903,1253683383517,2088145
2,12858,1632724322467,1632329253698,701792
2,12859,1691364401262,1479515637467,2739736
2,12860,1623420879209,1621951392163,871292
2,12861,1607384351355,1264962426858,14450454
2,12862,1671689687000,1234655558515,351720
2,12863,1694387623808,1422237235442,543831
2,12864,1645469456910,1645450126654,784381
2,12865,1545297755424,1414939360980,423907
2,12866,1552137203438,1402456305835,1209426
2,12867,1641403904980,1454508346670,976159
2,12868,1464696901299,1386148618761,196419
2,12869,1645800184049,1645773218074,346409
2,12870,1699555548593,1363188597789,3107678
2,12871,1689198605703,1537725196965,6661044
2,12872,1632605767211,1436157453351,932660
2,12873,1579271797023,1579270925253,538883
2,12874,1558995001984,1368292036119,16903613
2,12875,1598111524453,1440906815908,1337504
2,12876,1616434797399,1349477488697,5146928
2,12877,1647830448307,1,3442333
2,12878,1693079626087,1382060716753,10812541
2,12879,1661705660237,1526062341472,674288
2,12880,1649335779958,1349477488847,14140926
2,12881,1525432686735,1292381855590,13737850
2,12882,1619662447765,1584201126945,369879
2,12883,1573690486931,1185996957304,2162356
2,12884,1634978692986,12705,1120034
2,12885,1615849715542,1253683383517,3822516
2,12886,1579045341400,1578935047496,1248214
2,12887,1656586043000,1358606738334,7398091
2,12888,1696253703826,1457658817970,193968
2,12889,1609526959746,1476203538828,873470
2,12890,1644621145301,1269722041455,750990
2,12891,1630436222570,1273439686875,1033395
2,12892,1537180972279,1537180925289,649511
2,12893,1622124502036,1622037709976,1834666
2,12894,1663560758502,1349477488697,1124993
2,12895,1682631912893,1682631900431,519825
2,12896,1598717634650,1339252520768,1672389
2,12897,1668791324451,1563815925612,290412
2,12898,1634244636150,1248092275334,278395
2,12899,1534873523343,1534856047528,2939403
2,12900,1694631420707,1547632342680,523764
2,12901,1619287839811,1339252520768,245021
2,12902,1675955866487,1341238124197,1069344
2,12903,1637916347666,1479373271918,150748
2,12904,1384896673831,1211305353528,3607346
2,12905,1625609090123,1625608749653,322590
2,12906,1690589175574,1689812370250,348908
2,12907,1677114270570,1610156436157,1083331
2,12908,1204950632203,1204942865937,3217813
2,12909,1621744951289,1486803537277,484317
2,12910,1652751927662,1626913502532,338753
2,12911,1675914602375,1385335632993,1297819
2,12912,1632073852012,1536346174489,546286
2,12913,1620764642449,1569679967082,14405434
2,12914,1653744005575,1511238435454,4761620
2,12915,1408018510919,1408018455290,605261
2,12916,1416899338456,1358388308437,645526
2,12917,1563304317027,1349477488697,795365
2,12918,1443894675479,1443894431920,861145
2,12919,1577375317213,1577361026469,1120046
2,12920,1681817076000,1611072090616,483087
2,12921,1616083635943,1453361076622,805193
2,12922,1647879510138,1522420645411,423316
2,12923,1606054923086,1504812362007,9745873
2,12924,1550327944657,1388887287859,4829002
2,12925,1655924373322,1211307217539,1156513
2,12926,1578576169904,1385554198774,2602492
2,12927,1630634423490,1630634409367,2229162
2,12928,1645677832302,1496418822620,653640
2,12929,1619610824920,1619610771367,1956064
2,12930,1698127047168,1461601985994,414318
2,12931,1634313662177,1379542597430,6476053
2,12932,1620219365812,1620213103989,21757161
2,12933,1594444481846,1594412823835,172758
2,12934,1448982834277,1278450440837,10774502
2,12935,1613784770070,2227,546652
2,12936,1683998936477,1402176732152,6719042
2,12937,1677871082308,1321299141551,759495
2,12938,1631946372812,1296169988801,1024260
2,12939,1595008541526,1253277867565,3685957
2,12940,1630798758671,1630796517957,3251027
2,12941,1615231980455,1615231657032,358149
2,12942,1641409036842,1430878926884,1638319
2,12943,1675065240153,1321299133411,1737674
2,12944,1487659969138,1341238124197,7177751
2,12945,1674536870539,1339252520768,3525937
2,12946,1640166195778,1349477489108,599636
2,12947,1586739260145,1586184915076,404181
2,12948,1630680653143,1630595741056,1528843
2,12949,1685036369635,1479242579780,925410
2,12950,1671562577000,1285428733991,5289667
2,12951,1676509578868,1360784180541,4785321
2,12952,1667816612000,1293981228694,6567824
2,12953,1597376994240,1548089883291,365057
2,12954,1621707324783,1621706818579,982734
2,12955,1617223715032,1443436821403,10798295
2,12956,1615884469250,1615882735512,631018
2,12957,1688407048802,1214225650015,272752
2,12958,1677944398000,1442860246173,375137
2,12959,1656493676860,1547654176209,724641
2,12960,1629995642697,1253683383517,501498
2,12961,1631667390252,1253683383517,2365947
2,12962,1561274483423,1436157710229,905249
2,12963,1589687930983,1589647254295,2029581
2,12964,1644536109587,1358606738334,11515954
2,12965,1620501192789,1562932230592,1164898
2,12966,1666037025066,1507858033477,6218217
2,12967,1627064345408,1627064223730,230018
2,12968,1614812254554,1349477488697,5288185
2,12969,1618564192575,1616482970790,421947
2,12970,1647901805577,1296169988801,196236
2,12971,1682345177983,1237329777514,237704
2,12972,1611979653777,1500911351802,379465
2,12973,1648043731126,1522151994912,245261
2,12974,1589103265609,1,860062
2,12975,1637022660253,1415428775367,230586
2,12976,1636183323984,1532257543864,862750
2,12977,1665742789694,1251849465143,685488
2,12978,1618836921554,1618493100946,728224
2,12979,1629768966044,1629767839384,1219517
2,12980,1660513978173,1,1080769
2,12981,1665030437365,1433489648891,513203
2,12982,1604167765650,1368292251847,4666019
2,12983,1233886346927,1233882826801,2480359
2,12984,1643787692647,1437776475124,374056
2,12985,1645095983438,1339252520768,292058
2,12986,1668883609000,1631769341366,632663
2,12987,1597099079453,1353588447521,7867182
2,12988,1357655825015,1357654336906,361236
2,12989,1676386421454,1676326077785,805767
2,12990,1680056562508,1349477488732,3065337
2,12991,1659879774832,1389086972995,577739
2,12992,1679857271460,1234737869041,776332
2,12993,1539306072742,1539298702714,4057834
2,12994,1595124833510,1594512725237,461109
2,12995,1640492315043,1368292036119,3121877
2,12996,1630596549375,1630596460946,183791
2,12997,1542602047828,1368292036119,19176664
2,12998,1549656505615,1315388104424,3992349
2,12999,1589509686140,1560986063133,2923923
2,13000,1651869996337,1382060716753,4058538
2,13001,1631687334974,1631687259408,2511395
2,13002,1615051337659,1459381160365,427858
2,13003,1635972554120,1321299133753,1239657
2,13004,1658968997731,1368292036119,8892317
2,13005,1665147386021,1473961041629,588372
2,13006,1368552251676,1368547240268,1265840
2,13007,1630356575795,1630356544156,2165472
2,13008,1695258990246,1651085841807,295797
2,13009,1658639571697,1230764734754,10805965
2,13010,1654024626044,1363171201399,5316294
2,13011,1669905968280,1349477488847,968691
2,13012,1566261251729,1459381160365,585096
2,13013,1612801347716,1612800768845,6419313
2,13014,1621948270461,1478807084232,609521
2,13015,1585498617534,1585407680580,423367
2,13016,1620247656450,1526819733810,612012
2,13017,1606320590503,1349477489493,4391190
2,13018,1565101730252,1565098018858,462129
2,13019,1592601127563,1592599938792,998573
2,13020,1631039284382,1631035999171,396434
2,13021,1666697002362,1548494604014,364330
2,13022,1640110768061,1358606738334,227695
2,13023,1674218528030,1674215822118,521627
2,13024,1423775294280,1423764658902,1664705
2,13025,1609130860953,1422813188670,3514270
2,13026,1585596328895,1339252520768,1786659
2,13027,1536975008254,1434539087359,1231654
2,13028,1631894057275,1631748550034,1202247
2,13029,1486346982101,1330250475060,17876487
2,13030,1555602168088,1348903090032,1649674
2,13031,1695406271788,1434121767901,257372
2,13032,1595552221657,1442352044713,10646324
2,13033,1676413021349,1675991987291,252108
2,13034,1634518258747,1395842133321,2273228
2,13035,1361740126307,1359047250267,1985734
2,13036,1623061230361,1425843754115,2807765
2,13037,1660057511253,1365293606461,9864004
2,13038,1665110360675,1664207313147,232814
2,13039,1696803976166,1382060716753,2282827
2,13040,1630170231558,1597065143792,5379596
2,13041,1619739045930,1382060716753,6770943
2,13042,1647720449896,1,1756119
2,13043,1671820494644,1600165293290,1109571
2,13044,1565157597783,1339252520768,1652250
2,13045,1665493242823,1368292036119,3286226
2,13046,1639185339078,1366757977454,4698986
2,13047,1538461903854,1538461883260,4609496
2,13048,1675990661647,1368292036119,5661454
2,13049,1652153429730,1349477489336,6239034
2,13050,1616040964057,1614312808840,1320761
2,13051,1677620821250,1349477490710,1171156
2,13052,1661853509351,1389609484811,2765671
2,13053,1558163613192,1239041701339,1946622
2,13054,1607336886149,1607336857290,271246
2,13055,1678545169769,1430323790512,4799616
2,13056,1663434327279,1368292036119,3858042
2,13057,1596634444710,1563430776326,2453841
2,13058,1685128254547,1339252520768,1177814
2,13059,1685316470317,12705,671651
2,13060,1657178832720,1597502088698,1137736
2,13061,1694579069005,1339252520768,644039
2,13062,1628705588387,1333219517891,1139303
2,13063,1628848405261,1628845405384,478398
2,13064,1552137203438,1402456305835,1298393
2,13065,1579869619111,1579861097392,3342943
2,13066,1662990553000,1662626222465,1001470
2,13067,1611401575895,1352878041460,8916009
2,13068,1631267251531,1556384731398,248785
2,13069,1430293836103,1327409934971,21094928
2,13070,1697561307000,1397327008275,2579446
2,13071,1665725301930,1338405665397,355034
2,13072,1626992114917,1626992070605,1119295
2,13073,1683746822832,1363171201399,11410839
2,13074,1639264238908,1275483827359,1904824
2,13075,1588346834141,1587913078976,384122
2,13076,1620086077258,1296169988801,465886
2,13077,1652082843977,1563909811810,7988366
2,13078,1544706740473,1471294599747,2568841
2,13079,1549484315316,1549392808433,10013982
2,13080,1638989658017,1296169988801,4502655
2,13081,1684622736320,1479242819243,502684
2,13082,1686248841122,1368292036119,213310
2,13083,1698870213687,1484617682443,526517
2,13084,1655085296521,1571090727268,1910042
2,13085,1692571480769,1214225650015,10357100
2,13086,1638233708078,1481070545773,823858
2,13087,1613259786837,1214225650015,631595
2,13088,1683203639000,1402678045921,626034
2,13089,1669091230532,1378009796367,2353284
2,13090,1454194091373,1268114053171,2365506
2,13091,1670193322832,1286040961367,538213
2,13092,1687278426606,1474474209351,1423319
2,13093,1697749570831,1230437552101,9152859
2,13094,1615831043563,1615416255184,536201
2,13095,1616163986709,1616163782423,244659
2,13096,1610659780540,1376028206947,504536
2,13097,1636288296424,1565360772907,2452467
2,13098,1613398128368,1393817670651,1243637
2,13099,1469303878161,1469229120886,520674
2,13100,1601821932169,1462115013953,266396
2,13101,1348817256106,1249936371062,1905714
2,13102,1691477747572,1409203498421,1056235
2,13103,1510497953111,1385245372023,393744
2,13104,1622822114230,1622745899645,918173
2,13105,1552137203438,1402456305835,3336908
2,13106,1621527618121,1537534561537,3458859
2,13107,1621901097194,1621900984738,453451
2,13108,1572898779627,1429221889377,839881
2,13109,1690827412807,1252645161479,249171
2,13110,1461162376535,1442820645280,4237240
2,13111,1535889833980,1349477488803,10175789
2,13112,1612965736243,1612890076745,2510231
2,13113,1619611976096,1481896498728,1925015
2,13114,1524411183300,1521907332988,3072055
2,13115,1613243798717,1322157758924,358679
2,13116,1689198383075,1467927088986,1371526
2,13117,1299600544316,1271205129001,4325331
2,13118,1660271727119,1349477488733,9789042
2,13119,1619245724500,1619169043861,715171
2,13120,1631767727537,1553874394458,568464
2,13121,1691153256502,1453361076846,503376
2,13122,1509461819486,1509447689841,879952
2,13123,1579036206492,1579036152299,624498
2,13124,1608625326902,1470850047965,1146010
2,13125,1638904931314,1356396068911,1336504
2,13126,1679439567000,1230430322217,9959234
2,13127,1621020863745,1620968033579,293693
2,13128,1618759802182,1363171201399,2622583
2,13129,1644826132149,1368292251847,6314021
2,13130,1615310584185,1615310422231,1202684
2,13131,1649349102672,1273439686875,388567
2,13132,1490789909708,1471055350537,1433531
2,13133,1584195423361,1365293606461,1686845
2,13134,1450380710211,1450380687664,762301
2,13135,1617135914419,1,1039130
2,13136,1653681996701,1331227910519,430528
2,13137,1631049033841,1631048966925,186463
2,13138,1665248226263,1440514349459,433629
2,13139,1663431478606,1663430985664,264888
2,13140,1577779658852,1357604010011,1139755
2,13141,1673112002901,1382060716753,2683472
2,13142,1396700368945,1185996957304,6134437
2,13143,1624355391825,1500984657320,2411673
2,13144,1521902300132,1321299133411,5334256
2,13145,1569860691022,1402524202094,13654137
2,13146,1671560117319,1368292036119,8816196
2,13147,1696710609225,1264921859464,9982246
2,13148,1658487952330,1658016290861,2422800
2,13149,1485331389915,1485331270273,2921984
2,13150,1601663170122,1601663158929,399070
2,13151,1647056951304,1253683383517,1382791
2,13152,1598845128074,1598364753923,1509196
2,13153,1665596037623,1470839287067,2868419
2,13154,1597676344019,1237329777514,570470
2,13155,1462107776404,1461972315221,2061566
2,13156,1628596818816,1546541548808,5660264
2,13157,1580283025068,1580282994417,3248365
2,13158,1620146884325,1330577651259,228075
2,13159,1617920735057,1362752335677,225549
2,13160,1631454108180,1631454081364,6457477
2,13161,1661804159082,1487274616017,2271409
2,13162,1633435866852,1633428628379,482099
2,13163,1638774945715,1381363051363,3574953
2,13164,1679824545525,1253683383517,965732
2,13165,1693530112423,1,1071796
2,13166,1604813083220,1604406759457,577775
2,13167,1674053411371,1452630970051,511448
2,13168,1630550174716,1349477488803,2681761
2,13169,1672887179596,1383506772593,2364369
2,13170,1262394612002,1262374779096,3339016
2,13171,1614805372871,1494680961137,2416684
2,13172,1685851197231,1685656385552,643898
2,13173,1620108322332,1185996957304,8761222
2,13174,1678922937535,1489529694932,223927
2,13175,1366994391864,1366737460713,2842064
2,13176,1596155638331,1496183537268,2744669
2,13177,1565963918908,1565954392891,223592
2,13178,1548664292502,1253683383517,1093980
2,13179,1618600968172,1618600946553,967551
2,13180,1677305674253,1231629006589,3336170
2,13181,1649692986648,1587137172249,1372548
2,13182,1634310644554,1349477488803,1301483
2,13183,1624147659548,1455014747484,463251
2,13184,1575929278577,1475114938195,84127313
2,13185,1679699179080,1341446260028,1437641
2,13186,1684792099000,1360859711240,231775
2,13187,1631500105714,1631497601672,230600
2,13188,1619538459509,1419359509035,234441
2,13189,1651770039844,1363171201399,4337874
2,13190,1698844759000,1631144218620,2893098
2,13191,1695751132411,1349477488799,1205926
2,13192,1538123822444,1537528884743,237033
2,13193,1575357440883,1448118548140,991636
2,13194,1646390903637,1273439686875,298637
2,13195,1660687814605,1365293606461,3087233
2,13196,1604149242614,1604147716254,233094
2,13197,1553534084149,1551725470065,967793
2,13198,1642422336813,1642403743172,948797
2,13199,1641141598245,1358606738334,371796
2,13200,1680640714000,1363171734280,16680691
2,13201,1640177896465,1639892732153,205511
2,13202,1684138823915,1682192715260,317112
2,13203,1658516038000,1357075494347,477435
2,13204,1672816477235,1556384731398,932998
2,13205,1668130889268,1348705063714,269013
2,13206,1649524696175,1368292167716,3488264
2,13207,1651405341249,1444207878098,334542
2,13208,1536340142629,1536280714990,551986
2,13209,1628491094149,1626158268450,642917
2,13210,1609886034682,1599414097806,220486
2,13211,1575925042669,1417130461284,1758392
2,13212,1363586711357,1246297774292,603146
2,13213,1520767859961,1321299141683,431374
2,13214,1533866687806,1267679370216,11174542
2,13215,1631471866115,1631471204163,939881
2,13216,1563976191401,1563976082037,1731293
2,13217,1574088680324,1546512862465,2881415
2,13218,1647520750772,3001,2311224
2,13219,1624007783978,1508108555065,1890117
2,13220,1602789114991,1316882939868,1253534
2,13221,1610731332785,1610597313923,271092
2,13222,1660507451721,1339252520768,435453
2,13223,1587057854920,1587054960575,206409
2,13224,1668196442644,1368292036119,6726293
2,13225,1624789104640,1,3261133
2,13226,1646841270743,1368292036119,3372057
2,13227,1568619347031,1296169988801,252453
2,13228,1617091831818,1610975444881,1552515
2,13229,1535977896879,1331102569886,1686962
2,13230,1633088383178,1,402201
2,13231,1673448178940,1340646506928,2673905
2,13232,1640123630617,1540573138952,6739992
2,13233,1619857677209,1478415537833,314002
2,13234,1649707776261,1365293606461,626544
2,13235,1523774527880,1211307217539,1441456
2,13236,1691965009760,1349477488837,15244313
2,13237,1476533457649,1434579488809,555093
2,13238,1635330913217,429,3624455
2,13239,1482424946220,1482424914087,2824722
2,13240,1546965728011,1546963408121,685017
2,13241,1619543164830,1389044065403,1551108
2,13242,1678333569809,1564825658331,3356257
2,13243,1607274107775,1,2851383
2,13244,1631587695944,1631564524346,255186
2,13245,1571988109943,1439728329732,8602751
2,13246,1663580739693,1663580649998,756191
2,13247,1582242219623,1578078885974,449775
2,13248,1695319987619,1452473134999,1400710
2,13249,1637560351288,1296169988801,254393
2,13250,1573720335826,1522736185416,1763520
2,13251,1680376933384,1245205460625,264740
2,13252,1631632997760,1527812444260,274179
2,13253,1679092311000,1536399764625,725508
2,13254,1517166002799,1379570982769,609914
2,13255,1666316922587,1666316673570,319467
2,13256,1631161913723,1401512365563,258329
2,13257,1681957351864,1403023479358,4470314
2,13258,1664439915594,1377176488198,3276317
2,13259,1620136650616,12722,435500
2,13260,1662305059899,1405840630680,581247
2,13261,1617491308875,1617490339485,353318
2,13262,1650378727403,1447180798873,15995281
2,13263,1622849218454,1621990765258,1156149
2,13264,1661231390867,1391741012224,364706
2,13265,1688577849380,1379541049761,190292
2,13266,1691642130337,1403404101072,2030784
2,13267,1630862180425,1630861873022,2983152
2,13268,1621219120936,1533782543805,1977109
2,13269,1425993478151,1425106476528,7384431
2,13270,1648262976349,1352570420990,3822965
2,13271,1622963399738,1319633212106,2030374
2,13272,1645766785041,1583251930199,240694
2,13273,1644495627494,1479111526048,2276386
2,13274,1621976092959,1621970772366,211901
2,13275,1636429868774,1363171201399,9956151
2,13276,1685969119000,1340646506928,2526996
2,13277,1631538638877,1517672422054,1754543
2,13278,1683886764929,1368292036119,30607282
2,13279,1678251595414,1368292036119,359909
2,13280,1614525519386,1372962733100,489992
2,13281,1687947723560,1385335632993,489730
2,13282,1613808673600,1341386344459,903959
2,13283,1634594196530,1,857063
2,13284,1500942357686,1245205460625,2037383
2,13285,1628775525315,1253683383517,740780
2,13286,1407199168249,1407197375994,4254724
2,13287,1693347966432,1481215763496,225907
2,13288,1617471976878,1365293606461,645366
2,13289,1479789138321,1479788725039,4110132
2,13290,1623777423704,1480837995987,568907
2,13291,1657624267166,1467554103125,6078928
2,13292,1653402646412,1479242579780,1486316
2,13293,1520505603969,1382265479297,1215641
2,13294,1649498950638,1321299141647,1322691
2,13295,1619191164571,1,649944
2,13296,1550164510153,1550162208245,2681126
2,13297,1630766959351,1185996957304,261932
2,13298,1426067753044,1383415732695,2112681
2,13299,1646745560562,1331102569886,2899208
2,13300,1613360559811,1590169297882,427779
2,13301,1698628835926,1363171201399,2757537
2,13302,1553176478454,1363534233080,664017
2,13303,1614024274137,1365793907230,3572177
2,13304,1675356685000,1480984615267,326055
2,13305,1610197315049,1255654030378,2492033
2,13306,1614604364498,1613000810059,396884
2,13307,1632524892818,1339252520768,261617
2,13308,1658948709672,1389609484811,208226
2,13309,1646854431979,1349477488771,8169776
2,13310,1694776888233,1332782303694,1239078
2,13311,1648674939971,1321299141551,206369
2,13312,1598244754055,1471813721762,1210511
2,13313,1631138509027,1631138425308,2629343
2,13314,1518305690144,1518303701488,1954256
2,13315,1670705359000,1553874394458,200869
2,13316,1677451159577,1381801009962,1069514
2,13317,1692194714445,1511691674921,361911
2,13318,1635204534069,1,1420085
2,13319,1650021208740,1389886217126,9647532
2,13320,1607084597888,1413655104034,2985647
2,13321,1636903398214,1632110505577,827098
2,13322,1634637948804,1569586988404,10901123
2,13323,1618815888803,12747,661847
2,13324,1536714008361,1462140542732,729273
2,13325,1691099825068,1341386344459,424618
2,13326,1658870441789,1488502261170,647969
2,13327,1684167865792,1368292036119,2144089
2,13328,1688856708172,1349477488697,777375
2,13329,1631117682233,1311894701683,995313
2,13330,1617602275799,1369236442009,1388486
2,13331,1615764445883,1567601583724,5192584
2,13332,1648910174427,1443279824235,1683371
2,13333,1443852382122,1255653553364,1244278
2,13334,1657147981000,1321814180155,1178091
2,13335,1678340150266,1454374255310,2876258
2,13336,1533362399577,1518411225375,2151774
2,13337,1660228094114,1368292036119,10549738
2,13338,1638307630030,1382060716753,1722478
2,13339,1581437879470,1336382078884,4827582
2,13340,1666360692916,1553874394458,2715648
2,13341,1635012588226,1365293606461,2612861
2,13342,1638508907722,1402175764376,2384419
2,13343,1559926327399,1430878926884,679099
2,13344,1614614621988,1614614582177,542979
2,13345,1659475532151,1230430322217,2099123
2,13346,1638138181852,1519573538802,296379
2,13347,1462355918193,1462230787748,3878024
2,13348,1637509513333,1379541049761,1445010
2,13349,1642546302080,1642464486766,1264511
2,13350,1535638563768,1296656130240,7984455
2,13351,1652041417000,1349477488798,5786722
2,13352,1559717729533,1330577651259,194758
2,13353,1631999273646,1335782638416,284526
2,13354,1622297127144,1339252520768,2131425
2,13355,1648481254317,1520858605799,521115
2,13356,1558866301703,1558856822751,346760
2,13357,1595205363581,1479242579780,646088
2,13358,1611100661788,1611100641632,187583
2,13359,1594485523083,1368292036119,14384899
2,13360,1665934565632,1397331337392,5585829
2,13361,1621195733081,1403142018138,1053373
2,13362,1616543568560,1432592610130,342314
2,13363,1617625719552,1352665540277,1336786
2,13364,1547867898755,1547788518772,4602327
2,13365,1532975122617,1298705711447,5850612
2,13366,1608634368467,1608634327349,779730
2,13367,1631390487987,1631309154211,332208
2,13368,1619542431467,1523091760497,261116
2,13369,1657348800866,1230430322217,15455077
2,13370,1643493253057,1643313960832,350436
2,13371,1678820649145,1599601956008,667149
2,13372,1693692221719,1366575543875,1032362
2,13373,1616713702035,1349477488837,685026
2,13374,1655781498000,1550433829325,5028251
2,13375,1678677639126,1378864688386,11314731
2,13376,1656263890288,1554743273169,951181
2,13377,1537233339507,1384744833479,1649356
2,13378,1630847711415,12705,4184981
2,13379,1697597033342,1480544138648,2192722
2,13380,1680576292902,1356724422334,494396
2,13381,1630429437370,1630429030080,1044455
2,13382,1645569731616,1349477488774,12983205
2,13383,1536668648134,1321264496053,18071108
2,13384,1658304800345,1296169988801,671962
2,13385,1592926027146,1399883348345,244659
2,13386,1681900825104,1323643978477,3807963
2,13387,1681140712000,1404247845133,2697111
2,13388,1583955683848,1290284314554,537257
2,13389,1694631148250,1402176532682,508462
2,13390,1631626171294,1389310387806,191551
2,13391,1631251373159,1369987311928,2225035
2,13392,1658463465379,1349477488736,5943246
2,13393,1572312750983,1340809742429,3114061
2,13394,1590327297861,1589947072146,196840
2,13395,1493819949691,1493755126814,487932
2,13396,1619639766044,1500401296517,639547
2,13397,1613587159773,1613586838721,732167
2,13398,1471637058197,1387156062534,5187989
2,13399,1657263373423,1230602634278,10384244
2,13400,1668045430848,1349477488803,1321452
2,13401,1629530800051,1373020039121,13299880
2,13402,1527753806095,1321299133411,8968052
2,13403,1381392106776,1381391009445,3078662
2,13404,1631993116585,1335782638416,22019396
2,13405,1548775628099,1458440003698,1516400
2,13406,1605226051553,1230430322217,3216549
2,13407,1578461035504,1298405563443,264959
2,13408,1672192314335,1368292340870,828575
2,13409,1654769338605,1349477488697,2549200
2,13410,1683379182000,49,1902606
2,13411,1693993976403,1431979361014,11648136
2,13412,1653915991009,1605020690645,492915
2,13413,1627664569066,1627664544963,4225316
2,13414,1595836570905,1349477488732,1974006
2,13415,1693921655000,1296169988801,2200908
2,13416,1629812524101,1469224830451,771018
2,13417,1575884001760,1296169988801,748714
2,13418,1619603632188,1618336281371,430579
2,13419,1688465823094,1251849479116,1573214
2,13420,1599686684758,1599576434175,1300782
2,13421,1618336191926,1618336145038,3762208
2,13422,1656826923984,1455649815970,521172
2,13423,1359688936170,1185996936528,4753688
2,13424,1531795521828,1531795483428,43469347
2,13425,1676914563796,1676913679136,221434
2,13426,1642252265986,1516347478846,287989
2,13427,1684369974952,1389044065403,2740932
2,13428,1663298775269,1556533739563,414646
2,13429,1668274442494,1568383741102,2737741
2,13430,1666684343021,1274249790644,508557
2,13431,1695467403871,1478361681031,309320
2,13432,1678281421135,1402961724661,350704
2,13433,1533736290604,1533690391612,7141062
2,13434,1495706397191,1457788795580,1220548
2,13435,1615252726336,1615252231634,948569
2,13436,1554229777558,1554228531676,1557039
2,13437,1648501924274,1648501185663,421334
2,13438,1615919084389,1615905921858,2003043
2,13439,1631134315722,1349477488697,1959168
2,13440,1629143468781,1230430322217,5364677
2,13441,1559746851174,44,2825229
2,13442,1670351696000,1393539402345,5460385
2,13443,1600896403522,1349477488732,8809088
2,13444,1692199304774,1642549838156,1231656
2,13445,1602782961784,1349477488697,7478868
2,13446,1619891837782,1619891748554,260258
2,13447,1516755190872,1516627190612,1621008
2,13448,1615700656558,1348903090032,457912
2,13449,1625777003927,1,447862
2,13450,1600653289000,1395256059556,1162923
2,13451,1558191102478,1422394767992,7274106
2,13452,1666835546313,1368292036119,6762125
2,13453,1674412028139,1461038827915,190325
2,13454,1692525320628,1459708103560,5457837
2,13455,1692477615463,1368292036119,4710291
2,13456,1685061633504,1463331373739,697294
2,13457,1591530637747,12705,3157718
2,13458,1648647951564,1611875357015,961669
2,13459,1592079224283,1365853230079,35880993
2,13460,1683554606450,1349477488732,3452170
2,13461,1662850543076,1662834467524,232959
2,13462,1687212574000,1483641702637,297818
2,13463,1678771842722,1678771829954,1153348
2,13464,1661859079503,1349477488785,7047703
2,13465,1675000692472,1402440092148,343670
2,13466,1665762098000,1382060716753,673643
2,13467,1620316458141,1185996957304,5277959
2,13468,1683015986000,1349477488697,445223
2,13469,1680832551322,1382060716753,222877
2,13470,1684193348113,1535586458219,791962
2,13471,1618709642533,1214225650015,723374
2,13472,1617997620732,1508108555065,1885133
2,13473,1680616502147,1680616451242,199263
2,13474,1552137203438,1402456305835,713168
2,13475,1621236617135,1621236297473,307801
2,13476,1621492292584,1,1889797
2,13477,1629904681504,1629185742013,4854285
2,13478,1639246834730,1358606738334,375102
2,13479,1670355025288,1349477489294,5742654
2,13480,1669053889711,1541340387696,1331881
2,13481,1676821403000,1554657681232,461220
2,13482,1677586894000,15,839018
2,13483,1615111908048,1615094006431,449878
2,13484,1361740126307,1359047250267,4839323
2,13485,1652918643035,1349477488740,7970749
2,13486,1684382848286,1349477488697,348155
2,13487,1668298994000,1481221777200,752577
2,13488,1630657151236,1363188597789,8029803
2,13489,1638614866377,1638613214846,1364906
2,13490,1586918452203,1335782638416,16401472
2,13491,1570733185504,1570562891113,6535296
2,13492,1656267990782,1622014738128,1264826
2,13493,1595341945763,1595341050898,435711
2,13494,1602602859337,1602559567391,4973207
2,13495,1498940674016,1498940516040,199910
2,13496,1597947337195,1349477488803,1216987
2,13497,1467407228904,1467403661556,653619
2,13498,1618495537893,1618495475346,481693
2,13499,1673888050257,1349477488732,10567509
2,13500,1542040479469,1330467706578,2358470
2,13501,1594597656444,1356396068311,589320
2,13502,1641418866078,1520538046074,1265125
2,13503,1591525774271,1591525759465,770000
2,13504,1327823427815,1327820809799,1292068
2,13505,1630427301269,1368292036119,182992
2,13506,1619141955607,1495480340538,246867
2,13507,1634257457111,1382060716753,1977179
2,13508,1630454948155,1,233759
2,13509,1650929015932,1367317475959,1396911
2,13510,1388871398187,1253683383517,4225269
2,13511,1680906174543,1368473277157,2885674
2,13512,1659982580569,1401126656910,4019543
2,13513,1475880238783,1339252520768,5106149
2,13514,1621504778316,1621467141570,3347340
2,13515,1624124635706,1416089993771,309541
2,13516,1499766245395,1238859586109,9634548
2,13517,1657940928534,1651085841807,286175
2,13518,1646578595290,1285475760721,715315
2,13519,1626259225377,1467682112230,3102619
2,13520,1639987202283,1606890457365,1569067
2,13521,1662558128840,1481896498728,2942231
2,13522,1619019318921,1464570273055,2699771
2,13523,1541900747998,1296169988801,5159556
2,13524,1681570304022,1618142939378,391320
2,13525,1659462358640,1368292036119,1156782
2,13526,1629463148056,1267679370216,248917
2,13527,1650473174697,1238859586109,1114518
2,13528,1606982657496,1538152300101,776826
2,13529,1602123003561,1490467587668,2352532
2,13530,1623426839253,1597065143792,1027434
2,13531,1641409036842,1430878926884,3601741
2,13532,1669380413794,1493844789367,455511
2,13533,1605392532406,1389044673831,1193840
2,13534,1539511170879,1253683383517,10641290
2,13535,1617382249571,1617381052281,440354
2,13536,1629844528769,1629756867154,691517
2,13537,1554689963795,1554689715002,206321
2,13538,1678339686000,1357075494347,817694
2,13539,1676166481752,1349477489370,5739859
2,13540,1628642410876,1296169988801,298785
2,13541,1631144715000,1469761595637,2040590
2,13542,1657131793000,1316056810075,8674276
2,13543,1436205871346,1345491599320,311511
2,13544,1682309959415,1534696619499,707714
2,13545,1661615090818,1661525755733,1091197
2,13546,1626486782000,1458883172626,1177398
2,13547,1614989695285,1614989684438,1002360
2,13548,1607357353273,1336382078884,2199099
2,13549,1669756906045,1393817670651,822162
2,13550,1649270497695,1394068658976,267214
2,13551,1610152278720,341,345183
2,13552,1686990177242,1370145367610,686603
2,13553,1618184182526,1618183453807,344851
2,13554,1636605442903,1424770732331,1057664
2,13555,1639353750399,1470139125462,437249
2,13556,1700331217289,1267563351054,2729022
2,13557,1542079746624,1458553423193,6163371
2,13558,1409804949368,1409804734179,401456
2,13559,1610445411529,1368292036119,7552693
2,13560,1613322542353,1349477488697,4617911
2,13561,1584609161674,1584609141833,680703
2,13562,1615671148578,1615411310392,842759
2,13563,1697145996660,1554147996965,3262994
2,13564,1687864001711,1356803102226,360807
2,13565,1644319802024,1366575543875,2754476
2,13566,1646644510175,1349477489408,9384971
2,13567,1606511219643,1479111526048,2137466
2,13568,1596340690556,1596339746374,754924
2,13569,1685694745000,1,963063
2,13570,1630259807180,1630246417701,8436110
2,13571,1607342297316,1606531720513,11197044
2,13572,1652412191752,1652410830940,359725
2,13573,1647099833149,1477835628246,353708
2,13574,1644626878415,1414165455101,1174406
2,13575,1632881299379,1368292036119,588529
2,13576,1623355628793,1185996957304,3525895
2,13577,1540801418025,1530501328926,1012956
2,13578,1604348195714,1349477488732,9628467
2,13579,1664903210267,1404664188723,233061
2,13580,1631218880038,1631155620031,1026240
2,13581,1452951139774,1452951110804,2295896
2,13582,1643970262035,1349477488772,891988
2,13583,1667317801622,1368292123572,7440210
2,13584,1641386952302,1379690960953,6977841
2,13585,1630697377453,1630696552296,2319264
2,13586,1630657363120,1253683383517,223362
2,13587,1629574380978,1363171382760,5373352
2,13588,1630921492559,1630920950704,335487
2,13589,1635096742728,1347459603456,1535981
2,13590,1607514978902,1574587964637,609844
2,13591,1575481391087,1481804175275,1622533
2,13592,1594704469067,1,7699491
2,13593,1616157907872,12705,1150181
2,13594,1652629375000,1341416855656,807247
2,13595,1690981971552,1321299141551,497238
2,13596,1652757633351,1,386533
2,13597,1682279253866,1476305081811,1833688
2,13598,1691740635854,1548012517349,353504
2,13599,1627641860855,1450862732260,263584
2,13600,1628926473794,1628926456208,2757383
2,13601,1690807185396,1462038296141,516949
2,13602,1655136913576,1654611161043,533825
2,13603,1651725048779,1368292251847,8469510
2,13604,1663256180000,1548495604663,663892
2,13605,1590589189640,1590586541267,219744
2,13606,1599945858107,1365293606461,2889875
2,13607,1443215237536,1357597657618,14123605
2,13608,1656256285651,1346155950661,748785
2,13609,1539639157752,1532370729307,1979169
2,13610,1645205225076,1405886585836,2925502
2,13611,1692468485622,1514384173265,373749
2,13612,1614248903293,1366565520438,461951
2,13613,1610165857444,1,3014185
2,13614,1694470597223,1462327899414,263794
2,13615,1623416044368,1389044065403,1070231
2,13616,1629861905038,1349477488929,760597
2,13617,1669751658406,1564618114533,272860
2,13618,1676458007482,1676403515032,467097
2,13619,1579748164982,1253683383517,5739267
2,13620,1591038759793,1349477488697,9012418
2,13621,1598442847088,1598442788707,275263
2,13622,1602797173208,1602795796305,358665
2,13623,1431422936788,1272182823281,12314608
2,13624,1630480485617,1630284933975,297596
2,13625,1665533191866,1665530233558,226535
2,13626,1633881950414,1368292036119,3060648
2,13627,1676229315636,1296169988801,4337159
2,13628,1571298841528,1253683383517,4948599
2,13629,1357655825015,1357654336906,2310674
2,13630,1623405663728,1557750930720,346610
2,13631,1626529015683,1354553557794,1050303
2,13632,1634491208691,1560019649432,1398187
2,13633,1370122890095,1254259829410,13191043
2,13634,1617931376601,1617895660898,1473519
2,13635,1636924285255,1634469951154,469766
2,13636,1632148479348,1296499533072,3552664
2,13637,1598803506961,1485783162809,1317489
2,13638,1697200309716,1211305353528,3300440
2,13639,1691931914423,1546537992167,474006
2,13640,1615053634130,1465339197003,288964
2,13641,1616763230230,1368292036119,14554394
2,13642,1642865639073,1311059312145,332070
2,13643,1593214261665,1368292036119,9511269
2,13644,1614552785814,1349477488697,6413609
2,13645,1669228428000,1479646987765,3611134
2,13646,1616746125527,1616705857560,325681
2,13647,1627497848868,1185996957304,3876615
2,13648,1625110268162,1558214141823,199059
2,13649,1662096707798,1427138591748,13979401
2,13650,1674398683316,1389609484811,876620
2,13651,1602632903410,1264653384165,2349958
2,13652,1578830201745,1314023405991,581728
2,13653,1631641679000,1365294919417,1161667
2,13654,1675254946000,1391741012224,851086
2,13655,1616932311150,1287867325967,639233
2,13656,1677187813819,1294121387010,392848
2,13657,1694735723129,1349477488702,1987053
2,13658,1688602574662,1553874394458,486866
2,13659,1582727783885,1582675537962,1137076
2,13660,1600788836000,1430788528854,1198988
2,13661,1469830678401,1286456025822,8778827
2,13662,1557149918374,1516264089014,4367929
2,13663,1573924749374,1267679370216,4222819
2,13664,1657728888580,1455985185497,1689762
2,13665,1637262375991,1356017342631,415410
2,13666,1621434896976,1546677755934,5047012
2,13667,1698661135087,1296169988801,7190382
2,13668,1698106286336,1467682100454,9924296
2,13669,1671716971395,1671716952645,545859
2,13670,1360293791944,1255653553364,4754252
2,13671,1612863132490,1542310520232,3662541
2,13672,1631744467090,1349477488740,10503157
2,13673,1599565834746,1599565647251,352653
2,13674,1657294971998,1330934306862,3381393
2,13675,1629222039520,1421203484101,3646787
2,13676,1632576240857,1632576218000,4981202
2,13677,1569862495070,1569862400441,381725
2,13678,1671027475387,1379541049761,251003
2,13679,1693202053301,1693202034851,250919
2,13680,1680638939624,1368292036119,653201
2,13681,1591991767231,1591991684849,368966
2,13682,1689614846714,1386840286788,762683
2,13683,1614006455227,1614005997285,552202
2,13684,1683312741276,1499593288662,254282
2,13685,1618008406067,1185996957304,579878
2,13686,1624467515000,1565317056392,494520
2,13687,1609257546886,1444703714001,225581
2,13688,1673751501989,1402457846518,3788348
2,13689,1682936309000,126,173741
2,13690,1631257179110,1581327143853,857182
2,13691,1626693524139,1500829142163,282003
2,13692,1676007719217,1368292036119,4936854
2,13693,1571090312269,1264049677740,5486316
2,13694,1637131912588,1458784370341,270392
2,13695,1675512720427,1313851292629,2174931
2,13696,1622976718582,1622975962533,432657
2,13697,1658020419780,1382060716753,396808
2,13698,1607699496818,1607591669553,329689
2,13699,1641914074049,1397500132629,2988694
2,13700,1632065993991,1631984786210,611460
2,13701,1560161887572,1559840027503,665452
2,13702,1630605563758,1438434042374,870249
2,13703,1591699524799,1590790681885,2661755
2,13704,1670626215682,1336243091843,2609037
2,13705,1640566168065,1368292251847,5762873
2,13706,1634554304684,1439594489465,1830600
2,13707,1693871792118,1402457591423,688221
2,13708,1585407929756,12705,13339940
2,13709,1599792706580,1251883407566,1207123
2,13710,1591490084616,1591490069707,220090
2,13711,1357655825015,1357654336906,1625569
2,13712,1622215628087,1622215593103,423362
2,13713,1638926478394,1382060716753,6052964
2,13714,1638148318939,1349477489239,9363766
2,13715,1667499096478,1614032440219,367368
2,13716,1677528514000,1543545630942,654997
2,13717,1692902237523,1599601956027,378852
2,13718,1623426839253,1597065143792,2037199
2,13719,1683080552409,1368292036119,7285150
2,13720,1634569882732,1462049673203,493405
2,13721,1679910317655,1553634081545,250067
2,13722,1636841623880,1631663450093,256099
2,13723,1582757034773,1341435317450,3241295
2,13724,1589483306749,1508315073969,2229212
2,13725,1515768494644,1261790381367,4898276
2,13726,1660516052190,1404247845158,858136
2,13727,1661102803963,1389044065403,684312
2,13728,1591826468851,1591746652719,507720
2,13729,1627807924790,204,3377249
2,13730,1600286301088,1253683383517,3862369
2,13731,1506506836659,1293962037290,1031940
2,13732,1517386580887,1335782638416,3715183
2,13733,1700161706796,1436157813264,336693
2,13734,1622112068339,1622112037706,199674
2,13735,1695581443761,1595609647711,357375
2,13736,1452570362886,1451983053263,1065382
2,13737,1426766512796,1211305353528,9908944
2,13738,1640762433757,1439475944178,2013643
2,13739,1632852913868,1,12824515
2,13740,1628601439159,1368292251847,17877033
2,13741,1638053291214,1253683383517,2162310
2,13742,1655321128000,1359030229456,7175935
2,13743,1532035384607,1459381160365,1016874
2,13744,1680078263421,1599102867987,474611
2,13745,1631367969273,1631367901669,286751
2,13746,1649891163190,1253791415886,3253223
2,13747,1549816036653,1434539087359,393605
2,13748,1619743546235,1230437369521,5618290
2,13749,1698734803528,1472426358208,512398
2,13750,1644286210509,1349477489121,241264
2,13751,1617908366322,1617907616176,2836453
2,13752,1664940342024,1230430921958,9411679
2,13753,1516676578899,1338237820881,1625748
2,13754,1692126546886,1474164748204,1191545
2,13755,1578332097915,1578319738438,3002324
2,13756,1674837740231,1481896498728,5440615
2,13757,1571995166225,1405710292545,1824838
2,13758,1613873313471,1462206168894,1779255
2,13759,1688960742000,1479242579780,278832
2,13760,1595199911373,1999,16730979
2,13761,1613048626352,1612890925403,559838
2,13762,1664562753423,1287867602858,553356
2,13763,1459794513904,1280854457117,8301800
2,13764,1653608162364,1368292036119,2175140
2,13765,1629792704089,1629792622348,2030327
2,13766,1698679382063,1402352742263,8649951
2,13767,1647707842282,1608700963839,261805
2,13768,1636890067497,1636889986816,200919
2,13769,1621293138598,1621293119441,1109198
2,13770,1614234221079,1614234194414,2936275
2,13771,1545252869803,1302783097078,6755737
2,13772,1665531884994,1433489648891,1551937
2,13773,1604695118289,1368292036119,11414889
2,13774,1594224443847,1421053865930,1912351
2,13775,1588307716179,1244305227562,19405000
2,13776,1628513350875,1628501416945,705769
2,13777,1662310838017,1389572686545,368557
2,13778,1644370605143,1482893586423,252755
2,13779,1656910025593,1438014568959,2123636
2,13780,1673348954740,1671009492101,335364
2,13781,1386055838123,1274528386750,18615210
2,13782,1537045898445,1282136644109,2262966
2,13783,1699870646008,1591425321246,843200
2,13784,1690775550000,1382060716753,421906
2,13785,1632317165600,1632317155697,1174310
2,13786,1692063149595,1629240082874,743249
2,13787,1664088730000,1547886520258,686892
2,13788,1691429052068,1382060716753,1465599
2,13789,1456886898645,1456886041548,10099916
2,13790,1623444435039,1254259829410,1145602
2,13791,1665052161747,1665038450586,247378
2,13792,1597986504870,1341257256156,14875433
2,13793,1682007147572,1441375131321,911313
2,13794,1673491562000,1230430322217,3664727
2,13795,1615359836638,1615359248022,1786458
2,13796,1623426839253,1597065143792,1151016
2,13797,1656289490645,1433489648891,859862
2,13798,1507808279774,1507807346845,6896321
2,13799,1663128877000,1349477488910,7753023
2,13800,1670078587280,1484104050407,1399523
2,13801,1622600336564,1381350609717,1474774
2,13802,1678267118549,1599490781888,523415
2,13803,1670421008337,1439566256029,297724
2,13804,1618009662799,1618009656545,1547784
2,13805,1642188611780,1490304607267,479620
2,13806,1429431508029,1417540734881,2444596
2,13807,1699400875305,1382060716753,5690823
2,13808,1695936455874,1349477490115,3890407
2,13809,1424318705255,1254259829410,1370311
2,13810,1607441924607,1607441909664,403087
2,13811,1426562134067,1414449682437,2186331
2,13812,1630528566655,1368292036119,11344834
2,13813,1642966820319,1363171201399,3292762
2,13814,1661975605009,1661975522829,2031497
2,13815,1627571532194,1548089880739,263170
2,13816,1641586839823,1321299133411,3208245
2,13817,1636816322651,1537254675163,592400
2,13818,1569034217186,1349477490168,33244609
2,13819,1631053110330,1631053067882,809136
2,13820,1505970216749,1505147104367,3501217
2,13821,1628692939624,1503561953354,825526
2,13822,1591757771442,1591757370644,325678
2,13823,1606316010182,1605722599100,364721
2,13824,1695995318479,1314372378527,4356097
2,13825,1636975938234,1349477488697,6752160
2,13826,1473341669919,1466501918265,1941553
2,13827,1561036152394,1561032711839,4371570
2,13828,1664809585546,1496478228264,581933
2,13829,1700157116355,1515093763645,5120654
2,13830,1640833189942,1624220112739,234190
2,13831,1614585858767,1512314679070,1606145
2,13832,1631741678566,1571492090529,293051
2,13833,1485034586249,1292381990075,4220851
2,13834,1688419145417,1472426358208,1913387
2,13835,1617912340670,1296499533072,597446
2,13836,1670528699552,1368567816161,594927
2,13837,1644999050433,1368292036119,147852
2,13838,1660143379273,1368292036119,8705003
2,13839,1624414708985,1583230661259,2051955
2,13840,1630505084577,1630503959377,1665094
2,13841,1565892235931,1349477488736,12053277
2,13842,1676579884535,1419802905626,2689908
2,13843,1686069696000,1454442403689,984311
2,13844,1564027417117,1321299136125,240465
2,13845,1584933937092,1449636991453,595356
2,13846,1572714840960,1230430322217,1790265
2,13847,1688609035097,1368292036119,9090180
2,13848,1613356528799,1310859587487,3472204
2,13849,1670535244407,1349477488732,3993899
2,13850,1542894774437,1531146534049,8606896
2,13851,1636545624365,1336382078884,5549365
2,13852,1661943893155,1476459094798,3318659
2,13853,1643859450327,586,5902250
2,13854,1652531665230,1574064765813,1189906
2,13855,1679400020911,1472490865467,2817752
2,13856,1685714451569,1466449837835,2207196
2,13857,1458319959662,1282945065610,411265
2,13858,1678092532815,1439207377851,216219
2,13859,1524526789422,1524299951400,4333230
2,13860,1665253489881,1665253385472,746514
2,13861,1347791014182,1347790831896,16223302
2,13862,1643088478331,1349477489536,4789538
2,13863,1618014276410,1618014098677,667527
2,13864,1620810519933,1620810345390,271088
2,13865,1394282348285,1243471197080,16491764
2,13866,1660598168538,1660534899644,342221
2,13867,1659105151203,1,260515
2,13868,1601522681000,1,2333313
2,13869,1626704984675,1626698696610,2280243
2,13870,1637612593335,1479786982041,479622
2,13871,1593500345222,1508311639826,4576040
2,13872,1681763236393,1681552104738,179208
2,13873,1629215156762,1629184932112,477031
2,13874,1565001953211,1352629153824,254874
2,13875,1587564374089,1587527230643,318119
2,13876,1630552478240,1630552373703,211364
2,13877,1636241626442,1510258618861,843517
2,13878,1631986472847,1339252520768,828118
2,13879,1609779978431,1476733241739,3167085
2,13880,1643307352779,1349477488697,4205834
2,13881,1641583901783,1321299133411,9111982
2,13882,1699958663884,1448411610881,179357
2,13883,1674208166000,1673986272748,489256
2,13884,1657301495344,1273439686875,4723481
2,13885,1614878393766,1321299141461,1489176
2,13886,1684070000155,1382060716753,9979323
2,13887,1617026525843,1484982663365,962084
2,13888,1587802904366,1098,21281611
2,13889,1652454764000,1440488199461,408960
2,13890,1649452121606,1248055570234,240720
2,13891,1673135886344,1368292036119,3373867
2,13892,1693402654093,1693402452200,966643
2,13893,1673553945986,1508758046013,240844
2,13894,1600628612772,1444304676219,276385
2,13895,1631113620783,1631076665105,241279
2,13896,1685506680000,1622465319094,688870
2,13897,1563396080818,1440743651341,1070666
2,13898,1638286703785,1368292036119,615135
2,13899,1615511363539,1231037950025,551996
2,13900,1643939119110,1368292036119,3283677
2,13901,1682717918000,1381356372394,1201006
2,13902,1538805909315,1538165295853,198453
2,13903,1631681516775,1434539089472,6199335
2,13904,1630726404008,1630726381775,341557
2,13905,1618320960470,1382132723623,1995684
2,13906,1510968687172,1510200715066,951812
2,13907,1260200886624,1260127915421,4929111
2,13908,1696858489011,1349477488733,30825020
2,13909,1566380319326,1566252971952,466296
2,13910,1424051174484,1253684322307,1944319
2,13911,1691378309789,1691316172514,337402
2,13912,1424489153349,1370597108072,585470
2,13913,1613361784244,1529571177618,191108
2,13914,1667056628561,1664886235763,369171
2,13915,1623971298389,1486486753828,332617
2,13916,1608453510380,1608453478354,411886
2,13917,1496913218904,1426548200803,1621388
2,13918,1618742720912,1,10717320
2,13919,1678360049197,1230430380771,2911090
2,13920,1568475391047,1321299141551,4227108
2,13921,1656640342224,1382551733506,1058205
2,13922,1639159719568,1546537648277,1530466
2,13923,1373485094533,1185996957304,6446735
2,13924,1621763191722,1381650940362,2151230
2,13925,1632130173579,1407544199455,210548
2,13926,1621714450575,1621713249803,210071
2,13927,1641624658972,1529595649114,775779
2,13928,1681311112529,1352570420990,322325
2,13929,1700469884985,1404176258968,959112
2,13930,1618220684031,1618220419811,2502238
2,13931,1612686321681,1436157439771,168461
2,13932,1616674870618,1595943990348,552432
2,13933,1605684907365,1555952002982,223100
2,13934,1675281734000,1421053842793,318008
2,13935,1592564252307,1591628319455,905660
2,13936,1627633441684,1476496050230,579256
2,13937,1663759086269,1663700355661,254779
2,13938,1265260874555,1265260748696,3293277
2,13939,1537799992293,1537799976362,630831
2,13940,1694395300402,1528416454817,529644
2,13941,1685088334825,1363175693732,1174214
2,13942,1588838429066,1250819068080,2416897
2,13943,1676128240059,1674834756164,335238
2,13944,1576065501039,1576065473135,2073093
2,13945,1426410626554,1426410568368,224714
2,13946,1518450089610,1515786897199,249387
2,13947,1630948202095,1630933627858,567981
2,13948,1689184302285,1237330124816,3152768
2,13949,1521184046597,1469684982555,3728480
2,13950,1552137203438,1402456305835,690400
2,13951,1632466430229,1413859711864,4586140
2,13952,1630951287422,1630950926690,734799
2,13953,1636571150988,1363171201399,4583562
2,13954,1683513785681,1339252520768,2679594
2,13955,1649170731704,1339252520768,6096429
2,13956,1624280675567,1365293606461,1027285
2,13957,1692234512476,1382060716753,262583
2,13958,1342218021544,1342217819192,602095
2,13959,1651910266755,1519486650219,412267
2,13960,1689761513959,1231658705688,921861
2,13961,1684515589555,1368292036119,457145
2,13962,1629053615918,1,9765983
2,13963,1313780144226,1211305353528,9165005
2,13964,1604071142367,1401796521457,2775481
2,13965,1659993464246,1420611443726,262387
2,13966,1611419584545,1296169988801,1098201
2,13967,1644100353841,1644037726712,423830
2,13968,1631646420815,1630789323724,688020
2,13969,1645204013587,1480544138648,1051195
2,13970,1620673555534,1341267507803,594107
2,13971,1628609961781,1365293606461,2772524
2,13972,1459095507087,1272729030909,11027611
2,13973,1652096483738,1381654212468,469968
2,13974,1604675221038,1604675209910,199615
2,13975,1556879749593,1541499941534,1743757
2,13976,1501811789435,1263168851843,1090254
2,13977,1516108891109,1342758316197,26054914
2,13978,1686973757379,1404079151852,2894801
2,13979,1634671223385,1368292036119,1157021
2,13980,1631451685509,1624189284765,355265
2,13981,1614974920400,1614633571607,405930
2,13982,1659101495071,1534784065744,768886
2,13983,1671166838865,1363171201399,2906322
2,13984,1620238320115,1620233640218,2248086
2,13985,1651573929220,1389609484811,1161977
2,13986,1482012625583,1481990483818,11236825
2,13987,1678964905000,1368292251847,1073329
2,13988,1670981947000,1560019647220,1202426
2,13989,1625695538365,1339252520768,1031427
2,13990,1675712255503,1349477488785,2577634
2,13991,1691548767622,1405189422934,2894250
2,13992,1452865308297,1452865264854,1972318
2,13993,1684099235450,1402668823684,7227794
2,13994,1649085667801,1416346316579,443045
2,13995,1631225675529,1631146373763,229796
2,13996,1453335409273,1251849465143,4655389
2,13997,1357655825015,1357654336906,2015926
2,13998,1527825010604,1527824855177,4164386
2,13999,1626222313159,1479242579780,819854
2,14000,1630836264558,1630435614182,652436
2,14001,1690507505208,1349477488942,876937
2,14002,1616603240482,1616603213036,257576
2,14003,1622116058147,1622112314192,343171
2,14004,1465155211733,1314023405991,14713068
2,14005,1697770234827,1518711872172,288727
2,14006,1628882745366,1349477490884,1399605
2,14007,1460216264841,1384007596158,5263548
2,14008,1662321205337,1368292036119,4078302
2,14009,1620904184376,1339252520768,3985566
2,14010,1617591356931,1617591295130,1331555
2,14011,1604877225794,1592754653938,229742
2,14012,1631626644890,1370145367610,3651647
2,14013,1598232555065,1382060716753,2796263
2,14014,1632928814003,1325902101971,3251831
2,14015,1683062456926,1460674179083,2259483
2,14016,1632460015791,1632450448332,2195962
2,14017,1374966274177,1374966234110,10002863
2,14018,1624647443918,1459477270028,728349
2,14019,1357655825015,1357654336906,353864
2,14020,1522650541601,1302608770510,3050895
2,14021,1684911106292,1678774003548,212690
2,14022,1650935360770,1479242579780,1121515
2,14023,1453449280634,1335689269498,1770962
2,14024,1693252547171,1325083308861,943594
2,14025,1553243974335,1447295462312,6033139
2,14026,1643425785951,1365293606461,911251
2,14027,1543118360234,1543115197116,470209
2,14028,1439311496007,1438695123496,999650
2,14029,1630438392089,1439737621609,5779993
2,14030,1646218821813,1645145374066,224617
2,14031,1694790564195,1638208387007,283309
2,14032,1631791518734,1631791499757,264835
2,14033,1672102166000,1315615385694,8011608
2,14034,1672846999211,1363171201399,1786339
2,14035,1631326550316,1631032395150,743533
2,14036,1335271966109,1259122123237,3544139
2,14037,1570467647695,1418311679390,1165907
2,14038,1631509006107,1469761595637,169133
2,14039,1631214898930,1631213949181,207519
2,14040,1631834885476,1281408947636,422392
2,14041,1689627093225,1371224822142,1262750
2,14042,1688181108925,1382060716753,1052410
2,14043,1653926238686,1548494604014,736428
2,14044,1569316344911,1448934763582,438686
2,14045,1585570770099,1585562695688,1787441
2,14046,1679431912995,1555418723959,3334900
2,14047,1632614182787,1632586947212,486155
2,14048,1661920683423,1349477488697,1629327
2,14049,1670369456372,1365293606461,830511
2,14050,1629850078670,1629819155411,544461
2,14051,1551304751856,1333633816592,1092333
2,14052,1465854199444,1383791925079,818316
2,14053,1631445562014,1631129657795,388718
2,14054,1693156884848,1478515378724,1669102
2,14055,1610398405695,1365293606461,11773207
2,14056,1632119322363,295227056,702115
2,14057,1663968069000,1514487732572,326815
2,14058,1610742770203,1610742422740,470127
2,14059,1610058885132,1488462907112,1256169
2,14060,1687304732676,1534961395505,4100111
2,14061,1665156655994,1363176602961,10486641
2,14062,1665932890850,1599003711931,1001984
2,14063,1631028012360,1631027842504,204819
2,14064,1632192989943,1632192935237,1552273
2,14065,1647221723722,1264653384165,5264129
2,14066,1691406562448,1250819068080,524720
2,14067,1616348234442,1616346895381,312158
2,14068,1631515833686,1407321866667,483049
2,14069,1623596748213,1622809872774,2613085
2,14070,1534789105979,1339252520768,3733348
2,14071,1642834375769,1492260926123,1121067
2,14072,1604440156066,1389044065403,715937
2,14073,1631298495821,1368292036119,11440880
2,14074,1672369186190,1469120947786,8509097
2,14075,1607149829020,1607022432632,1511222
2,14076,1694746256306,1349477488920,6742094
2,14077,1665006694688,1482866263976,1451872
2,14078,1676581079475,1369236442009,2609149
2,14079,1699033068684,1571568612324,975306
2,14080,1586689015571,1339252520768,6463374
2,14081,1688995519000,1512314679075,1088871
2,14082,1697680620020,1414449682438,1028563
2,14083,1582225265337,1304625467616,7345115
2,14084,1560274907702,1560274690067,418266
2,14085,1626300293714,1365294523791,883708
2,14086,1613859445327,1368292036119,1232093
2,14087,1420467649583,1255653553364,11538902
2,14088,1451242028339,1451239043980,3331212
2,14089,1551990637116,1349477488744,11324774
2,14090,1666530106333,12,4158191
2,14091,1633714648451,1548330912426,1692976
2,14092,1632069255390,1632066532176,550730
2,14093,1628560206792,1,1613490
2,14094,1686113906000,1366012695946,744165
2,14095,1680915577034,1253683383517,2679080
2,14096,1622641940392,1622641852179,2047010
2,14097,1521649061606,1375795390170,580230
2,14098,1548148392377,1547634537063,727716
2,14099,1618958566818,1288463827723,292049
2,14100,1606345481066,1606345401642,691646
2,14101,1344869039924,1268011713681,1496810
2,14102,1600669557208,1600652721589,562737
2,14103,1652252539281,1326834842421,1787462
2,14104,1571501507872,1571322977212,993481
2,14105,1630604117537,1562691984113,309827
2,14106,1639183129055,1413859711864,5167034
2,14107,1655705016190,1598021159427,4687634
2,14108,1651767021000,1593569518103,308085
2,14109,1675400040019,1442352044713,7519325
2,14110,1646929568085,1363171201399,2537431
2,14111,1693347503787,1419359510065,1332156
2,14112,1686167413089,1414009032754,413733
2,14113,1553353997299,1553352410486,4874033
2,14114,1584846018264,1368292036119,13045114
2,14115,1605798294736,1605797797127,438630
2,14116,1594048567523,1358606738334,639824
2,14117,1666897916757,1495288917751,639636
2,14118,1628230950255,1628230878407,232820
2,14119,1678557702325,1382060716753,979125
2,14120,1600476981148,1600474865433,461590
2,14121,1616994611646,1,17630785
2,14122,1613882243800,1613881054140,285133
2,14123,1606239924467,1606182185909,167888
2,14124,1700399006524,1599886050102,1720875
2,14125,1602584810240,1602581487591,304923
2,14126,1656427711042,1501968329892,1363427
2,14127,1416899338456,1358388308437,366006
2,14128,1608744472988,1607606047322,221720
2,14129,1608073596245,1418617176169,466295
2,14130,1589290417644,1349477488705,1745636
2,14131,1585229355784,1312181317747,218996
2,14132,1671739209692,1394242902623,946995
2,14133,1598364341320,1417530254371,4621672
2,14134,1574627209212,1574626362713,652227
2,14135,1579555959433,1579555248726,624528
2,14136,1659103913454,1408540776920,1953280
2,14137,1334481436089,1254496886794,22623254
2,14138,1617995279007,1497484861934,1612849
2,14139,1477695894384,1281812902144,14403270
2,14140,1602339229265,1601934868363,294922
2,14141,1615840812650,1615840757294,1161223
2,14142,1674382807119,1294712667356,2856505
2,14143,1631884472379,1631882849440,1474026
2,14144,1416899338456,1358388308437,202040
2,14145,1618939094517,1618938860879,247136
2,14146,1575746468266,1575742303789,174209
2,14147,1606142608044,1321299141647,366308
2,14148,1679690980000,1296169988801,1489837
2,14149,1487869159025,1487853410639,3332220
2,14150,1631061308268,1631060071586,580569
2,14151,1640726002121,1230430322217,8890739
2,14152,1616489810258,1556384731510,306102
2,14153,1655305842000,1655123174180,351923
2,14154,1620122523867,1619994757678,3139012
2,14155,1699647974751,12705,2665543
2,14156,1627226334112,1214225650015,1850326
2,14157,1672073394965,1339252520788,794758
2,14158,1643838381396,1379277501567,1130597
2,14159,1576844126353,1504443605098,7466570
2,14160,1650249640369,1478685583640,506120
2,14161,1697778005795,1354715263726,2148173
2,14162,1682202438662,1581276858169,528944
2,14163,1645148444505,1454442403689,1172467
2,14164,1662913454640,1349477489330,6814694
2,14165,1579136089471,1579135036347,988959
2,14166,1634602827399,1586813061091,1675469
2,14167,1684899996402,1394240357489,1342662
2,14168,1639847641989,1479242579780,1223768
2,14169,1575237058242,1575161100436,324560
2,14170,1667314961163,1381875647650,1152597
2,14171,1637659307629,1,791964
2,14172,1677184970268,1677184942268,3963007
2,14173,1674670345343,1349477489370,1496987
2,14174,1557510238786,1335782638416,3071534
2,14175,1366994391864,1366737460713,841675
2,14176,1643013719325,1349477488697,776796
2,14177,1695499920156,1368292036119,3423069
2,14178,1564344137303,1368292036119,15213514
2,14179,1612129494219,1612046397115,1078563
2,14180,1672377101759,1479007499938,315368
2,14181,1653195448227,1281408947636,6329561
2,14182,1697885259045,1467682100454,508022
2,14183,1640160151684,1516202599309,1147810
2,14184,1630359171927,1630358555492,584824
2,14185,1357655825015,1357654336906,509782
2,14186,1611066482913,1611055067547,2066105
2,14187,1674089331033,1497484861934,730156
2,14188,1640576222485,1479242579780,998269
2,14189,1642972977449,1370181158023,606269
2,14190,1596666580295,1596666165433,811978
2,14191,1552458415947,1552458315230,983161
2,14192,1659279412033,1493447135665,5186777
2,14193,1586820887555,1495908285242,2268520
2,14194,1567623786825,1,6958705
2,14195,1697533338277,1548445270601,1120350
2,14196,1606378878363,1321299141683,1627965
2,14197,1682958119000,1389044065403,255842
2,14198,1622481686414,1501814060829,275936
2,14199,1590073118768,1244305227562,3652673
2,14200,1632311443020,1469772915637,6656755
2,14201,1601399306249,1481155290918,1751083
2,14202,1641867587702,1641349128358,271148
2,14203,1673460363267,1349477489067,554525
2,14204,1644613572298,1579350610761,311724
2,14205,1584112589530,1584112578761,1388746
2,14206,1653115685774,1349477488697,1687805
2,14207,1661232880104,1251849465143,397589
2,14208,1695011353924,1514310865401,212005
2,14209,1677894538713,1629431001730,1685064
2,14210,1667463192028,1537101883434,4386850
2,14211,1614879770829,1363171201399,1376996
2,14212,1662555836717,1296169988801,2343692
2,14213,1563304317027,1349477488697,10960969
2,14214,1677377966825,1368292251847,9176558
2,14215,1413748462722,1305827106920,1553967
2,14216,1665358741389,1461869991735,1219293
2,14217,1689950330037,1613884412187,228710
2,14218,1605821186730,1605816729198,304423
2,14219,1637777973858,1567801089450,283427
2,14220,1320156550954,1320069355010,7520598
2,14221,1693833570237,1282591694609,2086707
2,14222,1618919663204,1556384731398,1298358
2,14223,1659962312000,1357654336906,1614399
2,14224,1675625913145,1273439686943,1606153
2,14225,1668396826000,1303670814437,1004033
2,14226,1672829391174,1664473172790,309300
2,14227,1559746851174,44,1814754
2,14228,1687949764422,1501950296096,227157
2,14229,1678885396132,1354715370655,406026
2,14230,1337905301316,1337905207988,3873837
2,14231,1634562588575,1634562580406,200695
2,14232,1632062384484,1527109946742,247938
2,14233,1605472677960,1404247875880,2788435
2,14234,1609113163149,1365293606461,434208
2,14235,1613677560259,1253841981294,2891443
2,14236,1631523616001,1631522579724,2049701
2,14237,1677874795000,1363171201399,1191573
2,14238,1535483909300,1255653553364,868699
2,14239,1572037027452,1349477488697,24574878
2,14240,1640672748923,1,24997292
2,14241,1631809005000,1598094311202,457726
2,14242,1567623786825,1,6644533
2,14243,1632097235833,1535892148617,799318
2,14244,1610739040853,1595237111993,1085259
2,14245,1553104009889,1552975181160,3423234
2,14246,1636882830334,1456771816429,5537306
2,14247,1682355061399,1556806168186,574075
2,14248,1595836570905,1349477488732,4229849
2,14249,1582667870056,1582667366983,1331535
2,14250,1631889480605,1321299133453,6142958
2,14251,1605372690286,1605371186338,271155
2,14252,1437025797629,1437025728103,5222608
2,14253,1579357030578,1579353620965,503326
2,14254,1688721964767,1331227773832,1712177
2,14255,1614000499240,1478273865423,566674
2,14256,1613651385763,1472122106397,1464389
2,14257,1583983080553,24,9790016
2,14258,1631540062672,1630944385698,218495
2,14259,1639555816927,1325902101972,450874
2,14260,1652489938171,1363171382760,1259688
2,14261,1614598854781,1472662123104,524273
2,14262,1631657002001,1427181106359,382311
2,14263,1629638113023,1512314679070,267810
2,14264,1586756821975,1442352045529,238346
2,14265,1557976426251,1,18057328
2,14266,1504610770193,1504610612307,970086
2,14267,1640716519848,1349477488697,822124
2,14268,1597946881282,1597946688520,309634
2,14269,1568910679926,1282589603531,2799464
2,14270,1676134972034,1365293606461,1324008
2,14271,1636982208053,1457658817970,559816
2,14272,1612342611284,1612342231166,3718565
2,14273,1425246803703,1309378695058,3223117
2,14274,1615738715146,1382060716753,5166250
2,14275,1685520284813,1230430322217,19594369
2,14276,1699626179177,1,1472170
2,14277,1661535292462,1368292062206,1402149
2,14278,1532037990067,1532037796291,3839428
2,14279,1661181910137,1370145367610,2116905
2,14280,1632433016884,1632232009277,229933
2,14281,1654659270140,1455014747484,367173
2,14282,1501284632239,1501283002718,805440
2,14283,1652707591794,1556384731398,1032568
2,14284,1549627613736,1549627536983,378452
2,14285,1489080887003,1321299141551,626182
2,14286,1632237611116,1632236898074,270783
2,14287,1698633538513,1392941014344,6923104
2,14288,1657740716039,1479242579780,1402435
2,14289,1631561196304,1631560881356,733584
2,14290,1678036410228,1550433829325,4793123
2,14291,1551265745807,1413122652460,1873533
2,14292,1469367940132,1469367350842,14086814
2,14293,1693269458501,1349477488942,2987196
2,14294,1657761698738,1421053836472,974045
2,14295,1695010322837,1368292373925,13119949
2,14296,1547133273738,1406269051133,1371259
2,14297,1554497118980,1452737361974,4975038
2,14298,1680129267000,1368292036119,15123532
2,14299,1680961568519,1680961517816,283547
2,14300,1248733414031,1248396211781,10737441
2,14301,1631165548764,1631165434563,691159
2,14302,1491517789441,1286040959369,5400901
2,14303,1535366661895,1267679370497,674410
2,14304,1590377233977,1363171201399,276548
2,14305,1665935126460,1526819910644,837016
2,14306,1597926842990,1597913442858,478196
2,14307,1542635525851,1542635399556,454050
2,14308,1629891752251,1185996957304,484447
2,14309,1610908740800,1610906889280,791755
2,14310,1619704883368,1619700072974,872083
2,14311,1612977096742,1392941014344,941534
2,14312,1526535168573,1483374479972,745609
2,14313,1632230537026,1268011713681,2301910
2,14314,1677562960029,1321299141683,1884198
2,14315,1610464414688,1604322356753,942658
2,14316,1679404963921,1527597421023,475588
2,14317,1385583930026,1255653553364,12433089
2,14318,1642452417845,1368292123572,7919405
2,14319,1634734776847,1531761701284,1602095
2,14320,1632259236137,1288463827711,2862871
2,14321,1570549981359,1,6123570
2,14322,1626458350861,1626458329489,1760920
2,14323,1668345007000,1635074986207,2123059
2,14324,1613672881525,1613671669501,760613
2,14325,1617645966944,1321299133527,739725
2,14326,1566245963486,1566245168018,551643
2,14327,1591077139663,1473758524760,255811
2,14328,1598347997646,1382265479297,1899632
2,14329,1619943542921,1474463282969,1864276
2,14330,1630369517006,1630369390075,370269
2,14331,1638399421005,1244305227562,8591495
2,14332,1656316064000,1368292731507,1268908
2,14333,1654455025780,1427179774834,814003
2,14334,1631254561775,1631121746969,191617
2,14335,1684090708074,1573423231096,377708
2,14336,1381392106776,1381391009445,477054
2,14337,1597484985896,1,5601625
2,14338,1604820802467,1253488180372,1327340
2,14339,1624032523225,1234655558515,1596847
2,14340,1659990214777,1462140542732,702388
2,14341,1630939133897,1630931259829,208298
2,14342,1631100692410,1563635360596,755573
2,14343,1628112152519,1,270123
2,14344,1642172791830,1339252520768,2589321
2,14345,1579473592243,1579378142818,1022732
2,14346,1627878703654,1331565515953,2595323
2,14347,1570965512685,1368292036119,13182938
2,14348,1620476698108,1620474398035,244616
2,14349,1630855429576,1630854395889,719289
2,14350,1383897661691,1351722763884,375415
2,14351,1682862530524,1460779086900,2564254
2,14352,1696692803041,1321814180155,845400
2,14353,1657240372198,1368292340870,3458649
2,14354,1617270560358,1430581617594,6425130
2,14355,1605052979070,1211307217539,320161
2,14356,1357655825015,1357654336906,2898017
2,14357,1457307059642,1457304308070,1861085
2,14358,1523854167692,1521318622814,6280390
2,14359,1527518301616,1403147072173,1505682
2,14360,1593444307434,1593428991977,308493
2,14361,1508097711646,1350913242158,2695802
2,14362,1676369888981,1349477489067,6862531
2,14363,1643214855303,1389572686544,880552
2,14364,1695860188425,1382060716753,2494433
2,14365,1620627655120,1620403848980,1100961
2,14366,1617628434202,1349477488771,3737550
2,14367,1693488980020,1556080990820,1622801
2,14368,1634467918360,1404247845083,5363956
2,14369,1641087915013,1349477488733,18969016
2,14370,1644649271849,1404402888000,1713318
2,14371,1642891761276,1462140522334,896840
2,14372,1475269326657,1475268814385,2403496
2,14373,1611461005748,1479242579780,1460610
2,14374,1630680614243,1420523517172,2675039
2,14375,1624291141707,12705,485098
2,14376,1631377468120,1631374329513,344784
2,14377,1667806408417,1667469653891,419219
2,14378,1667564519731,1352627292229,2128280
2,14379,1588225042167,1472912448206,535752
2,14380,1534828212940,1393817670651,33967266
2,14381,1619011077646,1618917882661,413163
2,14382,1481921136271,1481921097985,578408
2,14383,1627750760422,1419802845254,4911616
2,14384,1592354484768,1365293606461,1331045
2,14385,1576892591760,1419644220831,724405
2,14386,1667710651836,1402176732152,4210354
2,14387,1634528891650,1407948764439,799003
2,14388,1680734599033,1657821154150,427614
2,14389,1632994602147,1535174089597,490629
2,14390,1598563553879,1598531740644,444367
2,14391,1567913465097,1349477489105,16244853
2,14392,1613542015292,1613541398541,1353184
2,14393,1626822841738,1273439686978,371845
2,14394,1616536456953,12705,498514
2,14395,1514676363974,1321299141419,414474
2,14396,1598749433439,1598749288513,1576559
2,14397,1633634905074,1541800754770,452783
2,14398,1624208481685,1,780783
2,14399,1642212156920,1461852688140,874021
2,14400,1655915528595,1363171201399,2069160
2,14401,1637010426029,1575480002469,391523
2,14402,1610649967191,1610649637546,1670140
2,14403,1501208111043,1339252520768,5640590
2,14404,1692371189094,1489191900537,599936
2,14405,1658235121720,1211307217539,208936
2,14406,1540321597962,1378864688386,3031345
2,14407,1567161810509,1567161778553,484409
2,14408,1695880297646,1615553242928,237666
2,14409,1691908515000,1363188597789,21551158
2,14410,1550689785904,1550689753645,456880
2,14411,1601897434030,40,543627
2,14412,1640351630024,1480561373287,5742622
2,14413,1299600544316,1271205129001,6874281
2,14414,1694871395270,1495162872187,251172
2,14415,1597997789022,1597997751716,585027
2,14416,1562278521868,1276461766156,1240657
2,14417,1641158278034,1434539087359,2284493
2,14418,1689088562876,1454030506329,925668
2,14419,1623014966592,1622965807796,255440
2,14420,1439953518324,1439953211988,1454907
2,14421,1634081825452,1231037950025,1294424
2,14422,1630358192378,1630358096674,190819
2,14423,1586182470494,1470413230089,1886421
2,14424,1604163716008,1,2840657
2,14425,1601738593000,1601736835014,505158
2,14426,1472416920093,1381650940362,730287
2,14427,1623397461362,1503999562015,1336892
2,14428,1631137153042,1563998244537,769969
2,14429,1615827143472,1615825875685,4497886
2,14430,1631610781527,1429034169367,3074225
2,14431,1562800700961,1341388379367,3442299
2,14432,1617596409560,1440906815908,1137693
2,14433,1631097466418,1631097337234,209555
2,14434,1564283033402,1406269052213,18463953
2,14435,1500170166482,1427181106334,261674
2,14436,1632874686142,1632173687342,278126
2,14437,1631474277412,1631472384598,385520
2,14438,1631798031463,1631797868268,419923
2,14439,1628173624907,1628173596273,266865
2,14440,1644119391937,1644119203068,263780
2,14441,1698718162885,1421625664290,1002023
2,14442,1592489743742,1592489442259,3943446
2,14443,1593823980292,1349477488697,5796646
2,14444,1663107350128,1662821856594,661618
2,14445,1574775557994,1574765491715,934189
2,14446,1612520671134,1253841981294,2061038
2,14447,1575072669698,1253683383517,4932258
2,14448,1666141018647,1413859711864,2672571
2,14449,1524715588371,1439866961612,377171
2,14450,1377179639784,1377179034229,4104398
2,14451,1622992326121,1460040583010,361520
2,14452,1687504409000,1622465319094,318082
2,14453,1631777599122,1453127284446,2509864
2,14454,1598810912379,1253683383517,1564264
2,14455,1557576296679,1287867057355,3189768
2,14456,1587013365258,1587013353835,1286537
2,14457,1420772793726,1242787540526,9965386
2,14458,1349855659730,1214348293226,16101052
2,14459,1680398043049,1230766414719,247401
2,14460,1616923913121,1591465780365,532255
2,14461,1672040097413,1,993252
2,14462,1651245119289,1368292036119,4860139
2,14463,1669211868786,1,2954883
2,14464,1622092313842,1355497736237,282037
2,14465,1695759258134,1510845781101,231923
2,14466,1692438846416,1389609549331,322748
2,14467,1569338608390,1569254566745,273141
2,14468,1358636176728,1267297289607,5819408
2,14469,1671117790706,1483388826275,391131
2,14470,1597431579441,1349477488901,11746521
2,14471,1687654896912,1419386064306,2770516
2,14472,1626820837513,1498688197273,945216
2,14473,1645054173979,1349477488929,1596203
2,14474,1640989032854,1368292036119,3137681
2,14475,1678782225536,1469752828022,383047
2,14476,1664613009003,1349477489040,253434
2,14477,1676098904475,1676065388174,342494
2,14478,1615906629597,1483388826275,241001
2,14479,1618754126072,1553874432169,612247
2,14480,1663778591008,1432054918189,464889
2,14481,1614071409535,1480082603292,314030
2,14482,1583876397012,1354715263726,5540929
2,14483,1678884162147,1592772049106,1104068
2,14484,1663804820748,1014,6503230
2,14485,1693084673992,1469211758369,2141438
2,14486,1631378628994,1631377864349,3145186
2,14487,1632443828836,1273439686875,335605
2,14488,1645216717971,1339252520768,2071946
2,14489,1614468358115,1614457787341,1040531
2,14490,1694044594514,1687788141972,217979
2,14491,1672596371359,1258044235255,385121
2,14492,1638749731822,1365293606461,1793556
2,14493,1610648704371,1404247845227,7044780
2,14494,1622019336364,1547988610407,483941
2,14495,1695352351269,1,4769403
2,14496,1668263245758,1440739971865,334911
2,14497,1675799291262,1602955111470,2471981
2,14498,1662074161829,1491763115971,4432728
2,14499,1610435209312,1610022802388,421930
2,14500,1576919272863,1576919254308,3450744
2,14501,1617463275355,1339252520788,1224490
2,14502,1609883519587,1368292340870,1113438
2,14503,1666513963381,1633261347273,568425
2,14504,1572168062026,1475840637603,1972150
2,14505,1586576536183,1354715263726,1279920
2,14506,1632157128355,1557409019863,733688
2,14507,1358795756176,1302748855789,280773
2,14508,1654867605605,1402595697020,1907111
2,14509,1652375999000,1614437698657,1978792
2,14510,1552137203438,1402456305835,734872
2,14511,1687427224292,1568827856348,855904
2,14512,1585275803722,1547760633236,268627
2,14513,1491261173654,1407337444505,1017364
2,14514,1627236633076,1,1860672
2,14515,1594313878636,1330250475060,4361162
2,14516,1490098855979,1490061635035,2024511
2,14517,1692675688791,1358974615459,2006674
2,14518,1659032526000,1405023693793,616076
2,14519,1664106230030,1235969729397,1085491
2,14520,1631185853961,1505929042825,368358
2,14521,1684315394698,1474475192128,397046
2,14522,1467369631295,1267679370216,409020
2,14523,1577256344898,1253683593925,949882
2,14524,1405278054719,1282589134718,5571717
2,14525,1422979781709,1422331799928,346865
2,14526,1366994391864,1366737460713,897257
2,14527,1633135815386,1421053844342,1560312
2,14528,1632153688544,1632153673575,274158
2,14529,1674315583854,1674315314463,498580
2,14530,1690535260192,1546541548808,395921
2,14531,1667478322143,1389609484811,1921019
2,14532,1499561718512,1497796669629,1000602
2,14533,1536800249057,1321299133411,1743064
2,14534,1612047685039,1443281611390,2490429
2,14535,1669853976659,1522956914458,580602
2,14536,1623227329948,1419359509035,291828
2,14537,1504966833416,1385328690251,296377
2,14538,1507719229643,1507719203749,1101646
2,14539,1430076317585,1429956202208,1334769
2,14540,1486650755027,1471961231712,212460
2,14541,1673297747832,1673213577718,351091
2,14542,1681168411000,1555863441082,199086
2,14543,1614533297184,1482762955381,1768029
2,14544,1617899514759,1349477488752,2528412
2,14545,1682150958573,1549990286496,4053915
2,14546,1698127738000,1385334107186,1801049
2,14547,1530299374089,1254259829410,13447947
2,14548,1354868982327,1354795707409,18445115
2,14549,1634491385489,1404247845223,5527339
2,14550,1618699889510,1339252520768,619455
2,14551,1643988123570,1349477488697,8930179
2,14552,1612736239220,1612735960802,390360
2,14553,1578913492667,1578913468775,2739236
2,14554,1658843648000,1647249086493,287985
2,14555,1660589260343,1365293606461,690356
2,14556,1652037030751,1480783878922,391427
2,14557,1613862469906,1321299141705,492456
2,14558,1445196302119,1445069411920,817943
2,14559,1691764564307,1,345584
2,14560,1484804173890,344,15549218
2,14561,1631151336905,1563724308786,1245155
2,14562,1641624658972,1529595649114,589024
2,14563,1650929594579,1379703685608,42073022
2,14564,1599832831657,1599681138747,207779
2,14565,1616318230001,1616315627327,821055
2,14566,1550806173566,1264295638472,804364
2,14567,1583091254398,1363171201399,2962460
2,14568,1366994391864,1366737460713,2246282
2,14569,1573283303347,1365293606461,962741
2,14570,1651553998868,1448826122348,999786
2,14571,1650121594161,1368292036119,3402473
2,14572,1589811137766,1312181317747,4683843
2,14573,1631329511861,1485300552467,1386043
2,14574,1513250430036,1456308096465,1844119
2,14575,1622011894280,1596552920823,205915
2,14576,1664479535953,1255654030378,6650074
2,14577,1564480318881,1253683383517,6840332
2,14578,1622363500365,1349477488803,6513727
2,14579,1563202418665,1503844406998,1325411
2,14580,1640627607549,1333862791707,2222769
2,14581,1653924469000,1335782638416,7539213
2,14582,1549144624649,1549143997545,1694831
2,14583,1582389301776,1511551039862,4308639
2,14584,1697215691716,1565658229121,220064
2,14585,1471206769589,1255653553364,28009717
2,14586,1664546515000,1302608770510,13762167
2,14587,1620787668767,1296173419495,341876
2,14588,1700588023093,1237642309175,11203494
2,14589,1657177353177,1403285323549,1695695
2,14590,1592108544209,1349477489290,456606
2,14591,1641589809174,1481322155155,2640474
2,14592,1607885720861,1462206100258,5357322
2,14593,1688505364116,1548267668786,227934
2,14594,1609961596897,1609960912205,2475811
2,14595,1598850908034,1349477488803,3214901
2,14596,1357655825015,1357654336906,276717
2,14597,1496116284364,1495975403427,290181
2,14598,1688671678208,1413859711864,203253
2,14599,1601453394000,1601450875286,1051704
2,14600,1590758878234,1409203498421,6257147
2,14601,1630531249728,1580654209587,784185
2,14602,1600231743564,1296169988801,8340413
2,14603,1677191802641,1463334142238,288298
2,14604,1635530136226,1456501985805,2953149
2,14605,1305107240203,1305107226968,512906
2,14606,1672181925983,1537254676173,194744
2,14607,1614358216184,1293981228694,5710115
2,14608,1620209521761,1333633816592,546362
2,14609,1425993478151,1425106476528,336909
2,14610,1588291217199,1248388001058,7885870
2,14611,1640874230229,1288463827711,6183250
2,14612,1592348982157,1,1605113
2,14613,1677486380843,1368292036119,6806282
2,14614,1620155395548,1321299133453,784053
2,14615,1617310531789,1617293218938,521772
2,14616,1627938920566,1189,5164820
2,14617,1465773489003,1465527577739,353801
2,14618,1678309100961,1546539098790,9339779
2,14619,1618361680939,1617929605301,458846
2,14620,1678468485997,1366757977454,6489010
2,14621,1631586476505,1349477489210,42400076
2,14622,1607190883359,1339252520768,5716128
2,14623,1666170879270,1535306354647,1917538
2,14624,1696346228000,1481155290918,592587
2,14625,1645837119169,1645725758723,410862
2,14626,1563725626955,1370181158023,4782913
2,14627,1632199039820,1631653159110,706195
2,14628,1610826221576,1610824898844,2153081
2,14629,1626578243702,1253683383517,19155934
2,14630,1647038906384,1368292036119,4539589
2,14631,1632621252559,1368292036119,10740484
2,14632,1646030628542,1214225650015,2319045
2,14633,1631000968882,1296500178327,1503003
2,14634,1646383103685,1422971199363,268624
2,14635,1645313670520,1541800754770,174810
2,14636,1573107929066,1269419698202,1383206
2,14637,1249261621204,1248750172732,22005290
2,14638,1697951181619,1525085787638,264482
2,14639,1694394178933,1297133706414,3005554
2,14640,1425993478151,1425106476528,2068418
2,14641,1567446330798,1387481751728,1525644
2,14642,1684519890182,1339252520768,827501
2,14643,1645860524775,1368292036119,648606
2,14644,1592969801156,1273439686875,1711431
2,14645,1629394481058,1442507636587,864940
2,14646,1619008116062,1619007663037,327789
2,14647,1472797186923,1233884507452,531608
2,14648,1579205996034,1477322093064,1252937
2,14649,1620556316849,1620047889900,3687337
2,14650,1675045283902,1675043571289,529865
2,14651,1583171080083,1582995821669,6858977
2,14652,1669917954215,1481896498728,656870
2,14653,1670125629924,1670108358850,529047
2,14654,1681468308419,1370145367615,2833395
2,14655,1598764173521,1467682100454,754767
2,14656,1630765624818,1599582534092,8145765
2,14657,1683597769398,1514384173265,1229276
2,14658,1615455644028,1615455619702,660985
2,14659,1613260989452,1613260233992,797072
2,14660,1612018837054,1382060716753,221798
2,14661,1599903960670,1391567390956,1422678
2,14662,1664564647137,1664564628233,428089
2,14663,1438226476675,1403303388456,4213588
2,14664,1607107109140,1606852367111,232131
2,14665,1602936980785,1602936765975,248492
2,14666,1627048047710,953358287,4242275
2,14667,1629608511271,1629606848517,343331
2,14668,1619711606626,1619710289912,331103
2,14669,1684924514770,1368292036119,8773343
2,14670,1630192632425,1524575648771,672475
2,14671,1647954038474,1341441530691,964434
2,14672,1682159762274,1368292455195,1755440
2,14673,1690822810842,1690822756033,1276501
2,14674,1657546091237,1368292036119,5829135
2,14675,1614053919497,1363171201399,7414420
2,14676,1499158373050,1495527931612,381095
2,14677,1584565204431,1422165321202,902578
2,14678,1615453352270,1615453336391,191201
2,14679,1325932427825,1307603268440,5864848
2,14680,1549613417707,1293986347218,4530751
2,14681,1663755853934,1335782638416,245400
2,14682,1633056899962,1474922575818,2597937
2,14683,1683455333609,1459739233262,550971
2,14684,1570100476639,1570086405766,718591
2,14685,1539627265440,1251883407566,1911982
2,14686,1602304477586,1602303462804,316388
2,14687,1646846036226,1466793883066,4027233
2,14688,1689440893153,1516283642266,1434105
2,14689,1662515260199,1363171201399,2766516
2,14690,1667337387030,1667337019263,553946
2,14691,1622707795942,1622707488397,423854
2,14692,1629042396003,1628967577727,187336
2,14693,1525197263661,1524772596449,610158
2,14694,1595019092760,1588804392778,1214148
2,14695,1613859654626,1613859059071,395645
2,14696,1556503038238,1534825568547,939733
2,14697,1619268890843,1483785495598,809722
2,14698,1625442858389,1625440672696,840199
2,14699,1619123044090,1514400653503,208326
2,14700,1609009257941,1609009217448,2828913
2,14701,1608423890343,1608399781792,205657
2,14702,1638363563092,1281632529352,2594605
2,14703,1614952812886,1485259522523,847557
2,14704,1599788639511,1,5186592
2,14705,1608162250112,1556806168186,1909570
2,14706,1675779283290,1545569525960,1088996
2,14707,1631127239378,1631126866240,200960
2,14708,1676146408000,1555853755045,1336321
2,14709,1641978825669,1603114392895,1957042
2,14710,1634500761296,1394240357489,4332353
2,14711,1655695588000,1230430322217,14713690
2,14712,1558890883054,1558890824964,227120
2,14713,1667028230729,1389609484811,6408282
2,14714,1636387300528,1321299135737,541074
2,14715,1610291961001,1253683435112,3507036
2,14716,1629857090664,1629769293515,266282
2,14717,1616411294627,1485712259463,2547076
2,14718,1658426464459,1368292036119,3877187
2,14719,1685879153927,1537634449825,2591281
2,14720,1585202570467,1383577905108,13982195
2,14721,1584175136362,1434539087337,4363812
2,14722,1660486434038,1631159650228,1957368
2,14723,1612624971320,1612624960740,372185
2,14724,1663906670000,1230430771467,1240568
2,14725,1627169331074,1368292036119,3264553
2,14726,1646831294991,1470839287067,2299503
2,14727,1668663233524,1668650038114,450276
2,14728,1635899868464,1368292251847,10454733
2,14729,1587876380929,1418311679390,2742918
2,14730,1549785673174,1549785649365,2404974
2,14731,1618539456117,1349477488736,2204489
2,14732,1653491677234,1363171201399,2866799
2,14733,1361740126307,1359047250267,6054331
2,14734,1691198817427,1365293606461,496560
2,14735,1618821413426,1412019429081,553181
2,14736,1575427654389,1403996802713,267359
2,14737,1635784845899,1462055469581,1154704
2,14738,1488930240159,1488924621786,193130
2,14739,1515463829460,1304286822317,3204352
2,14740,1675085724000,1282589134718,851435
2,14741,1602222044256,1341342296892,5104347
2,14742,1631799533783,1631174611319,213165
2,14743,1630937042631,1349477488697,8695012
2,14744,1560049621990,1508508547927,730192
2,14745,1661268939857,1349477488785,2550277
2,14746,1616699343463,1402177650166,3056171
2,14747,1602399687118,1398577135953,2365820
2,14748,1648672577357,1321299134517,1302224
2,14749,1682615477821,1368292251847,2303134
2,14750,1692429020302,1368292036119,426817
2,14751,1659661725705,1214225650015,294682
2,14752,1588661411383,1588655491216,256723
2,14753,1642172101497,1453140955910,3870600
2,14754,1673174618062,1339252520768,1581052
2,14755,1412616865818,1412616830390,486210
2,14756,1629827854813,1339252520768,9694515
2,14757,1553104009889,1552975181160,4860046
2,14758,1630963546646,1459381160365,1910815
2,14759,1632251895649,1592625348055,856428
2,14760,1630593731799,1459381160365,13093582
2,14761,1639304214662,1402352742263,331726
2,14762,1659057190212,1452349361469,587990
2,14763,1667710217162,1232082348990,5401052
2,14764,1632399481519,1368292036119,1359039
2,14765,1587006330290,1586999340107,2267822
2,14766,1613469190577,1613468921871,796935
2,14767,1631242857476,1631241548071,267131
2,14768,1580906512484,1349477488697,20549268
2,14769,1461967857943,1444846723904,1534035
2,14770,1576239170199,1237329777514,1620608
2,14771,1694453411925,1643754186744,208264
2,14772,1621253834555,1288111839788,4978352
2,14773,1630611746343,1612476644456,6243717
2,14774,1563899505541,1230430322217,306431
2,14775,1631614497351,1439866961612,240000
2,14776,1692674171130,1368292036119,1495353
2,14777,1631462061597,1631453321467,4789440
2,14778,1589728565160,1404247845088,13477331
2,14779,1566830219335,1566166287701,2111305
2,14780,1630297093015,1519308202232,871743
2,14781,1389060848520,1306725561270,352509
2,14782,1622746415929,1622746394289,220661
2,14783,1615709018555,1615708994670,1981350
2,14784,1669456153874,1603219768289,662286
2,14785,1522959155111,1379713024768,524602
2,14786,1632467725968,1239182590312,2328850
2,14787,1692762118273,1214225650015,919060
2,14788,1526503165064,1518207020907,1028345
2,14789,1611180338189,1375849533999,3131073
2,14790,1602155200720,1,10120529
2,14791,1542490370422,1354715263726,666349
2,14792,1627244908556,1363171201399,22747053
2,14793,1413000362755,1253683383517,853851
2,14794,1547055069074,1455571580853,18901507
2,14795,1669663936761,1349477488767,3876117
2,14796,1632672247542,1632668431847,824754
2,14797,1450308275270,1354698849032,577422
2,14798,1677776794168,1368292123572,15778656
2,14799,1672786996857,1618806035076,486928
2,14800,1681708667478,1389885883016,2952911
2,14801,1642002037368,1584886455540,610387
2,14802,1680642729837,1433489648891,5325189
2,14803,1659892358980,1368292036119,7793479
2,14804,1697414877559,1,178515
2,14805,1602785766864,1535434082512,201643
2,14806,1541779973134,1281701382170,19215057
2,14807,1515939342755,1515939320067,1540162
2,14808,1698032304452,1335881318503,1655816
2,14809,1670494205233,1483734147246,3334148
2,14810,1675924702544,1365293820991,187110
2,14811,1644859043276,1537644258280,950610
2,14812,1689184179914,1379856306449,1045503
2,14813,1645651997540,1349477488953,7426860
2,14814,1617920735057,1362752335677,374995
2,14815,1664017236326,1461597312991,3125333
2,14816,1631120305056,1631120268872,556217
2,14817,1642038596719,1413859711864,1470078
2,14818,1614049239809,1614045164903,215247
2,14819,1613006930966,1496491660191,2024582
2,14820,1631796358432,1631732411078,456971
2,14821,1612552102398,1402673943360,2403294
2,14822,1698892051000,1645193490810,600530
2,14823,1661049552619,1253683383517,561485
2,14824,1585006680902,1273439686960,255517
2,14825,1592575224672,1440743651341,1224013
2,14826,1615896935064,1539825218463,259949
2,14827,1658295586182,1,207864
2,14828,1700024548387,1368292167716,1498040
2,14829,1583083897401,1,5367434
2,14830,1630333990720,1605011322127,285644
2,14831,1683358098997,1321299133411,4346232
2,14832,1658611848693,1553874394458,489150
2,14833,1651165237581,1650907077230,365450
2,14834,1563125894335,1440488199461,2013677
2,14835,1620002317710,1368292036119,2199348
2,14836,1675235207000,1349477488698,2908710
2,14837,1546397672344,1546328173347,9843056
2,14838,1636794673042,1404247845123,213917
2,14839,1654193981251,1534792515699,1918246
2,14840,1699914080444,1373020039121,8675555
2,14841,1607849475301,1607450973671,317322
2,14842,1571186990798,1349477488752,25413759
2,14843,1681695036000,1363171201399,5713018
2,14844,1697513889888,1501814060829,331928
2,14845,1660493521873,1429101618064,2919601
2,14846,1590841981632,1590767390873,549253
2,14847,1575481391087,1481804175275,1507651
2,14848,1683067297857,1368292036119,24442497
2,14849,1630581352207,1630520739457,207177
2,14850,1636486699304,1635724368573,249503
2,14851,1594781861159,1497148220240,2419508
2,14852,1691598246348,12705,280658
2,14853,1547165001757,1547164982676,1518406
2,14854,1643226140978,1574361598552,446734
2,14855,1680861871941,1680861847918,409289
2,14856,1614238309417,1448478942755,472136
2,14857,1633025347832,1214225650015,1403669
2,14858,1633435611862,1479242579780,786760
2,14859,1623415937921,1598273512261,1385676
2,14860,1692825563649,1692746501665,200922
2,14861,1622206115990,1440675789744,717708
2,14862,1627586782575,1379858238746,626483
2,14863,1645622810934,1421267573032,992372
2,14864,1629142865720,1629142755000,370977
2,14865,1511443048860,1255655606886,15167504
2,14866,1627520622711,1423240091373,2086193
2,14867,1680742726159,1680742051574,299251
2,14868,1677008270000,1349477489095,4556065
2,14869,1642479977733,1349477489143,695311
2,14870,1631211567319,1563724308786,2077225
2,14871,1520151924271,1520145091270,5635948
2,14872,1516958330721,1516957952528,488593
2,14873,1595276113677,1423739806409,219824
2,14874,1687710030803,1556384731398,234513
2,14875,1693723783921,1604818316786,5938631
2,14876,1573325883544,1349477488771,19214688
2,14877,1630414547670,1245641480890,1224779
2,14878,1472422109043,1351001661037,593957
2,14879,1611449445175,1611449418504,339179
2,14880,1544003177777,1544002437882,1088718
2,14881,1605417971670,1605416248574,7406418
2,14882,1369254479332,1277315685083,5509615
2,14883,1632253952882,1441617153045,476190
2,14884,1609543739748,1360259742137,470884
2,14885,1631737897821,1631487772596,595274
2,14886,1638914125213,1365293606461,4817194
2,14887,1613715767388,1,2997600
2,14888,1659622110960,1659622073981,202855
2,14889,1655417251216,1625942938422,383029
2,14890,1602888239724,1381539112793,377891
2,14891,1656956977613,1,1767607
2,14892,1663133483000,1394240219617,1491518
2,14893,1542666905555,1246646765080,9126636
2,14894,1536961698065,1251883407566,2307743
2,14895,1645283101590,1363171201399,3299151
2,14896,1492278084732,1492277975513,10016685
2,14897,1615408954453,1556384731398,350521
2,14898,1634799603350,1339252520768,1372393
2,14899,1495476186840,1224469920880,17622816
2,14900,1630330026537,1597065143792,1003613
2,14901,1669676825568,1520749256502,1276249
2,14902,1594711480012,1300623439821,3381658
2,14903,1527777444953,1527685636648,491233
2,14904,1698508733356,1578567786504,475156
2,14905,1591282177284,1285475760721,1844971
2,14906,1579655424274,1579562903307,1065119
2,14907,1618747779274,1538152300101,490240
2,14908,1652554896437,1652552619952,366898
2,14909,1625013980897,1338405665397,269661
2,14910,1687782654384,1687511646794,190886
2,14911,1633649747901,1564849656621,1813483
2,14912,1629787832210,1528416454817,380791
2,14913,1664889412458,1427181726635,1313345
2,14914,1612045273443,1288463827711,1405700
2,14915,1666972577366,1391741012224,345521
2,14916,1440797026633,1440796945550,4930198
2,14917,1615676095721,1615673817144,231887
2,14918,1677644519913,1554743273169,730238
2,14919,1443118290145,1443115847728,317832
2,14920,1361740126307,1359047250267,537402
2,14921,1617766344147,1455533322762,2357142
2,14922,1657635948328,1553874394458,433576
2,14923,1691394265037,1389609484811,375096
2,14924,1644349649321,1391741012224,11632583
2,14925,1676646967631,1397327008275,288778
2,14926,1699222021794,1403140255051,1732909
2,14927,1664117874020,1658769224604,404315
2,14928,1579383502804,1579383239914,191359
2,14929,1461928108968,1389176240631,9375791
2,14930,1653405230746,1493973670549,887876
2,14931,1631657886085,1631657874031,879821
2,14932,1617092057231,1214225650015,634652
2,14933,1622186304922,1622186292240,182297
2,14934,1606939859553,1553445633392,1035088
2,14935,1660286850806,1324394811014,723930
2,14936,1635820552713,1406517521272,891226
2,14937,1616863506237,1,3326309
2,14938,1631660628689,1321299141647,345548
2,14939,1665507334951,1021,11028453
2,14940,1583053573517,1583049248693,211818
2,14941,1611505620476,1611503050346,4498817
2,14942,1562523507287,1562523393777,335614
2,14943,1646987605361,1625581521684,189237
2,14944,1647816684169,1296169988801,195015
2,14945,1599339220186,1599338578423,269133
2,14946,1357655825015,1357654336906,10110978
2,14947,1602619726763,1602194471889,897202
2,14948,1490249052792,1489372120890,1579490
2,14949,1548093323679,1321299141551,679573
2,14950,1607634833962,1386423765463,495575
2,14951,1567367967113,1566775869936,1255565
2,14952,1600913933000,1355743283670,1843449
2,14953,1485450262073,1476635777219,2509038
2,14954,1641871082734,1479242579780,468549
2,14955,1666542673000,1540463942425,1471557
2,14956,1685996676174,1349477488697,12105708
2,14957,1543300079075,1237329777514,3763825
2,14958,1588860959449,1588460651920,851657
2,14959,1674690268416,1368292251847,11976426
2,14960,1630365739093,1630365059057,900797
2,14961,1598882934678,1381728976182,3414917
2,14962,1629838080282,1365293606461,16989090
2,14963,1533077727246,1532911591382,1964716
2,14964,1583885203667,1242787569512,5984151
2,14965,1534632816138,1533951740262,1379478
2,14966,1629240919811,1349477488803,8101422
2,14967,1656118052640,1382060716753,799538
2,14968,1631305035166,1631291942336,362334
2,14969,1698139481950,1321814180155,2242016
2,14970,1634731719065,1349477488771,2950808
2,14971,1686942779000,1683679194351,189559
2,14972,1559746851174,44,8756845
2,14973,1631816590114,1631816412427,2011688
2,14974,1457648334548,1457571326721,322590
2,14975,1496670394538,1253683383517,446056
2,14976,1652750517376,1554058974976,250120
2,14977,1635899664100,1492209645507,602110
2,14978,1339988066048,1242484755890,291163
2,14979,1612933936565,1379571062076,427720
2,14980,1558839863093,1349477488697,12214666
2,14981,1599879213535,1598673485386,1098388
2,14982,1689448304396,1368292251847,5713261
2,14983,1585858371059,1585858342311,1642765
2,14984,1698743621786,1520716970992,1868241
2,14985,1660737578434,1288463827982,2360281
2,14986,1604067801363,1603744174969,15917008
2,14987,1640454098015,1382060716753,740259
2,14988,1632529098852,1631938072930,321178
2,14989,1615513565228,1339252520768,930040
2,14990,1534044456319,1534044447063,814834
2,14991,1571932122361,1487429285497,301238
2,14992,1690381870853,1442489645553,213454
2,14993,1560174777482,1560174697823,652192
2,14994,1667806036814,1592157627263,740808
2,14995,1664756408539,1368292251847,17730088
2,14996,1603110976332,1,205242
2,14997,1439598373489,1393016563748,2042416
2,14998,1696894131322,1583568422925,723012
2,14999,1641062422848,262566952,1466683
2,15000,1468030586839,1468030567100,468095
2,15001,1695160644192,1516454472796,7523488
2,15002,1602865962154,1602801591007,838405
2,15003,1673714350110,1248091579005,352636
2,15004,1416899338456,1358388308437,6376391
2,15005,1675796488961,1349477488697,1551793
2,15006,1578676741143,1578675283560,1059696
2,15007,1629714479377,1253841981294,8269646
2,15008,1661441202940,1661364940438,259565
2,15009,1691615679655,1585033987992,235099
2,15010,1596510128255,1596504986759,227658
2,15011,1627758802039,1627737398647,345789
2,15012,1689850092704,1220824109052,7820795
2,15013,1604427053162,1315388104424,836889
2,15014,1662726436564,1389609484811,2246939
2,15015,1663962983611,1371165088003,1556170
2,15016,1649636527253,1234655558515,513394
2,15017,1563304317027,1349477488697,1963181
2,15018,1681097367512,1363171201399,4190853
2,15019,1622747126884,1363171201399,1235343
2,15020,1633262377154,1349477488697,871331
2,15021,1664164750998,1382060751525,6667629
2,15022,1607262161992,1296169988801,492000
2,15023,1663644159638,1297133706414,2147005
2,15024,1624217531364,1624216755147,288521
2,15025,1661140511402,1468959082420,2819375
2,15026,1681960174157,1349477488785,540628
2,15027,1616745771033,1616661393376,618458
2,15028,1697418171000,1433811156846,1460146
2,15029,1661305697529,1432255836612,5872482
2,15030,1671516028463,1307347307457,1725704
2,15031,1660226218198,1592934124708,470364
2,15032,1688523298614,1379277501567,501147
2,15033,1499530103617,1499525428055,7709671
2,15034,1700642702736,1476784308994,3009776
2,15035,1620679060462,1538152300101,2544193
2,15036,1622371252443,1411171906124,930110
2,15037,1550015650493,1549498953730,597356
2,15038,1618692125807,1618692119213,817296
2,15039,1357639474112,1328649089457,862567
2,15040,1625596493546,1625596413254,589241
2,15041,1617880425687,1617877383034,273634
2,15042,1614722234795,1614658472892,3792795
2,15043,1686781047822,1368292036119,6488585
2,15044,1615707726614,1615541059880,348075
2,15045,1610463896271,1610463874535,2496066
2,15046,1699060956000,1474474209351,542942
2,15047,1688742617348,1382060716753,3612298
2,15048,1582810693793,1349477488910,20435185
2,15049,1532035384607,1459381160365,1031351
2,15050,1527805102860,1481492104732,1742430
2,15051,1631650972304,1631647508889,2019147
2,15052,1409337789250,1257843254880,1661712
2,15053,1644006260021,1503492944951,4214084
2,15054,1666633366389,1574076614960,397538
2,15055,1616675887446,1346156008550,876280
2,15056,1588837246842,1587626394491,296386
2,15057,1646578755641,1646406787563,354225
2,15058,1558796898107,1558792864773,1327554
2,15059,1636562296615,1281408947636,1597671
2,15060,1622042329196,1377888799047,2810589
2,15061,1490763394069,1248910212562,422654
2,15062,1688140489000,1340713992866,2125159
2,15063,1479966741382,1475653175900,853411
2,15064,1632858647996,1521140922076,5574204
2,15065,1611500452518,1587330405470,1051786
2,15066,1615846538756,1321299141647,6395386
2,15067,1656012543538,1553874394458,3255893
2,15068,1636145618321,1423074672301,1323636
2,15069,1632340995082,1632340454115,2113799
2,15070,1641524510613,1368292036119,5240738
2,15071,1556550950530,1293981228694,17825863
2,15072,1664083553233,1663670344064,1235015
2,15073,1569842390714,1569828766080,1128295
2,15074,1654929496000,1422394767992,366852
2,15075,1605025688158,1459869341696,453542
2,15076,1390286882674,1250819068080,3024974
2,15077,1643204159890,1402352742263,1819039
2,15078,1623078177776,1623077649810,3380251
2,15079,1561529963202,1561529945083,683231
2,15080,1425609301610,1287719191568,180715
2,15081,1663093977243,1368292036119,2246051
2,15082,1692703724662,1661426757439,212702
2,15083,1623661415270,1623655886645,450325
2,15084,1626986880769,1339252520768,858177
2,15085,1605466765076,1605466746670,994398
2,15086,1582121774560,1439804743205,908953
2,15087,1604505744666,1604505715415,198887
2,15088,1672952431209,1368292036119,1339948
2,15089,1563932129950,1563674386981,453720
2,15090,1660757525079,1365293606461,734205
2,15091,1577150337138,1576900189739,1956522
2,15092,1631986783342,1,566517
2,15093,1623957322558,91,5410278
2,15094,1616150103278,1273757850671,771957
2,15095,1357655825015,1357654336906,271895
2,15096,1620148638859,1620148602868,324052
2,15097,1514304175504,1514304117682,2640284
2,15098,1686690478789,1341386344459,7344390
2,15099,1416899338456,1358388308437,1197012
2,15100,1519784087293,1420177544893,1022098
2,15101,1591678403257,1387876261226,1873306
2,15102,1458594010806,1273772884027,1061880
2,15103,1615836923688,1339252520768,716593
2,15104,1667914034234,1185996957304,1541847
2,15105,1593072700534,1535916422542,392008
2,15106,1523373046235,1349477490140,8077500
2,15107,1491102639668,1384918519477,2310235
2,15108,1650619610009,1610963140126,472855
2,15109,1550004904728,1550002110163,541081
2,15110,1631823553308,1631823539465,2385234
2,15111,1518528547062,1518509838674,9645124
2,15112,1419352184080,1419325231713,582893
2,15113,1652234424634,1505021533975,1066734
2,15114,1656729736739,1386238672163,1106914
2,15115,1483425044586,1443276306465,516009
2,15116,1654019382000,1365293606461,1105425
2,15117,1444581571856,1444578311543,3225467
2,15118,1600059419122,1361234668756,5482011
2,15119,1671129841389,1671129245409,298623
2,15120,1675370985932,1539733903209,1389761
2,15121,1616244791720,1574587965675,2918502
2,15122,1583474610494,1583472534751,6170951
2,15123,1667105860956,1544342031842,384967
2,15124,1683262543000,1365293606461,837294
2,15125,1618805121294,1418743396292,811866
2,15126,1623091656973,1623087192819,359353
2,15127,1620508294541,1620095423729,298528
2,15128,1630842099056,1630842026735,245009
2,15129,1655730422414,1395429108626,269340
2,15130,1618668141441,1403140946088,5375622
2,15131,1632434618991,1365293606461,623908
2,15132,1632421971419,1509921388666,297190
2,15133,1575481391087,1481804175275,1454541
2,15134,1603886405491,1462140537103,4948489
2,15135,1588291217199,1248388001058,24910502
2,15136,1612964158794,1321814180155,900562
2,15137,1615161493268,1253683471738,4062726
2,15138,1698747029321,1235442759561,4146804
2,15139,1556377465185,1435021877605,301636
2,15140,1614091578587,1614090351316,851625
2,15141,1641409036842,1430878926884,336694
2,15142,1572839178740,1459381160365,806831
2,15143,1661781524967,1321814180155,369401
2,15144,1566408527567,1566407932936,505319
2,15145,1680477649931,1680423712358,1327476
2,15146,1555047538390,1363467820033,1675257
2,15147,1616492928283,1296169988801,250408
2,15148,1696744773231,1368292123572,4328267
2,15149,1572562975882,1447133831131,5369812
2,15150,1665541947961,1556033746178,961902
2,15151,1655576330223,1368292036119,4713189
2,15152,1583479712662,1230430322217,3603373
2,15153,1597771176134,1597750863688,2808142
2,15154,1614130748939,1496663906242,4946712
2,15155,1624919343697,1349477488871,322140
2,15156,1601348375000,1455533322732,1051842
2,15157,1656715313473,1522408945138,1161023
2,15158,1691900184000,1479242579780,793480
2,15159,1507650538378,1296169988801,11105420
2,15160,1629489021789,1349477488789,12688183
2,15161,1552835586807,1349477488697,5241223
2,15162,1631533759440,1631532414499,525142
2,15163,1699263669163,1346589241352,2525318
2,15164,1486287956602,1484374329970,129966
2,15165,1357655825015,1357654336906,1229101
2,15166,1675464189865,1614447499789,1717826
2,15167,1647383078267,1214225650015,487881
2,15168,1552137203438,1402456305835,3424351
2,15169,1610975505317,1549553739937,840571
2,15170,1586585930622,1479176148907,1628294
2,15171,1654448545990,1383096135740,773930
2,15172,1604939668040,1604938262579,886956
2,15173,1516141982567,1395053204815,736045
2,15174,1662977876782,1461869987341,707302
2,15175,1632207796481,1632148296942,295083
2,15176,1578391595899,1382060716753,10158111
2,15177,1566932916809,1566932218594,979909
2,15178,1679437391719,1368292340870,6829721
2,15179,1632523193898,1632345996715,2797537
2,15180,1607087538901,1321299133411,1204994
2,15181,1662188135619,1464529102166,534731
2,15182,1575003298474,1397500132629,904662
2,15183,1659803416000,1659797617949,210501
2,15184,1633960730345,1559724027775,970014
2,15185,1526548188469,1423102940273,760294
2,15186,1690525855019,1548494604014,1753494
2,15187,1653080512970,1492209415832,7258699
2,15188,1631811749858,1630639057596,1363421
2,15189,1643575404274,1304882220622,10776162
2,15190,1597573081182,1267679370216,3434174
2,15191,1487621379163,1288315736795,3778830
2,15192,1410841106355,1410731122758,1919438
2,15193,1598180497171,1238384579239,1291316
2,15194,1501797051475,1501796821282,222832
2,15195,1684948535738,1495201137566,756520
2,15196,1304609916634,1304490060746,369272
2,15197,1635810107218,1439181578141,813828
2,15198,1682979642061,1368292062206,13115517
2,15199,1541843410715,1330250475060,1834499
2,15200,1582697018910,1582696542142,1612539
2,15201,1571240875534,1571024516321,352503
2,15202,1632859234941,1632753512333,10687351
2,15203,1662470153534,1340713992866,3136735
2,15204,1688073634000,1391741012224,500040
2,15205,1694734438000,1427035289974,468268
2,15206,1658122074300,1403293151299,601209
2,15207,1601351066000,1601351041087,771831
2,15208,1672822377220,1609414663630,1283812
2,15209,1630312401523,1630312373549,1445313
2,15210,1619291867372,1,4717946
2,15211,1585275803722,1547760633236,2962670
2,15212,1652794763000,1472502461625,347160
2,15213,1357655825015,1357654336906,657469
2,15214,1620856922022,1273439686875,2802915
2,15215,1631030824284,1631030799660,236853
2,15216,1607463268844,1607463238243,1308666
2,15217,1638723709321,1303080503581,4429519
2,15218,1626646343482,1561260428342,205622
2,15219,1683331578894,1683302408880,290246
2,15220,1621767364653,1621730794228,437777
2,15221,1690858173046,1363171201399,3372879
2,15222,1643154003501,1368292123572,246881
2,15223,1641914153993,1389609484811,4623483
2,15224,1527389777785,1381331104804,291314
2,15225,1490721846455,1297138387128,2364285
2,15226,1621875610775,1,3071812
2,15227,1599453622611,1392879685232,409157
2,15228,1645803020616,1369629218547,2617729
2,15229,1673729599115,1556384731398,241884
2,15230,1674609371135,1674609056042,1096303
2,15231,1613603408580,1339252520768,5045381
2,15232,1634052296516,1332782303694,3317144
2,15233,1635980623375,1403140255051,516280
2,15234,1687876446605,1451136874257,356235
2,15235,1691021700884,1402176732152,504633
2,15236,1612650167435,1421247060209,2703159
2,15237,1632069731834,1632068260135,275179
2,15238,1627843638755,1595804337160,194709
2,15239,1658462070539,1321264496288,532335
2,15240,1690851704535,1690851292104,323786
2,15241,1616333605735,1616332040363,6975236
2,15242,1367878361215,1367751463922,30912349
2,15243,1684172369186,1402456305835,2524885
2,15244,1585429927536,1498732231356,1646481
2,15245,1443595020708,1306364583424,4681650
2,15246,1680841463297,1479242579780,505980
2,15247,1586130408191,1315331337375,1149232
2,15248,1660821552287,1264295638472,854447
2,15249,1630515682949,1368292036119,4583225
2,15250,1632086608952,1632086564821,487673
2,15251,1538870187635,1538869073315,495173
2,15252,1478440437511,1251849465143,3397258
2,15253,1695427093449,1429113604208,7018470
2,15254,1577991633422,1245831150005,663032
2,15255,1631846556468,1486020065511,2199386
2,15256,1657892298527,1461852688140,1678999
2,15257,1620580320997,1620580209245,538111
2,15258,1552544576189,1393828961957,3131748
2,15259,1472844013878,1405567207009,5265386
2,15260,1614105641941,1505598845274,671629
2,15261,1570672871600,1561918868964,1257907
2,15262,1605287059629,1253683383517,3225883
2,15263,1604953178718,1479242579780,1806165
2,15264,1665858297134,1453382263645,8523768
2,15265,1661746967353,1349477488929,1254589
2,15266,1683136108310,1504364718795,449680
2,15267,1453344553301,1253683383563,7906079
2,15268,1614549858832,1495908285242,229968
2,15269,1654558451145,8,9164803
2,15270,1687700210465,1363171201399,2946783
2,15271,1636550328728,1420722745258,315442
2,15272,1694664985000,1,1706117
2,15273,1689968037778,1462427986313,292159
2,15274,1677048380886,1265061266990,1447904
2,15275,1685204314000,1392952448826,782133
2,15276,1486514383930,1389738311247,5021320
2,15277,1700199271987,1365293606461,495661
2,15278,1699280103380,1589023215291,511859
2,15279,1687172486284,1548495604663,1072370
2,15280,1692734542332,1399316509869,1703305
2,15281,1678906151827,1499988495933,622999
2,15282,1688535138000,1688482949248,266287
2,15283,1655016095767,1618768607449,770714
2,15284,1642004532837,1382060716753,634157
2,15285,1679559239626,1573829257450,436977
2,15286,1512525624284,1512525443844,696041
2,15287,1540166399214,1434539087359,2286449
2,15288,1495457740777,1253683383517,21712620
2,15289,1694590950556,1694567969401,324677
2,15290,1647478758829,1429526887927,1095517
2,15291,1690913621000,1684277769225,295223
2,15292,1630383463411,1630365640459,454998
2,15293,1605882918003,1463325268871,499387
2,15294,1622815349168,1622815295133,2281432
2,15295,1568998338993,1296656130240,6598761
2,15296,1623295446903,1363171201399,3525674
2,15297,1574082432475,1456784541232,1951346
2,15298,1604680294777,1604680208723,392314
2,15299,1651925279548,1505021533975,1762048
2,15300,1687522752591,1185996957304,7878391
2,15301,1435672379736,1296499533072,186470
2,15302,1627877730162,1246646765080,1657925
2,15303,1675100101445,1363171229968,11045172
2,15304,1666445622076,1392952711353,471268
2,15305,1416156146846,1416155700340,213213
2,15306,1667876203297,1,17393283
2,15307,1686607752137,1591102784202,408852
2,15308,1693834525737,1497484861934,561016
2,15309,1554608268063,1448934763582,533233
2,15310,1648865804852,1245205460625,417074
2,15311,1667412721210,1465372097654,1422438
2,15312,1643950297753,1479242579780,1765977
2,15313,1555793890871,1421053844342,15651115
2,15314,1631267704049,1631267043219,5750575
2,15315,1668882962091,1546536898404,259007
2,15316,1589938665382,1589851909102,466363
2,15317,1690971747476,1690971541668,279219
2,15318,1620777127082,1410146858630,8857107
2,15319,1693425727094,1401126656910,370890
2,15320,1640102305240,1402457846518,2186187
2,15321,1674758181746,1368292340870,2230202
2,15322,1610157268143,1269722041469,9510226
2,15323,1527588417851,1527551034874,2212025
2,15324,1626138166741,1365293606461,1553353
2,15325,1607508017938,1526819771591,1734911
2,15326,1682953762347,1404247845223,467032
2,15327,1640406971729,1339252520768,3472819
2,15328,1635118171450,1631756051510,201094
2,15329,1643940227683,1368292036119,431868
2,15330,1623512882925,1623512636469,760271
2,15331,1614120766702,1613885299287,745278
2,15332,1660697012612,1507576346677,924550
2,15333,1690490387000,1479243238750,1576762
2,15334,1443871908115,1443870892460,6278309
2,15335,1642893602842,1574874176959,222544
2,15336,1374834828484,1238623206784,1133663
2,15337,1616383653448,1264521038891,1080303
2,15338,1631844405043,1631825429647,765976
2,15339,1629073490303,1593009314089,657055
2,15340,1651084360477,1392952448826,236401
2,15341,1695005570219,1568413493039,425769
2,15342,1698516422000,1507954790894,956419
2,15343,1567357009905,1296169988801,13159391
2,15344,1672341340975,1,323112
2,15345,1640829268565,1363171201399,7281752
2,15346,1650852676079,1617222695010,1043160
2,15347,1635849687544,17,2247881
2,15348,1567623786825,1,14884707
2,15349,1605379766309,1605379543490,1061745
2,15350,1691873935402,1691873924711,560574
2,15351,1618211934480,1478515378844,501061
2,15352,1692915122497,1374182054120,6570054
2,15353,1586001363918,1586000850312,1640958
2,15354,1632763240759,1365293606461,2743427
2,15355,1603597915087,1394240357489,246295
2,15356,1652885438178,1232600232298,7961572
2,15357,1673199809227,1673198075552,2165736
2,15358,1670315776236,1411048108136,1275172
2,15359,1618215611766,1251883407566,955321
2,15360,1680717943192,1264653384165,19321372
2,15361,1599934124328,1599928355337,420510
2,15362,1635597002640,1602006090197,1804186
2,15363,1508336882925,1264049677740,622513
2,15364,1571934551989,1571913980594,204121
2,15365,1631025025295,1631022375358,345632
2,15366,1694006517513,1273772884094,1387567
2,15367,1617471976878,1365293606461,591410
2,15368,1615687374844,1393817670651,1600029
2,15369,1601714601994,1601713452002,634713
2,15370,1614094665276,1293981228694,1516208
2,15371,1649182083524,1430151176210,373472
2,15372,1606359119166,1606359014320,637275
2,15373,1631993113257,1242787547861,421696
2,15374,1612619709097,1599691101089,1001513
2,15375,1635906938852,1421425332250,2268718
2,15376,1632922977208,1631471865501,2588985
2,15377,1618937348433,1566222729834,315042
2,15378,1587628571360,1587628435882,236565
2,15379,1613093048604,1296169988801,10922243
2,15380,1611712014182,1349477488697,4824502
2,15381,1653940424840,1653939632122,269619
2,15382,1553104009889,1552975181160,4483067
2,15383,1539934186688,1446978102273,1038690
2,15384,1645474948139,1368292036119,12020076
2,15385,1579357372814,1436703494172,5402393
2,15386,1646419555367,1321299133411,1764956
2,15387,1595919895808,1595910277482,215711
2,15388,1611845137363,1611787086840,405506
2,15389,1611096116784,1349477488945,18953508
2,15390,1361740126307,1359047250267,2439270
2,15391,1646750584636,1310576403943,1058191
2,15392,1641409036842,1430878926884,226473
2,15393,1680678251619,1583891513125,23857083
2,15394,1598570896868,1349477488843,21513130
2,15395,1627996303986,1349477488697,7519179
2,15396,1523207016552,1453447194218,1030313
2,15397,1630407635805,1629788753133,849604
2,15398,1552137203438,1402456305835,921767
2,15399,1551585244469,1551584052836,246832
2,15400,1686242839463,1526819771591,291183
2,15401,1687485059419,1482099581265,2642146
2,15402,1657263373423,1230602634278,4988874
2,15403,1655473038000,1621470564032,1893275
2,15404,1623784812684,1623784233225,210347
2,15405,1696117283000,1687281291724,1324879
2,15406,1595983744331,1462818125899,7621093
2,15407,1540832049833,1540831652925,5203580
2,15408,1667410285421,1368292036119,7337997
2,15409,1638361965520,1628689327010,1135710
2,15410,1658973300000,1365293606461,1410864
2,15411,1535453561660,1535453299938,349456
2,15412,1609184114468,1288463827733,2087373
2,15413,1551847250347,1551847208349,226887
2,15414,1680803241475,1605325999202,382220
2,15415,1613489962366,1281632529352,696183
2,15416,1491937416125,1307765017510,16388388
2,15417,1619633735853,1618999290174,613299
2,15418,1619087429434,1,690097
2,15419,1599131963925,1599047032093,777540
2,15420,1649777135156,1255653553364,1406986
2,15421,1420840662493,1242787540526,397173
2,15422,1602359593289,1230440095389,946025
2,15423,1614643714178,1614642479089,1637714
2,15424,1624929497367,1273439687218,318109
2,15425,1674544615551,1558903765486,1755053
2,15426,1678158281332,1363171201399,3041356
2,15427,1631336575186,1631336557486,1372743
2,15428,1698827999542,1321814180155,1854521
2,15429,1633450964276,1284935207365,612041
2,15430,1693076065610,1401126656910,512229
2,15431,1628058681904,1341446869808,1699478
2,15432,1645993297747,1363171201399,13274489
2,15433,1618891793826,1237642309165,4186235
2,15434,1613692901569,1613689442270,543592
2,15435,1686778996000,1461884819955,6009830
2,15436,1621225512515,1621225498481,903724
2,15437,1683864798246,1467771842603,279081
2,15438,1638061556660,1349477488803,2491035
2,15439,1648525208174,1474474209351,2583028
2,15440,1695725592211,1402457846518,7635868
2,15441,1527748505378,1527731700241,2149311
2,15442,1686607847000,1368292036119,624202
2,15443,1668964123356,1439130117498,1302611
2,15444,1585891284326,1585845085950,1064030
2,15445,1673255462372,1610980795747,1159084
2,15446,1616363179701,1616337169525,427722
2,15447,1615681521370,1267679370216,1145209
2,15448,1694063466306,1335881318503,1502023
2,15449,1687357532201,1453361076729,279176
2,15450,1631130131591,1520749256502,393570
2,15451,1630353583428,1596640640568,893272
2,15452,1511229646372,1511229620601,535070
2,15453,1665519406923,1349477488942,6117260
2,15454,1605985701114,1296169988801,738600
2,15455,1615343478107,1615251602792,838573
2,15456,1578744952099,1578744840613,651485
2,15457,1638438357966,1436157531189,182761
2,15458,1696754182942,1475383622641,522865
2,15459,1588942106838,1515082412565,718751
2,15460,1560418487903,1483511737503,426509
2,15461,1520459164004,1295662421703,2052280
2,15462,1681950229000,1472236142516,265238
2,15463,1622586698722,1503429922293,1500271
2,15464,1622553439785,1581957029459,1766618
2,15465,1688422130388,1281408947636,585825
2,15466,1630588138265,1630585769733,1076588
2,15467,1617788426946,1,294228
2,15468,1607456475684,1349477488804,5453839
2,15469,1658261945494,1368292036119,6141920
2,15470,1609370434981,1423341525171,1118348
2,15471,1692265608546,1402524202094,1515176
2,15472,1615891110209,1370145367610,1394747
2,15473,1596249419688,1423816422595,1077571
2,15474,1604348195714,1349477488732,3920602
2,15475,1652233286075,1652233196739,991015
2,15476,1633797167023,1389609484811,2009516
2,15477,1651879809346,1554146805055,1145551
2,15478,1676732919018,1676729968676,707005
2,15479,1669954794000,1489856121526,570175
2,15480,1595655556149,1398728661613,417500
2,15481,1659153494808,1554657681232,268535
2,15482,1624283846990,1365293606461,6427912
2,15483,1651767129760,1363171201399,927231
2,15484,1679335395674,1483693975624,257174
2,15485,1675722751077,1500339232288,431824
2,15486,1676400615785,1368292251847,3915104
2,15487,1581244432079,1253683383517,17882005
2,15488,1636580660625,12321,1247919
2,15489,1622890760474,1548520038821,445264
2,15490,1682175553680,1479242579780,2097780
2,15491,1631261591442,1631261002345,2175808
2,15492,1657740404528,1654049942982,194379
2,15493,1693947030614,1558357461487,2245319
2,15494,1678761662060,1524137590096,239861
2,15495,1631559955890,1631501815246,994886
2,15496,1679749902758,1389609484811,1009824
2,15497,1660894153000,1632937430361,881188
2,15498,1350863549453,1251849465143,6196215
2,15499,1547458093534,1507052704850,626756
2,15500,1515595383902,1379277501567,31732697
2,15501,1634664073665,1312447477319,2459689
2,15502,1614209419389,1614208757864,409019
2,15503,1317209386845,1315934182565,3864150
2,15504,1698789407051,1368292036119,3131310
2,15505,1657044347719,1553879552483,828961
2,15506,1644607438895,1463150210262,274452
2,15507,1680291323874,1493040134599,196951
2,15508,1591289366104,1409142787114,337361
2,15509,1661795662829,1405801421944,1311132
2,15510,1634424250950,1382060716753,7173205
2,15511,1681016834198,1310576403943,226542
2,15512,1599299606727,1599296833791,2406715
2,15513,1630943938402,1571051254499,2108750
2,15514,1607778310377,1296139318570,539030
2,15515,1692119494901,1341435317450,4545326
2,15516,1429249183364,1429249085764,303190
2,15517,1586175127052,1586175065489,218895
2,15518,1425993478151,1425106476528,2415071
2,15519,1632325251975,1632325192596,437666
2,15520,1658043220926,1657934473245,171952
2,15521,1632668030100,1371205561879,2854136
2,15522,1542128499094,1539718660368,235482
2,15523,1612900683621,1413859711864,8087647
2,15524,1632251565848,1615863372301,214385
2,15525,1616548988306,1616548430240,1191211
2,15526,1681359806000,1434116400883,238613
2,15527,1602515767041,1602515602463,931000
2,15528,1651661782939,1537637318470,934577
2,15529,1684248071000,1368292036119,6677247
2,15530,1618411274356,1566222729834,1190008
2,15531,1699747699248,1349477490242,3986145
2,15532,1666992188136,2006,468049
2,15533,1634055918998,1597981580771,7003419
2,15534,1615900156576,1614626871416,454429
2,15535,1687272913000,1611362384256,16521615
2,15536,1620859366284,1620859293940,1926234
2,15537,1551220395342,1234655558515,10878332
2,15538,1619096561407,1619095832312,899409
2,15539,1656156844856,1368292251847,15800303
2,15540,1583072675746,1583072396258,778787
2,15541,1667654221759,1576180268570,3265488
2,15542,1666458710330,1369629218547,807882
2,15543,1625088584155,1505021533975,3832915
2,15544,1631313713312,1631308273560,829948
2,15545,1643647349516,1459070248325,5303370
2,15546,1656096468851,1526819771591,913090
2,15547,1431984017045,1431360861792,1384528
2,15548,1682440518916,1316200905036,197601
2,15549,1646393859160,1512232430510,2098227
2,15550,1685203246849,1282284575213,231160
2,15551,1602999199869,1349477488697,473639
2,15552,1620086260373,1253683383517,2892645
2,15553,1539437279303,1539077424449,1678473
2,15554,1607351645145,1457190122373,4391793
2,15555,1682184831232,1450027946050,411581
2,15556,1621766374150,1339252520768,236502
2,15557,1438803525898,1302131945915,810486
2,15558,1527087728148,1253683383563,9011745
2,15559,1510668714057,1387862720194,359088
2,15560,1463412802687,1296169988801,1707631
2,15561,1611158046274,1361815949263,7420138
2,15562,1366994391864,1366737460713,193408
2,15563,1549132687309,1548146742587,2314459
2,15564,1693362333682,1564849656621,684011
2,15565,1644239712021,12731,2342258
2,15566,1639344750300,1368292036119,15124893
2,15567,1578577032445,1578338419765,1790996
2,15568,1322237147412,1322237027479,1655758
2,15569,1621905963243,1621905633780,1015611
2,15570,1698036315411,1410816662384,663559
2,15571,1542352150432,1362402002984,1942090
2,15572,1539239942028,1444123362050,2315857
2,15573,1357655825015,1357654336906,822775
2,15574,1681466243354,1603800728556,624962
2,15575,1669646164178,1669643134325,699588
2,15576,1557936464641,1557933251243,1677554
2,15577,1640373080270,1443100983558,978887
2,15578,1579087166830,1579027102606,2480648
2,15579,1696547857174,1621444679196,243073
2,15580,1658708007793,1479242579780,910102
2,15581,1630954732410,1630946750386,688113
2,15582,1611751214416,1611751199784,206857
2,15583,1666870319909,1421054014170,1331890
2,15584,1623426839253,1597065143792,1394009
2,15585,1611150104525,1349477488732,8327531
2,15586,1538533770316,1373367405762,384577
2,15587,1699896703700,1466272726946,2006607
2,15588,1443041788757,1331102569886,477613
2,15589,1666030307532,1665989267823,1464085
2,15590,1670415232374,1253683383517,1502717
2,15591,1681914805000,1403140946088,914665
2,15592,1630598463477,1264924052242,824387
2,15593,1547255718642,1333738203158,1902887
2,15594,1572554205165,1298791553640,1167970
2,15595,1643815351935,1368292036119,17127116
2,15596,1639237258439,1575983829029,520818
2,15597,1632574861186,1303670814437,2140675
2,15598,1619213382452,1296169988801,595917
2,15599,1587942270184,1,4061344
2,15600,1619718029044,1605711006480,220934
2,15601,1644060859349,1644059006706,326473
2,15602,1689526549105,1353588447521,1031639
2,15603,1630182612355,1630182585255,280768
2,15604,1624311891129,1623713694942,175081
2,15605,1637947006607,1453976085494,252732
2,15606,1621839663457,1508232086877,2096244
2,15607,1606158253701,1606158016262,294021
2,15608,1668533608624,1448648743936,944007
2,15609,1632013370079,1354715263726,4308442
2,15610,1594845911980,1244305227562,278383
2,15611,1610114876950,1404247845093,3268406
2,15612,1503412002564,1503411986436,8811233
2,15613,1643849211952,1214225650015,692395
2,15614,1681934774374,1379541286188,760306
2,15615,1428134871233,1408902547191,951034
2,15616,1633702970450,1631576746172,294215
2,15617,1628901617963,1368292036119,2981119
2,15618,1678310694966,1529032879485,809107
2,15619,1678743993820,1509927052299,508575
2,15620,1627587878996,1627203345025,206209
2,15621,1549356446253,1549356206266,4724819
2,15622,1635269417180,1610959980530,4528124
2,15623,1549024857561,1548984837372,339309
2,15624,1640424264674,1335881391590,1800977
2,15625,1415286039647,1273772884027,11702680
2,15626,1463377970705,1246480913690,8304886
2,15627,1582273838601,1523577512065,668069
2,15628,1544477520992,1211305353528,16906286
2,15629,1683080767327,1368292036119,1978968
2,15630,1616503821575,1616503681490,1601620
2,15631,1678365362000,1488896472741,2210621
2,15632,1551034152255,1551033909687,2434789
2,15633,1666750907568,1382060716753,5429559
2,15634,1687910428000,1351330555975,328282
2,15635,1669199514913,1565792910301,342722
2,15636,1678132688954,1677719900397,475137
2,15637,1630927173984,1630926593804,1018018
2,15638,1603046491168,1368292036119,17175721
2,15639,1621534595736,1367317475414,226133
2,15640,1322831719856,1322825485768,1413570
2,15641,1658758329480,1341955965988,3174864
2,15642,1691005351456,1363171201399,1031517
2,15643,1530452765984,1353268316196,1689796
2,15644,1637073823258,1630384736879,6417363
2,15645,1686134280609,1536603221973,252431
2,15646,1596583046729,1238384579239,1278166
2,15647,1631760510148,1631542346144,1219895
2,15648,1662085850167,1485680989528,10484968
2,15649,1609717108657,1253683383517,718234
2,15650,1632825552216,1214225650015,668824
2,15651,1626480499537,1626478760940,1195154
2,15652,1614961276084,1614957571848,554511
2,15653,1688430935643,1368292036119,1080946
2,15654,1597851923195,1597847421628,514703
2,15655,1456589676864,1423196987421,179673
2,15656,1662813975078,1650349436964,281995
2,15657,1612818581330,1443988498066,845414
2,15658,1583049214311,1370145367610,665291
2,15659,1584467384546,1574618656204,492676
2,15660,1650529304235,1477646201765,4612061
2,15661,1614990548043,1614989605166,353936
2,15662,1685625918959,1461625127655,2703404
2,15663,1661667656542,1382060716753,750139
2,15664,1637362996198,1401843801482,2085259
2,15665,1674980446777,1321299133411,618264
2,15666,1619875821728,1481896498728,6308429
2,15667,1648835634306,1387705047484,1393574
2,15668,1535030091623,1501638022610,2895787
2,15669,1492944207192,1265061266990,24228227
2,15670,1605366773084,1352570420990,438684
2,15671,1643217024425,1363171201399,327447
2,15672,1603794161913,1349477488785,6199655
2,15673,1644292682619,1488810258208,5173079
2,15674,1526535168573,1483374479972,638465
2,15675,1634123927525,1382060716753,3179110
2,15676,1604859390995,1586732035265,1173861
2,15677,1674152150843,1505021533975,2171110
2,15678,1616591739479,1616587936470,458661
2,15679,1592939625437,1339252520768,2173509
2,15680,1621864144529,1621864129122,328678
2,15681,1688020535000,1230526302094,12693934
2,15682,1555167157124,1251883389596,31597109
2,15683,1633027637175,1402677924322,1911186
2,15684,1630863990969,1630863846294,1185848
2,15685,1568561351370,1241373681015,1849044
2,15686,1552677428465,1349477488697,2849451
2,15687,1565668002168,1296169988801,4854562
2,15688,1633696860453,1368292036119,5745701
2,15689,1580624702298,1312370452002,3346526
2,15690,1698528385113,1349477488697,3052374
2,15691,1627495125820,1379541049761,920490
2,15692,1395180187810,1367317475414,5388616
2,15693,1639039999254,1404247845223,6746954
2,15694,1660807543561,1459809142832,300988
2,15695,1631808663825,1631456734319,279491
2,15696,1659576000024,1405189422934,651436
2,15697,1552137203438,1402456305835,4731076
2,15698,1482206254157,1315757525750,829447
2,15699,1663201150699,1663201126359,740842
2,15700,1650533216460,1532258084197,1448997
2,15701,1647118198298,1419359508983,1187211
2,15702,1614790494679,1614697361887,620840
2,15703,1680106121256,1,2277600
2,15704,1552755421540,1365293606461,4020126
2,15705,1631100936017,1545244054311,229037
2,15706,1505363672894,1365293606461,20740535
2,15707,1645388029286,1460040582994,220844
2,15708,1616553474641,1522151994912,1398546
2,15709,1626070075398,1,526139
2,15710,1629853555960,1539787803971,359486
2,15711,1574540162768,1396805758504,569163
2,15712,1687592492171,1487630984354,1299972
2,15713,1687355034119,1485705150808,2278111
2,15714,1629659062765,1368292036119,5648459
2,15715,1643547300987,1379541049761,298908
2,15716,1628570641832,1365293606461,4359541
2,15717,1465693697208,1230430594044,4518942
2,15718,1689090104150,1567324620726,1182732
2,15719,1578848296647,1,1103525
2,15720,1662248774439,1365293606461,305982
2,15721,1586528717279,1419644220831,2370810
2,15722,1449769177479,1303957211849,404276
2,15723,1632414262464,1632413842259,353490
2,15724,1339429313016,1211305353528,20604949
2,15725,1591201361033,1591201326539,273189
2,15726,1650433647863,1367317475429,669814
2,15727,1630531966603,1339252522768,1184014
2,15728,1602660195262,1602660154603,354751
2,15729,1692028613208,1473050444627,10617734
2,15730,1636500267415,1438914814766,674670
2,15731,1606240714188,1415024601265,2141986
2,15732,1631280272607,1331102569886,214305
2,15733,1694184064366,1317165925562,303308
2,15734,1575541435372,1575541399312,6623682
2,15735,1423116233271,1231767167234,393353
2,15736,1677219038000,1402177650166,5073120
2,15737,1598230188811,1,37588653
2,15738,1598635489623,1441617153045,2432977
2,15739,1653916120352,1391438187709,725029
2,15740,1667263970055,1389914201056,1945227
2,15741,1627968801313,1606490943962,214977
2,15742,1637572195157,1321299133411,4163528
2,15743,1602346126990,1602302427015,632951
2,15744,1675956246284,1517337093751,243728
2,15745,1661892690972,1441980277522,193732
2,15746,1651582802915,1274528386750,331829
2,15747,1601622218000,1368292036119,53156209
2,15748,1696457262539,1368292036119,547398
2,15749,1484402963640,1484402767421,3157923
2,15750,1632267782515,1,2209915
2,15751,1653965120450,1653900485124,353297
2,15752,1643506495541,1365293606461,442850
2,15753,1610157268143,1269722041469,981776
2,15754,1643555181234,1341238903900,1882198
2,15755,1509632486238,1421203484101,4150068
2,15756,1687042590313,1402457846518,727295
2,15757,1670968822000,1546537373741,386860
2,15758,1470276743242,1230437830154,7457403
2,15759,1656172128866,1393817670651,269813
2,15760,1585619234723,1426093915516,789266
2,15761,1602519957329,1358293531696,4211664
2,15762,1620938643972,1531147571932,3508535
2,15763,1560360987110,1364705634333,10184140
2,15764,1630787678989,1580999331886,1592610
2,15765,1652812221946,1523435318471,1943684
2,15766,1366918523892,1244617009546,757343
2,15767,1612113580381,1440500506317,1158117
2,15768,1655988407501,1387321519709,657077
2,15769,1615023922143,1615023895223,805769
2,15770,1575746468266,1575742303789,215844
2,15771,1632411301463,1632409968098,337787
2,15772,1593807199716,1593807179835,5122334
2,15773,1675956642895,1321814180155,798283
2,15774,1603286702310,21,6384385
2,15775,1607773371723,1255654868571,2284671
2,15776,1678878889770,2321,1023732
2,15777,1568547596434,1354715263726,4847425
2,15778,1670347297412,1365295400379,947211
2,15779,1643688994570,1403142018138,457377
2,15780,1617490323869,1537014055082,860453
2,15781,1623619294342,1244304862250,6254028
2,15782,1699565757049,1520154837774,536523
2,15783,1523900504849,1326691238767,4616303
2,15784,1606675120413,1340172765830,6436782
2,15785,1584525058513,1583600465152,24326155
2,15786,1639247833254,1634152247431,385887
2,15787,1629740164470,1382060716753,2226525
2,15788,1359036026087,1303670814437,3939443
2,15789,1617630884198,1349477488697,23018400
2,15790,1576515580452,1576514646180,1868820
2,15791,1676576962000,1405189783533,981839
2,15792,1563633684682,1253683383563,4805761
2,15793,1662034013907,1349477488800,10938861
2,15794,1617815414427,1214225650015,3356434
2,15795,1678939762558,1368292036119,4557894
2,15796,1632222351784,1566299268056,620632
2,15797,1694684539056,1556384731398,4668403
2,15798,1350500975040,1233882888368,8976686
2,15799,1626869928003,1349477488697,3765175
2,15800,1633022394802,1607709900937,213551
2,15801,1691273319000,1522834239493,244527
2,15802,1646529754254,3,365787
2,15803,1693319450000,1287867057355,274655
2,15804,1378020665437,1337697129869,2311890
2,15805,1545517503935,1493813730000,1401370
2,15806,1685731270868,1283030513648,574522
2,15807,1619583757573,1423427391566,2223389
2,15808,1691876779291,1363534232482,211077
2,15809,1583630841065,1235970207583,9417083
2,15810,1591887339695,1259122124001,2557945
2,15811,1684325086196,1414449682438,271086
2,15812,1607460051613,1596117501732,1473370
2,15813,1595311778502,1321036183388,4560953
2,15814,1680972999495,1399593579351,542756
2,15815,1605289499089,1366757977454,635943
2,15816,1635871207820,1556384731407,479884
2,15817,1557276201737,1557276193898,5708019
2,15818,1689095197448,1393514655468,2060157
2,15819,1632437641247,1632173995784,197481
2,15820,1509955214086,1379277501567,3984212
2,15821,1667835639236,1349477488697,4735013
2,15822,1644780501377,1288463827711,253509
2,15823,1528400064446,1528399550429,602709
2,15824,1620416672037,1349477489955,12308845
2,15825,1619450242162,1619378243383,380415
2,15826,1565363979973,1565363457812,771446
2,15827,1619430529267,1572077175168,1276499
2,15828,1564269416537,1253683383517,2433271
2,15829,1642704367481,1472426443875,538607
2,15830,1686157613541,1553874394458,729909
2,15831,1637038620551,1463971291750,579962
2,15832,1620931161507,1414449682438,904910
2,15833,1612719925868,1295662421703,477741
2,15834,1558903209141,1558871431091,4319683
2,15835,1677514863000,1488158592332,310236
2,15836,1681774118353,1681571987508,579548
2,15837,1512729700264,1308152705643,839969
2,15838,1617234947504,1617234289620,524210
2,15839,1696731451366,1551632933434,880262
2,15840,1698255677000,1321299133435,581731
2,15841,1323513492654,1323513450698,14663861
2,15842,1604340942643,1604316710025,395247
2,15843,1636847020326,1495675131235,4031208
2,15844,1631671551907,1253683383517,3906932
2,15845,1635965341582,1519658917225,3387197
2,15846,1676010540013,1239525226490,448232
2,15847,1460827147454,1460827069926,230984
2,15848,1591233894523,1414222098018,3930904
2,15849,1602525219335,1602523989916,2510485
2,15850,1582758360578,1582758056375,333382
2,15851,1670998579602,1368292036119,13341111
2,15852,1606532314372,12705,237159
2,15853,1613437376642,1613437326956,1013077
2,15854,1685203058235,1233884058178,664110
2,15855,1686412499039,1553713329141,318998
2,15856,1579374919602,1368292036119,8078519
2,15857,1687861896610,1687859702064,284467
2,15858,1629524124905,1321299141411,9673935
2,15859,1551947737064,1349477490115,3189771
2,15860,1500067639773,1436157710227,1738180
2,15861,1699896722221,1462390641649,279200
2,15862,1627145618077,1349477488697,17736677
2,15863,1617372742784,1617216516973,193273
2,15864,1690042658755,1368292036119,530963
2,15865,1610722157092,1610721266866,273359
2,15866,1585332744003,1,2581215
2,15867,1522203857762,1421053844342,2641567
2,15868,1661601600559,1349477488698,9169611
2,15869,1622203879310,1605744536233,2957706
2,15870,1585169917433,1535978029143,2136314
2,15871,1604919757335,1604909569352,988068
2,15872,1632332610293,1539707602104,196242
2,15873,1599926609350,1587325126423,1216168
2,15874,1539873017146,1539433126176,2140804
2,15875,1680836005065,1456476517706,706019
2,15876,1636837801209,1365293606461,2353551
2,15877,1597714473058,1440781487035,3232236
2,15878,1630439451640,1630439430800,173621
2,15879,1679611846231,1574863786378,2450313
2,15880,1595655883801,1380460087002,572779
2,15881,1654435822000,1281408947636,6428865
2,15882,1683362858588,1389389809469,943704
2,15883,1697201336835,1368292036119,1043118
2,15884,1639594711190,1558883034230,390351
2,15885,1630872908890,1496695434510,427919
2,15886,1468255423866,1330577651259,308038
2,15887,1667146190128,1413859711864,394889
2,15888,1682365925378,1503954937296,928617
2,15889,1636395063600,1,7165669
2,15890,1598473382681,1598467963859,303974
2,15891,1615209955690,1615209824692,523564
2,15892,1557319340702,1371430385233,846677
2,15893,1549587716796,1400252555835,652063
2,15894,1566781811309,1315749219057,228141
2,15895,1666963050000,1404925426667,3164396
2,15896,1588461575220,1237330124816,9831008
2,15897,1589562931061,1589562232103,375436
2,15898,1601311959957,1601264475219,1071295
2,15899,1642168302682,1365293606461,6145243
2,15900,1610058925838,1,4922849
2,15901,1654952067000,1306463892572,477268
2,15902,1615830155485,1,837700
2,15903,1666381985587,1321299141647,1313220
2,15904,1664000945040,1581721734501,3482628
2,15905,1547565371806,1185996957304,2490775
2,15906,1615177863309,1368292251847,24900866
2,15907,1618776030866,1293981228694,488551
2,15908,1366994391864,1366737460713,486870
2,15909,1691776875028,1471818016359,272164
2,15910,1621321355379,1621310393702,252493
2,15911,1631179738247,1556384731398,509946
2,15912,1553363471431,1354715263726,1046790
2,15913,1493169045012,1380312075891,1586463
2,15914,1681938219602,1586732035265,958131
2,15915,1594649242668,1594648363893,1005795
2,15916,1617112821939,1617106626980,992667
2,15917,1671113881889,1368292036119,3138956
2,15918,1553967562954,1379277501567,515870
2,15919,1632537048579,1606572280197,602771
2,15920,1685410952180,1553874466479,298310
2,15921,1671333171047,1424033610198,1281838
2,15922,1618103882190,1386840289496,1125607
2,15923,1637106351362,1382060716753,13058342
2,15924,1643340912600,1643340069813,169431
2,15925,1630304219739,1630303965123,528075
2,15926,1619456994560,1490054338966,947675
2,15927,1613373564427,1,359258
2,15928,1663257424802,1405189422934,1039079
2,15929,1615629713858,1615570174845,4453620
2,15930,1654561126696,1398982631621,371921
2,15931,1672084450445,1330934306862,1031858
2,15932,1492373141941,1354715263726,2631245
2,15933,1519923108760,1419644220831,8762969
2,15934,1698270982617,1211361113607,525167
2,15935,1586525976434,1586524253008,381214
2,15936,1641816877819,1353927520710,853721
2,15937,1682561446507,1363172196137,8539881
2,15938,1653493358160,1598355955501,2220475
2,15939,1689558581984,1368292036119,316379
2,15940,1630817724059,1630732391029,253269
2,15941,1632575823298,1474474209351,1447832
2,15942,1689258494009,1623443853948,476316
2,15943,1640052664669,1551108240037,814198
2,15944,1599526052900,1349477488803,11922714
2,15945,1625940959165,1472314727132,1780652
2,15946,1614769217379,1614765345705,327691
2,15947,1645000927427,1553410484702,835642
2,15948,1662749054524,1382060716753,4860322
2,15949,1513134028904,1513132728407,438506
2,15950,1361740126307,1359047250267,7090388
2,15951,1590464579259,1363171201399,3453536
2,15952,1625689560290,1625687626764,490013
2,15953,1631039844233,1630964410069,420547
2,15954,1658764806465,1461232992731,328105
2,15955,1678537246781,1548495604663,1637190
2,15956,1681657031909,1358606738334,336981
2,15957,1568757356903,1457163268815,734259
2,15958,1618564144547,1618564121375,317651
2,15959,1625300058197,1,1133119
2,15960,1592801645453,1538293035531,649763
2,15961,1687874162737,1368292036119,3553058
2,15962,1395319348541,1395281702861,351574
2,15963,1679253146770,1363171201399,4308198
2,15964,1595774097473,1588700964328,603411
2,15965,1630459346712,1630458760085,983168
2,15966,1618403467500,1618403427639,175416
2,15967,1681261933978,1368292455195,1012158
2,15968,1633532614735,1613343637700,1682391
2,15969,1648507521519,1230430322217,1705332
2,15970,1627589585184,1627506199854,685093
2,15971,1683565567926,1466793883066,5194184
2,15972,1541488642477,1379541049761,499044
2,15973,1693604149635,1349477488785,1435792
2,15974,1652313188019,1267679370216,1413478
2,15975,1650711136452,1603094745364,2459220
2,15976,1609727851729,1528271201764,9870911
2,15977,1630413552006,1630413458269,1482904
2,15978,1552137203438,1402456305835,667939
2,15979,1618670723648,1526819910644,1525231
2,15980,1631829750802,1631829738700,1079068
2,15981,1663451264626,1368292036119,5699351
2,15982,1620687713925,1620687669825,178831
2,15983,1619822724756,1619732128816,494744
2,15984,1614874888593,1390676262313,1381724
2,15985,1657526543792,1479242579780,2883977
2,15986,1632579152320,1363171201399,2015770
2,15987,1680959057606,1367567433167,1285065
2,15988,1551995169695,1481315006864,473219
2,15989,1642093252150,1,349396
2,15990,1643201586391,1584330187520,281463
2,15991,1617918056020,1339252520768,6640765
2,15992,1673001887000,1543166990173,1436003
2,15993,1584153022477,1476203538828,639181
2,15994,1620010900976,1479408870817,4410929
2,15995,1641225696095,1251849465143,10317482
2,15996,1630416170017,1630415736444,706101
2,15997,1534692246165,1534692218939,664524
2,15998,1517272567631,1354715369424,2560652
2,15999,1613815102786,1613565696515,390760
2,16000,1687494529100,1382060716753,1991914
2,16001,1616965675727,1616964095228,2198849
2,16002,1463571153954,1404247845088,968523
2,16003,1614188164580,1614187464132,477127
2,16004,1668031711678,1668031633644,3543888
2,16005,1410448551725,1251849465143,2395453
2,16006,1616193140264,1419359509035,472522
2,16007,1634717428824,1453361076905,7224552
2,16008,1549843253987,1547087149548,995763
2,16009,1595165530247,1595158708399,595022
2,16010,1582828290789,1281408947636,514951
2,16011,1661705281732,1287867057355,2191131
2,16012,1539748331042,1354409573213,834187
2,16013,1622362155736,1622362141460,1035711
2,16014,1681174187000,1484490859489,394439
2,16015,1635026372783,1368292036119,2669863
2,16016,1681405885748,1462121476728,1367843
2,16017,1632708416322,1365293606461,387217
2,16018,1666429742417,1516104576501,2880719
2,16019,1488633842574,1488424078396,189126
2,16020,1612513546151,1612403643298,1072170
2,16021,1605105351313,1306364584017,2959160
2,16022,1681721355307,1406517521272,1514415
2,16023,1588013219176,1424989040619,7196078
2,16024,1565640751891,1349477489912,7726156
2,16025,1678778714924,1349477489641,2360420
2,16026,1697336562301,1433904177560,988015
2,16027,1575788809963,1432839414189,316503
2,16028,1604423620673,1604422782444,705728
2,16029,1557369146607,1479400594727,404629
2,16030,1621336666542,1578988295612,1294006
2,16031,1674677486562,1481165522790,5074522
2,16032,1638323174045,1376248073552,419906
2,16033,1642900001645,1479380934455,309666
2,16034,1631556328097,1612726964090,1151238
2,16035,1614274538025,1613933348882,2968791
2,16036,1632506021209,1500829109007,351815
2,16037,1601063805968,1339252520768,1525526
2,16038,1489650992739,1331102569886,1998183
2,16039,1611259526589,1404247845227,9078545
2,16040,1586833675516,1585779170384,191390
2,16041,1640787134248,1214225650015,4188279
2,16042,1676164148676,1597247527907,198238
2,16043,1681785641256,1394242902623,283217
2,16044,1652275690478,1466855296902,2344699
2,16045,1605881455517,1251883407566,3784114
2,16046,1588386705746,1459381160365,2019385
2,16047,1666989455544,1500442264666,435928
2,16048,1686338267005,1517323757304,591013
2,16049,1665687874018,1413655104034,1028940
2,16050,1612726439926,1612702153808,1833281
2,16051,1623166617382,1549775405106,3851590
2,16052,1590581372570,1352570420990,1833596
2,16053,1617371929305,1349477488785,3670946
2,16054,1699618562000,1678185849255,1884850
2,16055,1624997821747,1624997024904,1431804
2,16056,1635743629197,1368292036119,3805222
2,16057,1471640178097,1471632926554,2154948
2,16058,1695164852969,1442352045529,330886
2,16059,1554817098683,1211307217539,294754
2,16060,1638456220117,1368292062206,4325772
2,16061,1670610077580,1455014747484,609696
2,16062,1518264916178,1518257721105,2064422
2,16063,1524280709251,1281408947636,4316087
2,16064,1693424771049,1382060716753,312053
2,16065,1518692123670,1518636656142,1109442
2,16066,1620852676752,1620775418034,462129
2,16067,1669306717524,1363171201399,8545851
2,16068,1661157008936,1656050458473,2133459
2,16069,1627049718598,1476343691065,215848
2,16070,1485916485666,1485916444007,2048095
2,16071,1617805892301,1368292251847,3571953
2,16072,1691046379943,1324036284345,655330
2,16073,1610618487945,1349477488798,1726785
2,16074,1656806516799,1390101448613,611823
2,16075,1591360458493,1461852688140,1327002
2,16076,1674519739350,1470839413530,704501
2,16077,1616514652176,1478558166019,219749
2,16078,1523662284208,1523566774305,3231483
2,16079,1571093723253,1571093517815,480945
2,16080,1650664172611,1552518829165,269994
2,16081,1648216498152,1,858355
2,16082,1609814485471,12705,268518
2,16083,1605237682657,1559853736619,1596571
2,16084,1692443710767,1393817670651,1341916
2,16085,1620329785923,1620329672322,452721
2,16086,1694409075000,1522158200852,4066487
2,16087,1633305126665,1631306811364,281725
2,16088,1637635042656,1442352044713,610492
2,16089,1685242869930,1286040959595,353289
2,16090,1658005014582,1479242579780,370364
2,16091,1695012458388,1366012695898,335049
2,16092,1624370700760,1288463827711,21281779
2,16093,1568254704726,1462959430462,642332
2,16094,1512278175074,1479760866558,2849579
2,16095,1574301641288,1389609484811,2819980
2,16096,1676037303934,1603842381265,657778
2,16097,1540226052700,1540225872109,539991
2,16098,1610739915973,1610738932616,186611
2,16099,1672261238436,1342003462757,1450842
2,16100,1616034989804,1616033121786,405088
2,16101,1615730358082,1615201163938,181933
2,16102,1608291784025,1605772141565,216136
2,16103,1605003930746,1605003914107,3218484
2,16104,1601235248642,1601233251790,1136188
2,16105,1599528844227,1404344394421,394705
2,16106,1669646983111,1385266142426,782912
2,16107,1623287103485,1245641480920,465709
2,16108,1628187943561,1368292123572,418587
2,16109,1679354995085,1679350172757,339746
2,16110,1661460880873,1365293606461,2193211
2,16111,1449331798471,1253281536871,4450160
2,16112,1662339171000,1368292036119,1684885
2,16113,1697313823338,1391741012224,4310540
2,16114,1592602020145,1556384731398,6866411
2,16115,1643850429919,1382060716753,1292497
2,16116,1665590521380,1589023215291,2748673
2,16117,1670372816664,1253683383517,612305
2,16118,1652220238630,1368292036119,8637736
2,16119,1685565684167,1265061266991,262684
2,16120,1696890435000,1440743651341,286817
2,16121,1669800405856,1552792886980,212549
2,16122,1539335733539,1533788615962,2362855
2,16123,1698736176000,1403402930850,911793
2,16124,1614017284224,1299872005379,445907
2,16125,1645709676916,1437922755705,511587
2,16126,1656937407916,1656936131563,220511
2,16127,1634173797681,1414165455101,2230574
2,16128,1606744415687,1606744389118,497932
2,16129,1616560061100,1321299133411,2348371
2,16130,1621561104151,1567660683846,1193541
2,16131,1366994391864,1366737460713,612480
2,16132,1650064711819,1480794304398,2124280
2,16133,1643020453379,1349477488697,4596610
2,16134,1679343979857,1475382961438,748765
2,16135,1634647244469,1368292123572,2702399
2,16136,1700413614085,1402176732152,744061
2,16137,1631436720419,1527792848658,824417
2,16138,1618758145282,1339252520788,3562184
2,16139,1577912039137,1263168959734,27232694
2,16140,1646130821294,1389389809469,2315484
2,16141,1598187968984,1230430322217,6372189
2,16142,1606925804011,1368292062206,10588777
2,16143,1594160064775,1594159490794,898809
2,16144,1418801690042,1418800999561,3336589
2,16145,1688851167703,1335782638416,519672
2,16146,1572927575785,1339252520768,3405788
2,16147,1649408843879,1230430450375,4503233
2,16148,1600110982494,1365293606461,1998605
2,16149,1662838256787,1530184037569,563932
2,16150,1619382599649,1619380003573,4874414
2,16151,1587070851122,1428777395771,5555264
2,16152,1618412886775,1618398184000,693770
2,16153,1609894537218,1339252520768,275844
2,16154,1700643909000,1461634642126,221473
2,16155,1615406720571,1421053838977,2573482
2,16156,1550183565206,1550183538340,269730
2,16157,1552137203438,1402456305835,609979
2,16158,1630330710261,1630330655727,3102720
2,16159,1631749525817,1404247845227,3113715
2,16160,1633466536480,1399721588021,3713402
2,16161,1619988646556,1619690609088,471534
2,16162,1625183584032,1624313896866,2718566
2,16163,1615727196056,1402963483288,1798459
2,16164,1337639213639,1185996957304,7498649
2,16165,1671137296000,1470850077194,8333882
2,16166,1615832251606,1615576085699,383384
2,16167,1633920842746,1402676440797,2053989
2,16168,1621495363003,1621495335360,268864
2,16169,1661450558865,1421053844342,1609001
2,16170,1682852858019,1522248390903,344304
2,16171,1594886168883,2,1441061
2,16172,1632003355736,1632002745288,681334
2,16173,1673528010703,1606220014110,329335
2,16174,1614813673502,1614656885542,2595996
2,16175,1503051589306,1503051364788,15812157
2,16176,1666514396423,1358293484658,1299219
2,16177,1607700572290,1262901360745,4213212
2,16178,1634266107181,72273267,2969268
2,16179,1577223837662,1253683383517,2529919
2,16180,1296656167497,1296656130240,4251824
2,16181,1509529413633,1509527472902,1896843
2,16182,1606710076919,1406806102414,4219467
2,16183,1647448981997,1253683383517,3362334
2,16184,1631470559748,1631468838105,1071770
2,16185,1587824625420,1455225317926,304016
2,16186,1677644883990,1368292036119,2434594
2,16187,1615153419872,1615152990656,2796705
2,16188,1657562714506,1365293606461,1148448
2,16189,1676084559650,1368292228584,2386727
2,16190,1675509651721,1675505533820,236785
2,16191,1668432503778,1501814060829,2414984
2,16192,1682948379103,1546450129446,276407
2,16193,1624615782737,1624615754926,2123523
2,16194,1632436612942,1365293606461,9479702
2,16195,1632215111490,1632214346190,6077475
2,16196,1618303235046,1618301856895,766316
2,16197,1489437249112,1489397161209,525837
2,16198,1644227462084,1409583173653,1002597
2,16199,1562575021720,1267679370216,5197378
2,16200,1645212045525,1464296395680,483228
2,16201,1525383434458,1366335715087,3213796
2,16202,1641839441446,1461266679888,2173822
2,16203,1618339565951,1440906815908,254622
2,16204,1636989528220,1464218474796,6082478
2,16205,1630773942427,1516347478846,531350
2,16206,1440611207445,1440451729747,3951754
2,16207,1648932944491,1473015273473,198056
2,16208,1697699960877,1381804892489,909202
2,16209,1629903273487,1384566610923,1251802
2,16210,1613678866306,1543871497061,4568991
2,16211,1650213799246,1,2407978
2,16212,1581986755637,1479373548315,561232
2,16213,1627487740995,1214225650015,782620
2,16214,1354188106348,1353950891083,6619150
2,16215,1581501931864,1285428734046,3630509
2,16216,1587084918640,1323439343635,4119468
2,16217,1633265323599,1368292036119,3797478
2,16218,1691002803360,1,2102014
2,16219,1649605435740,1443631907741,698222
2,16220,1635855554367,1462061379347,339817
2,16221,1653811383567,1349477489529,2892691
2,16222,1602352982317,1312151198540,8116574
2,16223,1592658924831,1327346983897,1452006
2,16224,1648925793643,1476389053586,1529516
2,16225,1567783200648,1425937377268,1680151
2,16226,1645960764491,1368292036119,3340412
2,16227,1671669656957,1367317475587,1515871
2,16228,1641080466095,1303666351477,865684
2,16229,1601090085555,1230764827899,3129953
2,16230,1644246366267,1368292251847,13219618
2,16231,1621274258958,1621274247087,3627906
2,16232,1617073001860,1339252520768,392456
2,16233,1632847902958,1321299133437,14820663
2,16234,1617169822416,1448934763582,9653767
2,16235,1602044732000,1441617153045,466936
2,16236,1670385430018,1,672168
2,16237,1600367271289,1595601002296,1205298
2,16238,1616345011725,1254259829410,3278465
2,16239,1648051342260,1648036760035,572816
2,16240,1630990656602,1592077919975,1868770
2,16241,1463838005684,1315000460131,4981948
2,16242,1641409036842,1430878926884,324799
2,16243,1617222457120,1617222267462,3688948
2,16244,1610913527380,1481032629476,432286
2,16245,1609965126335,1349477490493,11444041
2,16246,1597855338221,1348903090032,306266
2,16247,1633076429212,1,568509
2,16248,1632211877460,1296169988801,3286481
2,16249,1632627409355,1,1017722
2,16250,1620953940254,1567707715390,395139
2,16251,1567623786825,1,4099706
2,16252,1698279560502,1402519368265,414968
2,16253,1647431800012,1390831456711,546307
2,16254,1616852121366,1616679969517,1385289
2,16255,1511631505827,1511629988230,4659892
2,16256,1677339667471,1580916615396,1021298
2,16257,1630416047238,1630415989573,496401
2,16258,1660297615884,1335782638416,190247
2,16259,1599789076358,1599789021566,1060104
2,16260,1638801374242,1488462907112,378433
2,16261,1449940711519,1273772884027,1441286
2,16262,1624448792609,1382060716753,9010023
2,16263,1624916873505,1568571712923,233442
2,16264,1602424951317,1602420867368,271522
2,16265,1631730622012,1631562851561,2073007
2,16266,1631962877998,1610955938616,241450
2,16267,1653599739298,1433895565173,295773
2,16268,1689650259927,1416346316579,663409
2,16269,1542346262143,1421112609807,1655767
2,16270,1678478738990,1368292123572,6685405
2,16271,1547758536755,1547741132114,546562
2,16272,1689849614151,1253841981294,1965600
2,16273,1690845689230,1367317475438,618133
2,16274,1361740126307,1359047250267,2410723
2,16275,1597616754998,1349477488812,2788198
2,16276,1644093104658,1363171201399,7873756
2,16277,1616787594011,1616787578835,584024
2,16278,1612726716750,1499988495933,514401
2,16279,1578445943535,1349477488697,3646161
2,16280,1627409075407,1,1490154
2,16281,1638954378542,1381650940362,899163
2,16282,1660927265041,1230430322217,4458395
2,16283,1601163074173,1597736964651,946500
2,16284,1663380419032,1339252520768,1795106
2,16285,1582560091115,1253683383517,1238598
2,16286,1670969054461,1368292123572,12057323
2,16287,1613999416107,1613998998258,1446696
2,16288,1685461183982,1363171201399,7174208
2,16289,1630419122677,1630373177689,533234
2,16290,1565440875267,1442553644230,2722297
2,16291,1692831531000,1479242847041,1797734
2,16292,1676313497911,1382060716753,812050
2,16293,1641211846549,1394240357489,1508863
2,16294,1410804001861,1344109668542,3568548
2,16295,1670770964707,1245205460625,620834
2,16296,1631533480593,1631532521424,1012174
2,16297,1627989118234,12705,2010522
2,16298,1383685873557,1270272587867,552627
2,16299,1635502402542,1214225650015,254123
2,16300,1585939521088,1508147548798,6019748
2,16301,1618173789986,1618167914103,320727
2,16302,1391432866388,1242334220428,7869859
2,16303,1583898876409,1368292036119,20391397
2,16304,1563398193906,1416189023884,399375
2,16305,1676103642544,1583679335398,3717963
2,16306,1643642902763,1459381160365,2629337
2,16307,1603045775000,1368292036119,11718696
2,16308,1565187772103,1565187746764,636767
2,16309,1626337173986,1553874394458,1031946
2,16310,1678423493511,1592571705976,793289
2,16311,1610115152032,1458885229083,2583795
2,16312,1618458270519,1618447172378,268441
2,16313,1637172959954,1410084309571,2694379
2,16314,1616184554033,1386734548232,4620841
2,16315,1619436660262,1428190358152,204257
2,16316,1609345272827,1349477488848,5382498
2,16317,1629487256551,1621515120337,842039
2,16318,1652819342000,1504368315591,468621
2,16319,1681908037000,1526819910644,4027136
2,16320,1633127677659,1632867563234,455542
2,16321,1582545016734,1582470550770,2263011
2,16322,1698891829467,1402678713621,866500
2,16323,1638415552873,1572571052686,1439341
2,16324,1604079178626,1352570420990,5407133
2,16325,1616917844257,1374182054120,2204284
2,16326,1670466098061,1368292036119,15929810
2,16327,1619485529140,1592524386740,1255386
2,16328,1617508658820,1386694511397,180433
2,16329,1697738545000,1363171201399,3030412
2,16330,1599343711627,1349477490140,7237389
2,16331,1635502026860,1556562656567,460189
2,16332,1614021663916,1585543351096,1056929
2,16333,1592230989509,1253683383517,1451093
2,16334,1615044065459,1430789449135,284325
2,16335,1594141010682,1594118142645,2168149
2,16336,1586245515991,1363171201399,3588679
2,16337,1595203260102,1336307839087,1150171
2,16338,1646053725749,1526925548992,862309
2,16339,1642389966830,1642382357822,201693
2,16340,1638426976995,1570838835167,843575
2,16341,1615061896417,1333633816592,486651
2,16342,1612752169642,1612752105047,684499
2,16343,1503148196446,1265061266990,10795510
2,16344,1638215230496,1631034497506,223680
2,16345,1660600084929,1595804337160,441908
2,16346,1695137897608,1332782303694,2077226
2,16347,1590053655217,1590047421488,431097
2,16348,1631883478100,1631883274167,743688
2,16349,1695654356302,1386840288720,1958150
2,16350,1668123715250,1667943213197,171912
2,16351,1619489391725,1512314679070,1417290
2,16352,1653444500590,1428188181375,342816
2,16353,1619723704262,1387045035173,3449519
2,16354,1670610557718,1321299137045,326681
2,16355,1659261314823,1528623208331,668093
2,16356,1621948058873,1404247845088,1368477
2,16357,1659365853800,1368292036119,3055989
2,16358,1657170942908,2394605,1034693
2,16359,1631091093724,1404247845223,5888310
2,16360,1640937890068,1389572686385,486921
2,16361,1688936138575,1484872868650,1460183
2,16362,1673633687000,1595187515666,743633
2,16363,1575487658592,1382060716753,4932636
2,16364,1614301165855,5,4209978
2,16365,1684381926864,1393817670651,249845
2,16366,1577124997617,1273439686875,5799451
2,16367,1632217923265,1632208045730,590740
2,16368,1632250520359,1632250496265,686597
2,16369,1392106842142,1243471197080,2981061
2,16370,1609954479948,1296169988801,2891896
2,16371,1631878419274,1631876094856,367926
2,16372,1649722248275,1459381160365,1227501
2,16373,1693103987118,1368292036119,1992885
2,16374,1632259477250,1632259226968,250098
2,16375,1637169018354,1478447451347,613222
2,16376,1600046589216,1485680989528,2147562
2,16377,1619786532776,1619114803089,281917
2,16378,1693695537645,1693691826891,282418
2,16379,1523241704542,1253683383517,432631
2,16380,1621355750023,1224124792346,589227
2,16381,1630418711460,1630416434197,527267
2,16382,1693144787491,1600383226692,2490014
2,16383,1620067249191,1620041291388,560434
2,16384,1662984993314,1548096973004,1337940
2,16385,1696202969481,1463883834846,1205508
2,16386,1695877554598,1368292036119,8558459
2,16387,1640692025509,1551718708181,394011
2,16388,1624117284258,1624113208945,2258184
2,16389,1690828864456,1591220228566,310699
2,16390,1620050314716,1620049863936,497077
2,16391,1668966506575,1384007596158,370059
2,16392,1679130931145,1679079046384,295143
2,16393,1680960286000,1251883407566,1897025
2,16394,1588554172303,1539825218463,612216
2,16395,1366971122877,1185996957304,3532676
2,16396,1536060800504,1535996858923,23765904
2,16397,1238162205395,1236004205692,71605422
2,16398,1700416934386,1404247845103,4264135
2,16399,1559751086771,1466376245821,4761940
2,16400,1630855932139,1630855835980,232955
2,16401,1581256625588,1339252520768,5937245
2,16402,1639186946430,1412019429081,781887
2,16403,1643651565624,1349477488733,14493007
2,16404,1616369333505,1616369298871,1213225
2,16405,1692526101917,1481155290918,701528
2,16406,1629707469776,1368292340870,3859551
2,16407,1643102891200,1536602903175,178378
2,16408,1601092236059,1601091813593,6274077
2,16409,1620383783088,1339252520768,4068146
2,16410,1673553459800,1586782689812,382658
2,16411,1572473823873,1253683383517,409158
2,16412,1591274309309,6,18927033
2,16413,1615302006771,1615298494676,2441617
2,16414,1444581571856,1444578311543,4422692
2,16415,1622254761716,1349477488847,327886
2,16416,1390927725859,1252879468096,3286288
2,16417,1613795221788,1460322625292,328248
2,16418,1566106443476,1419644220831,4033996
2,16419,1617805752160,1617805733594,26969500
2,16420,1515691630269,1375853039826,847765
2,16421,1643304037691,1635176543054,321855
2,16422,1621790884661,1621762565398,714526
2,16423,1693303140269,1639324765567,1467890
2,16424,1618836940261,1618825365532,263966
2,16425,1487500773601,1487500551349,335234
2,16426,1587269080288,1296169988801,310919
2,16427,1572223014259,1572222940476,781653
2,16428,1443281662765,1443279824235,757054
2,16429,1669152546737,1512442562322,317816
2,16430,1647788174333,1402177650166,468844
2,16431,1631990945617,1631990100337,345677
2,16432,1554278898310,1338757574148,639881
2,16433,1682709105000,1470189938547,300912
2,16434,1650887647006,1363171201399,18921516
2,16435,1469839637083,1268011713681,19131104
2,16436,1621367122250,1244305227562,5248197
2,16437,1695237341543,1569335959941,212975
2,16438,1597328796594,1468502474425,2154995
2,16439,1673408143349,1401126656910,232643
2,16440,1645188786466,1265061266990,651263
2,16441,1671551918290,1363171201399,2018963
2,16442,1570283022805,1570268824259,579505
2,16443,1687832924861,1453563449364,943906
2,16444,1606213987808,1605868013621,1212738
2,16445,1681590371969,1546536898404,3838874
2,16446,1589542748714,1339252520768,5572678
2,16447,1681998336438,1294309195029,703791
2,16448,1647077989265,1466855341143,372691
2,16449,1662661700313,1459381160365,1823475
2,16450,1523897734364,1293981228694,8375314
2,16451,1653202204908,1382060716753,8979446
2,16452,1689282827000,1378864688386,882576
2,16453,1698003728143,240,1007560
2,16454,1673906824764,1368292036119,7708646
2,16455,1640716519848,1349477488697,2109318
2,16456,1637667053056,1474474209351,640094
2,16457,1600420498179,1600419891761,4556925
2,16458,1586473062161,1586470332291,540163
2,16459,1620574455515,1481804151599,7159031
2,16460,1649528516525,1354715369338,1322531
2,16461,1632187679453,1632163776723,274704
2,16462,1633787724676,1504447727852,402388
2,16463,1582644117600,1339252520768,1526876
2,16464,1550922450520,1550922373647,852129
2,16465,1590592784401,1479242579780,2721216
2,16466,1634840949965,1437641510787,2528377
2,16467,1430796193157,1430793455373,6856872
2,16468,1534692246165,1534692218939,211642
2,16469,1681978933194,1185996957304,6376982
2,16470,1535232211158,1368292036119,11118304
2,16471,1529767665866,1529767004039,2673978
2,16472,1660718696788,1368292036119,2778164
2,16473,1613638911250,1612164395717,291913
2,16474,1659117643000,1296169988801,4591251
2,16475,1646917991782,1455014747484,2268825
2,16476,1505149453674,1503929801077,6211578
2,16477,1556542508306,1440748812530,2367916
2,16478,1688159972114,1504731968498,468085
2,16479,1628226548021,1627653252284,1398922
2,16480,1632389130658,1369629218547,1347762
2,16481,1657050166344,1368567816161,226014
2,16482,1627476378092,1287867057355,613016
2,16483,1664794864000,1601364675156,377745
2,16484,1614766752794,1515177581252,1283344
2,16485,1666194122236,1666194019078,913576
2,16486,1686483027766,1392171711885,2698371
2,16487,1653850375795,1419359509035,1090132
2,16488,1699984182000,1529582764309,311212
2,16489,1574680212336,1330250475060,726692
2,16490,1604970545534,1214225650015,1112265
2,16491,1528715985504,1444841562774,476068
2,16492,1631608736373,1631608244832,311342
2,16493,1641818063463,1641477877348,213864
2,16494,1669010076071,1349477489603,8084796
2,16495,1589599450383,1589598767795,1711545
2,16496,1503270573474,1336726151395,9290099
2,16497,1562866842438,1331102569886,259032
2,16498,1532035384607,1459381160365,4491910
2,16499,1617569756700,1617569425275,407950
2,16500,1621911362340,1,6342848
2,16501,1516065174839,1516065036303,2454088
2,16502,1562403076891,1408019856934,830089
2,16503,1670351193377,1670351110283,466556
2,16504,1694028561554,1349477489054,6880466
2,16505,1547381548029,1547380375985,523606
2,16506,1681981708248,1591453263173,1105632
2,16507,1695707872676,1514384173265,4876323
2,16508,1589395872693,1421053844342,1620626
2,16509,1647251141215,1341587108752,11735323
2,16510,1471914850995,1471913409096,293751
2,16511,1645040281745,1271895609983,602285
2,16512,1695864364545,1692627749211,1687458
2,16513,1644156688160,1537155851996,2583591
2,16514,1618588615647,1421053844342,2576216
2,16515,1643506695320,1368292251847,2264168
2,16516,1621549703810,1515780965326,905168
2,16517,1665546850859,1296169988801,448410
2,16518,1694451029784,1694201640015,266756
2,16519,1669149266640,1405189422934,289953
2,16520,1611233198461,1296499533072,2275385
2,16521,1592530075005,1553874394458,445719
2,16522,1633033454710,1460191679906,2470330
2,16523,1638573433298,1382060716753,5922457
2,16524,1632441136601,1368292036119,3698893
2,16525,1698545099118,1,9283040
2,16526,1696265617000,1295662421703,303352
2,16527,1667527358883,1,3302867
2,16528,1603309403654,1603309059231,5390049
2,16529,1677516345545,1368292036119,323038
2,16530,1620222898112,1,3957979
2,16531,1692206360254,1368292036119,7957156
2,16532,1604569678053,1604569607411,341151
2,16533,1633116758252,1628871580890,273249
2,16534,1606141711703,1606141662453,8815020
2,16535,1579919744918,1579890858922,5372151
2,16536,1357856079500,1281812902144,3254542
2,16537,1619471912324,9540223,11237781
2,16538,1680481201126,1462369327357,341949
2,16539,1621714233278,1538506545629,1437335
2,16540,1622825206210,1622825114577,328904
2,16541,1620082471573,1568403572534,2187474
2,16542,1657529670000,1455571580853,3903647
2,16543,1616095482744,1551974277403,547989
2,16544,1520604481917,1354715263726,893221
2,16545,1674648539991,1363171229968,1195153
2,16546,1631509822877,1631453733515,806569
2,16547,1632047954746,1632047054435,212210
2,16548,1612512152286,1381331104804,916871
2,16549,1651792091185,1413859711864,561689
2,16550,1615824237776,1615824218234,8286671
2,16551,1648569757069,1350666981141,1452816
2,16552,1514983015145,1514882627009,3398939
2,16553,1645231313580,1480794304398,1892968
2,16554,1639417397140,1544874719889,1189141
2,16555,1544392111884,1483693975662,724732
2,16556,1626425985418,1419519133552,1710709
2,16557,1451932525444,1451932513667,4456938
2,16558,1642631058664,1543379319751,284287
2,16559,1668812651252,1506879346523,2016047
2,16560,1615017720589,1368292191684,10527444
2,16561,1664021997176,1664016669727,448945
2,16562,1689116983000,1413859711864,1120301
2,16563,1631763688007,1594961099532,859274
2,16564,1488849805332,1488848849064,1970934
2,16565,1684979768589,1394242902623,1400614
2,16566,1676193037000,1253684251768,12168201
2,16567,1679749106395,1555363656352,496693
2,16568,1641345036678,1214225650015,1438544
2,16569,1675155872757,1315757348671,307075
2,16570,1658088474085,1563636601897,2662369
2,16571,1679745012608,1244436684546,2549370
2,16572,1638908093263,1590991539026,830949
2,16573,1662398444513,1384830831585,318826
2,16574,1597485771680,1349477490880,6072818
2,16575,1647053490726,1349477491206,261536
2,16576,1617721727524,1617720266226,700236
2,16577,1638531749400,1460986687686,1529711
2,16578,1635683307260,1540629857301,764432
2,16579,1664488357682,1403466411921,190171
2,16580,1616551729431,1459381160365,266730
2,16581,1604507374960,1368292036119,11632633
2,16582,1370380782711,1254259829410,1248720
2,16583,1620600520588,1620600514648,1283409
2,16584,1619646729931,1619644842126,325907
2,16585,1630863718003,1630863341426,9882493
2,16586,1630522415445,1630522388016,1901187
2,16587,1605467925850,1604999361906,202722
2,16588,1640281894521,1368292036119,1465753
2,16589,1436371113956,1253683511116,1044305
2,16590,1619568739676,2017,440365
2,16591,1470147127890,1470145612542,5078971
2,16592,1633175964687,1552333495228,2824900
2,16593,1598370725509,1,14516313
2,16594,1670624548000,1670611443231,1130377
2,16595,1641981764010,1588751276264,2583404
2,16596,1695258606925,1230430322217,2469661
2,16597,1657516796000,3,1582300
2,16598,1560786518711,1539819298760,405091
2,16599,1524731954785,1524731924987,2222227
2,16600,1546990277237,1546989547335,876844
2,16601,1361740126307,1359047250267,217392
2,16602,1618825027474,1618759309508,1071688
2,16603,1697112695000,1528623208331,11847500
2,16604,1658928262258,1332871533985,1918450
2,16605,1616208430378,1616207843620,319202
2,16606,1534375031835,1296169988801,5237416
2,16607,1639001433358,1,2772327
2,16608,1589132346976,1589132315273,1065403
2,16609,1638376305749,1350666985583,2839278
2,16610,1357655825015,1357654336906,2776016
2,16611,1624519473426,1541531532705,771169
2,16612,1560356606913,1516004682563,1775931
2,16613,1603783737291,1556619654649,755806
2,16614,1639515208152,1539733966270,422038
2,16615,1697036091536,1230430322217,3905283
2,16616,1699844472510,1402177650166,307405
2,16617,1638113222194,1549775405106,1269370
2,16618,1700357750498,1405189422934,886444
2,16619,1674392059602,1363171201399,1489996
2,16620,1611113267046,1462140542732,2375751
2,16621,1614197033208,1214225650015,608533
2,16622,1698670143715,1368292251847,5550627
2,16623,1629055378897,1334175174519,1158869
2,16624,1640028960669,1,4289991
2,16625,1381072655108,1291127460000,754969
2,16626,1474301331825,1474300836688,1041754
2,16627,1659971978061,1214225650015,1315267
2,16628,1647274814649,1230430322217,2011397
2,16629,1630269772252,1349477488732,10356290
2,16630,1664038313256,1321299133443,1460010
2,16631,1590941486708,1248055570262,292249
2,16632,1627047100102,1626966670832,459088
2,16633,1680276897132,1368292123572,1174659
2,16634,1410662536890,1410189367626,577617
2,16635,1300124418376,1299638804998,3844168
2,16636,1619494185573,1382060751525,2180500
2,16637,1583331541188,1,389080
2,16638,1684054428304,1321299141705,676392
2,16639,1486041629560,1251883407566,1599466
2,16640,1523639434581,1523637573198,1102349
2,16641,1595700123578,1431716375623,2192529
2,16642,1621030642000,1315749002464,455784
2,16643,1604115396125,1453361076905,5383145
2,16644,1620098393952,1365293606461,2950545
2,16645,1614403846953,1321299141411,8664816
2,16646,1659995623656,1368292036119,42641287
2,16647,1619494970290,1368292036119,452120
2,16648,1638839454708,1368292123572,6275107
2,16649,1691437853359,1553874394458,430836
2,16650,1502552335037,1211307217539,899316
2,16651,1630695256297,1630695169373,416103
2,16652,1501431729411,1264961836967,4929358
2,16653,1671648248695,1339252520775,413813
2,16654,1688296275634,1476657434679,2138160
2,16655,1690993738336,1690992365994,201749
2,16656,1361740126307,1359047250267,5795499
2,16657,1694522587190,1475114938195,1426493
2,16658,1614569308976,1349477488697,3790452
2,16659,1517981789831,1396805758504,1066606
2,16660,1600812479902,1349477488697,3273065
2,16661,1362510034472,1362505696929,426698
2,16662,1652695271708,1211307798204,9642152
2,16663,1567720811524,1414467971377,6215879
2,16664,1612379155809,1612354861050,459562
2,16665,1626515930015,1608910229038,240110
2,16666,1611658378548,1611658345144,205492
2,16667,1623010411336,1481322484537,2461527
2,16668,1631205650472,1631205612114,1723735
2,16669,1626132671309,1299183846653,2846937
2,16670,1669993563000,1504516660047,1585610
2,16671,1617851344773,1617682604423,562834
2,16672,1631549706717,1631547737523,1263058
2,16673,1430198189237,1402169983990,3060229
2,16674,1631730853034,1631730388954,2251119
2,16675,1620078892198,1349477489370,546408
2,16676,1599622703657,1599622424478,6528997
2,16677,1592929210993,1586560054173,353010
2,16678,1686459636191,1686459613578,476494
2,16679,1635259610087,1630757164790,835986
2,16680,1641675434804,1466376245821,759530
2,16681,1670973442095,1368292036119,3446791
2,16682,1677843865462,1253683545252,5271952
2,16683,1397993913643,1383600125272,500759
2,16684,1623669800950,1529884424394,1124176
2,16685,1692241733750,1349477491151,325252
2,16686,1484109793597,1484108854454,336648
2,16687,1599525679160,1349477488697,2750209
2,16688,1648584066797,1348705063714,4025287
2,16689,1650731806665,1379541049761,447961
2,16690,1597624650177,1597369818751,176591
2,16691,1648116633095,1587782224323,353898
2,16692,1670060590542,1185996957304,583807
2,16693,1447833757719,1447833724567,244985
2,16694,1618420805200,1484837640412,2101626
2,16695,1631640875305,1631640790500,374594
2,16696,1686044806000,1682004097048,835269
2,16697,1621116662505,1,1335216
2,16698,1641701786933,1368292340870,4079991
2,16699,1700164967270,1385335632993,1932164
2,16700,1652004419803,1439791456029,523339
2,16701,1687084248000,1678412125364,465470
2,16702,1634884554560,1404247845083,3229467
2,16703,1618319250219,1298705712155,3545313
2,16704,1557696843686,1344269783246,781227
2,16705,1664718140428,1368292822126,4867338
2,16706,1407397271414,1407147650300,21565901
2,16707,1472537048879,1439737621607,260231
2,16708,1565747826148,1349477488942,5383543
2,16709,1567680193498,1567642099789,927885
2,16710,1482757877617,1482757846347,6462468
2,16711,1679387362725,1339252520768,4618960
2,16712,1602937927427,1602867809668,1178376
2,16713,1566074592796,1566069184596,616821
2,16714,1664974276751,1664973739893,235253
2,16715,1635690600464,1299535304748,911025
2,16716,1670739751000,1431983809695,1658096
2,16717,1595262716123,1595198918900,2575163
2,16718,1631821344887,1631820826986,574074
2,16719,1623426839253,1597065143792,785135
2,16720,1697188121057,1582710530616,10072113
2,16721,1619616830778,1619610998201,2725031
2,16722,1658643083722,1263452141746,944876
2,16723,1689467084263,1501932168829,2791512
2,16724,1635319360241,1493973670549,1758524
2,16725,1656260262623,1546537648277,1561946
2,16726,1649278201292,1368292036119,5275554
2,16727,1657961630658,1381331104804,254964
2,16728,1625322510908,3556,5513339
2,16729,1630094097443,1441652869561,2818991
2,16730,1700169217000,1587822866731,406203
2,16731,1632698873529,1632335128214,592742
2,16732,1690645613436,1553874394458,827137
2,16733,1643338999869,1253683383517,691346
2,16734,1619902418228,1619736906759,2202971
2,16735,1698750945865,1349477488785,3356834
2,16736,1493080626314,1493000612762,338457
2,16737,1692499597447,1368292251847,6524815
2,16738,1633962120697,1633961275012,573336
2,16739,1554958358193,1404746220213,2346945
2,16740,1643972220606,1368292036119,4095703
2,16741,1693760753966,1267679370216,6612036
2,16742,1605671638031,1349477488978,3300212
2,16743,1690485968621,1363173987543,1822604
2,16744,1403786885106,1401118103656,4729938
2,16745,1663096616635,1512232430870,406868
2,16746,1622299619551,1621767726194,575131
2,16747,1677716969000,1365293606461,1305122
2,16748,1502829486799,1331102569886,353832
2,16749,1552935006737,1296169988801,185278
2,16750,1403335025212,1265061266990,7788120
2,16751,1631294661034,1312370452017,879212
2,16752,1688044649000,1402795071295,789465
2,16753,1698464773194,1391741012224,5026388
2,16754,1518944266272,1476459094787,7549937
2,16755,1686674434117,1656528894724,236625
2,16756,1643002399541,1324394811014,8486673
2,16757,1642996171940,1365293606461,592904
2,16758,1528388517438,1454587969292,734298
2,16759,1628465206398,1628380219572,197782
2,16760,1613778359853,1613778336507,717856
2,16761,1602898607270,1602726379656,434052
2,16762,1681333727845,1553874562065,990124
2,16763,1610924926418,1296169988801,943676
2,16764,1678144707525,1363171201399,5508000
2,16765,1553529010615,1553528092493,970427
2,16766,1606233924827,1486060950456,2628791
2,16767,1617435655587,1214225650015,601387
2,16768,1664182384261,1214225650015,221874
2,16769,1572605416131,1572604505294,2767205
2,16770,1631596571507,1296337351627,341841
2,16771,1416899338456,1358388308437,2365595
2,16772,1685471422108,1285475760721,212815
2,16773,1366994391864,1366737460713,17576189
2,16774,1569580571920,1321299135565,343461
2,16775,1666738989949,1666736726287,1241684
2,16776,1506697944061,1465673562273,810832
2,16777,1663611161691,1471097162828,351987
2,16778,1589700650709,1399120352490,3175634
2,16779,1675058665096,1368292036119,2416608
2,16780,1622920820888,1321299141683,2990149
2,16781,1670070498000,1369230742296,1701690
2,16782,1627285551814,1627284002317,4351949
2,16783,1609967537175,1270404613378,794175
2,16784,1598358095904,1423512523473,350970
2,16785,1623180038372,1382060716753,8499027
2,16786,1508218799223,1507915462498,4892992
2,16787,1640286185760,1572710183392,4438442
2,16788,1513730981620,1513724736684,3497918
2,16789,1669122049000,1550906806522,594824
2,16790,1683596450096,1553874394458,475973
2,16791,1683487552323,1363264852633,1130029
2,16792,1649057818012,1448934763818,4571053
2,16793,1605104657167,1605104366010,4936067
2,16794,1614474240907,1321299133501,348181
2,16795,1663876965058,1565451785668,492502
2,16796,1615303056066,1615300996523,410140
2,16797,1523539263685,1523539120817,205156
2,16798,1539878970157,1539878933492,12200648
2,16799,1419203814694,1285428733990,3506452
2,16800,1531900076908,1414222097982,566457
2,16801,1644341146817,1,1625999
2,16802,1631255832335,1587782224323,236974
2,16803,1645651378449,1404247845168,4308677
2,16804,1622441749741,1404247845088,5579267
2,16805,1667183146518,1230430322217,20942986
2,16806,1625956697711,1238859586109,3638860
2,16807,1621619345847,1611348759821,442731
2,16808,1589638843886,1541538188179,3782183
2,16809,1655232906025,1251435438283,1373932
2,16810,1672683276000,1613688061106,386092
2,16811,1629908211613,1,7966355
2,16812,1631392074372,1349477489408,6324359
2,16813,1585513414822,1585509964869,7123098
2,16814,1526426251644,1526400918308,224241
2,16815,1640310774075,1381875647650,1424421
2,16816,1610118351693,1508180940790,6868701
2,16817,1695905135551,1512506235833,376185
2,16818,1621953464590,1442352044713,8545976
2,16819,1592377509049,1372991521097,954649
2,16820,1557534502516,1557533330078,1808208
2,16821,1605152671489,1468852722064,7583946
2,16822,1662975746080,1546449822295,2100388
2,16823,1610280008844,1321299141461,2553858
2,16824,1623964301695,1363171201399,1191854
2,16825,1514604514453,1267679370254,958861
2,16826,1694295473864,1349477488732,598052
2,16827,1637676403128,1368292036119,2268493
2,16828,1573160550774,1573160520134,10826792
2,16829,1604305021000,1570213396793,346140
2,16830,1697875361854,1281408947636,7053665
2,16831,1620496884054,1620496865335,2128428
2,16832,1608284645277,1253112642859,282613
2,16833,1609838691681,1609838669223,608763
2,16834,1596154599686,1382060716753,9172589
2,16835,1356210964839,1284740361504,17291791
2,16836,1550426893232,1404247845227,941133
2,16837,1630861901823,1630778508377,223889
2,16838,1634398607438,1634251587179,299588
2,16839,1620031580332,1616236630210,440232
2,16840,1592714146736,1592714046788,902226
2,16841,1652991674010,1346155950616,2203243
2,16842,1647088045428,1413589244175,269005
2,16843,1699982850713,1433489648891,822769
2,16844,1623590783944,1601569749521,424473
2,16845,1647614680050,1540573448025,198200
2,16846,1699594844938,1401126656910,451794
2,16847,1602963346423,1602963329927,274515
2,16848,1620953881435,1620953855116,239460
2,16849,1567623786825,1,13461615
2,16850,1632191271550,1469701567240,234516
2,16851,1684975853556,1566222729834,1044200
2,16852,1581908252381,1185996957304,568883
2,16853,1589354499178,1589269734997,2537620
2,16854,1602094341350,1349477488899,880097
2,16855,1361740126307,1359047250267,2199841
2,16856,1670984521420,1553874394458,1388570
2,16857,1636477278997,1459381160365,462986
2,16858,1671472136030,1368292036119,10216071
2,16859,1289565335733,1289565276948,226772
2,16860,1693431856241,1234655558515,8337437
2,16861,1605324847163,1349477488697,19030294
2,16862,1631781067655,1574587964637,194033
2,16863,1648572965494,1363171201399,21901294
2,16864,1653295847660,1321299133439,17946168
2,16865,1456202030695,1456201797406,14024746
2,16866,1642582701417,1561278538328,1105110
2,16867,1558087299712,1558086157076,2308795
2,16868,1631923124638,1363560700126,640084
2,16869,1676084559650,1368292228584,2932557
2,16870,1687279524777,1339252520768,229802
2,16871,1636557737506,1630949940322,1669934
2,16872,1564610400989,1564610322677,24241674
2,16873,1669538003000,1472426358208,1285949
2,16874,1610992298745,1349477488812,5105268
2,16875,1631554301987,1631554266107,7730736
2,16876,1616240768348,1616240451398,343738
2,16877,1565910029346,1565908153631,3865269
2,16878,1542735214062,1457934081082,3019131
2,16879,1659587275291,1349477491151,12942980
2,16880,1473341669919,1466501918265,397559
2,16881,1689181220242,1439594489415,3046342
2,16882,1630295332587,1556033746178,228931
2,16883,1652468902107,1368292123572,10982309
2,16884,1547289522282,1547145085531,242287
2,16885,1630288474624,1630288456297,1260272
2,16886,1614084786640,1539108312864,865765
2,16887,1540388286321,1539878239549,215273
2,16888,1642699030743,1368292036119,11958610
2,16889,1623927594290,1623882057065,1940004
2,16890,1567623786825,1,6945922
2,16891,1649081743894,1363171201399,5848089
2,16892,1631474113612,1583888267387,3422810
2,16893,1638366829514,1379541049761,21369132
2,16894,1413845291513,1234655558515,9132439
2,16895,1654483635146,1580159259271,2510003
2,16896,1613155479264,1612284480360,732588
2,16897,1535041775819,1535041037642,3666622
2,16898,1658408078082,1473743029527,3553713
2,16899,1623426839253,1597065143792,2144964
2,16900,1298082463166,1269382340168,1298491
2,16901,1661678332151,1431482572642,5777479
2,16902,1607437450457,1339252520768,5427032
2,16903,1685798102817,1,5651420
2,16904,1648625249899,1462206100258,449243
2,16905,1618983099809,1618915033645,1244901
2,16906,1471202419207,1363694472991,4467052
2,16907,1660838723801,1349477490149,4489006
2,16908,1455262893577,1267679370216,1675698
2,16909,1628830201970,41953,585705
2,16910,1647723135394,1457658817970,210832
2,16911,1629745647408,1185996957304,4474559
2,16912,1612543950579,1612467163845,1450401
2,16913,1657452787379,1530295728062,460411
2,16914,1251427606203,1249366511140,452731
2,16915,1531346534711,1479371461969,1099450
2,16916,1583819152035,1583817204849,877454
2,16917,1616435556826,1429034169367,395494
2,16918,1690171519983,12705,2674407
2,16919,1657384982602,1587758999098,4408116
2,16920,1577899251104,1339252520768,623219
2,16921,1576391712202,112,19982597
2,16922,1675867859108,1548713284460,9450466
2,16923,1590237140438,1259099470131,8761499
2,16924,1645565500268,1478809586578,3023922
2,16925,1684283571108,1433811093628,4523571
2,16926,1621936275732,1621698538304,327698
2,16927,1658056295515,1630650596407,1705407
2,16928,1662461249473,1573833782420,2812364
2,16929,1635393869082,1541021996538,462054
2,16930,1502816805754,1267679370216,2866737
2,16931,1623015355762,1461017328771,1694796
2,16932,1555895513930,1555894564602,921948
2,16933,1592271903594,1185996957304,9875938
2,16934,1644793307215,1543891578735,251612
2,16935,1618302160491,1480544138648,447118
2,16936,1506351986822,1339252520768,18660043
2,16937,1585921358432,1321299133411,10636242
2,16938,1621071904988,1387481751728,3365091
2,16939,1620819361882,1620818907481,1990666
2,16940,1607708008665,1287867057355,1715930
2,16941,1614731436325,1614713092415,1263560
2,16942,1666279829000,1460306550955,948081
2,16943,1537495123403,1440628794496,1314168
2,16944,1609593560401,1609591509933,375144
2,16945,1416899338456,1358388308437,3302661
2,16946,1628675882704,1628674220887,230548
2,16947,1681933629739,1611141135891,333163
2,16948,1618429027633,1424989040619,3608490
2,16949,1635518565848,1339252520788,465386
2,16950,1612620774318,1612620704006,574007
2,16951,1549048102580,1549048088038,386484
2,16952,1634008182764,1633556375135,524983
2,16953,1699921895536,1546536898404,302550
2,16954,1669801569147,1572646468066,740197
2,16955,1552137203438,1402456305835,640450
2,16956,1597720080323,1321299141647,222527
2,16957,1651974356087,1425913974701,1073469
2,16958,1656364050926,1440881107802,615468
2,16959,1508491359148,4222,705122
2,16960,1642137332447,1363171201399,5578960
2,16961,1689987618000,1395798509889,299613
2,16962,1582749384908,1405141749019,8170466
2,16963,1611038971900,1611038659370,1220159
2,16964,1599401153590,1599400596718,3532197
2,16965,1653997230388,1363171201399,1598463
2,16966,1664112462833,1466098577432,370265
2,16967,1366994391864,1366737460713,887747
2,16968,1683694441001,1479418030121,1813273
2,16969,1660815852441,1473521109758,196115
2,16970,1449230705659,1284082787151,18541760
2,16971,1666171173986,1368292036119,1746433
2,16972,1631396999486,1365293606461,6444303
2,16973,1684923818508,1479006081322,255709
2,16974,1651338022500,1293986972241,4511046
2,16975,1677313969111,1556033746178,235766
2,16976,1637662001763,1447599408125,4751719
2,16977,1635176311244,1634988627256,904477
2,16978,1607452115562,1607451961239,456511
2,16979,1666415400499,1387876261226,23416650
2,16980,1613864024647,1613863463090,3266610
2,16981,1604586608219,1349477488785,5948462
2,16982,1357655825015,1357654336906,918408
2,16983,1472420164105,1356967964576,1182592
2,16984,1528618639483,1528607682302,316905
2,16985,1621975953708,1484452834751,1040322
2,16986,1596634807618,1368292036119,12605152
2,16987,1630085306603,1382060716753,3086571
2,16988,1651437793853,1368292251847,4551964
2,16989,1472910435136,1379277501567,4686777
2,16990,1644920346104,1421053836472,295626
2,16991,1588309006078,1552706255449,904422
2,16992,1610303253367,1556384731398,903072
2,16993,1630781406341,1392952448826,324419
2,16994,1540276325624,1540230999386,5282445
2,16995,1648854554699,1399120352490,3270963
2,16996,1624213404342,1479242579780,1085384
2,16997,1685731262299,1558009216786,1058111
2,16998,1615844000290,1382060716753,3839890
2,16999,1590628696494,1590626671914,889438
2,17000,1644198965703,1381539112793,3857830
2,17001,1685710208120,1685709508328,2660914
2,17002,1691956364000,1617318928598,618280
2,17003,1681472218000,1376248073552,2986284
2,17004,1609274122429,1609153834667,278288
2,17005,1560274598889,1251849465143,3872732
2,17006,1579878351815,1579840909773,1342163
2,17007,1633874731842,1630751948509,752705
2,17008,1624809190420,1624809169145,378610
2,17009,1631114853620,1631114412568,2913383
2,17010,1558134614353,1558131948273,951588
2,17011,1628305877929,1432839526886,450396
2,17012,1629470457576,1485680989528,607366
2,17013,1690899986043,1321299133411,726004
2,17014,1609558943183,1365293606461,5771355
2,17015,1581473919498,1296169988801,795449
2,17016,1692752726292,1368292036119,2091194
2,17017,1694654561454,1425917610839,1985993
2,17018,1668578424000,1368292036119,7440383
2,17019,1677438039719,1349477488840,2310619
2,17020,1637332899313,1366575575838,752674
2,17021,1621474270303,1368292251847,10952061
2,17022,1649917594420,1587207905503,2939238
2,17023,1646190543489,1349477488697,4127609
2,17024,1625622236833,1331565515953,1397970
2,17025,1675803057752,1559214484525,1637448
2,17026,1617449110499,1508406092541,227175
2,17027,1400863885862,1395336405812,1662611
2,17028,1624238394530,1532336457145,12296238
2,17029,1624301595598,1624298181795,2785137
2,17030,1673622284000,1495673652692,1070549
2,17031,1661797651840,1382060716753,22668532
2,17032,1584789145282,1398801279248,3973840
2,17033,1652626555823,1459708150565,410124
2,17034,1635171607261,1407800267682,608500
2,17035,1591890523819,1,9734391
2,17036,1632431669396,1632396680844,252057
2,17037,1616032540373,1616032521144,1041490
2,17038,1686346366015,1349477488697,5158879
2,17039,1667405539264,1356396068311,3414608
2,17040,1642966820319,1363171201399,5185817
2,17041,1598244685778,1425630000505,3668066
2,17042,1697480653040,1492085758336,493509
2,17043,1670793462000,1413859711864,703339
2,17044,1614529669026,1614529632612,485650
2,17045,1630373734076,1446129523942,883536
2,17046,1552458077069,1552397442399,3791078
2,17047,1696758623913,64,867130
2,17048,1686111669102,1488462907112,273386
2,17049,1629434387435,1629432189520,4534881
2,17050,1565036049223,1565035827051,4778913
2,17051,1619571732222,1558943009418,571333
2,17052,1544485808484,1333633816592,223547
2,17053,1670008613276,1669765276628,1441887
2,17054,1650695376066,1321814180155,3040731
2,17055,1593085200101,1407273285221,2903722
2,17056,1659845860333,1401126656910,3140766
2,17057,1357655825015,1357654336906,7937143
2,17058,1578950307781,1578950291119,398386
2,17059,1660332885692,1581848366147,649264
2,17060,1539103215404,698923870521,1828460
2,17061,1581553383201,1579284220375,845426
2,17062,1432813247582,1432690751548,2809789
2,17063,1621632244551,1621632230927,793441
2,17064,1609251876749,1608111155922,6494722
2,17065,1576521043701,1574421037700,791461
2,17066,1570968397690,1267679370216,1194270
2,17067,1625211141596,1534105044379,657357
2,17068,1659590874548,1363171201399,1595425
2,17069,1677290230641,1556384731398,1052469
2,17070,1665577748201,1529152051720,1855168
2,17071,1697635505000,1600618122835,929432
2,17072,1625401086783,1402524202094,5974613
2,17073,1675438332030,1333738203158,3625604
2,17074,1670246758814,1433489648891,729141
2,17075,1554686598635,1002,845940
2,17076,1514855911221,1514828665903,1851675
2,17077,1673237134363,1368292373925,7157306
2,17078,1661376290670,1,809200
2,17079,1677896104313,1533386543243,432814
2,17080,1692125078794,1368292251847,4533248
2,17081,1644420970313,1381801009911,361860
2,17082,1668545104770,1368292036119,13957649
2,17083,1695800647593,1425556627973,3455682
2,17084,1638962281138,1474474209351,3558720
2,17085,1621967379116,1509985345511,1321366
2,17086,1631594102366,1631593526532,406005
2,17087,1696190015610,1363629331597,723560
2,17088,1691900576678,1253684240053,531114
2,17089,1693416234409,1577159303127,637024
2,17090,1632289990173,1459381160365,858351
2,17091,1692906697634,1692754188571,854027
2,17092,1677308613399,1530033726972,3562305
2,17093,1595360634183,1595358484317,736084
2,17094,1627475324158,1627475313732,693260
2,17095,1618992797214,1296169988801,641825
2,17096,1693838477000,1439594489415,3391493
2,17097,1622793553939,1622793451653,2442636
2,17098,1601362144000,1537096183091,806431
2,17099,1486511797306,1486510863091,4127109
2,17100,1604784832391,1604784769288,576823
2,17101,1697780448540,1481804151599,840358
2,17102,1668021961310,1462206100258,1436901
2,17103,1669228302964,1555853755045,1277416
2,17104,1688913720357,1553874394458,2850340
2,17105,1587990626940,1383323194673,237354
2,17106,1521790659251,1521790653517,854747
2,17107,1618910917273,1,1316555
2,17108,1627933976774,1466793886345,1244454
2,17109,1644079539430,1349477490551,3773290
2,17110,1605533868576,1437115787016,5925210
2,17111,1667854043000,1349477488697,9566605
2,17112,1589415852964,1589415477557,2221604
2,17113,1361740126307,1359047250267,2999576
2,17114,1644362282736,1482066687567,399933
2,17115,1665753076515,1580450001798,215098
2,17116,1634344692987,1566222729834,249167
2,17117,1676897285139,1676727852168,3181638
2,17118,1682547863000,1385334107186,1149958
2,17119,1654378076846,1403404101072,2734019
2,17120,1698521570117,1549775725919,327344
2,17121,1595287591035,1296169988801,9364882
2,17122,1681744826000,1296169988801,669423
2,17123,1592716133270,1592716100894,1650245
2,17124,1659707839047,1441328561206,1800171
2,17125,1677390986616,1369629218547,1329679
2,17126,1680288032450,1268011713681,247113
2,17127,1637413370661,1253683383517,882142
2,17128,1673594711000,1315758355807,255921
2,17129,1609136730666,1275372279562,1602233
2,17130,1677609063300,1677554399895,372046
2,17131,1616461492314,1253683383517,1017533
2,17132,1628014126655,1436157592831,207614
2,17133,1521932537737,1362636287205,664762
2,17134,1681059384012,1368292036119,478348
2,17135,1539010081429,1536716913285,430193
2,17136,1652897694388,1363171201399,2658299
2,17137,1461480077256,1321299141683,337496
2,17138,1673353942303,1267679370216,1064370
2,17139,1688443297912,1368292251847,1924807
2,17140,1596670795924,1349477488736,7556868
2,17141,1426936390103,1230034081572,3873643
2,17142,1565884085173,1565883492523,741670
2,17143,1649726264953,1273439686875,992337
2,17144,1584542889923,1566402541497,659869
2,17145,1695197679879,1,9923184
2,17146,1584819747001,1459381160365,858982
2,17147,1599932972114,1296169988801,1302141
2,17148,1631663961538,1631663895816,209133
2,17149,1630450683587,1368292123572,17761687
2,17150,1615975093653,1615975079030,213369
2,17151,1699974506416,1401126656910,312609
2,17152,1700276795593,1626913502532,192921
2,17153,1598726608724,1,661347
2,17154,1639041971445,1632749874512,660302
2,17155,1661870086385,1567972896129,768875
2,17156,1622748982763,1339252520768,824402
2,17157,1611406400253,1296169988801,738518
2,17158,1700664243633,1506962753220,1532621
2,17159,1687449235988,1349477488740,1195527
2,17160,1593806230217,1593800644941,296110
2,17161,1645392720714,1439738330139,245500
2,17162,1676378801898,1454795685378,396567
2,17163,1630151370908,1630062594709,226144
2,17164,1612675640748,1,38982216
2,17165,1603128991015,1603128972260,240016
2,17166,1676352066761,1255653553364,1284501
2,17167,1634977355967,1541519790503,202834
2,17168,1425478646644,1211305943527,2022601
2,17169,1560887801719,1560887573186,232873
2,17170,1588017768639,1339252520768,2832694
2,17171,1459398936570,1359148661717,5834324
2,17172,1604854289689,1604854135193,278013
2,17173,1633794207365,1631734258681,2512067
2,17174,1481614699120,1242787540527,19109077
2,17175,1560720227207,1398728661638,188192
2,17176,1668528389860,1368292036119,3444703
2,17177,1628687055264,1420722745258,1225697
2,17178,1633058657384,1631158226314,345980
2,17179,1595791578721,1595791091322,189979
2,17180,1662735368461,1375850273535,310893
2,17181,1642539592754,1443623975439,1080011
2,17182,1639160584369,1,2541934
2,17183,1640292783283,1554065853278,342847
2,17184,1557420042382,1557418653943,709562
2,17185,1642415007779,1327268191178,754803
2,17186,1540535931098,1212054492101,218072
2,17187,1595029250936,1595024415355,4537360
2,17188,1686909559238,1304288899547,487217
2,17189,1693307091067,1693307061438,1353051
2,17190,1631035706744,1624220112739,455103
2,17191,1613997005354,1341258672976,3489432
2,17192,1629843094047,1349477488697,1689466
2,17193,1682620622397,1368292036119,2283306
2,17194,1520466218007,1283016271301,1239986
2,17195,1691719568709,1368292838866,931974
2,17196,1691210569255,1634251759284,202240
2,17197,1607390717222,1349477488697,15821033
2,17198,1640573673521,1617645305436,29881809
2,17199,1637451867492,1413859711864,3520956
2,17200,1673312468772,1230430322217,17136287
2,17201,1648079164117,1368292251847,2882977
2,17202,1632165437585,1632165028556,2178764
2,17203,1428980429689,1242787540526,2350231
2,17204,1631033860112,1296169988801,3089015
2,17205,1665707537256,1572646468066,3473683
2,17206,1673885223198,1382060716753,11366771
2,17207,1520701805415,1366012695878,1456283
2,17208,1588082430708,1588082292752,1151842
2,17209,1629374988167,1533382585487,304050
2,17210,1615067255282,1615067191253,1301888
2,17211,1679194783699,1597065143792,1877455
2,17212,1631615669349,1631615194262,371606
2,17213,1593561701470,1593557494729,6926273
2,17214,1631567114312,1382060716753,15685265
2,17215,1630619019582,1630618993112,3078737
2,17216,1602659192836,1304949972831,3913621
2,17217,1604026701717,1354248897620,1250062
2,17218,1696892103601,1349477488740,573695
2,17219,1631086965545,1296169988801,12263323
2,17220,1606555500766,1,2909163
2,17221,1673234402333,1382060716753,4589974
2,17222,1648505510086,1349477488697,8821758
2,17223,1469401594851,1253683383517,1949869
2,17224,1673698991000,1552237885223,2357244
2,17225,1683805580000,1505985242181,514655
2,17226,1692057626000,1455533322732,299430
2,17227,1693446497375,1296169988801,902657
2,17228,1616326149477,1616326126168,453247
2,17229,1700306665031,1357654336906,505294
2,17230,1625984639830,1365431075038,4479644
2,17231,1683817084945,1349477488697,775531
2,17232,1685378092041,1545852892994,1358010
2,17233,1592044677191,12705,2263011
2,17234,1652383576699,1264295638472,13948794
2,17235,1696524377000,1512895773891,956027
2,17236,1670852586891,1586281296446,477093
2,17237,1684509995385,1349477488771,243874
2,17238,1620994348353,1424953191873,1477510
2,17239,1632797907936,1402177650166,1089019
2,17240,1632325750789,1632323979970,1675741
2,17241,1632257787425,1670,3046009
2,17242,1579219225598,1579218648995,841529
2,17243,1657504220326,1574587964637,1101827
2,17244,1665073570474,1664969533520,1170822
2,17245,1629995467453,1349477489040,4704941
2,17246,1640520201820,1407948764439,1859996
2,17247,1649409723353,1214225650015,186526
2,17248,1366994391864,1366737460713,328236
2,17249,1652687441568,1506074620674,7529789
2,17250,1451348150138,1384240176914,751321
2,17251,1601821339498,1290864758552,1071511
2,17252,1444482998033,1304957267206,5190283
2,17253,1527240013520,1471346318635,6592193
2,17254,1465299235313,1465192786563,4031040
2,17255,1623945375894,1621456360544,1354777
2,17256,1696005265646,1433489648891,448309
2,17257,1631580136655,1359148661717,7857722
2,17258,1600248839080,1335689453664,627758
2,17259,1650643000013,1583232050157,14335549
2,17260,1579378338232,1368292036119,14376496
2,17261,1582145988883,1211307217539,7524538
2,17262,1557183516087,1363182617887,1401276
2,17263,1622559098432,1352629153824,209868
2,17264,1611490146186,1288463827711,1033420
2,17265,1633965226538,1294094062046,4707751
2,17266,1650794295587,1267679371729,2094713
2,17267,1648135209502,1423735959137,4691802
2,17268,1616077165907,1429359583723,367746
2,17269,1651406824262,1650804817712,699150
2,17270,1664337737050,1485680989528,1226186
2,17271,1632606097098,1632602417444,2721163
2,17272,1673220932240,1416470726503,485006
2,17273,1342352279595,1306419339120,18335376
2,17274,1594324967837,1253841981294,3052856
2,17275,1667216384000,1520479095712,2277163
2,17276,1631028656909,1419359509035,244149
2,17277,1612477778752,1370145367655,506721
2,17278,1693337566000,1330934306862,3127635
2,17279,1631342849532,1418205398209,4479377
2,17280,1579135299774,1578355758131,374162
2,17281,1547613788335,1345056816000,8612176
2,17282,1542886350726,1542801727247,810539
2,17283,1539566187578,1539527490809,251059
2,17284,1637915450793,1539102873940,597051
2,17285,1623954590717,1351290160237,7272905
2,17286,1666028100181,1556384731731,1274501
2,17287,1603824664581,1603824372887,990447
2,17288,1617478234954,1617478187329,962982
2,17289,1665574135000,1553874394458,3533925
2,17290,1689435553595,1689434917367,199233
2,17291,1631126112460,1349477488837,10673031
2,17292,1407816700098,1307437975123,22292757
2,17293,1601050329526,1391435700550,390836
2,17294,1686709945412,1363172036871,8423460
2,17295,1626370749812,1404368792007,760302
2,17296,1604856877575,1604854782842,275346
2,17297,1641914075389,1349477489454,4100379
2,17298,1611933628710,1,35118791
2,17299,1591899108246,1244305227562,9488587
2,17300,1635468062912,1338237820881,6363517
2,17301,1606353600377,1606353554787,1568156
2,17302,1677052134962,1363171201399,1326067
2,17303,1643459094989,1253112642859,2276592
2,17304,1673254352000,1588071562364,783461
2,17305,1650486394421,1462121459356,7429242
2,17306,1630347476791,1,1371077
2,17307,1544476243218,1544473549689,390918
2,17308,1630713826351,1630713214850,2328117
2,17309,1631643259555,1631641912016,1570708
2,17310,1687818429026,1389839213462,431339
2,17311,1699432518000,1403399379131,6119581
2,17312,1683495205913,1477250057918,890157
2,17313,1601476131095,1382060716753,1532529
2,17314,1606897178792,1606831373154,7001848
2,17315,1634132739407,1539890220182,4733846
2,17316,1379291382994,1368055937735,911297
2,17317,1645652878125,1462849133258,1872708
2,17318,1638697499784,1380462236862,3849747
2,17319,1623010330192,1622811579323,320871
2,17320,1665752755174,1368292062206,858804
2,17321,1586895386494,1586890327854,862882
2,17322,1357655825015,1357654336906,536779
2,17323,1639707392669,1349477488698,3821758
2,17324,1685773826493,1323234900386,1893456
2,17325,1615220216336,1253683383517,359690
2,17326,1533820521678,1533820383080,198602
2,17327,1677153536987,1273439686875,5434571
2,17328,1633156155367,12705,1653061
2,17329,1655622842341,1655131634589,327408
2,17330,1620319653052,1620318964190,374546
2,17331,1667238542015,1554727451438,132218
2,17332,1696005692702,1454374255310,1840890
2,17333,1650349383127,1349477488697,1268847
2,17334,1592524044166,1592523001357,195374
2,17335,1622288316064,1229273253590,343623
2,17336,1631353943333,1631353921917,214002
2,17337,1570201920564,1570196442333,571793
2,17338,1590515260777,1,769002
2,17339,1435410846899,1242787547877,6638208
2,17340,1614500975024,1614500376628,391030
2,17341,1696533520832,1468101670713,255039
2,17342,1531668178831,1340113201774,778088
2,17343,1615131084904,1389086972995,1621175
2,17344,1625709907695,1479242579780,835349
2,17345,1611327425333,1460322625292,835919
2,17346,1644472690850,1461599476656,415777
2,17347,1689260342735,1339252520768,283826
2,17348,1518887087078,1277338408652,13476237
2,17349,1623200958107,1230741608572,5150678
2,17350,1631540989267,1631377450093,5275175
2,17351,1676713344554,1264653384165,3682980
2,17352,1552137203438,1402456305835,660871
2,17353,1603532813786,1603376061273,432922
2,17354,1643917213610,1506324955590,897042
2,17355,1582166285599,1273439686875,1121201
2,17356,1617560835918,1617560772757,726647
2,17357,1631160633442,1368292036119,7423682
2,17358,1594069769170,1398728661613,2135873
2,17359,1564321041095,1469701510735,540775
2,17360,1610930343207,1501814060829,332383
2,17361,1601307633267,1296169988801,363316
2,17362,1663029781842,1382060716753,9209126
2,17363,1655748465028,1341386344459,6776973
2,17364,1408519694806,1270335361798,2048516
2,17365,1655522180994,1341257256152,7908755
2,17366,1632765330367,1632155801256,300142
2,17367,1576507106510,1576501291568,696925
2,17368,1637207772981,1267679370468,543876
2,17369,1629991769578,1629991753036,289711
2,17370,1645129092382,1611362691644,1042977
2,17371,1694644357000,1479399262645,404523
2,17372,1651205080216,1506136691835,273996
2,17373,1677311416380,1349477488837,834480
2,17374,1682645663000,1402176519004,503409
2,17375,1539980471888,1326691238718,21822607
2,17376,1352743118109,1286387294297,1861735
2,17377,1571522359464,1570811163954,303733
2,17378,1519010300066,1518574769567,466139
2,17379,1621334930678,1556951970038,894892
2,17380,1549501347359,1391741012224,10321836
2,17381,1628413716128,1628413690469,1713250
2,17382,1366994391864,1366737460713,972119
2,17383,1647305655203,1554006318487,610012
2,17384,1643900781857,1413655104034,2160005
2,17385,1442920669298,1281683976104,19204926
2,17386,1599919153011,1260225369146,1127228
2,17387,1688033593000,1372016659024,756289
2,17388,1619249932560,1230525172561,4475470
2,17389,1684277554000,1294518587533,442495
2,17390,1601286080514,1211711388389,640838
2,17391,1684297153095,1253683383517,2388421
2,17392,1628990004285,1335881318503,255305
2,17393,1654904505054,1368292036119,738094
2,17394,1562535135519,1331499531042,6006047
2,17395,1692044428640,1497148220240,744497
2,17396,1692385649104,1349477491151,1865705
2,17397,1530995787260,1530995600928,2227302
2,17398,1608336807241,1457143057000,270647
2,17399,1651431775843,1382060716753,2065408
2,17400,1648911755028,1522089541408,849771
2,17401,1466808603323,1265176371767,1263515
2,17402,1551637831948,1551633879289,800651
2,17403,1596303555079,1596285777460,411695
2,17404,1520435601740,1379541122459,3275608
2,17405,1601330119151,1601330109263,1749872
2,17406,1567432448684,1296169988801,2554132
2,17407,1623356974515,1623355935746,1005148
2,17408,1596287058581,1,409837
2,17409,1416899338456,1358388308437,5156908
2,17410,1615086632965,1615086611716,190063
2,17411,1686933566702,1253683383517,226350
2,17412,1609117817984,1609117736199,1262812
2,17413,1622619043591,1439866961612,2450314
2,17414,1638892512152,1325902101971,2020881
2,17415,1564011312439,1563927290160,1115460
2,17416,1661100014000,1363171201399,3969995
2,17417,1655725890728,1595149273162,548648
2,17418,1697772132550,1475727285509,1687161
2,17419,1445946844883,1395219926474,9417140
2,17420,1635446906258,1368292251847,12265131
2,17421,1502788641605,1331102569886,7797313
2,17422,1623246785372,1493136300295,496722
2,17423,1630140967623,1366757977454,2037469
2,17424,1549939941935,1296169988801,950004
2,17425,1644849706179,1644846989431,173601
2,17426,1628798932261,1382060716753,1077312
2,17427,1625737383645,1321299141411,200344
2,17428,1693441641486,1449350070018,6896419
2,17429,1691261505705,1363171201399,820627
2,17430,1486320849617,1299516728205,851145
2,17431,1606674213735,1606673983085,683031
2,17432,1432696330556,1263452141746,9267966
2,17433,1679051352000,1434539087625,758816
2,17434,1574293924317,1363175941886,29669839
2,17435,1432066553737,1284838730198,565012
2,17436,1610813089996,1610715104215,987820
2,17437,1646046665596,1224957597451,829692
2,17438,1681865883042,1321299141705,14183400
2,17439,1648993506088,1402176732152,443770
2,17440,1649011866726,1341386344459,542459
2,17441,1671873470000,1321299141411,1325298
2,17442,1599131760736,1599130282666,303811
2,17443,1691792527949,1349477488697,2603339
2,17444,1588406980242,1,3302178
2,17445,1491784605902,1491425375422,254409
2,17446,1697489187512,1355653105739,2166074
2,17447,1624256247953,1339252520768,712195
2,17448,1688482636933,1402456305835,3467038
2,17449,1595366733661,1595364901469,1286107
2,17450,1613616054341,1613615710495,3777807
2,17451,1694365913095,1462932081194,8144968
2,17452,1644352731976,1517403201950,2061823
2,17453,1646981317194,1646976960132,493176
2,17454,1511119623117,1349477488740,11201113
2,17455,1592498213360,1592497491239,1174420
2,17456,1351179879087,1237901881402,4699705
2,17457,1657746756277,1596068680796,199459
2,17458,1655161367000,1297536149498,341961
2,17459,1653334085205,1,886346
2,17460,1631105335061,1478415537833,12219641
2,17461,1603467564519,1603467548391,486267
2,17462,1469653224664,1245046597040,5973079
2,17463,1587309492861,1283140800000,3125892
2,17464,1608781270308,1,3955514
2,17465,1611678161378,1597924937364,271129
2,17466,1551979373774,1321264496198,472528
2,17467,1642890727640,1,2937779
2,17468,1541762698363,724,752478
2,17469,1696028962853,1597618903124,785209
2,17470,1631971247266,1488220872683,864441
2,17471,1672277578458,1,13602198
2,17472,1631839174230,1365293606461,670021
2,17473,1597256833068,1442507636587,537429
2,17474,1583163532597,1335808560857,10927253
2,17475,1629795179478,1310576403943,834245
2,17476,1632147843670,1632147687849,1586827
2,17477,1642557565443,1368292036119,4529380
2,17478,1660109670789,1368292036119,3780144
2,17479,1697820593000,1337383477324,409287
2,17480,1688996053000,1479242579780,1603511
2,17481,1677116871972,1509450892528,409313
2,17482,1504637456773,1477645401723,191905
2,17483,1532035384607,1459381160365,340375
2,17484,1626643272560,1553874394458,871381
2,17485,1696792539410,1402175764376,579422
2,17486,1658361739567,1461767210481,873406
2,17487,1594162758253,1594162744026,406935
2,17488,1574691904305,1574691888172,4276210
2,17489,1663908181721,1363171201399,13159013
2,17490,1605412024291,1428951990057,1138289
2,17491,1689605890000,1389885883016,2075074
2,17492,1612957523041,1,3849788
2,17493,1560932112606,1370145367627,1099485
2,17494,1639256469824,1358974563663,994405
2,17495,1482971107946,1251882424789,4666874
2,17496,1576511218864,1185996957304,4284456
2,17497,1629508278688,1629430806501,749443
2,17498,1650994466787,1527081747868,715808
2,17499,1614433331004,1609086417819,319437
2,17500,1694668923687,1349477488812,350753
2,17501,1617142110163,1581940336038,6302412
2,17502,1596588586992,1321299141461,4926701
2,17503,1601571725151,1601059750678,230962
2,17504,1661512898013,1589023215291,1015865
2,17505,1603163650149,1349477488803,5210204
2,17506,1366994391864,1366737460713,6523935
2,17507,1639350481486,1253112642859,1587741
2,17508,1633298704152,1368292340870,2506554
2,17509,1411415348238,1410369038329,2057635
2,17510,1585817261338,1321299141551,3093675
2,17511,1682572482904,1682536712894,1266131
2,17512,1685913552000,1479242579780,582040
2,17513,1630628336962,1414449682441,1295237
2,17514,1687248174186,12705,938397
2,17515,1631392507905,1599309963871,808195
2,17516,1605393647946,1605393587271,1316131
2,17517,1576497964305,1389086972995,939616
2,17518,1686548552000,1351001661037,198587
2,17519,1697612116000,1368292340870,566354
2,17520,1656879455729,1381346556288,915423
2,17521,1677779146000,1457658817970,450976
2,17522,1599265687268,1599226622468,7481052
2,17523,1625655980487,1230437830154,22611800
2,17524,1644282768743,1413859711864,570376
2,17525,1642977379846,1365293606461,1284022
2,17526,1633206146180,1380041530661,420462
2,17527,1529852621983,1253683383563,1861885
2,17528,1631717311621,1631712966350,3031340
2,17529,1601421986670,1601421932366,2613090
2,17530,1634867411677,1581888127015,503929
2,17531,1576066852646,1369236442009,5875462
2,17532,1649639601434,1508231390254,467096
2,17533,1573720335826,1522736185416,518095
2,17534,1652669097260,1652667294935,392998
2,17535,1631028262579,1296077123419,970241
2,17536,1629808666462,1391741012224,1687639
2,17537,1575217006107,1573660807717,506681
2,17538,1619676672823,1486460479445,1852735
2,17539,1668902363518,1410041601120,3924977
2,17540,1631467113152,1631466524187,1218590
2,17541,1633362532396,1499160988341,1093252
2,17542,1569777507710,1303738105556,9958705
2,17543,1613282898654,1489431080995,2287250
2,17544,1560801928405,1296169988801,434906
2,17545,1693428962172,1349477488942,2900710
2,17546,1357655825015,1357654336906,691435
2,17547,1357655825015,1357654336906,3554338
2,17548,1547291334906,1547291272406,702448
2,17549,1590781689059,1339252520788,11472151
2,17550,1657708296240,1214225650015,911292
2,17551,1679247233446,1349477488736,4240969
2,17552,1631438991526,1515871615086,330889
2,17553,1683652194000,1514022649950,880477
2,17554,1627491909062,1349477488771,8311322
2,17555,1612208448712,1366635779908,229199
2,17556,1583244849193,1582212418241,1795088
2,17557,1603918126201,1,24115602
2,17558,1591606580135,1589720887455,4139498
2,17559,1366994391864,1366737460713,287094
2,17560,1527111486166,1253683383517,15919971
2,17561,1670335543693,1618510151147,185677
2,17562,1687188128971,1479242579780,402672
2,17563,1691924467000,1341386344459,6596991
2,17564,1618442068998,1618188709806,820293
2,17565,1682410972657,1368292036119,3286928
2,17566,1633524400254,1368292036119,195586
2,17567,1626535103174,1626531997178,432693
2,17568,1681921596519,1382060716753,3410966
2,17569,1516049638391,1515970318677,1735329
2,17570,1462428086822,1339496335401,1618681
2,17571,1679269425000,1466862241752,509277
2,17572,1666496301000,1402524202094,874039
2,17573,1631913954064,1631913921701,456633
2,17574,1678054860724,1553874394458,484526
2,17575,1623207158331,1623204897704,579444
2,17576,1589482207459,1368292036119,1236018
2,17577,1666627991306,1368292123572,3862251
2,17578,1606461110884,1363171201399,16821699
2,17579,1649257183141,1581281280441,284493
2,17580,1600109709507,1349477488803,13810616
2,17581,1640119130660,1281585600000,729130
2,17582,1593998987461,1363171201399,4397192
2,17583,1611329012514,1611278155324,284032
2,17584,1607586279624,1607586180201,486613
2,17585,1610157268143,1269722041469,1395522
2,17586,1630259167547,1339252520768,1089734
2,17587,1596344317887,1388220969536,29685997
2,17588,1629295561909,1599071972130,2924848
2,17589,1576901761711,1576900764415,8811480
2,17590,1630294140879,1253683383517,1079376
2,17591,1592865751096,1265061266990,348460
2,17592,1617579707312,1339252520788,606790
2,17593,1683400951706,1484865075215,5412505
2,17594,1628192670716,1363171201399,395551
2,17595,1618403884427,1618353173554,1230457
2,17596,1631214900537,1,6747437
2,17597,1661559513055,1368292036119,3716562
2,17598,1481505799539,1481505665191,1421459
2,17599,1562154220933,1562151420498,477493
2,17600,1350401692601,1270983113184,13742310
2,17601,1631045732166,1631037954208,433039
2,17602,1654716807966,1321814180155,334965
2,17603,1656973163001,1397628854911,310206
2,17604,1677469686979,1220824109052,491202
2,17605,1581181784163,1,1196218
2,17606,1675704267224,1368292036119,5683938
2,17607,1621836523280,1349477488697,494429
2,17608,1629571495668,1253683383517,834891
2,17609,1686691703971,1253683383517,1556990
2,17610,1696265445134,1368292036119,541597
2,17611,1642434284480,1641470084700,2003235
2,17612,1587949032054,1587872088200,1332449
2,17613,1625672413421,1479243201974,1090026
2,17614,1685449286725,1214225650015,2454268
2,17615,1601052596327,1578491434844,4702937
2,17616,1692313415790,1461865789169,381723
2,17617,1620200513036,1620180168950,791524
2,17618,1515400169713,1515400023988,400311
2,17619,1466884344150,1255654942549,9860148
2,17620,1662089508146,1662034656356,189920
2,17621,1549120106836,1549120057771,3962403
2,17622,1687704848469,1400524864560,242172
2,17623,1700627697597,1321299141647,191905
2,17624,1361740126307,1359047250267,3686366
2,17625,1632862476300,1321814180155,243253
2,17626,1475813822078,1475813732435,582866
2,17627,1656460897651,1363171201399,906406
2,17628,1672866240645,1672865543874,954039
2,17629,1631709618678,1314023405991,178647
2,17630,1632267875857,1632267701185,887738
2,17631,1695657948880,1403295677011,619161
2,17632,1630441260035,1409142787114,584105
2,17633,1530453015347,1,10626512
2,17634,1630414439383,1630414412299,941778
2,17635,1652128187669,1650452359316,200131
2,17636,1590416734939,1590415613773,744971
2,17637,1690452741462,1690341294918,770783
2,17638,1630589154950,1455484062481,3224954
2,17639,1624239076244,1461877995598,1982868
2,17640,1635287265242,1621238511516,1785451
2,17641,1596035286059,1339252520768,658976
2,17642,1685979106849,1363171201399,1062173
2,17643,1587435970461,1363188597789,11677219
2,17644,1663813477783,1643541629220,215805
2,17645,1659482181699,1349477488697,269570
2,17646,1649257407231,1528964886031,446790
2,17647,1660867447089,1408078274535,5862334
2,17648,1630063604811,1485712259463,578585
2,17649,1628513533603,1534155508493,1682225
2,17650,1692928509000,1670309998513,2800509
2,17651,1644861303794,1479242579780,5524215
2,17652,1685392016686,1548089884634,1507082
2,17653,1694011809251,1330934306862,831166
2,17654,1690298064777,1368292251847,3779905
2,17655,1536747432034,1508875071449,2916381
2,17656,1658961968545,1321299134277,239515
2,17657,1619023052552,1550669557938,257948
2,17658,1674153375066,1,5149412
2,17659,1613400502103,1613400489806,393456
2,17660,1627479753007,1281408947636,2975063
2,17661,1612962005062,1368292251847,14929340
2,17662,1683833745215,1683831647775,210402
2,17663,1626422361720,1321299141551,2667404
2,17664,1618820599374,1253683383517,700891
2,17665,1630680854847,1630680536160,212436
2,17666,1666826252047,1570952938136,437186
2,17667,1610832745369,1368292838866,2284157
2,17668,1693859343416,1474367009911,665177
2,17669,1696348805790,1692433640879,461659
2,17670,1655661949211,1419644221353,523083
2,17671,1632244857583,1497339802153,324393
2,17672,1663176857360,126,2021326
2,17673,1675282529132,1,956820
2,17674,1648834819244,1580814425291,191490
2,17675,1667731205861,1462832617930,2741787
2,17676,1681994356721,1368292036119,8085247
2,17677,1693322102750,1369236442009,8409813
2,17678,1610444067036,1610361540705,381475
2,17679,1695657083341,1475792730514,2467796
2,17680,1632026088373,1630610884621,2657288
2,17681,1667200843918,1375850273535,1300610
2,17682,1617089157051,1613397568705,375813
2,17683,1630928372068,1630928360181,835091
2,17684,1563354753124,1563354676484,704405
2,17685,1340636609992,1316446189783,1613437
2,17686,1366769995235,1265048628545,2181531
2,17687,1630778669138,1630777328063,1045201
2,17688,1621350133315,1332782303694,312438
2,17689,1588034356207,1253683383517,836575
2,17690,1694763059706,1382060716753,463416
2,17691,1686560524635,1388485669975,3284858
2,17692,1544518956555,1544518944874,997193
2,17693,1601487813013,1601487163489,2628500
2,17694,1659663867309,1393817670651,376393
2,17695,1645267011616,1556384731398,272445
2,17696,1442708267060,1379627784537,7730175
2,17697,1689797632577,1220824109052,8005925
2,17698,1614042401235,1368292123572,1865049
2,17699,1696378433821,1237642309165,260744
2,17700,1583595593379,1331102569886,700819
2,17701,1677945795068,1368292036119,2032756
2,17702,1599550237590,1524632097150,1925453
2,17703,1636825311464,1253683383517,1887819
2,17704,1610817299998,1610817041674,4961512
2,17705,1565596438684,1307319284614,316222
2,17706,1642346595055,1546539098790,5573716
2,17707,1685959470105,1515685629134,839399
2,17708,1677942775424,1413859711864,872713
2,17709,1632271213056,1632271197095,718806
2,17710,1691381543895,1349477488697,8154740
2,17711,1592348862776,1363171201399,2221982
2,17712,1634072738501,1472426494713,542135
2,17713,1632404245139,1632404195560,1769253
2,17714,1629377679058,1321299133411,8041297
2,17715,1609546910232,1609542674971,1678905
2,17716,1549733306251,1380546636500,4992318
2,17717,1613939642568,1613674770443,265056
2,17718,1696283971000,1401311491664,1624389
2,17719,1605613786932,1234655558515,5210921
2,17720,1619359339448,1356724422334,266885
2,17721,1663625806064,1663625686679,187874
2,17722,1390558787899,1224469920880,1277982
2,17723,1677802994194,1641822481909,413278
2,17724,1512056201440,1280562506869,1479180
2,17725,1614565069849,1612064393694,4508110
2,17726,1397899764770,1397412925577,1857655
2,17727,1390680914265,1242990013654,28961502
2,17728,1630692851879,1630689167916,3040122
2,17729,1665976515934,1405141749019,328183
2,17730,1631738744764,1440500506317,387505
2,17731,1628450483639,1479242579780,650101
2,17732,1648434720006,1341587108752,967774
2,17733,1619702814903,1585918976109,241929
2,17734,1674145436000,1253281347427,324390
2,17735,1539066923759,1539066801624,1301497
2,17736,1601450379098,1298791553640,267260
2,17737,1575579478968,1575576477860,1192189
2,17738,1635722497232,1221594333277,4066989
2,17739,1634441591651,1335782638416,583581
2,17740,1552137203438,1402456305835,1226074
2,17741,1670073377074,1340713992866,3093000
2,17742,1683163842000,1349477488920,2837906
2,17743,1605116482314,1605116455454,252122
2,17744,1631473930720,1631473745614,219559
2,17745,1672706886699,1368292036119,2382262
2,17746,1624300243740,1389044065403,1997169
2,17747,1594392471588,1335782638416,4826247
2,17748,1631359495455,1631359462272,690050
2,17749,1661676655398,1368292340870,2458461
2,17750,1632741527639,1362632475437,2740918
2,17751,1610224392216,1368292036119,7955858
2,17752,1630355976679,1349477488871,1660038
2,17753,1637993325523,1480231081725,209558
2,17754,1653580760497,1499437779987,1017793
2,17755,1618653875221,1497484861934,467136
2,17756,1661181116792,1441963956603,1299865
2,17757,1691738899252,1382265479297,518671
2,17758,1699050478091,1321814180155,810079
2,17759,1683689162088,1368292036119,188719
2,17760,1634061227440,1634061211524,855338
2,17761,1640914683470,1380041947370,4624092
2,17762,1361740126307,1359047250267,4623539
2,17763,1620325085336,1465599265219,2262812
2,17764,1675174062000,1506609368487,2882690
2,17765,1656752496790,1475114938195,3428462
2,17766,1698595303429,1323258205127,395966
2,17767,1630448684364,1365293606461,331321
2,17768,1680742016056,1582129257592,1819369
2,17769,1694157213566,1539890220182,771639
2,17770,1354709409234,1296452961335,3828643
2,17771,1681791163377,1280562506188,275194
2,17772,1357655825015,1357654336906,2335173
2,17773,1584577704567,1584577666482,5096459
2,17774,1617677540116,1617677514080,2090161
2,17775,1671930551500,1402795071295,486359
2,17776,1639041971445,1632749874512,589507
2,17777,1695182315307,1363171229968,628022
2,17778,1618814945489,1618813067871,1566428
2,17779,1677115948916,1436157678119,462099
2,17780,1621624729825,1321299141427,337545
2,17781,1412429390674,1309152947646,7761659
2,17782,1599112144969,1,6814503
2,17783,1665282013000,1349477488697,1929113
2,17784,1691305717321,1,300039
2,17785,1616696691320,1369931886299,3678953
2,17786,1619531346884,1506089332679,763078
2,17787,1625805179795,1548687603969,459958
2,17788,1631906032532,1631905988975,575950
2,17789,1357655825015,1357654336906,3147214
2,17790,1616168873079,1615815778593,173706
2,17791,1631576062990,1631576047245,328390
2,17792,1652333787922,1281812902144,546245
2,17793,1593636114645,1593636077360,683765
2,17794,1700707782000,1368292123572,8925548
2,17795,1686649352406,1472510480644,345812
2,17796,1568326728910,1459381160365,4296153
2,17797,1610979938375,1368292036119,14200340
2,17798,1625915141754,1625905139289,247943
2,17799,1664748022780,1642361551506,1144033
2,17800,1638308687995,1307347307457,3463444
2,17801,1683140790058,1403142018138,1348654
2,17802,1614708298809,1,1478449
2,17803,1613520751269,1491327787944,2454088
2,17804,1663961155445,1663871546211,601324
2,17805,1686989769807,1584886455428,305343
2,17806,1614969998008,1489009203227,291185
2,17807,1599985299550,1599985269777,395425
2,17808,1588493713095,1388625962985,1505530
2,17809,1666817764588,1581145235363,721481
2,17810,1608848386722,1365293606461,1824568
2,17811,1670026078945,1368292036119,4944837
2,17812,1655134108765,1365293606461,1280979
2,17813,1616113903430,1453159667195,2050000
2,17814,1631729433117,12705,2628864
2,17815,1689822777279,1689795494307,297149
2,17816,1609093090344,1608938487168,282534
2,17817,1647883999243,1358044495439,562963
2,17818,1673805640076,1368292036119,1309855
2,17819,1615844691108,1615803619809,4894356
2,17820,1617222312934,1617137405105,708476
2,17821,1692442393780,1349477488807,378041
2,17822,1690285987608,1368292036119,466882
2,17823,1605826798950,1605784908314,1046784
2,17824,1630463997501,1537608080255,2488325
2,17825,1614804317056,1614804236008,8786630
2,17826,1695635315666,1695573341396,246174
2,17827,1697589862205,1413859711864,1583724
2,17828,1697919674000,1270995658140,4074114
2,17829,1630267167148,1630229197815,1710620
2,17830,1550243743419,1253683383517,7160415
2,17831,1638051229713,1404247876480,7027844
2,17832,1538422593769,1497484861978,5171903
2,17833,1687267758850,1349477488771,266576
2,17834,1692034164729,1335782638416,1611927
2,17835,1554472346510,1554467130179,5194263
2,17836,1545486757647,1426093915516,2193903
2,17837,1682486261000,1389044065403,977885
2,17838,1630816223652,1456718242703,270179
2,17839,1673584389827,1554819811887,293402
2,17840,1698197500498,1368292340870,5199219
2,17841,1631628347211,1631627966515,631152
2,17842,1672928360215,1444823356829,206899
2,17843,1645648193330,1340713992866,2112708
2,17844,1631682799829,1631639779446,394417
2,17845,1638193862521,1368292036119,1207393
2,17846,1629807945348,1446332194046,1042133
2,17847,1677381046000,1,5923621
2,17848,1612143222414,1253683383517,1313729
2,17849,1367335232224,1243019093860,1347580
2,17850,1514142584384,1491154080348,1181275
2,17851,1613371264746,1613371121446,10594219
2,17852,1631852769492,1631804266255,192850
2,17853,1671426142000,1315615385694,271850
2,17854,1535904703408,1535902121250,3062812
2,17855,1665608127159,1347284127901,2024398
2,17856,1525021248943,1524938993416,3319234
2,17857,1472725477186,1361946077194,280098
2,17858,1587534194553,1414222098018,531434
2,17859,1619193631581,1619193487885,252815
2,17860,1644959179461,1214225650015,3228497
2,17861,1671063393989,1253683383517,2037601
2,17862,1605076486164,1349477488748,263047
2,17863,1675564565975,1402456305835,5900941
2,17864,1630461909083,1630460839470,238198
2,17865,1657281932592,1313335583156,585703
2,17866,1616069478171,1324494212732,232852
2,17867,1623478702616,1623372827373,749086
2,17868,1558877966461,1287867057355,3228159
2,17869,1485450262073,1476635777219,749968
2,17870,1614717185006,1403809055168,3979950
2,17871,1594057956980,1368292036119,5299362
2,17872,1665046082433,1481896498728,403536
2,17873,1603709793252,1603709469456,257123
2,17874,1630719757535,1365293606461,263268
2,17875,1615427347674,1485727945264,1311930
2,17876,1655051251148,1567327924280,330427
2,17877,1619133658960,1349477488697,6631729
2,17878,1582225666015,1,7285492
2,17879,1623097707700,1321299141551,3549141
2,17880,1650480044422,1411181473423,1222200
2,17881,1681820762199,1522917683405,198073
2,17882,1366994391864,1366737460713,16599688
2,17883,1618668718438,1618665672119,819620
2,17884,1628799353350,1349477488837,2922369
2,17885,1589952746750,1589952729857,9130185
2,17886,1605632950115,1485766204258,5921572
2,17887,1663699072645,1474474209352,451546
2,17888,1649949357964,1283968176517,346451
2,17889,1641995465071,1482325088071,748490
2,17890,1605927749049,1605921855035,1121319
2,17891,1630079204491,1621444933388,204143
2,17892,1652256691911,1652209891665,421628
2,17893,1631756346295,1631742708419,382968
2,17894,1695301995000,1548495604663,4965882
2,17895,1538166398699,1,823317
2,17896,1618218087029,1462140542732,4893539
2,17897,1566470778119,1284763226005,20551765
2,17898,1636110921338,1412948822961,267247
2,17899,1585916774756,13186,8264982
2,17900,1571988109943,1439728329732,8642790
2,17901,1462910088000,1454165743000,1848049
2,17902,1664175360767,1349477489381,1380649
2,17903,1646621098522,1556384731398,254700
2,17904,1620203638830,1479747341801,978354
2,17905,1592847877588,1497484861934,1998673
2,17906,1617352648722,1611348466511,5598141
2,17907,1632607469847,1411878622699,3346805
2,17908,1693487354431,1516347478846,4170514
2,17909,1497789829214,1296169988801,562853
2,17910,1673328416739,1368292062206,1948078
2,17911,1687439090037,1354087842679,3491809
2,17912,1563676770967,1552818477741,11198280
2,17913,1631159995837,1563724308786,681526
2,17914,1631023445034,1375560691605,2091447
2,17915,1625734564187,1625734257670,341484
2,17916,1630629065734,1482314752311,7927063
2,17917,1588012390424,1348705063714,477734
2,17918,1687628562337,1368292251847,3222484
2,17919,1696471163000,1349477488983,1172257
2,17920,1632281148462,1632280910124,6155984
2,17921,1629537430973,12705,1427967
2,17922,1571726534290,1365293606461,1013673
2,17923,1635623224816,1214225650015,4384494
2,17924,1394724084323,1394721662993,19765529
2,17925,1631866307939,1631815879884,238981
2,17926,1642035568694,1627489485927,932408
2,17927,1649408843879,1230430450375,6795577
2,17928,1615189342921,1615187696440,3371044
2,17929,1696469324817,1402177650166,260546
2,17930,1633371289832,1404247845083,539405
2,17931,1631374093465,1631373799835,598965
2,17932,1624402150264,1623263575879,346058
2,17933,1665756276026,1368292036119,247574
2,17934,1595420658398,1528525718625,606667
2,17935,1690437153761,1481165522790,3449715
2,17936,1620630759856,1618254602905,1638824
2,17937,1570800910348,1570789250587,247314
2,17938,1478356241789,1253683383517,716817
2,17939,1648247320452,1554065853278,1757999
2,17940,1659541912709,1385554198774,1748918
2,17941,1457882044024,1429169285232,650618
2,17942,1631275631333,1556384731398,291708
2,17943,1637685546782,1586782689812,1101972
2,17944,1623426839253,1597065143792,1153255
2,17945,1676071725199,1368292251847,1702824
2,17946,1660827689812,1365293606461,1135452
2,17947,1669184768752,1339252520768,1535140
2,17948,1622204471473,1622204445674,446505
2,17949,1619302371101,1404247845223,249786
2,17950,1631091093724,1404247845223,5231738
2,17951,1594322530877,1479242579780,2742212
2,17952,1694943852000,1404247845143,350355
2,17953,1642066178564,1231038037135,325092
2,17954,1539527191568,1539526154350,317977
2,17955,1638228211160,1638218112336,272573
2,17956,1549803825833,1549731175727,459336
2,17957,1514556305099,1514542244374,1037751
2,17958,1600605644000,1466531486742,1074951
2,17959,1532035384607,1459381160365,8472390
2,17960,1631227902811,1368292036119,598191
2,17961,1608816117205,1255653553364,1592644
2,17962,1571029093490,1349477488838,8129419
2,17963,1611442869185,1611442274663,234706
2,17964,1600031770720,1600031747635,337506
2,17965,1565347553927,1253683383517,434380
2,17966,1520357810950,1520332376824,422718
2,17967,1687082101390,1368292036119,1121719
2,17968,1667496153615,1368292036119,7812242
2,17969,1585409343857,1585409287710,2853692
2,17970,1625518320312,1625517172003,887877
2,17971,1603163650149,1349477488803,13680548
2,17972,1643975432309,1395709580999,5605698
2,17973,1447269819830,1255653553364,1316456
2,17974,1690365575000,1472314727132,654599
2,17975,1621039552165,1621028088005,885345
2,17976,1683064466000,1496439352028,582266
2,17977,1571826168368,1406833315369,5652636
2,17978,1623263936865,1349477488697,2190973
2,17979,1679595736517,1368292036119,1716817
2,17980,1599657546209,1599484833898,604937
2,17981,1651832111000,1650894182299,715371
2,17982,1632133088648,1632132167262,856983
2,17983,1613498460980,1241597104839,565799
2,17984,1680093943000,1253683383517,789648
2,17985,1528452403986,1255653553364,3467368
2,17986,1613711042306,1517167387188,630340
2,17987,1632151870061,1363171201399,7988279
2,17988,1607758289953,1349477488697,1847781
2,17989,1641523342479,1368292036119,2609463
2,17990,1252307414154,1239817574795,1429278
2,17991,1695849795154,1402347707232,3903702
2,17992,1630295115272,1230430450375,3139894
2,17993,1621352562553,12705,747238
2,17994,1616455175680,1304288527290,4963711
2,17995,1631007890270,1631007751158,4320342
2,17996,1552137203438,1402456305835,702447
2,17997,1641673299923,1368292036119,4940766
2,17998,1691893186590,1470362274535,15860846
2,17999,1610182645768,1610181072288,402833
2,18000,1563292997485,1563292964582,363960
2,18001,1693338057000,1378646242435,786387
2,18002,1631622318214,1631622258741,3844636
2,18003,1552137203438,1402456305835,632130
2,18004,1628548127639,1355193962982,379002
2,18005,1688395464023,1651085841807,503409
2,18006,1517227005156,1349477488697,1475928
2,18007,1654692698344,1255653553364,1547720
2,18008,1645686324895,1285211445472,1185183
2,18009,1606078130964,1239041701393,1056589
2,18010,1601002694237,1349477488732,1977786
2,18011,1239490124093,1239489205656,717505
2,18012,1691786615212,1553963618011,886558
2,18013,1642033909896,1359148661717,314388
2,18014,1602859746158,1602856048281,1494725
2,18015,1632559489432,1631518464251,2615610
2,18016,1673484436945,1478840216955,12153269
2,18017,1669550126027,1349477488734,11181699
2,18018,1651603993985,1214226488750,2671033
2,18019,1699560911159,1512429710315,2125660
2,18020,1619182419184,1619182354832,276245
2,18021,1542947109367,1389087039321,889907
2,18022,1424526837964,1241373681015,8464722
2,18023,1594829577920,1594829345563,3035804
2,18024,1407301924823,1185996957304,6451053
2,18025,1666466259769,1666451639322,289479
2,18026,1685624967000,1574587964656,708755
2,18027,1662803625893,1354893033408,4837727
2,18028,1674946570171,1382060716753,12702226
2,18029,1552137203438,1402456305835,620314
2,18030,1415886370332,1255714242238,413889
2,18031,1658510723341,1562925585261,373606
2,18032,1695743774468,1381651402445,221295
2,18033,1620562842195,1335881391590,937000
2,18034,1636696182972,1349477488859,1813593
2,18035,1632582820742,1632577516061,1564421
2,18036,1578600680901,1483729348022,312649
2,18037,1648500896780,1637846399798,763957
2,18038,1349114124552,1349113823700,734624
2,18039,1657132216562,1222209142206,360218
2,18040,1636019249730,1236869499389,11335344
2,18041,1650928205584,1321299133421,7949471
2,18042,1585772931101,1339252520768,249399
2,18043,1459637297301,1290864758552,1977344
2,18044,1542325097123,1542325078456,2389275
2,18045,1644566477997,1494597922153,725569
2,18046,1624664539460,1253683383563,613496
2,18047,1641248583049,1412452585611,1604511
2,18048,1608587728545,1349477488697,1814541
2,18049,1425993478151,1425106476528,2317206
2,18050,1654083161000,1479006081322,1251031
2,18051,1585641323053,1348705063714,617556
2,18052,1590061265423,1590061239469,591001
2,18053,1600314350510,1420827752208,331977
2,18054,1632013776110,1512314679070,1349414
2,18055,1531317939284,1321299141647,600240
2,18056,1664809177000,1472695439404,330065
2,18057,1674572490934,1321299141647,376362
2,18058,1639764193066,1446271121990,345107
2,18059,1688629768494,1553874394458,434788
2,18060,1622132074161,1622132014443,944029
2,18061,1614358294233,1614352539895,332490
2,18062,1623865642650,1574874176959,3484762
2,18063,1681044591393,1439130117498,1724125
2,18064,1618410449313,1567785915682,730757
2,18065,1663081717412,1382060716753,1210714
2,18066,1632850943407,1440626975914,613054
2,18067,1629948706832,1470826480928,1359623
2,18068,1676874303000,1466118768417,914175
2,18069,1618234374790,12705,5784412
2,18070,1599003932389,1599003838194,1075508
2,18071,1625347857970,1625344789904,1118673
2,18072,1700235386611,1470839175231,4085771
2,18073,1697295421000,1381875647650,1388554
2,18074,1599616260593,1443269433103,236232
2,18075,1681137690530,1363171201399,12457617
2,18076,1607001835651,1607001160831,5342204
2,18077,1631661382066,1631661224003,812632
2,18078,1636461662744,1368292123572,9562984
2,18079,1586886156684,1586885553837,8560889
2,18080,1618859684816,1515310345922,266851
2,18081,1602199849649,1352627292229,3089905
2,18082,1422266758031,1422266471745,1100305
2,18083,1631582685685,1631581982718,502694
2,18084,1631192241559,1631182659377,236786
2,18085,1587398163826,1341359139633,13623921
2,18086,1567952796912,1254259829410,29047091
2,18087,1549184929049,1340646475102,914680
2,18088,1645253857845,1632037871995,703621
2,18089,1559119318855,1427180876265,1470135
2,18090,1649501166896,1560889901228,731132
2,18091,1680940107645,1363171201399,5994789
2,18092,1436592043082,1436591904796,2687273
2,18093,1695528251000,1368292036119,33337142
2,18094,1670141577000,1670090483241,2340435
2,18095,1641243369466,1365293606461,743170
2,18096,1631821445068,1631821436691,207942
2,18097,1632050547599,1632050529171,184591
2,18098,1627676078364,1,10960921
2,18099,1627154374331,1,3140180
2,18100,1523373046235,1349477490140,23037679
2,18101,1612391369905,1409142787114,278314
2,18102,1658876969402,1349477488767,3005855
2,18103,1463062579733,1352878041460,3461531
2,18104,1643282812035,1372274393190,411010
2,18105,1696948363734,1368292036119,380858
2,18106,1454565252367,1310404216181,5750795
2,18107,1604872062390,1603738584534,1476502
2,18108,1667991857976,1667923762555,194107
2,18109,1596148384883,1349477488944,18550114
2,18110,1613418357613,1607531788794,1300766
2,18111,1629431000660,1458076629814,1198031
2,18112,1604575906987,1604570861177,1005108
2,18113,1617897102760,1253683383517,350980
2,18114,1613137120673,1349477488697,3205742
2,18115,1624360896468,1624360724901,598972
2,18116,1611587254130,1611064347395,1440127
2,18117,1605732363528,1288463827711,193573
2,18118,1617167530817,1617108625505,216291
2,18119,1653398248438,1529048595795,540643
2,18120,1627921664308,1567413972208,3126101
2,18121,1646017607115,1592565659747,939208
2,18122,1631112847285,1,12008584
2,18123,1619253420999,1349477488698,10981071
2,18124,1654274238534,1316138527059,1941829
2,18125,1570484152400,1424988945510,1093386
2,18126,1591344058277,1251883407566,694956
2,18127,1626961382409,1626959228777,878112
2,18128,1664444425885,1389885883016,4440895
2,18129,1694488120426,1389173196968,947543
2,18130,1690819838570,1402457846518,3274132
2,18131,1598548697336,1597965997402,1108643
2,18132,1638823490447,1607398346702,546388
2,18133,1631824843189,1393514598062,818252
2,18134,1597104490818,1321299133411,2182936
2,18135,1633013790110,1413655104034,420907
2,18136,1691054893000,1548494604014,1325138
2,18137,1673558154325,1520960007182,6322586
2,18138,1673972907194,1382060716753,2957194
2,18139,1630523387362,1630494677709,463467
2,18140,1610411233965,1385243499934,4428384
2,18141,1622429623167,1622424554689,1647766
2,18142,1605737085446,1605737065542,232407
2,18143,1691714448463,1553961868044,405542
2,18144,1678756132622,1678754186480,286158
2,18145,1577708718859,1321299141647,677266
2,18146,1630614026494,1630613521434,236322
2,18147,1565230620623,1352618417277,1732446
2,18148,1671582447429,1561381574233,273969
2,18149,1627622749084,17072,283051
2,18150,1577633166060,1293981228694,5619903
2,18151,1605116704470,1368292036119,11196754
2,18152,1633188252352,1382060716753,3916471
2,18153,1642029016610,1459477270028,1110908
2,18154,1650659930943,1211307217539,676360
2,18155,1666190029257,1537581176469,817043
2,18156,1631449868425,1631449853366,1651292
2,18157,1596418708020,1498803606747,1488787
2,18158,1649945221318,1390517890014,1806037
2,18159,1650083807406,1600216587287,809137
2,18160,1619561512881,1516347478846,4808316
2,18161,1682315073004,1664954748694,602474
2,18162,1479676935817,1479676774978,26179205
2,18163,1602593064111,1368292036119,2891260
2,18164,1610144312437,1610143568277,1674771
2,18165,1583964763411,1,7840137
2,18166,1651963683220,1553874394458,2627358
2,18167,1608388696614,1478515378724,421566
2,18168,1624866430318,1303782208149,27071501
2,18169,1616503930037,1616503895014,311422
2,18170,1256711966806,1240678135894,8760731
2,18171,1631624609765,1478360898790,549743
2,18172,1662230795185,1662230789358,409915
2,18173,1525732544494,1425979519861,2917164
2,18174,1674861257000,1349477488697,572096
2,18175,1623863458437,1554006299205,508064
2,18176,1633028960808,1439737621609,207983
2,18177,1691328749388,1237642309165,560963
2,18178,1630912443915,1553874394458,982175
2,18179,1603736071180,1603734364449,617545
2,18180,1623318648707,1623318596296,415475
2,18181,1651345898077,1379541049761,1025291
2,18182,1620313194756,1460779086900,385181
2,18183,1675974568356,1522711742002,232928
2,18184,1506714890976,1453401853739,282133
2,18185,1626899133920,1245831150603,3874569
2,18186,1613688788153,1613688380106,235679
2,18187,1658086224733,1253683383517,235830
2,18188,1632933715760,1617372788185,309831
2,18189,1603266033809,1350913242158,6610419
2,18190,1577765547033,1254259829410,10423008
2,18191,1648064368827,1540589540375,3981668
2,18192,1632435952220,76,587806
2,18193,1570810096673,1363171201399,998825
2,18194,1606527031965,1321299133581,13295291
2,18195,1533589409748,1521402121342,252942
2,18196,1633802557736,1631141556516,3730872
2,18197,1617122742325,1321299133411,1997063
2,18198,1656943701000,1368292036119,22395463
2,18199,1526844625821,1526744049086,1179815
2,18200,1636316586101,1631286924362,1025351
2,18201,1554164402705,1554164239102,474462
2,18202,1460025681479,1358351826991,11887062
2,18203,1462558195656,1255653553364,1088427
2,18204,1676795222651,1349477488697,6821678
2,18205,1599784445239,1368292251847,8143468
2,18206,1614030134138,1348876952506,836086
2,18207,1686872346749,1461599134282,276492
2,18208,1611140441882,1608062098513,2558271
2,18209,1614630042289,1614629571906,263236
2,18210,1586853015244,1512314679070,1729271
2,18211,1634646658289,1480369045055,1377879
2,18212,1630528650777,1394319304916,237678
2,18213,1594776824772,1594775621759,1323444
2,18214,1616129027010,1485092675227,1109845
2,18215,1531279879913,1325902101971,494004
2,18216,1654797644279,1638476851126,1688946
2,18217,1663433397788,1663430425053,758082
2,18218,1634691595174,1634691422842,289421
2,18219,1469799173473,1469788684386,5366658
2,18220,1633368840342,1633368441323,248643
2,18221,1638113908939,1491678419896,1311094
2,18222,1457343767761,1370145367610,55147050
2,18223,1496502836350,1253683383517,7825065
2,18224,1610903145632,1500829109007,947789
2,18225,1513740071366,1321299141551,2830823
2,18226,1695238743000,1368292036119,511108
2,18227,1602923893039,1602923464555,1447759
2,18228,1673884376208,1665674028828,312617
2,18229,1610814598365,1610738998745,6499501
2,18230,1694987436040,1395340580934,3719517
2,18231,1589230615492,1589225215431,3066609
2,18232,1640795900374,1480378161750,471569
2,18233,1648491992292,1365293606461,462977
2,18234,1664472139057,1185996957304,475177
2,18235,1575999058651,1575914552063,251526
2,18236,1562682686011,1431189618454,1414612
2,18237,1622646338010,1622646275587,307992
2,18238,1622318036911,1413859711864,834923
2,18239,1613765972154,1613501829765,195759
2,18240,1676210102117,1429627620486,268551
2,18241,1600629072497,1349477488732,17391250
2,18242,1536163644612,1536074883042,3917594
2,18243,1654166835267,1355994645635,1922553
2,18244,1612244027898,1612152490458,2355313
2,18245,1612590289178,1612589935296,2554943
2,18246,1692836320641,1692835399016,307586
2,18247,1639134008890,1524481573009,354909
2,18248,1646039438086,1448934763582,233485
2,18249,1611257094405,1609862575012,1881512
2,18250,1613314412559,1612989944900,457363
2,18251,1541555409145,1440881107802,1900797
2,18252,1618392824513,1618392791476,601581
2,18253,1691689322999,1368292036119,4576829
2,18254,1595470164941,1494091588153,1604409
2,18255,1680965874739,1667676219849,548376
2,18256,1571958006548,1230430322217,29893092
2,18257,1581539111692,1581413714622,428496
2,18258,1679359080253,1679345944978,406626
2,18259,1629420451772,1368292627098,2046356
2,18260,1370986095289,1185996957304,20128258
2,18261,1551721568059,1253683383517,3228770
2,18262,1694160955309,1694118015414,828805
2,18263,1646694935386,1493865167008,7796703
2,18264,1575256215987,1470826480928,1090723
2,18265,1667047358632,1294309195029,475716
2,18266,1691794524054,1479242579780,1359642
2,18267,1601879366000,1553580048466,744512
2,18268,1622036145820,1622036111032,648011
2,18269,1536897727219,1536897567081,369219
2,18270,1542048255401,1542046691117,597665
2,18271,1687541445164,1686145268983,212188
2,18272,1624334862570,1624299928380,226558
2,18273,1610305226171,1610222931738,1024315
2,18274,1651832191101,1414222098018,215238
2,18275,1588987882197,1358606738334,1230462
2,18276,1610881738994,23528535,2779254
2,18277,1692006444649,1264447822458,474514
2,18278,1646012394146,1401126656910,2986802
2,18279,1407961614821,1296169988801,12594273
2,18280,1674496094415,1358606738334,2576568
2,18281,1609653384803,1,266504
2,18282,1630707638700,1434539087359,221044
2,18283,1571855860283,1571855819709,459512
2,18284,1646253484963,1450821327785,1021872
2,18285,1623426839253,1597065143792,2257414
2,18286,1649273575771,1368292036119,3558905
2,18287,1651660621904,1296169988801,1318828
2,18288,1616788740315,1368292036119,6413364
2,18289,1584976985459,1321299133411,7503672
2,18290,1650229414815,1482853506211,6575169
2,18291,1558407589885,1558405791439,504144
2,18292,1592137555257,1592137457808,4368684
2,18293,1691689652885,1285475760721,4988011
2,18294,1591578060816,1503266886286,2243196
2,18295,1648136570870,1326834842421,4419618
2,18296,1473065972074,1230430322217,2310328
2,18297,1611133557772,1368292036119,2771364
2,18298,1616063746511,1616063494479,2673651
2,18299,1550938842132,1550938826689,2923019
2,18300,1700173497628,1481155290918,3177553
2,18301,1668996018648,1389609484811,995816
2,18302,1662905055898,1439737029234,578198
2,18303,1699296168650,1389227797896,2975509
2,18304,1692928205820,1692926901433,199810
2,18305,1615811419042,1339252520768,10923031
2,18306,1606848032859,1214225650015,281847
2,18307,1579056348281,1578354939635,8774409
2,18308,1669824212807,1479242579780,724581
2,18309,1601624258466,1601622344889,2206874
2,18310,1633525515405,1314210915171,4094180
2,18311,1631155093032,1631155042026,539292
2,18312,1629629086788,1629629002467,559787
2,18313,1692819358284,1341238124197,3477861
2,18314,1676507227737,1368292036119,10496958
2,18315,1671157144563,1382060716753,1300097
2,18316,1611066091268,1349477488697,16969935
2,18317,1638478976417,1,1512588
2,18318,1621135286273,1426669533704,891402
2,18319,1585275803722,1547760633236,267866
2,18320,1622851512755,1622850166330,918717
2,18321,1375968135464,1257843254880,592250
2,18322,1634967862300,118361,2512218
2,18323,1685236644505,1403404101072,5330351
2,18324,1544096689568,1544094542965,857066
2,18325,1570097575515,1570097551797,4152402
2,18326,1483183445296,1335782638416,1842241
2,18327,1441035192525,1441033925880,860459
2,18328,1525835126869,1525714646156,202305
2,18329,1683662914398,1553050558933,2545689
2,18330,1673284421116,1673283251145,267496
2,18331,1631707730000,1631457725817,549923
2,18332,1680784390855,1185996957304,264664
2,18333,1626924340730,1296169988801,1262159
2,18334,1630294174735,12705,1291900
2,18335,1612043796517,1382060716753,5336368
2,18336,1675220329951,1530295728062,216063
2,18337,1636133925927,1185996957304,232751
2,18338,1673271681000,1571247132778,1239643
2,18339,1656075029045,1294309195029,442161
2,18340,1625611165091,1566222729834,213647
2,18341,1589425158774,1253683383517,6093022
2,18342,1604235806535,1604082278730,480477
2,18343,1617421841754,1442352044713,360142
2,18344,1545726558041,1267679370414,919182
2,18345,1446374913572,1446374543136,4363154
2,18346,1578225330731,1381196702332,372676
2,18347,1430670834762,1430668915647,265579
2,18348,1581863005904,1581862976792,655916
2,18349,1652110188996,1407321866667,1074470
2,18350,1664829641465,1664814907568,3537868
2,18351,1591453842594,1461880606731,3031924
2,18352,1636217552314,1636217184816,308451
2,18353,1697677171060,1391741012224,1487729
2,18354,1656595355092,1368292251847,11606304
2,18355,1521135443751,1521135416035,984177
2,18356,1618495079626,1618495043850,198230
2,18357,1650472209300,1650472162941,214720
2,18358,1673859606580,1580749792330,2627201
2,18359,1626237646290,1391741012224,5508282
2,18360,1689932329079,1609153724191,626216
2,18361,1605098375605,1354409573213,204539
2,18362,1366994391864,1366737460713,634912
2,18363,1665898704101,1665898690155,1264460
2,18364,1527770799126,1527702950869,15003716
2,18365,1540453210117,1296169988801,978476
2,18366,1645782024764,1385266142426,369346
2,18367,1549976844638,1548252431769,225739
2,18368,1652946694007,1388887287859,10310112
2,18369,1595902065928,1295662421703,5364378
2,18370,1632893972366,1632893933035,1031092
2,18371,1575481033558,1575480837264,2129400
2,18372,1657710271711,1,298203
2,18373,1684617664668,1296169988801,427656
2,18374,1587736616369,1,1700909
2,18375,1669924176720,1363264431895,4593813
2,18376,1580638177582,1580637389358,930453
2,18377,1545913520183,1449636991453,822945
2,18378,1684785727976,1349477489526,1165927
2,18379,1693344547224,1405189436661,1278939
2,18380,1577188500907,1498688197273,3666730
2,18381,1678847356204,1368292036119,23581563
2,18382,1616005919466,1253683383517,3727610
2,18383,1654349376660,1368292036119,7571452
2,18384,1665183277000,1553874394458,1267390
2,18385,1626772853013,1626768016052,804830
2,18386,1692731970593,1402175764376,2142363
2,18387,1603713082874,1603712591755,278787
2,18388,1620195882350,1370145367611,4912625
2,18389,1619861808621,1619861610886,2327436
2,18390,1422124291545,1422124167576,5969407
2,18391,1631735734802,1517228785374,292466
2,18392,1631214783529,1630930657627,452422
2,18393,1682182614376,1359148661717,290018
2,18394,1561843629610,1335782638416,15154678
2,18395,1533102349539,1267679370216,3615654
2,18396,1640335607229,1395219926471,572312
2,18397,1611143482587,1473873588514,920297
2,18398,1661416972483,1493868063911,236995
2,18399,1674835891614,1584886455264,1700179
2,18400,1673361345519,1669399649545,433320
2,18401,1655680850693,1365293606461,12860796
2,18402,1366994391864,1366737460713,2007673
2,18403,1570449385228,1404247845227,2361939
2,18404,1699075840206,1466956258977,1205743
2,18405,1367490194971,1240227301289,7386613
2,18406,1573416136195,1573377479504,7651108
2,18407,1605630673104,1379541049761,1376807
2,18408,1631342663173,1461881814589,1771166
2,18409,1674921685181,1575731350540,5435350
2,18410,1517857697553,1240675753054,4076678
2,18411,1589387030679,1589386923789,410155
2,18412,1665688768169,1296499533072,374798
2,18413,1615082894797,1403469588535,6143008
2,18414,1665832852000,1344109668542,2537968
2,18415,1655327976116,1321299141419,721367
2,18416,1582164747431,1582073193518,364773
2,18417,1633943047048,1633864564506,414227
2,18418,1615972600659,1615972560522,739296
2,18419,1651765899602,1581541611100,541443
2,18420,1614828702408,1614828508042,1247061
2,18421,1282740628795,1279995008787,5566321
2,18422,1700419868525,1433489648891,325840
2,18423,1684582042540,1253683383517,3880444
2,18424,1694004403007,1693444604599,1501777
2,18425,1660986045952,1282186996953,6120215
2,18426,1593658438181,1593653628216,1659352
2,18427,1625655935583,1482880368702,239275
2,18428,1671013205692,1363171229968,13629679
2,18429,1683907509785,1630541291073,3380487
2,18430,1626889737847,1436796335559,2082550
2,18431,1357655825015,1357654336906,1513740
2,18432,1464711145266,1340713992866,1824634
2,18433,1677315752139,1369931886299,772424
2,18434,1632068749485,1214295016281,4410217
2,18435,1646156546165,1478985390224,444277
2,18436,1607669405408,1607669379306,515542
2,18437,1657286236928,1574874176967,3437921
2,18438,1629084803609,1302820083856,1160530
2,18439,1664224578918,1214225650015,1366880
2,18440,1609878922294,1609878674851,873477
2,18441,1631766637047,1631349782509,328174
2,18442,1639066374683,1384559147886,2147108
2,18443,1633526523318,1629326097591,1528949
2,18444,1610953769633,1610707642354,1038289
2,18445,1530114235214,1385589928762,5913899
2,18446,1648222712564,1,1161981
2,18447,1644540597695,1,795267
2,18448,1637359334593,1349477489054,7503733
2,18449,1523767433132,1264961836967,12943840
2,18450,1612670261227,1349477490308,623866
2,18451,1487123168934,1486872227618,1552873
2,18452,1652307773972,1349477488803,4296456
2,18453,1683059726000,1368292036119,1098105
2,18454,1619216487384,1619215851184,241457
2,18455,1648744975032,1382060716753,1656496
2,18456,1572897225698,1237329777514,8655925
2,18457,1619141343538,1619140398613,1480756
2,18458,1542233364617,1539653397117,2966697
2,18459,1585195383425,1533522847089,1692987
2,18460,1539877312435,1521587137541,280526
2,18461,1676593747823,1368292123572,9552794
2,18462,1660107276237,1368292036119,2042235
2,18463,1692436496385,1358606738334,2461859
2,18464,1646724112866,1553874394458,1229108
2,18465,1605731180748,1605731140723,993820
2,18466,1645507988085,1381331104804,2421139
2,18467,1621440541671,1621440481763,215884
2,18468,1673620370159,1,449540
2,18469,1584429428290,1422209061457,810984
2,18470,1630317648823,1630316545382,2515662
2,18471,1612729295845,1612728438728,2210833
2,18472,1689108969994,1360259742157,515476
2,18473,1659520618015,1393514655468,194803
2,18474,1564130520856,1540617352735,1260282
2,18475,1672812824000,1363171201399,4522738
2,18476,1644105265381,1349477489130,5014848
2,18477,1631550865120,1631550818630,186533
2,18478,1632063079466,1632062571342,653364
2,18479,1630335266366,1630334219345,678776
2,18480,1682955445684,1615007143996,183827
2,18481,1671688247558,1366757977454,631302
2,18482,1316580970344,1260326040359,4559917
2,18483,1693818529000,1602919787811,1290811
2,18484,1646027528041,1,8635704
2,18485,1640728168544,1539707602104,1155471
2,18486,1644600976729,1644593362707,968135
2,18487,1684137226407,1340713992866,6841705
2,18488,1615980279461,1615917355786,1540199
2,18489,1689263673783,1363171201399,4684672
2,18490,1620674593208,1620673804605,951022
2,18491,1605842259392,1500404609987,1634265
2,18492,1671297166000,1382060716753,976917
2,18493,1592357616417,1368292036119,1911804
2,18494,1559682775022,1349477488942,10114464
2,18495,1676651872499,1363171201399,8148050
2,18496,1585346009399,1547760633247,1209383
2,18497,1679776472384,1385335604609,2284698
2,18498,1631160219253,1363188597789,5831499
2,18499,1644141621666,1357654336906,4666175
2,18500,1604683238733,1604606450807,385689
2,18501,1618518105428,1524300092830,2003787
2,18502,1634739730551,1,2392749
2,18503,1690288636271,1349477488942,2040151
2,18504,1614038363506,1381875647650,725201
2,18505,1673419078811,1397412925577,238035
2,18506,1305318861919,1305114685396,2399236
2,18507,1671418229706,1556718210001,238695
2,18508,1459269577768,1459268534129,926505
2,18509,1542804834496,1439180807752,761113
2,18510,1683732056591,1553874394458,606687
2,18511,1657476431077,1572519392320,1561559
2,18512,1626514110554,1321299141647,414755
2,18513,1659877767067,1438623265024,835026
2,18514,1682322976624,1286040959369,230938
2,18515,1630426802784,1273439686875,3672675
2,18516,1679443517334,1363171201399,2694676
2,18517,1625480701978,1326834842421,387852
2,18518,1630451427259,1630436412326,2919079
2,18519,1501707245847,1269642779119,2016342
2,18520,1635400139251,1562670166740,10123230
2,18521,1504800583959,1395429108615,1180794
2,18522,1692215229902,1679966610051,713748
2,18523,1490896053026,1421153551262,5413819
2,18524,1687979647009,1455014747484,291167
2,18525,1555398253324,1253808421249,3181281
2,18526,1507316111470,1321299133411,9801204
2,18527,1500482335450,1365293606461,562467
2,18528,1518669480327,1335782638416,4314262
2,18529,1650598911133,1488843024324,1026235
2,18530,1578529710232,1242562464414,1560364
2,18531,1600016706053,1477740492937,10649023
2,18532,1566609753011,1566189090320,369276
2,18533,1641134404634,1609666223744,418577
2,18534,1602593936438,1601702487044,534591
2,18535,1501218211107,1387504279273,16711325
2,18536,1679147902000,1679147874504,270793
2,18537,1358909861017,1358909545498,51750424
2,18538,1675385024483,1439180369100,622550
2,18539,1622284393338,1556384731398,2488747
2,18540,1545334000565,1339252520768,947997
2,18541,1690633043416,1491269542647,283297
2,18542,1647964687877,1571929447379,945562
2,18543,1621093631616,1621093598361,1049092
2,18544,1504337253494,1419644220831,2483011
2,18545,1609976956885,1414756427693,4004254
2,18546,1662889898772,1535547392884,555786
2,18547,1599484844497,1395429108602,740083
2,18548,1603892973616,1591450862470,226601
2,18549,1473437650244,1306463892572,14024983
2,18550,1588598494825,1340808334437,261547
2,18551,1631736720453,1631478499140,1994869
2,18552,1492779586458,1492777146021,11791695
2,18553,1687958086360,1341386344459,254812
2,18554,1634965373130,1389609549331,439152
2,18555,1485289843070,1328128968767,3644332
2,18556,1600232115672,1390313167196,4327152
2,18557,1609400409476,1609400067972,2180167
2,18558,1656076550069,1368292036119,605413
2,18559,1622144239606,1389044065403,263285
2,18560,1618256031747,1566222729834,576239
2,18561,1674972363000,1587782224323,265999
2,18562,1645999268860,1250097049115,274496
2,18563,1631196657945,1253683383517,1981776
2,18564,1620549393058,1620549194062,1168472
2,18565,1599263143005,1365293606461,17622352
2,18566,1594742340594,1,7067432
2,18567,1632068071213,1244305227562,2623313
2,18568,1648209414194,1326741082063,574471
2,18569,1664508044000,1368292036119,6877599
2,18570,1686253548692,1513586879415,272972
2,18571,1677864552927,1677863139703,552120
2,18572,1357655825015,1357654336906,2622440
2,18573,1653448384376,1500829109007,265469
2,18574,1431676175362,1430824589752,2194494
2,18575,1413478877981,1325043586439,2549192
2,18576,1361740126307,1359047250267,683077
2,18577,1668646506549,1363171201399,5536960
2,18578,1632393595951,1403023479358,2874352
2,18579,1630302738229,1242562464414,230803
2,18580,1400896288420,1400894519163,288200
2,18581,1612707658102,1382060716753,5944761
2,18582,1574401900927,1375795390172,14026721
2,18583,1664680483642,1474253482913,1088266
2,18584,1689702420936,1321299133489,1583514
2,18585,1619363340718,1619112068938,737740
2,18586,1639396050599,1639395802617,396590
2,18587,1622815968505,1487274616017,2213885
2,18588,1594578549083,1594560581806,2035692
2,18589,1675366121000,1253683383517,956626
2,18590,1594507820772,1594502682009,4823632
2,18591,1494256065667,1339161931815,1324425
2,18592,1626741242182,1,2529281
2,18593,1629838080282,1365293606461,4962357
2,18594,1633478953202,1391305583708,400327
2,18595,1612698659585,1612534795053,282485
2,18596,1628729612734,1368292036119,13121888
2,18597,1688227073055,1230430322217,6833074
2,18598,1627254630649,1,1890117
2,18599,1634340923153,1611718412955,442848
2,18600,1673957501637,1673956220931,209151
2,18601,1621076715644,1442352044713,5940537
2,18602,1664061379939,1259689361435,859171
2,18603,1673299419708,1586782689812,2254376
2,18604,1687163468605,1615732180297,276699
2,18605,1630515682949,1368292036119,3493653
2,18606,1613023536541,1349477488736,12737919
2,18607,1616266932287,1556384731398,594306
2,18608,1659724531464,1439180369100,512759
2,18609,1669790292062,1393018937078,3033988
2,18610,1611813180647,1432602069102,1311748
2,18611,1636990844147,1245641480890,813252
2,18612,1625928345596,1567044666422,1525596
2,18613,1681013325402,1,2873499
2,18614,1675597848139,1340713992866,8877223
2,18615,1588291217199,1248388001058,17106558
2,18616,1602510705033,1404745676314,2668508
2,18617,1636314587187,1297960868294,439051
2,18618,1653261621000,1459809142832,890331
2,18619,1650578712516,1230430322217,739683
2,18620,1672429255329,1672278071685,651548
2,18621,1582860659739,1349477488785,1370368
2,18622,1676314385964,1676054711254,511692
2,18623,1664310763052,1349477488697,9002136
2,18624,1634462319307,1349477489218,3902088
2,18625,1620574431707,1549200785941,530234
2,18626,1638351244508,1365293606461,865242
2,18627,1636457198078,1296169988801,290706
2,18628,1623850858160,1365293606461,330381
2,18629,1588591074851,1588588623418,4091091
2,18630,1630872038195,1630871892730,1409845
2,18631,1615916738542,1461806918971,468929
2,18632,1578702106512,1578702056760,638407
2,18633,1685562014610,1685552631473,310685
2,18634,1609024412455,1521456914488,2230254
2,18635,1613791858090,1350913242164,991528
2,18636,1610009209544,1363171201399,4314794
2,18637,1539897461231,1441854197543,6920583
2,18638,1632427509030,1632427304464,379531
2,18639,1676826292959,1330934306862,1332852
2,18640,1699453154171,1509116660587,835901
2,18641,1687437698172,1433489648891,181130
2,18642,1580909410156,1339252520768,2563439
2,18643,1694142701000,1484626482981,5529994
2,18644,1541351356535,1541346072493,674152
2,18645,1654120975895,1455014747484,398918
2,18646,1688010291196,1459381160365,661884
2,18647,1698295716000,1459381160365,2103837
2,18648,1631296699547,1296169988801,2457831
2,18649,1551048729291,1433489648891,2267480
2,18650,1567791489145,1349477490249,15784300
2,18651,1578474980524,1419644220831,500747
2,18652,1621971237758,1621958823091,313732
2,18653,1630941044315,1630881074013,454978
2,18654,1611445923607,1185996957304,1735020
2,18655,1610907718851,1310576403943,330271
2,18656,1598032549536,1556384731398,274563
2,18657,1613587504538,1365293606461,6767982
2,18658,1526010677891,1321299142105,175099
2,18659,1630371976039,1253683383517,832143
2,18660,1693058044000,1349477489275,937166
2,18661,1381665878191,1381663028807,1008138
2,18662,1554102575763,1554099325029,2230915
2,18663,1610062768655,1610062676309,1941361
2,18664,1678297071189,1678296863918,376727
2,18665,1613427668167,1457658817970,181960
2,18666,1630976206341,1339252522768,614073
2,18667,1544630392435,1492209415832,1300748
2,18668,1507799363686,1246646765079,1157752
2,18669,1595227992239,1472490865467,1679606
2,18670,1621710982792,12705,432624
2,18671,1671729870734,1670839836925,199616
2,18672,1648589948527,1405189422934,1936765
2,18673,1602907374369,1495486056842,1587135
2,18674,1496723272400,1321299141551,2125356
2,18675,1636025692753,1402175764376,492573
2,18676,1631289185054,1520088241672,544027
2,18677,1572525834608,1539699348430,1063934
2,18678,1662250195786,1363171229968,3100188
2,18679,1664617816701,1593639894459,467045
2,18680,1425168239033,1331102569886,7187312
2,18681,1695156945000,1590167994419,1644920
2,18682,1600363890233,1600203377765,2346626
2,18683,1631895600954,1631895507341,266109
2,18684,1614972299318,1339252520768,749617
2,18685,1679049028000,1349477488732,10763651
2,18686,1650995341213,1230766485867,1623006
2,18687,1657786124098,1481223320833,638537
2,18688,1611821230411,1264653384165,11209401
2,18689,1601848689064,1349477488942,19499618
2,18690,1564543725963,1345810201113,3315399
2,18691,1618274592283,1618274408475,533762
2,18692,1625449802330,1253683383517,8520776
2,18693,1690255129236,1384040398259,868379
2,18694,1555966105624,1555860867984,312840
2,18695,1619997537698,1293982239090,6666238
2,18696,1622119109589,1303631903497,1511670
2,18697,1672534785744,1368292036119,5031390
2,18698,1620808765636,1321299141419,270021
2,18699,1635742499458,1349477488803,8689427
2,18700,1688832567611,1230430322217,1207956
2,18701,1633420006649,1253683383517,4045058
2,18702,1472066632328,1472047800936,1174817
2,18703,1613716884008,1359148661717,877557
2,18704,1688359519612,1368292036119,1676861
2,18705,1697211505000,1501091776550,335497
2,18706,1640117590497,1368292036119,7769433
2,18707,1694123641265,315785836987,616741
2,18708,1603504398887,1389609484811,2763045
2,18709,1633747091167,1633745831527,268693
2,18710,1632328104356,1632327836901,1335712
2,18711,1673891706000,1589867818384,469409
2,18712,1501552310884,1501525249188,682724
2,18713,1557437870055,1264921853611,965720
2,18714,1464958116679,1264049677740,3618998
2,18715,1642640700397,1365293606461,2727800
2,18716,1642469090203,1354715263726,470532
2,18717,1540991010508,1540578094666,726969
2,18718,1669487535078,1612382253141,1668150
2,18719,1614719139286,1402524178958,3394604
2,18720,1671832378531,1671563104331,410966
2,18721,1659253407580,1448558387990,1725979
2,18722,1674168568000,1313851292629,1284880
2,18723,1357655825015,1357654336906,477416
2,18724,1615160323021,1615160266474,210858
2,18725,1603850219591,1349477488697,11072467
2,18726,1655918628913,1238859586109,907798
2,18727,1609808603814,1185996957304,2628904
2,18728,1502093994846,1502091493080,5934469
2,18729,1700174411050,1462206100258,264069
2,18730,1587798145675,1267679370216,4464530
2,18731,1661199958000,1661199936770,200990
2,18732,1671164245532,1479242579780,1418829
2,18733,1565257561725,1253683383517,417933
2,18734,1631814203661,1631028302361,255695
2,18735,1643275693892,1554289366378,342447
2,18736,1629339029724,1466793886698,2270404
2,18737,1384059795919,1384059561074,9461360
2,18738,1550004904728,1550002110163,433893
2,18739,1636941804638,1345319454724,1730616
2,18740,1698893453661,1505021533975,412399
2,18741,1588883072535,1587241508821,650332
2,18742,1664883635000,1468250135374,838405
2,18743,1616240117302,1614520057829,876234
2,18744,1673730452874,1385335632993,11001136
2,18745,1682978051474,1363171201399,8584890
2,18746,1601645782135,1389885883016,1433511
2,18747,1678120635662,1382843668587,5604358
2,18748,1601746179629,1601738175764,232407
2,18749,1411553332443,1234655558515,12381141
2,18750,1622566155547,1335782638416,3673166
2,18751,1691354058000,1463443074559,2602708
2,18752,1589891292970,1589890898662,3105984
2,18753,1635665534419,1479373548315,631424
2,18754,1631175495876,2,5268404
2,18755,1625741282955,1368292036119,12580381
2,18756,1696971437446,1539835304230,590831
2,18757,1623694076977,1623693413953,412617
2,18758,1659471496921,1548494604014,2784658
2,18759,1627484003357,1,12314586
2,18760,1657139996092,1385335632993,4505783
2,18761,1650908695973,1558105700069,1074272
2,18762,1580355461340,1462811650300,2347235
2,18763,1655145647007,1349477488697,5322806
2,18764,1466241757526,1277338286723,2701953
2,18765,1663764509673,1421053836472,1958122
2,18766,1445723883291,1185996957304,11440631
2,18767,1622992622043,1379858238578,2328630
2,18768,1639088420639,1367317475414,5844149
2,18769,1656426946816,1496478228264,2851759
2,18770,1440520723206,1440520586956,1342736
2,18771,1674054678145,1670839836925,468236
2,18772,1669147274000,1,7193129
2,18773,1551797624905,1281632529397,8258310
2,18774,1649430051145,1368292036119,5564792
2,18775,1643964974873,1501814060829,1358315
2,18776,1652730259598,1553874394458,3004948
2,18777,1617485587817,1363171201399,18576230
2,18778,1695534987252,1341386344459,1431558
2,18779,1631046284014,1630786162917,296566
2,18780,1691675197223,1358852988278,422577
2,18781,1698791502842,1349477488733,1663625
2,18782,1578768228334,1320605688993,1008850
2,18783,1666115174879,1360283595647,488921
2,18784,1683659819519,1475587996720,223675
2,18785,1678057551952,1368292251847,8401286
2,18786,1648362484875,1374182054120,10609866
2,18787,1509370071211,1265061266990,12477595
2,18788,1639695026157,1363171201399,475561
2,18789,1661367999726,1498884301066,321454
2,18790,1634487542358,1331227773832,822350
2,18791,1610897120088,1610894073048,1171903
2,18792,1618609401278,1617945474640,957508
2,18793,1636079913061,1402177650166,4977163
2,18794,1661429598671,1368292036119,8179250
2,18795,1666868760914,512,358160
2,18796,1665555690134,1423905622619,1019849
2,18797,1658167069287,1658097761130,227860
2,18798,1367951412842,1237329777514,10646753
2,18799,1614254475638,1589353140077,237544
2,18800,1654215617334,1368292036119,3751537
2,18801,1600713139109,1600510422537,742242
2,18802,1684940749000,1610447087919,1406161
2,18803,1645378832513,1349477488697,5184578
2,18804,1655170784491,1365293606461,1096058
2,18805,1605077137014,1605077122536,1519156
2,18806,1591321756276,1460675532825,737398
2,18807,1652442371461,1296169988801,4245588
2,18808,1611618507047,1611506412072,280349
2,18809,1605707835505,1308155728840,206972
2,18810,1695061354367,1629930950716,1144733
2,18811,1357655825015,1357654336906,1545031
2,18812,1576369996641,1366758136394,2583379
2,18813,1631832230492,1349477488737,9035996
2,18814,1680290590899,1363171497643,11566164
2,18815,1502882934739,1470159790196,2035155
2,18816,1632402674869,1632399704051,315866
2,18817,1593013090650,1404359281000,201354
2,18818,1420301891988,1420301473967,1064595
2,18819,1618127901463,1433904177560,1497354
2,18820,1655436899681,1253683383517,401717
2,18821,1644358387509,1365293606461,1474102
2,18822,1608053325922,1556806168186,2818843
2,18823,1652351558345,1401939401176,1321034
2,18824,1636447493335,1460960127444,427620
2,18825,1689545977002,1449636991453,850436
2,18826,1430487599385,1345491599320,4465233
2,18827,1428155269683,1428153396399,213643
2,18828,1366994391864,1366737460713,182681
2,18829,1656975499458,1656866102541,337231
2,18830,1655934915946,1655934740961,1265437
2,18831,1676836510536,1296500160982,681654
2,18832,1618674131366,1366702668839,226167
2,18833,1618066385880,1458364302841,1070445
2,18834,1621654223078,1253683383517,7991769
2,18835,1613817176165,1613808208286,817668
2,18836,1630836555560,1630836391184,1112993
2,18837,1632046013137,1632045816419,3494426
2,18838,1695302300000,1476272418046,807019
2,18839,1609110493888,1368292036119,1156706
2,18840,1672234723100,1473937316054,8647457
2,18841,1631107606249,1631106371759,5404717
2,18842,1616683986968,1,1903608
2,18843,1601505788180,1601505763728,400562
2,18844,1649086152573,1321299133427,1792455
2,18845,1366994391864,1366737460713,1873945
2,18846,1624930212224,1479242579780,2639023
2,18847,1664292944131,1613175733389,196721
2,18848,1620160585597,1,953479
2,18849,1668196294551,1273439686875,974186
2,18850,1595208749989,1595203768986,920071
2,18851,1586030832944,1586024427180,827260
2,18852,1609647775199,1296499533072,1738394
2,18853,1697143023612,1402456305835,2018001
2,18854,1599147735223,1484925256220,912910
2,18855,1392697518556,1243299636379,21885581
2,18856,1439839359384,1265061266990,851971
2,18857,1600781775760,1349477488785,2675756
2,18858,1654561281607,1349477490721,14845472
2,18859,1616679296006,1616679086308,690079
2,18860,1610536914453,1610536386457,203463
2,18861,1573439101132,1380982211843,448864
2,18862,1643617108742,1643612863638,1867487
2,18863,1653014537000,1554604197901,753439
2,18864,1539807202385,1265061266990,375768
2,18865,1628825584692,1534431960306,2205642
2,18866,1632261729883,1631498777454,267548
2,18867,1677174795523,1492209415832,423096
2,18868,1548385945044,1354715263726,856975
2,18869,1620639350039,1620559525974,316736
2,18870,1653440513817,1553908103517,1299151
2,18871,1609959575327,1349477488752,5754138
2,18872,1630927138409,1630927066955,1772504
2,18873,1634909529823,1597065143792,2701757
2,18874,1461955674935,1308151410541,612899
2,18875,1661488163623,1443641576845,1149875
2,18876,1414549089971,1185996957306,65778120
2,18877,1552137203438,1402456305835,608291
2,18878,1682976055711,1539108312864,539151
2,18879,1636819039174,1615091112503,1678163
2,18880,1519737118948,1303631903497,237128
2,18881,1650819753712,1368292455195,2167863
2,18882,1606930577329,1606930194544,1395305
2,18883,1474434367995,1335881318503,4343527
2,18884,1660113218122,1395242652061,4376539
2,18885,1626865232479,1437131760817,362553
2,18886,1656264886000,1365293606461,1790052
2,18887,1686868690076,1682531843908,240704
2,18888,1490737520360,1272732707273,3729359
2,18889,1660232773113,1341416855655,1405991
2,18890,1615404316809,1571519145463,5654041
2,18891,1682517769000,1394240357489,3367730
2,18892,1639141074056,1324394811014,2666277
2,18893,1673419998940,1459160049320,197900
2,18894,1421013196592,1282945065610,2746621
2,18895,1678351260000,1335782638416,1065498
2,18896,1630564130628,1458883172626,698956
2,18897,1448103426736,1335062352663,1968757
2,18898,1652199783410,1513586879415,257728
2,18899,1582660679669,1582660572701,440676
2,18900,1580658680357,1349477488732,7838520
2,18901,1619007133549,1619006412357,1284315
2,18902,1611242090601,1611225823300,397101
2,18903,1576740491753,1321299133411,1907840
2,18904,1550004904728,1550002110163,643946
2,18905,1557869203339,1557853633095,721759
2,18906,1452740533067,1428951990069,5010628
2,18907,1554815651181,1421203484101,13421435
2,18908,1683773041513,1339252520788,2155964
2,18909,1648762793096,1394388479837,532895
2,18910,1677097648331,1368292251847,6949264
2,18911,1544817190274,1414449682438,272616
2,18912,1567679661859,1253683383517,576586
2,18913,1621859282411,1523557210199,504547
2,18914,1621217885073,1488549307626,2128270
2,18915,1613217449595,1613217359739,1000942
2,18916,1662059473019,12705,719758
2,18917,1607809715707,1340356537301,216737
2,18918,1669299507542,1519461993111,819352
2,18919,1613627627554,1613627582953,351595
2,18920,1653050527899,1543856027595,621635
2,18921,1692914761176,1349477488785,1510398
2,18922,1624622788238,1365293606461,1783120
2,18923,1643900781857,1413655104034,2566296
2,18924,1606785172840,1,3339944
2,18925,1656672931000,1553098227165,5968863
2,18926,1587800497175,1244305227562,4476899
2,18927,1681134058979,1547263218033,252628
2,18928,1673345507764,1387151620534,559256
2,18929,1636882830334,1456771816429,2997496
2,18930,1628966182990,1370073825317,18634114
2,18931,1666626430678,1234655558515,1719320
2,18932,1627377477129,1605785429266,253478
2,18933,1567912238223,1401143226231,1356846
2,18934,1636808671339,1368292036119,6039430
2,18935,1695184029853,1587314876254,1191316
2,18936,1650077305023,1312003620861,1154823
2,18937,1658185593733,1482438245305,1028763
2,18938,1603035414511,1321299133411,6849036
2,18939,1627757246732,1346155950661,836933
2,18940,1686420173871,1433489648891,516539
2,18941,1689791092278,1586732035265,1137678
2,18942,1636859585831,1368292036119,1973916
2,18943,1618058522764,1618058484786,687608
2,18944,1634421320598,1349477488697,5010584
2,18945,1521310422973,1521308083775,4640471
2,18946,1663258784654,1662558859048,705355
2,18947,1533200805096,1533200738341,247721
2,18948,1641567853149,1433489648891,261551
2,18949,1611213206264,1510860436932,6262795
2,18950,1686234354822,1558009216786,374723
2,18951,1672082945975,1475606173302,259661
2,18952,1557187766854,1557165840717,702088
2,18953,1664059483119,1393817670651,262490
2,18954,1564779064006,1564778792537,186237
2,18955,1642326991502,1346589241047,13682641
2,18956,1691067606740,1691065749501,257292
2,18957,1534071461720,1348705063714,1030687
2,18958,1622471451400,1404247845178,5194317
2,18959,1667430566631,1349477489084,11594871
2,18960,1493680353098,1378483946212,1057054
2,18961,1486278248186,1485786789016,2740017
2,18962,1682272465729,1681239016246,202067
2,18963,1616980565943,1442352044713,3599895
2,18964,1420440266549,1420440110044,1319632
2,18965,1586853506711,1586852516487,369666
2,18966,1689370248828,1283016271301,4088369
2,18967,1695235768242,1,549045
2,18968,1674899604791,1296170005160,2812542
2,18969,1643228528189,1549717905961,5611915
2,18970,1626212600116,1394240440674,5752232
2,18971,1680813019722,1382060716753,4192574
2,18972,1700521534000,1368292036119,465749
2,18973,1582218778371,1363171229968,5633100
2,18974,1694889487792,1349477488871,5496552
2,18975,1629225998999,1267679370216,9580439
2,18976,1667831153754,1443279824261,246714
2,18977,1655564219268,1443269567777,3369546
2,18978,1692744062559,1433489648891,272081
2,18979,1680303068027,1368292036119,7372022
2,18980,1621224988937,1296169988801,526605
2,18981,1630410956544,1630410555102,4711787
2,18982,1593127673545,1370145367615,1527521
2,18983,1645829196539,1368292036119,1586350
2,18984,1664507578099,1477646201765,364351
2,18985,1630363172739,1630263925199,1129330
2,18986,1588642082369,1588641390558,1214892
2,18987,1622205698433,1,1848968
2,18988,1639882205833,1517861680799,5807599
2,18989,1617729103775,1566769149452,1343978
2,18990,1614109794756,1614080214411,1399523
2,18991,1689231551150,1564904849111,311544
2,18992,1573674845338,1573149742920,759521
2,18993,1663174068711,1349477488803,900956
2,18994,1687990316407,1368292036119,4924250
2,18995,1669820010430,1382060716753,1970250
2,18996,1625419082442,1619762140828,11871852
2,18997,1692134017460,1365297083765,535613
2,18998,1586469671072,1586382813367,1160201
2,18999,1644993445372,1631693247666,1026703
2,19000,1687651452531,1687650430478,2745675
2,19001,1678810004363,1368292036119,13014586
2,19002,1641409036842,1430878926884,3665113
2,19003,1676368784000,1397447396275,8327932
2,19004,1638265776836,1535902528042,387974
2,19005,1634412621424,1365293606461,3699607
2,19006,1657562379421,1274249790644,3160824
2,19007,1618463120876,1220824109052,2036635
2,19008,1699531707911,1549775405106,176230
2,19009,1621170737512,1619422294906,188143
2,19010,1545365676840,1335782638416,1157861
2,19011,1658123437412,1403141269039,770489
2,19012,1631821345340,1415428775367,200957
2,19013,1631620842909,1631308175888,558912
2,19014,1630340524717,1339252520768,4072219
2,19015,1588965056212,1588965014998,12599197
2,19016,1688313267009,1327268190935,4141964
2,19017,1631157212479,1631156128115,1054010
2,19018,1626532625031,1251111115402,1326674
2,19019,1683499650662,1214225650015,1835436
2,19020,1529449334683,1529415395604,673517
2,19021,1631917611788,1631917474001,2193934
2,19022,1559404100684,1559400471401,234967
2,19023,1535077565105,1535077059021,251377
2,19024,1631093409951,1599601956008,514950
2,19025,1602190182608,1602023231459,190740
2,19026,1549906737310,1548863537074,413521
2,19027,1627237487503,1214225650015,359822
2,19028,1678744228738,1,644036
2,19029,1543068709760,1255653553364,592245
2,19030,1631696267713,1631696259434,2132741
2,19031,1580185225989,1442507636587,1251803
2,19032,1658497173708,1447518417734,482876
2,19033,1628591464299,1,641412
2,19034,1633451024309,1476802692744,439842
2,19035,1645096681165,1617868347517,5225776
2,19036,1668865589697,1363171229968,324597
2,19037,1587151956411,1442078897087,5065839
2,19038,1595032443865,1595031487991,1558206
2,19039,1410100359885,1410100320249,1326966
2,19040,1574590162621,1574590001960,523595
2,19041,1634010317055,1349477488732,7967689
2,19042,1614462484385,1296169988801,662356
2,19043,1614618567725,1614618537752,2997251
2,19044,1629843049394,1629839520405,1417897
2,19045,1567411135065,1361829555828,1901267
2,19046,1490541770873,1469701510731,369746
2,19047,1506324011650,1504260394645,208890
2,19048,1655327658839,1389609484811,790933
2,19049,1631374187005,1631374125277,314923
2,19050,1579213331143,1579203184466,548737
2,19051,1666285309781,1323791955000,623425
2,19052,1386646708808,1242787540526,5649677
2,19053,1678902570610,1273439686875,288052
2,19054,1631911571774,1631789925656,298744
2,19055,1618251008242,1618250175387,2896364
2,19056,1595188383276,1337806121404,581692
2,19057,1585275803722,1547760633236,1352683
2,19058,1686619603251,1363263663896,5707029
2,19059,1662074363142,1382060716753,3502855
2,19060,1612032736463,1431474701446,349494
2,19061,1419165674347,1225219625242,4560836
2,19062,1604786771499,1368292251847,5097755
2,19063,1658220957816,1214225650015,1348530
2,19064,1630272008829,1630271867578,424423
2,19065,1700512325715,1363171201399,2530742
2,19066,1650763098650,1378009796367,1226121
2,19067,1631559954738,1631290595383,1098516
2,19068,1495457757912,1242787547868,8321104
2,19069,1656965029568,1419644220909,528896
2,19070,1654118659983,1479111526048,3441181
2,19071,1591812951871,1363171201399,6903154
2,19072,1631910861611,1474463282969,1614712
2,19073,1636595996269,1368292251847,487249
2,19074,1659473633000,1454585130797,2750528
2,19075,1648262445720,1597065143792,896104
2,19076,1695061496357,1349477488803,6948952
2,19077,1613023586825,12223,867415
2,19078,1622277557280,1622277251401,2924670
2,19079,1661039708251,1660342736771,411823
2,19080,1658120386042,1368292036119,1924510
2,19081,1609017294842,1423698298890,974205
2,19082,1638825348369,1340790251356,2777880
2,19083,1492974704751,1419518999266,3852560
2,19084,1617430338552,1617428802247,975566
2,19085,1639202625679,1454374255310,243569
2,19086,1638546813149,1638546786996,381575
2,19087,1554930898253,1554930380788,430982
2,19088,1616028885400,1349477488847,5940000
2,19089,1605274106988,1534238706207,873307
2,19090,1598953718084,1368292036119,9253599
2,19091,1558911483730,1363171201399,2711676
2,19092,1607467742930,1500178058473,216016
2,19093,1660269532000,1591396494325,2921142
2,19094,1673315254655,1553874394458,214096
2,19095,1673645453947,1368567816161,825310
2,19096,1641927321510,1582037377019,544386
2,19097,1639437059735,1356786058306,3515771
2,19098,1565507312958,1565506512956,785985
2,19099,1633008883211,1253683391081,659851
2,19100,1647293068576,1647293056714,1182519
2,19101,1623876112675,1327233261234,7657638
2,19102,1541936186029,1238384535118,4447274
2,19103,1631265185109,1631265099115,4411079
2,19104,1650492066052,1368292036119,7781779
2,19105,1644987857781,1496573766402,17815501
2,19106,1663591008906,1663588380251,248049
2,19107,1630897522734,1338405665397,554119
2,19108,1613718069209,1296169988801,785145
2,19109,1630781595018,1630781278654,621958
2,19110,1645761350029,1481804151599,4936144
2,19111,1649221355717,1469542910906,195771
2,19112,1619896696235,1421053844342,1109076
2,19113,1355528002000,1323667127212,2661118
2,19114,1615414460103,1615371004146,204089
2,19115,1526316723186,1245831150005,2295267
2,19116,1491295472160,1413142061327,2004578
2,19117,1689953333074,1478415537833,8251550
2,19118,1621587902857,1621587871536,2210596
2,19119,1632856948646,1,14472331
2,19120,1667462541084,1559214484525,1780042
2,19121,1693786583000,1479242579780,191044
2,19122,1668104126449,1382060716753,3071250
2,19123,1675107240558,1349477488785,12465505
2,19124,1682995369000,1264295638472,2075629
2,19125,1661239853773,1487076983007,5357041
2,19126,1632681379894,1535174089597,1893480
2,19127,1558836565864,1404480865569,8048249
2,19128,1664897503366,1584915508924,1053283
2,19129,1361740126307,1359047250267,762313
2,19130,1631886467399,1597618801017,1036167
2,19131,1442523380024,1442516619542,4449906
2,19132,1628975725295,1595572906338,978669
2,19133,1689063379000,1625368587082,1096763
2,19134,1618931421411,1461634844845,402072
2,19135,1494261467294,1402911411773,222330
2,19136,1488827693907,1335881318503,839955
2,19137,1631769199275,1631730953721,1342116
2,19138,1669905139462,1523948516614,2265237
2,19139,1610157268143,1269722041469,1060670
2,19140,1663620718194,1500442264666,352763
2,19141,1685172068000,1486442234079,1378121
2,19142,1616365911634,1363173544714,800644
2,19143,1651663737875,1526819733810,953928
2,19144,1452615167822,1452512767585,3664205
2,19145,1644692278601,1644267822574,4566108
2,19146,1631372941832,23,822080
2,19147,1685021771000,1553874394458,220851
2,19148,1532395053285,1479242579780,7923895
2,19149,1361740126307,1359047250267,1705406
2,19150,1631299939677,1321814180155,480292
2,19151,1616628548442,1616628387499,196486
2,19152,1626406611958,1,508752
2,19153,1621722353185,1568556585729,4718336
2,19154,1244394859517,1225152980109,6734105
2,19155,1662027361168,1463094113338,2469730
2,19156,1622211823895,1374182054120,877287
2,19157,1655606696527,1349477488892,957578
2,19158,1415143695742,1214226342468,388329
2,19159,1547816093902,1321299141461,3029206
2,19160,1620356439901,1242787547902,853737
2,19161,1689618057794,1321299133411,220796
2,19162,1641559305374,1641549504170,1768584
2,19163,1607736650452,1607736626186,334226
2,19164,1619286473983,1619017317941,825441
2,19165,1631817670862,1631816868514,325217
2,19166,1665906608000,1665847270121,1396457
2,19167,1634812667879,1413655104034,2705165
2,19168,1357655825015,1357654336906,2140016
2,19169,1623788575300,1392952448826,898665
2,19170,1670405451747,1540132732761,488544
2,19171,1472025078674,1299963349484,720879
2,19172,1625557673132,1543510311168,1309095
2,19173,1361740126307,1359047250267,1361232
2,19174,1538400698689,1538400504629,570116
2,19175,1655124358461,1655123218031,263927
2,19176,1550308348877,1,285747
2,19177,1637210760050,1321299133411,6940610
2,19178,1611012542520,1368292036119,2137173
2,19179,1658735811449,1325902101971,445200
2,19180,1534555870053,1411173238253,3906532
2,19181,1621678245362,1565048459206,530190
2,19182,1631301404812,1631046862094,302821
2,19183,1527588417851,1527551034874,927262
2,19184,1539789346667,1465852252013,7973822
2,19185,1641409036842,1430878926884,1650183
2,19186,1694547847272,1403023479358,2433748
2,19187,1407596698684,1211305353528,6434654
2,19188,1631879496133,1631872312047,672783
2,19189,1690428496861,3330,462968
2,19190,1632180124419,1341255462750,423979
2,19191,1623700705926,1267679370216,8916802
2,19192,1634837305324,1349477488771,8334724
2,19193,1357655825015,1357654336906,4258546
2,19194,1694578457738,1403142018138,3800897
2,19195,1608109717290,1473985979280,16575285
2,19196,1619031402829,1399352823702,195872
2,19197,1623691860656,1623691774883,759803
2,19198,1638342430496,1,190525
2,19199,1631033428032,1631033337757,252501
2,19200,1630950581451,1401126656910,290628
2,19201,1596748479980,1365293606461,24206293
2,19202,1630407503968,1393817670651,421302
2,19203,1451334985744,1451263352849,3300625
2,19204,1682522473954,1581214897635,1192014
2,19205,1629869918587,1253683383517,511602
2,19206,1622021180169,1288463827711,10313238
2,19207,1246057952813,1245389341896,5333082
2,19208,1522952738527,1522789743127,593798
2,19209,1684171559791,1556384731398,604464
2,19210,1673823808430,1368292373925,3060022
2,19211,1409011754857,1409011598767,212795
2,19212,1648311076003,1185996957304,250960
2,19213,1631717028524,1631716719575,2645305
2,19214,1554829779885,1554829759755,1096484
2,19215,1593078033574,1500829109007,2607854
2,19216,1654584814541,1590272056254,777323
2,19217,1661410824464,1487667439337,6772090
2,19218,1608520669144,1354715263726,1897159
2,19219,1687512677000,1363171201399,4236673
2,19220,1511703357904,1267679370216,1412403
2,19221,1591618710691,1437144703983,4060033
2,19222,1613022281844,1612980191476,234240
2,19223,1685022395371,1365293606461,479154
2,19224,1681976413058,1681976389397,526194
2,19225,1670945498927,1324302169120,388105
2,19226,1579553857964,1365293606461,309776
2,19227,1636028348100,1600433198655,1146665
2,19228,1617449409020,1548494272010,4329989
2,19229,1614769344559,1546714591329,588119
2,19230,1636378491906,1329080414260,677447
2,19231,1653813409270,1550225292728,5535249
2,19232,1645605439926,1332782303694,1964457
2,19233,1693518928468,1321299133411,7992509
2,19234,1631031472010,1448934763582,870090
2,19235,1636315245700,1587483112182,1042436
2,19236,1695617529679,1379995664791,515890
2,19237,1637720995685,1349477490211,802319
2,19238,1617050551779,1616445621317,557041
2,19239,1629278528662,1288463827711,212091
2,19240,1616950568598,4955,821763
2,19241,1534266064560,1534265993816,600049
2,19242,1657649134444,1464904561687,2050416
2,19243,1601451421750,1288463827711,315793
2,19244,1690257239872,1494673643500,1914475
2,19245,1696959642564,1321299141647,1222519
2,19246,1570997412049,1421053844342,772396
2,19247,1652718035181,1652475386653,653619
2,19248,1628687333930,1452914122926,3625188
2,19249,1625595370667,13066349,631544
2,19250,1655483498376,1402457591423,2905096
2,19251,1337025163302,1335039100163,2735623
2,19252,1625797831870,1625796381626,1950655
2,19253,1586072562720,1331733457599,3376775
2,19254,1327916421950,1230034081572,1633576
2,19255,1552137203438,1402456305835,608291
2,19256,1549567067600,1349477490944,749969
2,19257,1629801695105,1248092275334,6866461
2,19258,1577780205852,1267679370216,1984789
2,19259,1588631091652,1370548176567,1731250
2,19260,1430846823703,1430846358891,6421939
2,19261,1641802225042,1340713992866,5452177
2,19262,1597344429217,1597342637562,676355
2,19263,1552137203438,1402456305835,609544
2,19264,1428087140160,1331102569886,998887
2,19265,1591649774137,1336387709095,4010955
2,19266,1615440980527,1448934763582,893171
2,19267,1632129649212,1448934763582,1915189
2,19268,1596309956988,1518531954986,3836428
2,19269,1557872717196,1557533170707,2207461
2,19270,1617026001604,1365293606461,2007030
2,19271,1634673916597,1,292128
2,19272,1680921931297,1382060716753,2287887
2,19273,1552137203438,1402456305835,1488171
2,19274,1598785868850,1316058506153,4755206
2,19275,1683406676635,1382060716753,3861269
2,19276,1673915923643,1368292036119,4611298
2,19277,1589117547608,1421053836472,2571413
2,19278,1671812516000,1567459328029,2002606
2,19279,1589899759923,1298705711447,3011514
2,19280,1476873388618,1251884013030,3208153
2,19281,1673135467949,1349477488732,7396500
2,19282,1604960671332,1333738203158,5273973
2,19283,1464440110362,1464439788160,701346
2,19284,1652025070000,1339252520788,1348716
2,19285,1631995736704,1631994228955,546065
2,19286,1698753142604,1382060716753,2818119
2,19287,1589218301311,1589218061858,2193752
2,19288,1644682594983,1346589241047,4856827
2,19289,1693881261655,1508701291922,179750
2,19290,1573530441069,1479399198883,466065
2,19291,1617711816052,1543260433629,4152097
2,19292,1631207088078,1631207047857,386859
2,19293,1609017475615,1608941243487,569766
2,19294,1697585417603,1461852700785,2204394
2,19295,1615352339744,1615352316709,2212764
2,19296,1596387560774,1596385382870,506369
2,19297,1651000230233,1349477488748,715843
2,19298,1624875492298,1624875441192,661377
2,19299,1672182242087,1487460256638,230634
2,19300,1654532823294,1478360898790,10471350
2,19301,1626404767906,1464570273055,212223
2,19302,1699487644244,1403285323549,6596838
2,19303,1639525816511,1485796269717,931461
2,19304,1492460941260,1365293606461,595401
2,19305,1432982439721,1377090972431,16460637
2,19306,1678891080067,1429695765111,602686
2,19307,1632399714035,1632399144738,1992305
2,19308,1664310772996,1662668276743,203840
2,19309,1544938861192,1528347226372,1029794
2,19310,1681683900069,1462273937472,500803
2,19311,1601030251251,1600940508626,1664163
2,19312,1574512965218,1339252520768,3672490
2,19313,1667353912503,1335881391590,1448986
2,19314,1643920413924,1643917264329,1446245
2,19315,1620460960104,1620460369607,521641
2,19316,1588492127935,1566035091283,833689
2,19317,1680965404653,1230438341991,11168673
2,19318,1651523407936,1567575159908,239619
2,19319,1675817878239,1363171201399,1734300
2,19320,1606928512143,1542905459403,1920829
2,19321,1661703519707,1230430486697,3651678
2,19322,1673467224727,1,4408049
2,19323,1595330788461,1592256069427,282448
2,19324,1678848137000,1421283633922,721264
2,19325,1565415824617,1313527389297,669375
2,19326,1671302343694,1421053844342,1688319
2,19327,1630347321260,1629421883615,372891
2,19328,1678244122792,1363171201399,2907864
2,19329,1632779238523,1336307839087,297955
2,19330,1596558258488,1344534440867,2324985
2,19331,1612611643033,1382060716753,2897960
2,19332,1471696538519,1471696410847,1201054
2,19333,1618384309046,1618312028119,595461
2,19334,1693874636944,1326920707058,5452453
2,19335,1631124775683,1563998244538,204348
2,19336,1631036668727,1630840625697,240973
2,19337,1512114998884,1395219926987,2609356
2,19338,1623323084343,1525236157205,798336
2,19339,1622827476216,1304172250803,1927292
2,19340,1541093015167,1541034377824,325023
2,19341,1659368739381,1382060716753,4736764
2,19342,1659409715000,1505453516792,689261
2,19343,1657955674000,1406269051594,284976
2,19344,1606683104440,1606676763136,568648
2,19345,1692307706106,1543854949623,917401
2,19346,1518120113939,1518119943313,6598700
2,19347,1383689287406,1383689014890,18264970
2,19348,1639620482195,1382060716753,1099298
2,19349,1425828561758,1385735189298,211128
2,19350,1621781201977,1621780677576,586192
2,19351,1416899338456,1358388308437,712360
2,19352,1659575810290,1495673641909,244018
2,19353,1604033912041,1379541049761,9578279
2,19354,1632689243078,1238245273274,3679323
2,19355,1650051084658,1368292036119,9770368
2,19356,1631717653069,1631717553602,1579376
2,19357,1357655825015,1357654336906,243645
2,19358,1630682618864,1630503576571,4289059
2,19359,1624629590353,12705,794094
2,19360,1368095613312,1282945065610,1971570
2,19361,1594388286012,1286040959355,10653815
2,19362,1615968877329,1615907520315,671274
2,19363,1650897843360,1497375014349,340509
2,19364,1630853672045,1543891578735,224774
2,19365,1553104009889,1552975181160,5327569
2,19366,1664892671721,1368292036119,5070874
2,19367,1502977657869,1496691043972,1290457
2,19368,1638825972021,1413859711864,3450284
2,19369,1618607281634,1618603210163,437483
2,19370,1611261001781,1606222139435,1907619
2,19371,1678979802525,1334575350246,513414
2,19372,1597372302971,1501143149341,5745260
2,19373,1618805534287,1618805418570,395476
2,19374,1640891156226,1253683383517,5935494
2,19375,1421036207769,1211305415678,196128
2,19376,1699915693702,1537634449826,2266806
2,19377,1637156168638,1349477488871,796797
2,19378,1416899338456,1358388308437,2567760
2,19379,1620503800497,145,834363
2,19380,1556215297101,1453361076846,4979507
2,19381,1662225992000,1368292251847,1382815
2,19382,1617354004117,1374182054120,1159165
2,19383,1455694352102,1455604923077,569107
2,19384,1322762739950,1243021618005,8192308
2,19385,1596558258488,1344534440867,3343571
2,19386,1685015812608,1407863349210,253117
2,19387,1676913551593,1336382078884,5449862
2,19388,1634041424586,1633849230459,1924165
2,19389,1647153823355,1459381160365,414988
2,19390,1675521658689,1474475192128,3834302
2,19391,1539570138696,1382060716753,19151691
2,19392,1628865932983,1,290317
2,19393,1632321790811,1632320553094,553686
2,19394,1632837251224,1632756298207,2318684
2,19395,1640811301611,1425380874395,683636
2,19396,1642455129864,1610480073531,500526
2,19397,1593983574410,1230430322217,14008975
2,19398,1614013619215,1605613144435,1460991
2,19399,1682953416000,1507648460194,397207
2,19400,1589013807756,1273757850671,2185821
2,19401,1658276252142,1658275198609,788191
2,19402,1693402911826,1516347478844,462198
2,19403,1337203312860,1236918353331,1285214
2,19404,1587151956411,1442078897087,4656737
2,19405,1683697312981,1418617176169,535205
2,19406,1366994391864,1366737460713,2960644
2,19407,1677255613035,1542485934915,297374
2,19408,1659213225527,1584886455480,6655737
2,19409,1459413796013,1296169988801,503394
2,19410,1568711348224,1505721366766,1538237
2,19411,1598033934812,1471813721762,1065409
2,19412,1618662765999,1618660600704,209571
2,19413,1623162329862,1623162288401,396236
2,19414,1564489070716,1230430322217,11540096
2,19415,1693278256528,1473732938318,443471
2,19416,1529902344496,1296169988801,2681633
2,19417,1443281662765,1443279824235,1003166
2,19418,1621158211710,1621158200714,3230274
2,19419,1696384206244,1349477488699,284978
2,19420,1357469975121,1357469907382,757009
2,19421,1614118749086,1363723196911,645248
2,19422,1595367149361,1335782638416,951630
2,19423,1613602531287,1613600863462,504953
2,19424,1617460805736,1321299133879,7505113
2,19425,1670105129908,1313614412210,384910
2,19426,1630854927679,1630839580294,222919
2,19427,1596537248914,1192994505531,2941698
2,19428,1698667207093,1537634449825,1105357
2,19429,1638656695038,1368292036119,4845859
2,19430,1665756489446,1471165591338,331612
2,19431,1509660514126,1356971129069,4455668
2,19432,1674623899695,1462054697664,287033
2,19433,1697519993093,1426093915516,188436
2,19434,1636382526262,1632732201172,725923
2,19435,1630876275561,1360092094691,1914470
2,19436,1666084329582,1665592026372,636596
2,19437,1677520419693,1461597220052,712426
2,19438,1483957858201,1483957797026,763105
2,19439,1684191420375,1476388613921,378260
2,19440,1600954335000,1599772126045,2180995
2,19441,978317887355,978315311795,1922554
2,19442,1683561806245,1682517072478,1644174
2,19443,1651838084397,1399414838055,172753
2,19444,1640620783939,1,1411819
2,19445,1361740126307,1359047250267,1178713
2,19446,1631601009712,1374182054120,2169466
2,19447,1611241473037,1399283638805,1526780
2,19448,1611447289106,1611447148551,209907
2,19449,1620081431348,1520137155206,242507
2,19450,1640775707387,1640768111254,7145478
2,19451,1587557381155,1587427077179,436514
2,19452,1631266462001,1631266265612,247359
2,19453,1697631487000,1409142787114,1384091
2,19454,1633272226909,1616511525802,3123538
2,19455,1698957005698,1382060716753,2246636
2,19456,1626444684172,1474474209351,6660218
2,19457,1600644645107,1600644598187,336277
2,19458,1659186320431,1382060716753,1870085
2,19459,1666361377724,1386074842314,356799
2,19460,1665547986896,1665477287028,235883
2,19461,1644503955216,1,1238224
2,19462,1618332597305,1538152300101,7738913
2,19463,1633897961752,1632118650881,446105
2,19464,1656944330118,1565658229121,568104
2,19465,1659466364007,1559205848556,2607851
2,19466,1693938452096,1537634449825,597031
2,19467,1616165233907,1616164684199,1765383
2,19468,1631895600954,1631895507341,261158
2,19469,1698326462466,1664954748694,211539
2,19470,1673562962239,1264653384165,212371
2,19471,1491952267287,1491952251619,928600
2,19472,1633582888042,1402000495771,2040478
2,19473,1630979180131,1630978973282,615045
2,19474,1341126694125,1290781643776,43298780
2,19475,1467414019000,1450991696214,1691080
2,19476,1693252939872,1553874394458,748459
2,19477,1661048360246,1368292036119,6221467
2,19478,1607729090173,1607626303432,268122
2,19479,1695217569375,1695091066245,945847
2,19480,1665727387953,1,2068203
2,19481,1621247289745,1621247203243,734219
2,19482,1699629023000,1382060716753,3659164
2,19483,1629827516265,1479242579780,2152345
2,19484,1658385696727,1368292036119,663590
2,19485,1582630325530,1579249392791,335645
2,19486,1586798144404,1586797398396,1898879
2,19487,1629678136414,1629148887587,637374
2,19488,1644177025224,1588751719277,584124
2,19489,1591173952276,1591172885641,706051
2,19490,1579405045780,1349477488942,13871237
2,19491,1634086041439,1634067484322,1153707
2,19492,1673851874945,1402678005040,548552
2,19493,1603567400648,1603565455246,750395
2,19494,1675192967605,1368292036119,1325104
2,19495,1656675117772,1414858577189,207556
2,19496,1631109999912,1321299141552,1215719
2,19497,1663997057937,1663615173794,338506
2,19498,1494678401234,1494668350965,2158077
2,19499,1691771967856,1476802701470,2193942
2,19500,1600086677934,1600086183130,2775661
2,19501,1610360650607,1333738203158,255680
2,19502,1631247629816,1389086972995,1409051
2,19503,1688478245000,1402177650166,251643
2,19504,1587560231602,1549211564521,1696031
2,19505,1664806878142,1574587964637,661949
2,19506,1630443621127,1670,1034993
2,19507,1617821432349,1309187730752,2286699
2,19508,1632666002084,1631259151542,2516723
2,19509,1691246125620,1321299141683,620919
2,19510,1660588540756,1570291174543,482720
2,19511,1693898592000,1471812140882,668117
2,19512,1585065817192,1403386543508,231019
2,19513,1630892209120,1630892183141,263588
2,19514,1590861380014,1381331104804,3359381
2,19515,1646767238179,1405189572047,2520995
2,19516,1669143450339,1365293820991,8207726
2,19517,1631396999486,1365293606461,4476392
2,19518,1623092548939,1434539087359,7146018
2,19519,1654886917000,1356396068311,2234176
2,19520,1633253719911,1,4127008
2,19521,1650924133413,1467682100454,2252504
2,19522,1645486277829,1394240357489,2040023
2,19523,1658984547278,1339252520853,1319970
2,19524,1665848926622,1185996957304,1655756
2,19525,1584624683126,1325083308861,3451727
2,19526,1613816548927,1613816538860,544559
2,19527,1680440102064,1511054106771,290442
2,19528,1633234099901,1413859711864,2306155
2,19529,1491752513529,1435684901547,2240610
2,19530,1487280798013,1486319906184,188684
2,19531,1673047100562,1245205460625,1701831
2,19532,1675208764108,1512504730777,553115
2,19533,1611087199559,1349477488798,810653
2,19534,1615960919024,1615960909186,543433
2,19535,1679099312938,1678931125295,4764397
2,19536,1603357925628,1601674501874,342532
2,19537,1615793847580,1457220725539,3024388
2,19538,1363597135985,1280987214013,6087019
2,19539,1655935281000,1554583912443,591797
2,19540,1610054405411,1248188452216,8014483
2,19541,1660351320850,2140872,3718404
2,19542,1515079164960,1365293606461,22588800
2,19543,1624550121672,1623293852553,182020
2,19544,1675730130000,1480454157525,214349
2,19545,1613175995541,1613175078477,667290
2,19546,1644855114107,1365293606461,3720321
2,19547,1683752687644,1368292251847,10565985
2,19548,1611952498451,1611951903166,980057
2,19549,1487535224628,1403567172525,4006084
2,19550,1659996239603,1349477489129,5818925
2,19551,1670623967297,1474474209351,4319745
2,19552,1632809074678,5,6873979
2,19553,1696035844222,1414404248557,385110
2,19554,1681609000773,1681277243578,709692
2,19555,1635019157556,1521488096789,870181
2,19556,1643910705588,1,5486489
2,19557,1632160660256,1368292036119,10716851
2,19558,1635955249878,1635912591367,1151163
2,19559,1621658011710,12705,1666087
2,19560,1693302985000,1488154036133,1330588
2,19561,1615366073207,1615366042788,5601621
2,19562,1652793043338,1389610793327,679339
2,19563,1454359895773,1454359507808,2472262
2,19564,1663227278932,1536533615672,234740
2,19565,1357655825015,1357654336906,3820527
2,19566,1631029090515,1631027806982,843418
2,19567,1676830724097,1349477489073,10410332
2,19568,1670790021058,1402176732152,6145815
2,19569,1501202280992,1501201525943,367346
2,19570,1631633984479,1631630896887,218323
2,19571,1642428339448,1365293820991,3327573
2,19572,1590122696393,1421053844342,409483
2,19573,1677729835326,1368292340870,5341117
2,19574,1625674141530,1296499606471,2859026
2,19575,1646148767660,1349477488697,3729349
2,19576,1616761086057,1349477489054,8086311
2,19577,1590162490411,1370145367636,731537
2,19578,1653839486521,1368292036119,222003
2,19579,1501560932212,1469073054657,3605802
2,19580,1605474535695,1605391747728,1591757
2,19581,1682424871794,1368292036119,890024
2,19582,1630931519794,1630931213217,168362
2,19583,1663423301000,1382060716753,517548
2,19584,1595965377194,1253683383517,1063866
2,19585,1679952840860,1349477488697,2979186
2,19586,1596072110383,1512314679070,1855623
2,19587,1626607483977,1626353794803,298186
2,19588,1620047833958,1620047822867,11214094
2,19589,1672093893466,1,371756
2,19590,1603186729044,1603183393788,5064426
2,19591,1691586449000,1488810258208,1908497
2,19592,1295316951674,1185996957304,8335134
2,19593,1618054002272,1474564922926,1314422
2,19594,1668813207184,1363171201399,5259850
2,19595,1631294200394,1631276244424,2686865
2,19596,1626790659844,1626789215851,252786
2,19597,1679223284484,1251849465143,665357
2,19598,1620243503015,1619690010871,631968
2,19599,1578810941120,1578810887764,848208
2,19600,1613705380144,1613705297556,2780111
2,19601,1621525363767,1421053844342,1063478
2,19602,1678507208334,1394246027413,666025
2,19603,1633086113460,1633014643332,1257735
2,19604,1644352344638,1349477488732,14717576
2,19605,1675173273973,1340713992866,3638056
2,19606,1691402378904,1476584081600,1308821
2,19607,1691633049463,1230437610119,9675428
2,19608,1621303749215,1512504730423,755338
2,19609,1660102365000,1459381160365,814138
2,19610,1673630113856,1673629817339,674421
2,19611,1632327480718,1379542145028,1133616
2,19612,1662086036000,1598816212111,468220
2,19613,1478386227607,1212602203450,1864312
2,19614,1594773327446,1238864022406,3588250
2,19615,1631212723456,1631202419875,211678
2,19616,1691700555012,1368292036119,7609814
2,19617,1581415531650,1581361274697,354233
2,19618,1677797708004,1,16789312
2,19619,1626093978861,1185996957304,7868081
2,19620,1466744901796,1327658491495,232999
2,19621,1615814500670,1602768284511,743346
2,19622,1661770540696,1661704794645,689850
2,19623,1581436498382,1253684057486,1406440
2,19624,1610455926198,1556384731398,752455
2,19625,1635347190929,1635058856614,2462385
2,19626,1655711300339,1537864899163,681907
2,19627,1690945589000,1690835556781,422365
2,19628,1645725282090,1363173356605,6823000
2,19629,1439952519168,1439952489274,4049536
2,19630,1631615572255,1631533293274,925912
2,19631,1672722690169,1293725721154,4077569
2,19632,1608316622106,1608316377271,962758
2,19633,1649717265669,1649627666325,914931
2,19634,1612583660359,1612583608219,229999
2,19635,1631241300689,1504404537724,2169286
2,19636,1629072826609,1629071459254,196880
2,19637,1637605658987,1349477488697,2959572
2,19638,1620304556201,1498803606747,1117792
2,19639,1696724576881,1401311491664,1164603
2,19640,1620932500225,1620932484151,717740
2,19641,1691109598962,1368292036119,2027427
2,19642,1598507812248,1253683383517,1714180
2,19643,1649098787239,1344456084277,6293984
2,19644,1550994912394,1550994827761,795647
2,19645,1597025841107,1596591892322,2203351
2,19646,1611705556360,1611705546586,278015
2,19647,1685014746518,1434539087359,396106
2,19648,1611944130165,1,1830907
2,19649,1487610839415,1357673077065,1805622
2,19650,1400780615241,1185996957304,16756000
2,19651,1670208224840,1349477488697,18661084
2,19652,1654786361758,1556384731398,2310448
2,19653,1675785101375,1659166896370,227687
2,19654,1640626608636,1640520281953,190650
2,19655,1658546263886,1382265479297,213039
2,19656,1621161761690,1339252520768,8451127
2,19657,1697755969286,1574587964637,521125
2,19658,1656657272365,1214225650015,862163
2,19659,1351055529614,1351026480545,12402849
2,19660,1489985315793,1242787561523,4000957
2,19661,1381565200819,1381564994081,6533818
2,19662,1570128087779,1281812902144,8102380
2,19663,1624426114840,1624425640921,425883
2,19664,1541355433528,1541349155040,3737051
2,19665,1505258268294,1370725180684,3847929
2,19666,1618667167895,1526819910644,799951
2,19667,1644655862715,1368292123572,1661741
2,19668,1656926780365,1411736293488,3844687
2,19669,1583429489185,1582886410477,240166
2,19670,1637292573921,1368292036119,4900288
2,19671,1611729180780,1604488833207,2567035
2,19672,1575481391087,1481804175275,1552859
2,19673,1690862498680,1349477488892,1270686
2,19674,1552137203438,1402456305835,969048
2,19675,1620852307184,1321299141461,707709
2,19676,1680920805128,1368292251847,1118083
2,19677,1651695012859,1368292251847,14016045
2,19678,1679741013255,1382840683093,2210242
2,19679,1579650157076,1393187085814,7702349
2,19680,1633000023965,1633000002982,641919
2,19681,1673541679476,1554727451438,549771
2,19682,1688474068629,1365594823219,5270594
2,19683,1630919311404,1346589241047,2700218
2,19684,1686413751530,1363695785920,215410
2,19685,1572274881391,1325692749972,3107235
2,19686,1620386860740,21,453548
2,19687,1543644850120,1230430322217,209462
2,19688,1635969151012,1611686313276,2897490
2,19689,1626412772140,1,4128366
2,19690,1665361704706,1349477488697,1341366
2,19691,1462646155598,1351001661037,727256
2,19692,1602864475626,1602861744035,304753
2,19693,1532888450078,1224296599250,20083592
2,19694,1642234021239,1642233957834,360483
2,19695,1700107712472,1420402355210,689018
2,19696,1682276823000,1363171201399,1068368
2,19697,1631604860836,1238384535134,203234
2,19698,1618425043425,1618337669495,615269
2,19699,1678941706861,1230430450375,9528186
2,19700,1671879310469,1346155950661,228254
2,19701,1679896497000,1548494604014,226525
2,19702,1482682129762,1462594470338,207058
2,19703,1626880796892,1363629331597,315172
2,19704,1578219411845,1336382078884,4791968
2,19705,1627839026037,1420991084123,720472
2,19706,1358389690125,1358388308437,1127806
2,19707,1637997760878,1637973270831,299966
2,19708,1615479165414,1578050475263,541706
2,19709,1678541190228,1349477489641,1126234
2,19710,1631409468759,1631409462173,233197
2,19711,1672171045888,1554727451438,502664
2,19712,1657771137308,1512314679070,250614
2,19713,1625712589220,1368292251847,5262968
2,19714,1630369350271,1630326309705,1000952
2,19715,1675670944974,1597065143792,775995
2,19716,1597880716895,1362630575856,2184564
2,19717,1633283285962,1434539087359,1251389
2,19718,1617371929305,1349477488785,5328862
2,19719,1569068076964,1491057738849,3356299
2,19720,1683589187837,1553874394458,2288491
2,19721,1630339487276,1,774529
2,19722,1622646014833,1305870179034,188947
2,19723,1427012399395,1407180182766,2369105
2,19724,1648747487462,1349477488871,2577545
2,19725,1587742371151,1382060716753,5905771
2,19726,1618200434256,1618200383772,1363664
2,19727,1587134841613,1321299133411,494855
2,19728,1632595761564,1727697,6869543
2,19729,1697650414000,1391741012224,2154273
2,19730,1693697543479,1693697246245,183103
2,19731,1556215297101,1453361076846,8142239
2,19732,1507415533248,1245641482545,3979307
2,19733,1697018777064,1446352975796,637391
2,19734,1667074542826,1349477488910,4497895
2,19735,1654015080430,1349477488740,1344768
2,19736,1641452421392,1363171201399,6617866
2,19737,1696971844524,1402962307134,414750
2,19738,1653323883922,1366757984620,1076813
2,19739,1446926955491,1339495828310,1114679
2,19740,1664114234507,1381750897563,2721566
2,19741,1676065900300,1349477488697,11724189
2,19742,1328796409630,1250218942855,857662
2,19743,1416899338456,1358388308437,2505346
2,19744,1461958249590,1460768462707,1619151
2,19745,1598392548333,1349477488837,41077765
2,19746,1633450483564,1536496473505,206137
2,19747,1661195426000,12705,3068984
2,19748,1691842767487,1319711214022,1551850
2,19749,1627333593496,1243299636387,1691774
2,19750,1658151359390,1597618849181,251721
2,19751,1609898701331,1431482572642,4215641
2,19752,1664090471000,1496663906242,455990
2,19753,1618744905896,1618744838627,541024
2,19754,1691853593770,1246646765080,7048728
2,19755,1574277333840,1431703110562,1332115
2,19756,1678378523754,1288463827711,580222
2,19757,1656445628608,1,1326858
2,19758,1622298693878,1393018778045,472620
2,19759,1615123065610,1615118955159,2496497
2,19760,1558527522977,1558465038737,231510
2,19761,1677242374024,1296169988801,1317985
2,19762,1593700883390,1593700312772,10743731
2,19763,1584249992863,1582412103722,2675978
2,19764,1695641116333,1567707715390,1868690
2,19765,1459184137408,1302014920346,11098350
2,19766,1559717729533,1330577651259,932997
2,19767,1641409036842,1430878926884,3160086
2,19768,1590259792374,1,1914010
2,19769,1608509539349,1368292036119,854458
2,19770,1652298155983,1593969938776,270826
2,19771,1622978560792,12705,830731
2,19772,1642342893522,1314861329498,254567
2,19773,1582647833796,1304204443261,4114642
2,19774,1598347997646,1382265479297,292458
2,19775,1658051268202,1341386344459,1291419
2,19776,1389596125825,1240675752944,1091641
2,19777,1683082377091,1363171201399,5175199
2,19778,1631040959949,1631040931353,276088
2,19779,1614733421649,1614733127537,267009
2,19780,1565071602342,1480544138648,1667797
2,19781,1654104574116,1404247845138,2559205
2,19782,1696427843418,1368292036119,3794211
2,19783,1652821378002,1651432775910,1002555
2,19784,1651420618547,1321299133443,3254433
2,19785,1637630017113,1412562791652,370141
2,19786,1493923973252,1277947360786,288075
2,19787,1631116950734,1631028536307,373451
2,19788,1639587935591,1,4234889
2,19789,1560135565749,1253683383517,6716862
2,19790,1691888334292,1368292036119,5302032
2,19791,1631219815129,1631099770369,1750519
2,19792,1615149314930,1253683383517,1645760
2,19793,1667346786130,1447599408125,1640314
2,19794,1641005984071,1185996957304,14201581
2,19795,1614776297237,1577461267852,581117
2,19796,1640957804064,1369629218547,1660036
2,19797,1691122230281,1185996957304,230094
2,19798,1257256620263,1257054143729,8244222
2,19799,1686822831147,1546536898404,803542
2,19800,1690643462115,1349483248273,932249
2,19801,1610400823585,1490692848190,526143
2,19802,1631268282543,1631266666739,404107
2,19803,1662768179417,1539108312864,225740
2,19804,1581408684631,1244305227562,3328027
2,19805,1594552702891,1389086972995,1420863
2,19806,1678542202146,1248092275334,493439
2,19807,1661852972335,1360123502198,1726881
2,19808,1656186975212,1498767288378,914851
2,19809,1654442094342,1310576403943,1998982
2,19810,1616199484454,1616199447282,442300
2,19811,1616446582322,1606666009042,1313543
2,19812,1623720840532,17,554347
2,19813,1678460595187,1553874394458,1967467
2,19814,1632236642018,1632236315285,181140
2,19815,1579861938088,1579554517324,202456
2,19816,1619532922639,1619532915768,1195276
2,19817,1627773756703,1479242579780,1052310
2,19818,1688954767000,1561278536797,281466
2,19819,1588187472862,1251104449296,2040864
2,19820,1643725025081,1643695567346,311701
2,19821,1675954489257,1596047699193,1510131
2,19822,1611762322979,1611762197894,847493
2,19823,1368094011502,1368093990335,744936
2,19824,1690750486115,1368292036119,4764608
2,19825,1631703293136,1631703127374,2436049
2,19826,1547036728933,1547036643473,427569
2,19827,1625948647678,1625926272324,978801
2,19828,1672613903410,1363188597789,3480995
2,19829,1696249347133,1473864112568,486871
2,19830,1366994391864,1366737460713,1202034
2,19831,1664374411000,1664374319919,525406
2,19832,1657679432998,1326834842421,3230027
2,19833,1550572687015,1324036284363,346947
2,19834,1678014850306,1,1011995
2,19835,1597853255493,1597853174071,354127
2,19836,1421343497046,1255653553364,12586430
2,19837,1416899338456,1358388308437,1296539
2,19838,1623842111125,1623842071781,260851
2,19839,1698872217000,1404247876060,1467666
2,19840,1646371790215,1363171201399,1740270
2,19841,1590960178961,1590938363095,1684625
2,19842,1617531208086,1307050785860,904467
2,19843,1614485011027,1296169988801,298468
2,19844,1608580290067,1349477488697,6484085
2,19845,1672051367000,1346155950661,355306
2,19846,1597240848987,1238859586109,3036687
2,19847,1636165783591,1368292036119,587375
2,19848,1487157332154,1487157180735,270480
2,19849,1630606734764,1464529102166,227403
2,19850,1559361343149,1248806240970,1119987
2,19851,1644157145041,1644156711327,922502
2,19852,1648145851165,1475383622641,2162694
2,19853,1600734992000,1600732045274,231066
2,19854,1653498101000,1493031244570,1070051
2,19855,1582910413442,1582805978114,646509
2,19856,1582673963344,1253683383517,2003982
2,19857,1599004042170,1433399663045,627930
2,19858,1645001396555,1321299133411,1721123
2,19859,1636492439862,1382060716753,4856382
2,19860,1697802046315,1267679370216,1438786
2,19861,1547797158651,1349477488697,16550729
2,19862,1623167479077,1574587964637,425848
2,19863,1645338638395,1480794304398,1651565
2,19864,1586210146860,1586174839925,483118
2,19865,1632471972162,1551194182938,470371
2,19866,1662314624482,1368292251847,10394716
2,19867,1665455519683,1349477488803,4614387
2,19868,1615170401754,12705,751397
2,19869,1578273770967,1292381855591,13253461
2,19870,1630751558012,1253683383517,2090792
2,19871,1565456744819,1565456727956,1259026
2,19872,1649333717164,1649333510958,191894
2,19873,1638646642753,1368292251847,6194066
2,19874,1598614449876,1,2490212
2,19875,1354306667652,1323960000000,2350495
2,19876,1619275139120,1619274474231,2778263
2,19877,1619256013785,1346589245872,1035521
2,19878,1671128311716,1421053836472,8139193
2,19879,1357655825015,1357654336906,7194546
2,19880,1666902783535,1538123856283,1846122
2,19881,1384810778051,1185996957304,1571017
2,19882,1630985985135,1325902101971,327992
2,19883,1462328252303,1379541122459,4756654
2,19884,1601648760882,1601648579539,445899
2,19885,1644520328662,1542810635241,338565
2,19886,1695065968022,1569463938513,651309
2,19887,1614003018760,1614003005186,1801276
2,19888,1630608539852,1630605906594,2306179
2,19889,1647692741265,1361187240427,456819
2,19890,1604958303957,1341388379367,733893
2,19891,1608043465589,2037,1604317
2,19892,1589906532719,6,4303056
2,19893,1473762019046,1473762001785,2997072
2,19894,1682471553958,1472426358208,1226710
2,19895,1589332680608,1,13685992
2,19896,1605220223833,1605219068994,238184
2,19897,1661359795320,1487274616017,4413111
2,19898,1625756876175,1421053844342,417316
2,19899,1590263848438,1590263818295,5309779
2,19900,1635436036346,1635431967121,241934
2,19901,1602685837254,1602684619589,840243
2,19902,1679960832374,1354715263726,2100932
2,19903,1603083778633,1574874176959,3005249
2,19904,1678004733868,1677381505376,208443
2,19905,1613239699085,1613083548158,330914
2,19906,1631206618221,1631206389902,506186
2,19907,1684894945481,1684782765448,210937
2,19908,1643341748451,1296169988801,471484
2,19909,1658017501944,1587782224323,1088635
2,19910,1676545771503,1214225650015,1212578
2,19911,1605041936425,1287867308566,27475054
2,19912,1618759628192,1526819910644,11477536
2,19913,1681399420787,1433489648891,753706
2,19914,1613008024811,1613006308155,415701
2,19915,1450632709976,1450542508223,638437
2,19916,1641234958849,1554058974976,273940
2,19917,1616625913948,1512314679070,707091
2,19918,1596285549505,1454821312430,355304
2,19919,1548520280950,1242787547860,3959823
2,19920,1582698909838,1338439151413,334855
2,19921,1606864227373,1349477488697,8360032
2,19922,1631100670852,1631099911868,1331243
2,19923,1574840588568,1551976095454,984047
2,19924,1665324987842,1368292036119,8565344
2,19925,1656462626776,1597065143792,992174
2,19926,1634606354971,1479572749790,210799
2,19927,1478530673958,1478530248450,806355
2,19928,1597268610365,1321299133419,13288678
2,19929,1620395834464,1620296837338,704042
2,19930,1631307763697,1631307755046,2599101
2,19931,1639799942930,1459072731152,3573470
2,19932,1425993478151,1425106476528,956782
2,19933,1678847190512,1462140542732,1580883
2,19934,1687744507657,1363171201399,708215
2,19935,1682925337719,1368292036119,3033385
2,19936,1615692262118,1368292036119,1646563
2,19937,1692031328000,1554043445250,379894
2,19938,1657971788059,8686,1304720
2,19939,1656672404669,1599601956008,452703
2,19940,1593551457430,1593545863615,184156
2,19941,1612264848442,1553712699097,361791
2,19942,1643858894546,1368292036119,400313
2,19943,1649231472081,1335782638416,3687674
2,19944,1590086017803,1590085904328,318309
2,19945,1630662360944,1629116451569,1676739
2,19946,1504888296857,1504886715095,1151181
2,19947,1638983598276,1368292036119,8909143
2,19948,1672096946846,1419273957019,374167
2,19949,1687296532492,1339252520768,1681047
2,19950,1688068999284,1385554198774,3664011
2,19951,1619449667207,1589212047586,569590
2,19952,1603499190109,1464071328019,2879194
2,19953,1663976217873,1272125956186,6720477
2,19954,1596772766215,1365293606461,1229564
2,19955,1692758521667,1368292251847,6082110
2,19956,1586303866644,1586303774417,339186
2,19957,1497500849890,1497415635936,610720
2,19958,1675126125604,1500829109007,935785
2,19959,1700086872263,1321299141551,861202
2,19960,1615670612247,1615653182094,244770
2,19961,1636444688504,1574000874677,5647690
2,19962,1570993560471,1570993524570,360860
2,19963,1585771713228,1585671396820,743978
2,19964,1692623162108,1472078835124,2608988
2,19965,1614385455217,1614385425576,999104
2,19966,1568782789730,1568296870736,262565
2,19967,1623343384616,1363703168016,311014
2,19968,1518349121194,1339252520768,1784087
2,19969,1634676397035,1587315375436,4267312
2,19970,1663296991280,1349477489182,1989183
2,19971,1693683437178,1349477488785,1485525
2,19972,1357655825015,1357654336906,4220914
2,19973,1681062379158,1494675748889,1562973
2,19974,1672763143118,12705,224788
2,19975,1585275803722,1547760633236,294700
2,19976,1617662072699,1436157746671,1347111
2,19977,1648207537606,1384559085959,10327618
2,19978,1576836572960,1358606738334,3474109
2,19979,1448106898916,1321264496484,5730509
2,19980,1605731738514,1605652736445,3653896
2,19981,1663619258500,1663619246964,353168
2,19982,1631262296380,1321299133411,1122521
2,19983,1579740205633,1349477488771,16874482
2,19984,1595596093238,1595594186245,1635384
2,19985,1654224516021,1273439687145,695035
2,19986,1616170552820,1616170523908,2371384
2,19987,1361740126307,1359047250267,187846
2,19988,1661965939254,1484237387275,478278
2,19989,1276669593125,1185996957304,3953905
2,19990,1582630349566,1567438033674,447001
2,19991,1592852763206,1282284575213,1417186
2,19992,1650902449902,1349477490721,5423995
2,19993,1533416272950,1533415646000,582591
2,19994,1618079344068,1368292036119,1609413
2,19995,1671247120101,1,1106173
2,19996,1694887043823,1402678045921,279779
2,19997,1425993478151,1425106476528,338138
2,19998,1623597562745,1312353613250,20221269
2,19999,1334397912252,1333881203506,4413236
2,20000,1434567058435,1242787540526,2734437
